# 3ds Max Wavefront OBJ Exporter v0.97b - (c)2007 guruware
# File Created: 30.06.2019 18:13:29

mtllib BoulderSet_Var0_LOD.mtl

#
# object 4_LOD
#

v  6.380920 615.015991 111.581070
v  156.880875 486.901855 -115.613617
v  -7.792107 587.156677 39.070328
v  33.357285 529.251587 139.442337
v  144.527405 443.351746 -82.024490
v  154.335815 454.502716 -93.012024
v  182.815384 440.883179 -78.691345
v  130.577194 583.019470 143.388367
v  2.303398 518.558533 75.180588
v  7.010941 506.151489 81.625374
v  -3.928680 608.026001 36.397198
v  -1.583748 608.679688 25.354980
v  182.700577 448.348511 114.157471
v  207.402710 444.259857 101.455902
v  206.111450 460.593567 109.728256
v  169.608932 449.529907 118.681808
v  216.937408 438.077393 85.721001
v  243.038513 490.454041 19.518764
v  152.257416 505.914185 141.594482
v  128.452347 462.547852 141.970291
v  143.556686 445.525452 131.166046
v  227.847397 431.247803 12.923080
v  228.029648 433.074585 33.058025
v  116.985306 492.738525 147.646103
v  121.923141 482.355591 145.468445
v  125.709869 472.464691 143.526718
v  108.599319 442.948456 133.092758
v  119.637070 444.276764 135.787308
v  229.998077 431.188080 -14.752113
v  138.967468 566.040710 142.296844
v  145.664566 552.057922 140.414001
v  96.041656 525.503845 157.521896
v  97.087997 444.164307 128.485611
v  107.619530 419.518402 51.083160
v  217.750290 434.225189 -53.979038
v  225.269333 432.625763 -48.439060
v  233.901855 442.854065 -47.484013
v  236.583527 443.285522 -41.027531
v  122.376450 618.480713 139.641571
v  49.684677 485.200867 132.648788
v  52.784042 476.212830 129.118896
v  56.218601 459.410339 124.958450
v  57.636505 452.349426 121.989731
v  59.373253 446.126343 119.301880
v  46.723892 448.142914 104.436066
v  238.101776 468.834961 -54.726711
v  239.491302 482.674500 -55.864513
v  238.771515 498.543518 -57.671993
v  236.044647 548.884033 -56.809673
v  230.728653 576.504333 -45.026569
v  96.182785 650.677490 134.375015
v  55.409931 583.765503 144.446075
v  77.244034 571.620239 154.200455
v  52.401321 555.875000 156.238235
v  65.606033 536.981018 163.213959
v  45.056755 504.500153 136.328491
v  47.153625 494.701477 134.904877
v  39.406219 447.813110 78.280243
v  36.908630 447.407959 69.591904
v  220.107742 593.830444 -54.392422
v  223.381470 592.129333 -45.478016
v  214.024094 606.705322 -45.619526
v  106.906906 665.395874 112.769257
v  80.433968 661.748840 119.729004
v  72.016060 657.698975 121.605896
v  52.842110 650.820129 123.929016
v  42.279015 646.832275 124.262268
v  31.747131 643.586731 124.007034
v  39.541992 610.971008 134.515305
v  48.834419 591.224792 142.543198
v  34.778557 549.847168 146.603363
v  27.716934 545.995728 138.852432
v  28.493889 535.265991 135.144043
v  23.849403 464.626099 75.703659
v  28.994293 455.644379 72.358932
v  34.270782 449.536438 51.256767
v  31.971519 449.280121 41.734619
v  92.211174 450.095398 -59.054226
v  130.261658 486.819672 -109.740677
v  208.929749 606.733765 -54.430248
v  192.701569 650.804077 -32.750210
v  181.834869 665.871460 -28.240692
v  123.649628 677.427368 83.810059
v  105.759979 678.914917 96.432678
v  17.702675 547.333984 123.371704
v  -2.872726 544.766602 82.649002
v  2.707008 490.108093 30.554222
v  27.924278 451.010590 24.101624
v  26.207619 452.617523 6.809734
v  26.560417 463.237549 -11.961086
v  43.998489 465.417145 -28.918079
v  52.536533 460.662720 -31.463955
v  61.435947 457.853027 -35.069305
v  69.109818 456.105103 -40.183311
v  80.799240 460.292847 -59.698566
v  77.049561 469.435364 -66.014938
v  65.566589 499.651855 -79.096542
v  86.459000 503.342834 -93.418304
v  124.149033 537.803223 -106.627487
v  166.750519 675.287476 14.021521
v  154.014786 676.127197 41.074039
v  148.830139 678.324707 55.649651
v  -1.797699 592.200317 99.667374
v  1.280647 593.804321 110.570190
v  -1.222122 582.692505 100.007629
v  1.276093 529.813660 -20.795200
v  11.994896 504.821472 -23.889790
v  16.798286 494.768372 -25.501713
v  62.222225 510.488464 -79.339340
v  120.830353 549.414307 -101.515839
v  144.155609 633.458130 -81.075775
v  -3.818550 612.622192 71.845795
v  2.349182 608.223877 15.103928
v  3.967430 606.195679 3.079521
v  117.467148 573.228516 -95.164307
v  10.430565 642.671692 -16.622730
v  3.790382 604.534058 -9.667515
v  9.352318 580.860168 -54.903164
v  35.954559 561.952148 -77.509613
v  82.519234 607.719727 -85.358017
v  67.166275 606.142822 -83.653824
v  51.192810 604.041077 -82.221191
v  17.059166 600.041504 -62.381413
v  24.710442 590.875305 -74.053741
v  27.365509 581.732422 -75.623489
v  35.799347 602.102295 -78.943207
v  37.027771 472.334778 -28.936806
v  27.727921 472.275299 -21.185181
v  29.913567 450.462402 32.610027
v  193.791611 612.674683 50.633068
v  26.496994 463.243591 85.594452
v  15.896973 494.481750 93.468750
v  28.407883 664.872986 87.681862
v  221.291016 420.823853 -36.734180
v  42.516609 445.372223 -8.151051
v  174.852264 613.758423 -73.532410
v  223.332352 454.362488 94.026764
v  232.338074 466.964172 -61.897739
v  214.073807 593.187073 -62.398075
v  48.831024 485.095642 -51.057247
v  221.387802 423.060608 26.472305
v  36.292755 592.383789 -81.239044
v  142.124054 454.257813 137.879730
v  98.754951 576.338196 153.747391
v  114.857330 469.411438 144.389557
v  135.199051 458.943909 -93.541061
v  28.594078 616.615356 128.506927
v  47.342842 639.676025 129.188049
v  -4.249886 600.650146 87.166695
v  87.028717 588.288208 -90.754868
v  125.796120 691.008179 -10.388454
v  200.875854 422.461243 77.794479
v  90.342575 694.418579 80.164810
v  57.428520 687.104980 -6.093073
v  217.778900 526.709473 85.678314
v  92.380356 434.374817 -33.250988
v  230.175659 532.836670 -74.281845
v  108.892769 652.460205 -71.055176
v  25.902740 627.750183 -62.239353
v  126.864677 434.154053 -73.429413
v  163.406677 635.053223 89.247925
v  85.602432 430.870728 107.268082
v  226.345810 520.507874 14.705475
v  -10.454453 538.174316 37.172405
v  236.262451 454.778198 64.580635
v  172.301849 517.228149 -112.427643
v  185.447418 641.309631 30.812422
v  50.711670 434.829834 35.622322
v  192.132141 543.937622 95.100739
v  20.675713 670.526611 44.600323
v  238.363083 538.861694 -28.801449
v  243.119781 485.162689 -38.419983
v  137.640610 578.317688 -95.457977
v  189.077240 514.488525 123.258347
v  176.941696 427.460693 -64.429321
v  53.084965 673.008301 -30.964382
v  203.333237 619.137085 -38.722172
v  112.280823 537.652161 -103.121277
v  38.321152 573.710571 145.145401
v  217.546906 590.807495 5.433098
v  123.723221 686.998169 78.262329
v  164.351822 470.683533 -107.488022
v  226.452576 511.570557 48.169727
v  175.307938 429.370056 105.098282
v  186.518280 417.882568 41.681076
v  121.526047 657.799194 -56.080387
v  12.465347 471.756531 17.367596
v  47.736053 454.433533 116.417374
v  38.338318 532.854980 -69.722137
v  72.476738 594.431824 142.760010
v  -9.800087 576.642456 20.234814
v  233.694336 510.430267 -30.638100
v  217.065277 537.970886 71.064407
v  32.330521 675.413330 -6.728340
v  147.061462 658.328979 80.354706
v  14.703247 641.294067 107.774551
v  126.612129 425.150909 -29.465698
v  118.913925 429.323212 107.373962
v  168.835327 675.920532 -19.359879
v  120.788963 485.295990 -106.440964
v  134.832077 539.024292 -109.318359
v  70.724396 430.191254 79.156349
v  103.477020 421.723877 26.157093
v  36.747635 642.566650 -60.486774
v  179.128372 664.586853 -8.896427
v  187.171402 579.420654 82.845810
v  234.718628 440.636230 -15.115692
v  213.502930 544.721436 24.118523
v  54.362373 504.246582 141.033539
v  66.244461 638.857178 -67.097168
v  134.689896 618.228516 124.421066
v  39.193909 531.492188 147.902176
v  2.528091 558.883301 -35.688908
v  120.623428 671.240845 -47.975452
v  184.855148 486.052002 -104.402817
v  215.857925 475.957428 106.288940
v  230.228607 469.484741 77.823380
v  183.559097 476.750641 123.742493
v  184.160629 423.790466 -30.411400
v  86.471207 697.088379 67.472916
v  112.616867 534.861938 152.335938
v  0.885056 628.078003 77.153000
v  -1.415741 524.389465 -12.173923
v  133.899628 689.457153 -0.067871
v  100.314301 691.142212 -16.229130
v  26.605751 457.327423 53.553505
v  203.785904 570.027527 39.468674
v  28.532928 520.816040 -49.313480
v  158.236969 671.742493 48.361008
v  70.453598 518.817383 -86.530807
v  228.642303 549.276367 -71.310287
v  57.875843 668.133301 104.490723
v  193.368301 456.983459 -88.451675
v  228.893188 424.777527 -33.340862
v  243.995026 478.174896 -9.648296
v  33.945732 521.439575 136.069992
v  210.990265 517.430298 100.928879
v  88.548485 458.207947 -65.329895
v  197.828827 617.773315 3.132605
v  232.959763 514.055969 16.248363
v  61.772144 441.592896 115.369934
v  213.872101 553.678833 55.564709
v  187.050903 421.100281 10.293720
v  171.383575 555.571289 -96.110931
v  1.979523 622.927490 23.773827
v  138.091293 618.003479 -90.115967
v  165.305222 446.555145 -83.090591
v  197.761475 450.807892 109.445145
v  -5.034851 609.613647 47.315903
v  156.543823 448.893402 124.846786
v  212.119537 439.980530 94.518219
v  221.897675 437.135498 76.544746
v  131.343353 445.036041 133.971878
v  228.143921 431.464417 23.183640
v  227.427673 435.434937 43.793488
v  225.377655 436.471680 54.710773
v  223.894485 435.926239 65.809906
v  233.016312 432.880341 -29.233650
v  233.239700 432.302368 -21.821846
v  228.833801 431.583282 -5.455021
v  228.038391 431.470001 3.374897
v  84.415169 443.907593 125.050797
v  207.267075 434.978882 -60.293781
v  230.666107 432.660583 -43.067432
v  71.313873 444.153137 122.134674
v  51.218735 447.960022 112.777481
v  44.004959 448.478027 95.869232
v  195.916183 438.040985 -69.459412
v  70.211029 564.965515 156.351486
v  41.593552 448.254059 87.332352
v  112.376633 444.926483 -71.864227
v  126.183365 442.283325 -77.974884
v  98.808014 666.607910 117.299255
v  109.183777 671.690552 105.621582
v  89.502815 663.927124 117.792297
v  62.939682 653.428223 121.864212
v  29.938583 630.112549 128.089294
v  35.347710 620.861328 130.972214
v  44.313171 600.958984 137.882751
v  43.292160 552.726868 152.259598
v  35.386139 448.110352 60.313694
v  102.272461 447.902100 -65.045731
v  187.245789 652.709534 -39.124649
v  143.730026 678.135132 68.499069
v  135.356110 677.064697 78.595093
v  112.928879 679.444824 90.485092
v  26.429443 451.403351 15.736012
v  26.520149 456.554382 -2.276711
v  77.517235 453.755127 -46.676769
v  179.781677 652.803589 -44.295826
v  153.713882 640.350708 -64.655853
v  171.914276 674.599976 0.128490
v  175.849335 671.406738 -14.670849
v  160.516373 676.251526 27.374458
v  -2.358849 614.431702 81.597229
v  -0.803238 614.107910 93.985001
v  -2.004036 602.769043 97.342606
v  4.541779 562.678406 109.157654
v  134.879227 628.222168 -86.267426
v  -4.343811 611.190552 60.024284
v  108.913757 616.542603 -87.653900
v  122.140320 622.627747 -88.685730
v  95.207886 611.570068 -86.488281
v  5.856453 603.029114 -21.429226
v  9.026909 600.463928 -35.986423
v  12.773285 599.865234 -50.112232
v  23.964203 600.489075 -73.264908
v  41.980385 514.260010 139.443558
v  38.120422 522.460876 141.063812
v  124.869797 600.656494 143.346359
v  12.833862 494.739441 82.843430
v  198.435852 471.219757 116.572678
v  185.199310 493.198761 126.666489
v  191.473877 483.150818 122.408142
v  168.230667 514.737854 136.815048
v  177.306427 503.474762 133.863663
v  130.203705 453.338470 140.445908
v  153.703064 539.411926 141.600189
v  160.154465 527.270508 142.613373
v  101.816833 514.871582 152.616470
v  109.445969 503.794617 149.374176
v  108.421715 621.859070 145.103333
v  92.625961 584.830200 150.928284
v  77.735779 555.161621 162.168137
v  84.140976 545.755798 161.686981
v  89.460037 535.827271 159.935074
v  54.791462 467.178802 126.969574
v  140.828079 469.522644 -102.714371
v  147.489899 461.688660 -98.113876
v  23.724884 541.091309 129.497406
v  19.432838 473.661896 78.704559
v  133.948547 476.425659 -107.839554
v  128.693069 499.190582 -110.717667
v  -6.639511 544.703796 60.491974
v  -3.380020 531.871216 68.278221
v  84.332832 451.974915 -52.886097
v  71.655289 478.176666 -71.358109
v  68.286285 488.551727 -75.837311
v  127.405861 511.999817 -110.751541
v  124.605133 524.104980 -109.332321
v  52.274307 524.858032 -80.320618
v  45.352051 543.453552 -77.618835
v  40.523354 552.125916 -77.609863
v  114.222992 584.370239 -94.254181
v  113.379211 595.743896 -92.145416
v  110.410309 607.013428 -90.243408
v  16.097839 483.813904 80.990822
v  233.093445 432.863159 -36.832523
v  119.202263 632.501526 135.307251
v  235.739731 455.804443 -51.691181
v  236.404266 515.524658 -58.812260
v  236.505020 532.999512 -59.537937
v  227.355682 578.769165 -52.988750
v  107.571548 658.684143 120.754547
v  200.775848 620.761719 -46.403164
v  197.295456 636.647095 -40.654163
v  1.685410 614.931519 105.226410
v  9.628761 620.222107 114.172791
v  18.201035 634.189697 120.324402
v  24.024033 639.546265 122.514908
v  -3.371704 542.480530 -19.345196
v  6.920326 517.268127 -22.112755
v  0.859573 593.297424 4.050968
v  -6.651375 555.171021 -15.504875
v  30.343643 479.827881 -28.799244
v  22.999191 487.067993 -27.367355
# 366 vertices

vt 0.560350 0.314722 0.000000
vt 0.338480 0.333904 0.000000
vt 0.658984 0.210686 0.000000
vt 0.621898 0.400614 0.000000
vt 0.578936 0.101936 0.000000
vt 0.586917 0.111168 0.000000
vt 0.583199 0.048173 0.000000
vt 0.561183 0.320259 0.000000
vt 0.496056 0.336082 0.000000
vt 0.333900 0.333998 0.000000
vt 0.434981 0.277616 0.000000
vt 0.708654 0.311108 0.000000
vt 0.635328 0.180623 0.000000
vt 0.624220 0.369151 0.000000
vt 0.735610 0.271005 0.000000
vt 0.549275 0.370817 0.000000
vt 0.730560 0.252327 0.000000
vt 0.618053 0.101592 0.000000
vt 0.609872 0.141187 0.000000
vt 0.410164 0.350994 0.000000
vt 0.431943 0.038561 0.000000
vt 0.425706 0.045286 0.000000
vt 0.437651 0.048048 0.000000
vt 0.445973 0.035578 0.000000
vt 0.456051 0.044434 0.000000
vt 0.416529 0.059164 0.000000
vt 0.420619 0.052825 0.000000
vt 0.417591 0.366987 0.000000
vt 0.403371 0.355445 0.000000
vt 0.395886 0.359460 0.000000
vt 0.475081 0.331937 0.000000
vt 0.510598 0.318575 0.000000
vt 0.527545 0.333145 0.000000
vt 0.455106 0.024037 0.000000
vt 0.464363 0.036048 0.000000
vt 0.490144 0.057008 0.000000
vt 0.471070 0.070279 0.000000
vt 0.447938 0.077416 0.000000
vt 0.438845 0.072151 0.000000
vt 0.420680 0.071596 0.000000
vt 0.406056 0.073201 0.000000
vt 0.410811 0.065860 0.000000
vt 0.408610 0.392727 0.000000
vt 0.388765 0.368884 0.000000
vt 0.525281 0.453655 0.000000
vt 0.530689 0.452535 0.000000
vt 0.387605 0.362513 0.000000
vt 0.526844 0.310154 0.000000
vt 0.475828 0.022748 0.000000
vt 0.468953 0.022991 0.000000
vt 0.461963 0.023012 0.000000
vt 0.490304 0.072399 0.000000
vt 0.489547 0.077754 0.000000
vt 0.481510 0.092661 0.000000
vt 0.455245 0.084757 0.000000
vt 0.435240 0.090505 0.000000
vt 0.399526 0.089115 0.000000
vt 0.401153 0.081226 0.000000
vt 0.519316 0.454448 0.000000
vt 0.518352 0.447898 0.000000
vt 0.532239 0.437858 0.000000
vt 0.533663 0.444430 0.000000
vt 0.457400 0.304419 0.000000
vt 0.507067 0.050394 0.000000
vt 0.462485 0.095050 0.000000
vt 0.470179 0.106844 0.000000
vt 0.394411 0.106138 0.000000
vt 0.397149 0.097499 0.000000
vt 0.395961 0.419490 0.000000
vt 0.483070 0.451889 0.000000
vt 0.490803 0.451957 0.000000
vt 0.527585 0.423621 0.000000
vt 0.529732 0.431016 0.000000
vt 0.447602 0.287447 0.000000
vt 0.482763 0.281812 0.000000
vt 0.546939 0.296723 0.000000
vt 0.616551 0.177129 0.000000
vt 0.609076 0.177168 0.000000
vt 0.603359 0.176529 0.000000
vt 0.598998 0.183184 0.000000
vt 0.598772 0.176408 0.000000
vt 0.594925 0.182654 0.000000
vt 0.594868 0.175695 0.000000
vt 0.511628 0.027409 0.000000
vt 0.523595 0.055501 0.000000
vt 0.517947 0.071303 0.000000
vt 0.516039 0.088511 0.000000
vt 0.490903 0.119355 0.000000
vt 0.440675 0.111517 0.000000
vt 0.402927 0.137445 0.000000
vt 0.575929 0.190313 0.000000
vt 0.568620 0.167450 0.000000
vt 0.400857 0.444804 0.000000
vt 0.468042 0.450466 0.000000
vt 0.475396 0.451226 0.000000
vt 0.496728 0.414259 0.000000
vt 0.502695 0.413419 0.000000
vt 0.508267 0.412441 0.000000
vt 0.513006 0.411387 0.000000
vt 0.517514 0.410328 0.000000
vt 0.521584 0.409641 0.000000
vt 0.524876 0.416168 0.000000
vt 0.656073 0.377168 0.000000
vt 0.660104 0.374558 0.000000
vt 0.657747 0.369310 0.000000
vt 0.655860 0.364217 0.000000
vt 0.456900 0.271531 0.000000
vt 0.494018 0.272174 0.000000
vt 0.529372 0.266847 0.000000
vt 0.562074 0.282188 0.000000
vt 0.625467 0.178952 0.000000
vt 0.604761 0.198556 0.000000
vt 0.599326 0.199231 0.000000
vt 0.599473 0.191229 0.000000
vt 0.598630 0.207504 0.000000
vt 0.487415 0.138855 0.000000
vt 0.459605 0.131357 0.000000
vt 0.566520 0.207027 0.000000
vt 0.555739 0.172825 0.000000
vt 0.546463 0.165437 0.000000
vt 0.557049 0.153771 0.000000
vt 0.560613 0.158391 0.000000
vt 0.456549 0.433193 0.000000
vt 0.469313 0.438489 0.000000
vt 0.486706 0.421934 0.000000
vt 0.484959 0.415995 0.000000
vt 0.490866 0.415161 0.000000
vt 0.654326 0.359114 0.000000
vt 0.652888 0.353717 0.000000
vt 0.551586 0.253009 0.000000
vt 0.727672 0.316890 0.000000
vt 0.719266 0.313828 0.000000
vt 0.708445 0.323728 0.000000
vt 0.653349 0.200863 0.000000
vt 0.632755 0.192842 0.000000
vt 0.609751 0.237518 0.000000
vt 0.609497 0.247211 0.000000
vt 0.603630 0.266697 0.000000
vt 0.608387 0.275624 0.000000
vt 0.602703 0.276055 0.000000
vt 0.512164 0.142699 0.000000
vt 0.467446 0.150437 0.000000
vt 0.430677 0.144645 0.000000
vt 0.565721 0.220505 0.000000
vt 0.538229 0.198874 0.000000
vt 0.528624 0.200999 0.000000
vt 0.528298 0.192711 0.000000
vt 0.532036 0.187282 0.000000
vt 0.535201 0.181389 0.000000
vt 0.354901 0.334824 0.000000
vt 0.365373 0.309041 0.000000
vt 0.457564 0.414417 0.000000
vt 0.467916 0.420792 0.000000
vt 0.463889 0.411529 0.000000
vt 0.459259 0.407981 0.000000
vt 0.641689 0.359623 0.000000
vt 0.740471 0.166847 0.000000
vt 0.737774 0.174900 0.000000
vt 0.735428 0.168714 0.000000
vt 0.729935 0.170339 0.000000
vt 0.472233 0.248666 0.000000
vt 0.520258 0.247848 0.000000
vt 0.740409 0.327381 0.000000
vt 0.709420 0.342888 0.000000
vt 0.675797 0.217967 0.000000
vt 0.649854 0.227961 0.000000
vt 0.641576 0.210231 0.000000
vt 0.614139 0.274332 0.000000
vt 0.614378 0.283908 0.000000
vt 0.615951 0.294227 0.000000
vt 0.616206 0.304123 0.000000
vt 0.615735 0.313938 0.000000
vt 0.487263 0.169328 0.000000
vt 0.429931 0.161804 0.000000
vt 0.434886 0.174673 0.000000
vt 0.689325 0.074896 0.000000
vt 0.675530 0.059684 0.000000
vt 0.685920 0.043193 0.000000
vt 0.592415 0.373336 0.000000
vt 0.728532 0.200534 0.000000
vt 0.718815 0.190025 0.000000
vt 0.715118 0.175989 0.000000
vt 0.719907 0.174319 0.000000
vt 0.710031 0.177699 0.000000
vt 0.704965 0.180692 0.000000
vt 0.490984 0.231082 0.000000
vt 0.699753 0.185302 0.000000
vt 0.762436 0.049046 0.000000
vt 0.759583 0.044874 0.000000
vt 0.755683 0.041603 0.000000
vt 0.751182 0.038812 0.000000
vt 0.745900 0.035341 0.000000
vt 0.741123 0.032429 0.000000
vt 0.737055 0.036431 0.000000
vt 0.733124 0.041026 0.000000
vt 0.730261 0.045746 0.000000
vt 0.726865 0.051348 0.000000
vt 0.729565 0.356539 0.000000
vt 0.670045 0.242571 0.000000
vt 0.645799 0.306381 0.000000
vt 0.595929 0.111042 0.000000
vt 0.619878 0.116483 0.000000
vt 0.625017 0.122071 0.000000
vt 0.462037 0.175545 0.000000
vt 0.449968 0.170798 0.000000
vt 0.443216 0.175518 0.000000
vt 0.672846 0.120413 0.000000
vt 0.666655 0.098139 0.000000
vt 0.674204 0.099970 0.000000
vt 0.666922 0.033077 0.000000
vt 0.563655 0.389582 0.000000
vt 0.564988 0.395653 0.000000
vt 0.571494 0.394381 0.000000
vt 0.335807 0.321382 0.000000
vt 0.737169 0.228539 0.000000
vt 0.706963 0.224253 0.000000
vt 0.766186 0.069757 0.000000
vt 0.745282 0.079318 0.000000
vt 0.745811 0.055966 0.000000
vt 0.722324 0.064154 0.000000
vt 0.738451 0.366930 0.000000
vt 0.710542 0.373955 0.000000
vt 0.646102 0.251835 0.000000
vt 0.637670 0.287507 0.000000
vt 0.661302 0.290351 0.000000
vt 0.650579 0.058662 0.000000
vt 0.635336 0.028972 0.000000
vt 0.765482 0.109314 0.000000
vt 0.751888 0.106813 0.000000
vt 0.729622 0.081553 0.000000
vt 0.721325 0.085519 0.000000
vt 0.664314 0.267029 0.000000
vt 0.578842 0.074221 0.000000
vt 0.608288 0.073600 0.000000
vt 0.624227 0.078762 0.000000
vt 0.612892 0.043180 0.000000
vt 0.740955 0.130241 0.000000
vt 0.735621 0.115378 0.000000
vt 0.720318 0.097346 0.000000
vt 0.722161 0.405692 0.000000
vt 0.723350 0.417684 0.000000
vt 0.732472 0.418126 0.000000
vt 0.587311 0.058033 0.000000
vt 0.622694 0.064505 0.000000
vt 0.717908 0.121869 0.000000
vt 0.719326 0.116048 0.000000
vt 0.719676 0.110150 0.000000
vt 0.751713 0.413061 0.000000
vt 0.751280 0.418897 0.000000
vt 0.763081 0.053841 0.000000
vt 0.763595 0.058966 0.000000
vt 0.765005 0.064252 0.000000
vt 0.694539 0.190878 0.000000
vt 0.724778 0.172445 0.000000
vt 0.756966 0.188744 0.000000
vt 0.646927 0.181568 0.000000
vt 0.391281 0.116796 0.000000
vt 0.389817 0.127585 0.000000
vt 0.765267 0.100871 0.000000
vt 0.765818 0.092722 0.000000
vt 0.766105 0.084558 0.000000
vt 0.742119 0.257134 0.000000
vt 0.766317 0.076431 0.000000
vt 0.741878 0.269563 0.000000
vt 0.428677 0.031512 0.000000
vt 0.404216 0.173834 0.000000
vt 0.498636 0.171839 0.000000
vt 0.427002 0.174609 0.000000
vt 0.419816 0.176890 0.000000
vt 0.412745 0.179622 0.000000
vt 0.764826 0.134206 0.000000
vt 0.340915 0.336951 0.000000
vt 0.560449 0.218365 0.000000
vt 0.555515 0.215685 0.000000
vt 0.554985 0.389841 0.000000
vt 0.557944 0.396355 0.000000
vt 0.551560 0.377777 0.000000
vt 0.757510 0.211557 0.000000
vt 0.513110 0.454660 0.000000
vt 0.759871 0.203008 0.000000
vt 0.759429 0.195264 0.000000
vt 0.536587 0.450720 0.000000
vt 0.436619 0.028306 0.000000
vt 0.553688 0.384253 0.000000
vt 0.729460 0.272000 0.000000
vt 0.745701 0.165046 0.000000
vt 0.748417 0.171425 0.000000
vt 0.751531 0.229539 0.000000
vt 0.551018 0.212326 0.000000
vt 0.545868 0.209446 0.000000
vt 0.540431 0.206440 0.000000
vt 0.498716 0.453178 0.000000
vt 0.506394 0.454449 0.000000
vt 0.448433 0.024383 0.000000
vt 0.442023 0.025681 0.000000
vt 0.655903 0.187148 0.000000
vt 0.599280 0.217054 0.000000
vt 0.674785 0.209841 0.000000
vt 0.671970 0.202802 0.000000
vt 0.620746 0.314198 0.000000
vt 0.677303 0.234264 0.000000
vt 0.676506 0.243060 0.000000
vt 0.715598 0.418776 0.000000
vt 0.723723 0.057521 0.000000
vt 0.494688 0.020347 0.000000
vt 0.626146 0.314125 0.000000
vt 0.488437 0.020510 0.000000
vt 0.655819 0.299997 0.000000
vt 0.662214 0.296909 0.000000
vt 0.482414 0.021477 0.000000
vt 0.677477 0.272430 0.000000
vt 0.407267 0.180338 0.000000
vt 0.721818 0.073442 0.000000
vt 0.452752 0.175575 0.000000
vt 0.520516 0.023260 0.000000
vt 0.516063 0.022632 0.000000
vt 0.511585 0.021158 0.000000
vt 0.741978 0.418337 0.000000
vt 0.748600 0.134714 0.000000
vt 0.720961 0.091103 0.000000
vt 0.461020 0.448080 0.000000
vt 0.456809 0.427118 0.000000
vt 0.456902 0.420944 0.000000
vt 0.453274 0.444478 0.000000
vt 0.505883 0.020948 0.000000
vt 0.500497 0.020593 0.000000
vt 0.676577 0.265825 0.000000
vt 0.677134 0.279085 0.000000
vt 0.678129 0.285911 0.000000
vt 0.678419 0.291773 0.000000
vt 0.670188 0.294279 0.000000
vt 0.754800 0.220824 0.000000
vt 0.661717 0.191791 0.000000
vt 0.667110 0.197129 0.000000
vt 0.534561 0.203457 0.000000
vt 0.599952 0.227392 0.000000
vt 0.600298 0.238120 0.000000
vt 0.599944 0.248121 0.000000
vt 0.598333 0.266409 0.000000
vt 0.523954 0.198795 0.000000
vt 0.347023 0.345099 0.000000
vt 0.751489 0.177111 0.000000
vt 0.572172 0.216978 0.000000
vt 0.570490 0.223125 0.000000
vt 0.754746 0.137943 0.000000
vt 0.732933 0.126926 0.000000
vt 0.725503 0.124339 0.000000
vt 0.760666 0.141193 0.000000
vt 0.538668 0.175498 0.000000
vt 0.542105 0.169531 0.000000
vt 0.478653 0.416908 0.000000
vt 0.473159 0.416774 0.000000
vt 0.734622 0.319132 0.000000
vt 0.741364 0.321045 0.000000
vt 0.468438 0.414718 0.000000
vt 0.585319 0.191198 0.000000
vt 0.582059 0.199508 0.000000
vt 0.608571 0.285569 0.000000
vt 0.603101 0.397948 0.000000
vt 0.576626 0.392189 0.000000
vt 0.589902 0.392607 0.000000
vt 0.676283 0.226269 0.000000
vt 0.489540 0.174462 0.000000
vt 0.480107 0.175267 0.000000
vt 0.471054 0.175182 0.000000
vt 0.677393 0.251124 0.000000
vt 0.754356 0.182708 0.000000
vt 0.572437 0.267668 0.000000
vt 0.475202 0.350706 0.000000
vt 0.564077 0.257279 0.000000
vt 0.573831 0.279476 0.000000
vt 0.643119 0.019737 0.000000
vt 0.635940 0.020286 0.000000
vt 0.649890 0.020756 0.000000
vt 0.468456 0.343438 0.000000
vt 0.483738 0.351006 0.000000
vt 0.461832 0.338220 0.000000
vt 0.455497 0.332448 0.000000
vt 0.495498 0.350223 0.000000
vt 0.489357 0.350292 0.000000
vt 0.501798 0.350179 0.000000
vt 0.444961 0.319981 0.000000
vt 0.449776 0.325774 0.000000
vt 0.537280 0.336092 0.000000
vt 0.531694 0.338501 0.000000
vt 0.526483 0.341274 0.000000
vt 0.520834 0.344466 0.000000
vt 0.514614 0.346731 0.000000
vt 0.508128 0.348357 0.000000
vt 0.439175 0.307365 0.000000
vt 0.440889 0.314097 0.000000
vt 0.561418 0.326454 0.000000
vt 0.557208 0.328463 0.000000
vt 0.552564 0.329352 0.000000
vt 0.547475 0.331874 0.000000
vt 0.542574 0.333989 0.000000
vt 0.435876 0.292366 0.000000
vt 0.437659 0.299992 0.000000
vt 0.571788 0.299162 0.000000
vt 0.571679 0.307258 0.000000
vt 0.570410 0.313800 0.000000
vt 0.568799 0.319407 0.000000
vt 0.565737 0.323913 0.000000
vt 0.431212 0.277370 0.000000
vt 0.433487 0.284626 0.000000
vt 0.431653 0.270882 0.000000
vt 0.434443 0.265793 0.000000
vt 0.437821 0.261463 0.000000
vt 0.573233 0.289737 0.000000
vt 0.374519 0.316200 0.000000
vt 0.385659 0.304494 0.000000
vt 0.375677 0.298453 0.000000
vt 0.441476 0.257492 0.000000
vt 0.445555 0.253594 0.000000
vt 0.449376 0.249767 0.000000
vt 0.547089 0.243084 0.000000
vt 0.555104 0.248986 0.000000
vt 0.701577 0.103955 0.000000
vt 0.702011 0.098432 0.000000
vt 0.696336 0.106794 0.000000
vt 0.701892 0.092349 0.000000
vt 0.702303 0.086019 0.000000
vt 0.703123 0.079548 0.000000
vt 0.702824 0.072699 0.000000
vt 0.702296 0.065556 0.000000
vt 0.700950 0.058151 0.000000
vt 0.698762 0.051067 0.000000
vt 0.355393 0.342949 0.000000
vt 0.359045 0.337412 0.000000
vt 0.362421 0.331695 0.000000
vt 0.366146 0.325937 0.000000
vt 0.369962 0.320146 0.000000
vt 0.369918 0.296643 0.000000
vt 0.364020 0.294968 0.000000
vt 0.357931 0.292655 0.000000
vt 0.352194 0.289376 0.000000
vt 0.453534 0.246005 0.000000
vt 0.457507 0.242276 0.000000
vt 0.461930 0.238477 0.000000
vt 0.533554 0.235694 0.000000
vt 0.540113 0.239220 0.000000
vt 0.591776 0.152414 0.000000
vt 0.602008 0.149065 0.000000
vt 0.665526 0.133980 0.000000
vt 0.673038 0.129819 0.000000
vt 0.678589 0.122933 0.000000
vt 0.683446 0.114847 0.000000
vt 0.688143 0.107996 0.000000
vt 0.350281 0.348577 0.000000
vt 0.347133 0.293322 0.000000
vt 0.473923 0.228291 0.000000
vt 0.469917 0.231257 0.000000
vt 0.478461 0.225495 0.000000
vt 0.483210 0.221946 0.000000
vt 0.488354 0.217183 0.000000
vt 0.502662 0.219034 0.000000
vt 0.506493 0.223485 0.000000
vt 0.511186 0.226935 0.000000
vt 0.516172 0.229202 0.000000
vt 0.522175 0.231606 0.000000
vt 0.527660 0.233338 0.000000
vt 0.589521 0.147421 0.000000
vt 0.575017 0.130146 0.000000
vt 0.629966 0.143995 0.000000
vt 0.620924 0.145555 0.000000
vt 0.611321 0.146561 0.000000
vt 0.638723 0.141447 0.000000
vt 0.647730 0.138836 0.000000
vt 0.657069 0.136211 0.000000
vt 0.669656 0.024911 0.000000
vt 0.327196 0.334377 0.000000
vt 0.328243 0.327243 0.000000
vt 0.329205 0.320664 0.000000
vt 0.329552 0.314802 0.000000
vt 0.335951 0.302773 0.000000
vt 0.564426 0.121401 0.000000
vt 0.560187 0.114412 0.000000
vt 0.657402 0.022191 0.000000
vt 0.664203 0.023429 0.000000
vt 0.628653 0.020507 0.000000
vt 0.620264 0.020139 0.000000
vt 0.556080 0.095885 0.000000
vt 0.557560 0.105356 0.000000
vt 0.555586 0.086292 0.000000
vt 0.602938 0.021818 0.000000
vt 0.611360 0.020489 0.000000
vt 0.592797 0.023921 0.000000
vt 0.555764 0.077402 0.000000
vt 0.558050 0.067378 0.000000
vt 0.560747 0.056904 0.000000
vt 0.583526 0.027896 0.000000
vt 0.575830 0.032829 0.000000
vt 0.569198 0.038961 0.000000
vt 0.564593 0.046913 0.000000
vt 0.500820 0.213611 0.000000
vt 0.499100 0.207958 0.000000
vt 0.493886 0.211874 0.000000
vt 0.465964 0.234586 0.000000
vt 0.696993 0.307166 0.000000
vt 0.558830 0.360679 0.000000
vt 0.418938 0.347726 0.000000
vt 0.628231 0.402258 0.000000
vt 0.623297 0.404214 0.000000
vt 0.618463 0.404186 0.000000
vt 0.699351 0.316675 0.000000
vt 0.420128 0.438716 0.000000
vt 0.422415 0.449510 0.000000
vt 0.605521 0.363570 0.000000
vt 0.614166 0.364500 0.000000
vt 0.621634 0.363198 0.000000
vt 0.547188 0.364850 0.000000
vt 0.425876 0.350712 0.000000
vt 0.424274 0.359241 0.000000
vt 0.422862 0.375292 0.000000
vt 0.423540 0.367982 0.000000
vt 0.419668 0.392211 0.000000
vt 0.421194 0.383760 0.000000
vt 0.383794 0.377250 0.000000
vt 0.382221 0.371781 0.000000
vt 0.380843 0.365641 0.000000
vt 0.419102 0.409595 0.000000
vt 0.418726 0.401529 0.000000
vt 0.386386 0.396330 0.000000
vt 0.386044 0.389478 0.000000
vt 0.385246 0.383228 0.000000
vt 0.419421 0.427526 0.000000
vt 0.418891 0.418376 0.000000
vt 0.384384 0.419793 0.000000
vt 0.384741 0.412205 0.000000
vt 0.385689 0.404189 0.000000
vt 0.426877 0.459433 0.000000
vt 0.419485 0.465339 0.000000
vt 0.400572 0.451172 0.000000
vt 0.383223 0.440312 0.000000
vt 0.383675 0.433667 0.000000
vt 0.383760 0.427018 0.000000
vt 0.643799 0.393389 0.000000
vt 0.648815 0.390301 0.000000
vt 0.653588 0.387446 0.000000
vt 0.657565 0.384709 0.000000
vt 0.661121 0.381725 0.000000
vt 0.664404 0.379203 0.000000
vt 0.383026 0.448345 0.000000
vt 0.388740 0.449534 0.000000
vt 0.633514 0.399017 0.000000
vt 0.638685 0.396271 0.000000
vt 0.651308 0.348574 0.000000
vt 0.701761 0.329603 0.000000
vt 0.700589 0.323084 0.000000
vt 0.613603 0.402685 0.000000
vt 0.608652 0.400494 0.000000
vt 0.633576 0.357164 0.000000
vt 0.639063 0.354136 0.000000
vt 0.644790 0.351058 0.000000
vt 0.703470 0.342714 0.000000
vt 0.703050 0.336017 0.000000
vt 0.703047 0.350148 0.000000
vt 0.587025 0.361289 0.000000
vt 0.596073 0.362543 0.000000
vt 0.747252 0.322237 0.000000
vt 0.745999 0.328792 0.000000
vt 0.745041 0.335601 0.000000
vt 0.745439 0.342308 0.000000
vt 0.744971 0.349170 0.000000
vt 0.744502 0.356064 0.000000
vt 0.702759 0.357717 0.000000
vt 0.703662 0.364937 0.000000
vt 0.703315 0.372992 0.000000
vt 0.745392 0.362644 0.000000
vt 0.749172 0.372105 0.000000
vt 0.704896 0.380341 0.000000
vt 0.752019 0.383543 0.000000
vt 0.753873 0.389083 0.000000
vt 0.706518 0.401229 0.000000
vt 0.705397 0.394645 0.000000
vt 0.706164 0.407888 0.000000
vt 0.706995 0.414635 0.000000
vt 0.707127 0.420360 0.000000
vt 0.755564 0.395285 0.000000
vt 0.759012 0.419791 0.000000
vt 0.759725 0.413847 0.000000
vt 0.758931 0.407941 0.000000
vt 0.627808 0.360172 0.000000
vt 0.531310 0.030143 0.000000
vt 0.527083 0.030344 0.000000
vt 0.525051 0.023611 0.000000
vt 0.391277 0.138285 0.000000
vt 0.392726 0.146940 0.000000
vt 0.534346 0.046321 0.000000
vt 0.533178 0.038131 0.000000
vt 0.534213 0.054936 0.000000
vt 0.534467 0.064719 0.000000
vt 0.534385 0.075205 0.000000
vt 0.534200 0.085933 0.000000
vt 0.531882 0.095691 0.000000
vt 0.522715 0.112952 0.000000
vt 0.526913 0.116264 0.000000
vt 0.525432 0.126804 0.000000
vt 0.520702 0.123591 0.000000
vt 0.518333 0.133894 0.000000
vt 0.399826 0.170155 0.000000
vt 0.396240 0.165252 0.000000
vt 0.523321 0.137127 0.000000
vt 0.516339 0.145218 0.000000
vt 0.510853 0.153930 0.000000
vt 0.507295 0.165781 0.000000
vt 0.504355 0.161871 0.000000
vt 0.687679 0.026659 0.000000
vt 0.683162 0.025880 0.000000
vt 0.689569 0.030199 0.000000
vt 0.694156 0.040242 0.000000
vt 0.696444 0.045365 0.000000
vt 0.676671 0.025083 0.000000
vt 0.704237 0.235419 0.000000
vt 0.701874 0.227688 0.000000
vt 0.699552 0.219777 0.000000
vt 0.697205 0.212113 0.000000
vt 0.695075 0.205819 0.000000
vt 0.722471 0.271935 0.000000
vt 0.721877 0.264391 0.000000
vt 0.707755 0.242732 0.000000
vt 0.689644 0.195105 0.000000
vt 0.692495 0.200501 0.000000
# 623 texture coords

g 4_LOD
usemtl Material__2
f 1/2 357/10 104/214 
f 1/608 358/610 196/178 
f 196/178 357/609 1/608 
f 147/150 358/272 1/2 
f 308/502 309/503 236/4 
f 236/4 309/503 4/504 
f 247/499 5/12 146/133 
f 146/133 6/505 247/499 
f 160/130 5/370 247/368 
f 247/256 6/296 182/134 
f 233/135 7/13 247/256 
f 247/368 7/371 175/110 
f 144/93 39/531 322/532 323/533 
f 8/506 310/507 144/93 
f 9/508 10/509 132/14 
f 132/14 10/509 311/510 
f 3/262 11/264 12/15 
f 12/15 191/17 3/262 
f 3/500 149/211 249/16 
f 249/16 11/511 3/500 
f 3/500 334/558 86/179 
f 164/215 334/288 3/262 
f 248/369 13/375 184/31 
f 184/31 14/376 248/369 
f 248/265 14/283 137/24 
f 137/24 15/21 248/265 
f 216/23 312/22 15/21 
f 15/512 312/513 218/28 
f 218/28 248/501 15/512 
f 313/26 314/27 216/23 
f 216/23 314/27 312/22 
f 314/515 313/514 218/28 
f 218/28 312/513 314/515 
f 16/29 13/20 218/28 
f 218/28 13/20 248/501 
f 143/44 250/30 16/29 
f 16/377 250/378 184/31 
f 184/31 13/375 16/377 
f 17/379 251/380 152/9 
f 152/9 251/380 14/376 
f 251/295 17/294 137/24 
f 137/24 14/283 251/295 
f 137/24 17/294 252/34 
f 315/41 316/42 174/40 
f 174/40 316/42 313/26 
f 316/517 315/516 19/43 
f 218/28 313/514 316/517 
f 20/518 317/519 143/44 
f 143/44 317/519 253/520 
f 253/520 21/47 143/44 
f 143/44 21/47 250/30 
f 21/383 253/382 184/31 
f 184/31 250/378 21/383 
f 22/384 254/385 141/33 
f 141/33 254/385 23/386 
f 23/310 254/307 165/35 
f 165/35 255/49 23/310 
f 23/386 255/387 141/33 
f 165/35 256/50 255/49 
f 255/387 256/388 141/33 
f 165/35 257/51 256/50 
f 256/388 257/389 141/33 
f 165/35 252/34 257/51 
f 257/389 252/381 152/9 
f 318/57 319/58 174/40 
f 174/40 319/58 315/41 
f 319/522 318/521 19/43 
f 19/43 315/516 319/522 
f 24/523 25/524 19/43 
f 19/43 25/524 26/525 
f 26/59 25/279 145/60 
f 145/60 20/45 26/59 
f 26/525 20/518 143/44 
f 317/46 20/45 145/60 
f 27/61 28/62 145/60 
f 145/60 28/62 253/282 
f 253/282 317/46 145/60 
f 28/391 27/390 198/63 
f 184/31 253/382 28/391 
f 258/392 259/393 234/8 
f 234/8 259/393 29/394 
f 234/8 29/394 260/395 
f 234/8 260/395 261/396 
f 261/326 260/325 207/84 
f 165/35 22/305 261/326 
f 261/396 22/384 141/33 
f 254/307 22/305 165/35 
f 30/67 31/68 174/40 
f 174/40 31/68 318/57 
f 31/527 30/526 144/93 
f 19/43 318/521 31/527 
f 32/528 320/529 221/69 
f 221/69 320/529 321/530 
f 321/292 320/71 55/124 
f 145/60 24/293 321/292 
f 321/530 24/523 19/43 
f 25/279 24/293 145/60 
f 262/72 33/73 145/60 
f 145/60 33/73 27/61 
f 33/398 262/397 241/11 
f 198/63 27/390 33/398 
f 263/399 35/400 134/1 
f 134/1 35/400 36/401 
f 36/79 35/78 138/112 
f 36/79 138/112 37/80 
f 37/80 264/81 36/79 
f 36/401 264/402 134/1 
f 264/81 37/80 38/82 
f 38/82 348/83 264/81 
f 264/402 348/403 234/8 
f 348/586 38/585 172/85 
f 172/85 258/315 348/586 
f 348/403 258/392 234/8 
f 259/316 258/315 172/85 
f 29/317 259/316 207/84 
f 260/325 29/317 207/84 
f 310/258 8/257 174/40 
f 174/40 8/257 30/67 
f 39/587 310/258 211/90 
f 211/90 349/588 39/587 
f 39/356 349/357 51/118 
f 51/118 322/91 39/356 
f 144/93 310/507 39/531 
f 323/92 322/91 190/119 
f 190/119 53/122 323/92 
f 323/533 53/544 144/93 
f 324/534 325/535 144/93 
f 144/93 325/535 326/536 
f 326/95 325/94 55/124 
f 55/124 32/70 326/95 
f 326/536 32/528 221/69 
f 320/71 32/70 55/124 
f 40/96 41/97 145/60 
f 145/60 41/97 327/98 
f 145/60 327/98 42/99 
f 145/60 42/99 43/100 
f 145/60 43/100 44/101 
f 44/101 265/102 145/60 
f 145/60 265/102 262/72 
f 265/405 44/404 241/11 
f 241/11 262/397 265/405 
f 44/542 43/541 188/103 
f 188/103 266/104 44/542 
f 44/404 266/406 241/11 
f 188/103 45/105 266/104 
f 266/406 45/407 241/11 
f 241/11 45/407 267/408 
f 7/371 268/409 175/110 
f 175/110 268/409 263/399 
f 268/111 7/13 233/135 
f 138/112 263/77 268/111 
f 35/78 263/77 138/112 
f 46/113 350/114 138/112 
f 138/112 350/114 37/80 
f 350/590 46/589 172/85 
f 350/590 172/85 38/585 
f 38/585 37/584 350/590 
f 172/85 46/589 47/591 
f 172/85 47/591 48/592 
f 172/85 48/592 351/593 
f 192/86 351/593 352/594 
f 171/87 352/594 49/595 
f 171/87 49/595 50/596 
f 349/588 195/174 354/602 
f 354/343 51/118 349/357 
f 52/120 269/121 190/119 
f 269/121 53/122 190/119 
f 53/544 269/543 324/534 
f 324/534 144/93 53/544 
f 269/411 52/410 179/151 
f 179/151 54/412 269/411 
f 269/324 54/123 55/124 
f 55/124 324/321 269/324 
f 325/94 324/321 55/124 
f 308/351 56/126 209/125 
f 209/125 56/126 57/127 
f 57/546 56/545 236/4 
f 188/103 40/537 57/546 
f 57/127 40/96 209/125 
f 41/538 40/537 188/103 
f 327/539 41/538 188/103 
f 42/540 327/539 188/103 
f 43/541 42/540 188/103 
f 131/156 267/106 45/105 
f 270/128 267/106 131/156 
f 202/107 267/408 270/413 
f 131/156 58/129 270/128 
f 270/413 58/414 202/107 
f 202/107 58/414 59/415 
f 271/416 272/417 160/130 
f 160/130 272/417 5/370 
f 272/132 271/131 146/133 
f 146/133 5/12 272/132 
f 328/548 329/549 146/133 
f 146/133 329/549 6/505 
f 329/333 328/334 182/134 
f 182/134 6/296 329/333 
f 48/297 47/115 138/112 
f 138/112 47/115 46/113 
f 351/336 48/297 138/112 
f 352/337 351/336 157/136 
f 49/338 352/337 157/136 
f 49/338 157/136 50/339 
f 157/136 353/138 50/339 
f 353/138 231/137 60/139 
f 60/139 61/140 353/138 
f 353/597 61/599 180/88 
f 180/88 50/596 353/597 
f 61/599 60/598 62/600 
f 62/600 177/141 61/599 
f 63/601 354/602 195/174 
f 354/343 63/344 273/144 
f 273/144 51/118 354/343 
f 273/419 63/418 274/420 
f 274/420 153/209 273/419 
f 153/209 275/421 273/419 
f 273/144 275/273 51/118 
f 153/209 64/422 275/421 
f 275/273 64/274 51/118 
f 232/176 65/423 64/422 
f 64/274 65/289 51/118 
f 232/176 276/424 65/423 
f 65/289 276/290 51/118 
f 232/176 66/425 276/424 
f 276/290 66/291 148/145 
f 232/176 67/426 66/425 
f 66/291 67/335 148/145 
f 148/145 67/335 68/146 
f 277/147 278/148 148/145 
f 148/145 278/148 69/149 
f 69/430 278/429 147/150 
f 179/151 279/431 69/430 
f 69/149 279/349 148/145 
f 179/151 70/432 279/431 
f 279/349 70/350 190/119 
f 179/151 52/410 70/432 
f 70/350 52/120 190/119 
f 280/433 54/412 179/151 
f 104/214 71/434 280/433 
f 280/322 71/323 212/153 
f 55/124 54/123 280/322 
f 212/153 71/323 72/152 
f 73/154 4/355 212/153 
f 212/153 4/355 309/352 
f 73/154 212/153 72/152 
f 72/152 330/155 73/154 
f 73/550 330/551 236/4 
f 236/4 4/504 73/550 
f 331/552 74/553 131/156 
f 131/156 74/553 75/554 
f 75/554 59/547 58/129 
f 58/129 131/156 75/554 
f 75/287 74/342 226/158 
f 75/287 226/158 281/157 
f 281/157 59/286 75/287 
f 202/107 59/415 281/437 
f 226/158 76/159 281/157 
f 281/437 76/438 168/161 
f 168/161 76/438 77/439 
f 78/440 282/441 160/130 
f 160/130 282/441 271/416 
f 282/353 78/354 238/163 
f 146/133 271/131 282/353 
f 79/555 332/556 200/164 
f 200/164 332/556 328/548 
f 332/299 79/298 2/3 
f 182/134 328/334 332/299 
f 2/3 79/298 333/165 
f 139/168 80/169 62/358 
f 62/358 60/139 139/168 
f 136/224 355/170 80/169 
f 80/603 355/604 177/141 
f 177/141 62/600 80/603 
f 136/224 356/171 355/170 
f 355/604 356/605 177/141 
f 356/171 136/224 283/300 
f 283/300 81/172 356/171 
f 356/605 81/607 177/141 
f 81/607 283/606 82/267 
f 82/267 205/173 81/607 
f 284/175 285/268 195/174 
f 195/174 285/268 83/269 
f 195/174 83/269 286/270 
f 195/174 286/270 84/312 
f 84/312 274/266 195/174 
f 195/174 274/266 63/601 
f 84/448 286/447 153/209 
f 153/209 274/420 84/448 
f 360/612 68/427 196/178 
f 196/178 68/427 67/426 
f 196/178 359/611 360/612 
f 360/449 359/341 147/150 
f 147/150 277/428 360/449 
f 360/340 277/147 148/145 
f 148/145 68/146 360/340 
f 147/150 359/341 358/272 
f 278/429 277/428 147/150 
f 85/450 104/214 298/475 
f 104/214 85/450 330/436 
f 330/436 72/435 104/214 
f 104/214 72/435 71/434 
f 85/359 298/361 132/14 
f 236/4 330/551 85/359 
f 334/558 335/559 86/179 
f 86/179 335/559 9/508 
f 335/332 334/288 164/215 
f 87/180 9/278 335/332 
f 10/280 9/278 87/180 
f 311/281 10/280 87/180 
f 187/181 287/182 88/183 
f 89/184 287/182 187/181 
f 168/161 287/451 89/453 
f 187/181 288/185 89/184 
f 89/453 288/454 135/186 
f 135/186 288/454 90/455 
f 91/456 92/457 135/186 
f 135/186 92/457 93/458 
f 93/458 94/459 156/162 
f 93/190 92/189 140/219 
f 140/219 94/191 93/190 
f 289/192 94/191 140/219 
f 289/460 336/461 156/162 
f 156/162 94/459 289/460 
f 289/192 140/219 95/194 
f 95/194 336/193 289/192 
f 140/219 96/195 95/194 
f 95/561 96/562 238/163 
f 95/561 238/163 78/354 
f 78/354 336/560 95/561 
f 140/219 337/196 96/195 
f 96/562 337/563 238/163 
f 140/219 338/197 337/196 
f 337/563 338/564 238/163 
f 238/163 338/564 97/565 
f 339/566 333/557 200/164 
f 200/164 333/557 79/555 
f 178/222 340/567 339/566 
f 339/362 340/301 201/199 
f 2/3 333/165 339/362 
f 201/199 340/301 99/302 
f 290/306 136/224 291/200 
f 136/224 290/306 283/300 
f 290/462 291/463 186/6 
f 290/462 199/19 82/443 
f 82/443 283/442 290/462 
f 186/6 291/463 111/476 
f 100/464 292/465 199/19 
f 199/19 292/465 293/466 
f 293/466 82/443 199/19 
f 293/363 292/364 205/173 
f 205/173 82/267 293/363 
f 205/173 292/364 100/365 
f 205/173 100/365 294/204 
f 229/205 294/204 101/314 
f 229/205 101/314 102/206 
f 102/469 101/468 224/203 
f 181/207 284/444 102/469 
f 102/206 284/175 195/174 
f 285/445 284/444 181/207 
f 83/446 285/445 181/207 
f 286/447 83/446 181/207 
f 358/610 359/611 196/178 
f 295/470 296/613 222/210 
f 222/210 296/613 357/609 
f 296/276 295/275 149/211 
f 149/211 297/212 296/276 
f 296/471 297/472 104/214 
f 104/214 357/10 296/471 
f 149/211 103/213 297/212 
f 297/472 103/473 104/214 
f 104/214 103/473 105/474 
f 105/474 298/475 104/214 
f 298/361 105/360 86/179 
f 361/614 106/615 223/216 
f 223/216 106/615 362/616 
f 362/616 107/617 187/181 
f 362/261 106/260 213/229 
f 228/218 107/263 362/261 
f 108/217 107/263 228/218 
f 109/220 97/304 140/219 
f 140/219 97/304 338/197 
f 189/230 341/313 109/220 
f 109/569 341/570 230/221 
f 98/198 97/565 109/569 
f 110/571 99/568 178/222 
f 178/222 99/568 340/567 
f 178/222 115/575 110/571 
f 110/366 115/327 173/232 
f 201/199 99/302 110/366 
f 111/308 291/200 136/224 
f 246/225 299/309 111/308 
f 111/476 299/477 158/5 
f 300/478 112/479 222/210 
f 222/210 112/479 295/470 
f 112/284 300/277 149/211 
f 149/211 295/275 112/284 
f 149/211 300/277 249/16 
f 245/227 249/374 300/478 
f 11/372 249/374 245/227 
f 12/373 11/372 245/227 
f 113/480 12/373 245/227 
f 116/236 114/481 113/480 
f 113/285 114/619 363/620 
f 363/620 191/17 113/285 
f 191/17 12/15 113/285 
f 191/17 363/620 364/621 
f 363/271 213/229 364/228 
f 342/231 341/313 189/230 
f 342/572 230/221 341/570 
f 230/221 342/572 343/573 
f 344/574 115/575 178/222 
f 115/327 344/311 246/225 
f 345/328 346/329 246/225 
f 246/225 346/329 301/330 
f 301/330 302/331 246/225 
f 246/225 302/331 299/309 
f 302/483 301/482 210/233 
f 158/5 299/477 302/483 
f 210/233 301/482 303/484 
f 304/485 117/486 116/236 
f 116/236 117/486 114/481 
f 117/345 304/319 118/238 
f 117/345 213/229 363/271 
f 363/271 114/348 117/345 
f 118/238 304/319 305/237 
f 119/239 118/238 125/247 
f 118/238 119/239 343/320 
f 119/579 125/582 142/248 
f 230/221 343/573 119/579 
f 346/577 345/576 150/240 
f 150/240 345/576 344/574 
f 120/241 303/303 150/240 
f 150/240 303/303 301/578 
f 301/578 346/577 150/240 
f 142/248 121/242 120/241 
f 120/488 121/489 204/243 
f 210/233 303/484 120/488 
f 204/243 121/489 122/490 
f 116/236 305/487 304/485 
f 306/491 305/487 116/236 
f 118/238 305/237 306/346 
f 159/7 123/492 306/491 
f 306/346 123/347 118/238 
f 118/238 123/347 307/245 
f 307/245 124/246 118/238 
f 118/238 124/246 125/247 
f 125/582 124/581 142/248 
f 126/249 122/318 142/248 
f 142/248 122/318 121/242 
f 126/249 142/248 124/581 
f 124/581 307/580 126/249 
f 126/494 307/493 159/7 
f 204/243 122/490 126/494 
f 159/7 307/493 123/492 
f 246/225 344/311 345/328 
f 343/320 342/231 189/230 
f 106/260 361/259 213/229 
f 213/229 361/259 364/228 
f 364/621 361/614 164/215 
f 101/468 294/467 224/203 
f 224/203 294/467 100/464 
f 127/250 365/251 140/219 
f 140/219 365/251 366/252 
f 366/623 365/622 128/253 
f 128/253 187/181 366/623 
f 187/181 108/618 366/623 
f 366/252 108/217 228/218 
f 107/617 108/618 187/181 
f 187/181 90/187 288/185 
f 128/253 90/187 187/181 
f 135/186 90/455 128/497 
f 128/497 365/496 127/495 
f 127/495 135/186 128/497 
f 127/495 91/456 135/186 
f 140/219 91/188 127/250 
f 86/179 105/360 103/213 
f 129/498 88/452 168/161 
f 168/161 88/452 287/451 
f 168/161 77/439 129/498 
f 129/254 77/160 226/158 
f 187/181 88/183 129/254 
f 226/158 77/160 76/159 
f 74/342 331/367 87/180 
f 87/180 331/367 347/255 
f 347/583 331/552 132/14 
f 132/14 311/510 347/583 
f 347/255 311/281 87/180 
f 336/461 78/440 156/162 
f 92/189 91/188 140/219 
f 236/4 56/545 308/502 
f 309/352 308/351 212/153 
f 144/93 30/526 8/506 
f 252/381 17/379 152/9 
f 171/87 50/596 180/88 
f 313/26 216/23 174/40 
f 298/361 86/179 132/14 
f 9/508 132/14 86/179 
f 131/156 132/14 331/552 
f 45/105 188/103 131/156 
f 102/469 224/203 181/207 
f 222/210 245/227 300/478 
f 160/130 156/162 78/440 
f 152/9 141/33 257/389 
f 89/453 135/186 168/161 
f 93/458 156/162 135/186 
f 136/224 80/169 139/168 
f 173/232 201/199 110/366 
f 252/34 165/35 137/24 
f 237/39 216/23 183/37 
f 268/111 233/135 138/112 
f 138/112 157/136 351/336 
f 60/139 231/137 139/168 
f 139/168 244/223 136/224 
f 343/320 189/230 118/238 
f 213/229 228/218 362/261 
f 197/109 219/76 243/48 
f 141/33 234/8 261/396 
f 142/248 230/221 119/579 
f 344/574 178/222 150/240 
f 143/44 19/43 26/525 
f 16/29 218/28 143/44 
f 321/530 19/43 221/69 
f 31/527 221/69 19/43 
f 209/125 212/153 308/351 
f 321/292 55/124 145/60 
f 146/133 200/164 328/548 
f 238/163 146/133 282/353 
f 104/214 147/150 1/2 
f 69/430 147/150 179/151 
f 148/145 51/118 276/290 
f 190/119 148/145 279/349 
f 103/213 149/211 86/179 
f 86/179 149/211 3/500 
f 120/241 150/240 142/248 
f 230/221 142/248 150/240 
f 151/202 154/235 220/208 
f 204/243 210/233 120/488 
f 185/32 152/9 198/63 
f 28/391 198/63 184/31 
f 64/422 153/209 232/176 
f 170/226 220/208 154/235 
f 116/236 170/226 194/244 
f 306/491 116/236 159/7 
f 174/40 211/90 310/258 
f 242/65 208/54 227/66 
f 168/161 135/186 156/162 
f 203/108 197/109 243/48 
f 138/112 215/167 157/136 
f 244/223 139/168 231/137 
f 186/6 199/19 290/462 
f 225/18 151/202 214/201 
f 194/244 159/7 116/236 
f 204/243 176/234 210/233 
f 134/1 175/110 263/399 
f 219/76 134/1 243/48 
f 206/89 130/117 161/143 
f 195/174 229/205 102/206 
f 267/408 202/107 241/11 
f 34/75 185/32 198/63 
f 351/593 192/86 172/85 
f 208/54 193/55 183/37 
f 223/216 164/215 361/614 
f 335/332 164/215 87/180 
f 216/23 217/25 183/37 
f 207/84 165/35 261/326 
f 215/167 166/166 157/136 
f 201/199 2/3 339/362 
f 130/117 167/142 161/143 
f 177/141 180/88 61/599 
f 198/63 202/107 34/75 
f 203/108 168/161 156/162 
f 242/65 130/117 206/89 
f 174/40 216/23 237/39 
f 357/609 196/178 222/210 
f 170/226 133/177 220/208 
f 352/594 171/87 192/86 
f 180/88 163/53 171/87 
f 172/85 192/86 235/64 
f 207/84 235/64 165/35 
f 111/308 136/224 246/225 
f 136/224 244/223 173/232 
f 174/40 169/56 211/90 
f 174/40 237/39 169/56 
f 247/368 175/110 160/130 
f 197/109 160/130 175/110 
f 176/234 159/7 194/244 
f 176/234 225/18 214/201 
f 167/142 239/116 177/141 
f 205/173 177/141 81/607 
f 339/566 98/198 178/222 
f 230/221 98/198 109/569 
f 147/150 104/214 179/151 
f 280/433 179/151 104/214 
f 208/54 180/88 227/66 
f 167/142 130/117 180/88 
f 181/207 151/202 220/208 
f 181/207 153/209 286/447 
f 332/299 2/3 182/134 
f 182/134 215/167 138/112 
f 183/37 18/36 240/52 
f 18/36 183/37 217/25 
f 14/376 184/31 152/9 
f 152/9 184/31 198/63 
f 134/1 141/33 243/48 
f 185/32 141/33 152/9 
f 186/6 158/5 176/234 
f 111/476 158/5 186/6 
f 223/216 87/180 164/215 
f 226/158 187/181 129/254 
f 132/14 131/156 188/103 
f 57/546 236/4 188/103 
f 109/220 140/219 189/230 
f 228/218 140/219 366/252 
f 51/118 190/119 322/91 
f 148/145 190/119 51/118 
f 191/17 164/215 3/262 
f 364/621 164/215 191/17 
f 240/52 18/36 192/86 
f 192/86 171/87 240/52 
f 242/65 206/89 155/38 
f 193/55 155/38 183/37 
f 154/235 194/244 170/226 
f 176/234 194/244 154/235 
f 349/588 211/90 195/174 
f 229/205 195/174 161/143 
f 133/177 222/210 196/178 
f 67/426 232/176 196/178 
f 160/130 197/109 156/162 
f 156/162 197/109 203/108 
f 198/63 162/74 202/107 
f 241/11 198/63 33/398 
f 100/464 199/19 224/203 
f 186/6 151/202 199/19 
f 146/133 238/163 200/164 
f 200/164 98/198 339/566 
f 166/166 201/199 173/232 
f 166/166 2/3 201/199 
f 203/108 202/107 168/161 
f 168/161 202/107 281/437 
f 34/75 203/108 185/32 
f 203/108 34/75 202/107 
f 159/7 204/243 126/494 
f 159/7 176/234 204/243 
f 294/204 229/205 205/173 
f 205/173 167/142 177/141 
f 206/89 169/56 155/38 
f 169/56 206/89 211/90 
f 172/85 207/84 259/316 
f 172/85 235/64 207/84 
f 183/37 163/53 208/54 
f 208/54 163/53 180/88 
f 145/60 55/124 209/125 
f 145/60 209/125 40/96 
f 176/234 158/5 210/233 
f 302/483 210/233 158/5 
f 211/90 206/89 161/143 
f 161/143 195/174 211/90 
f 212/153 209/125 55/124 
f 280/322 212/153 55/124 
f 118/238 189/230 213/229 
f 118/238 213/229 117/345 
f 176/234 214/201 186/6 
f 186/6 214/201 151/202 
f 182/134 2/3 215/167 
f 215/167 2/3 166/166 
f 216/23 137/24 217/25 
f 137/24 216/23 15/21 
f 165/35 18/36 217/25 
f 217/25 137/24 165/35 
f 316/517 19/43 218/28 
f 143/44 218/28 19/43 
f 134/1 219/76 175/110 
f 197/109 175/110 219/76 
f 153/209 181/207 220/208 
f 153/209 220/208 232/176 
f 144/93 221/69 31/527 
f 326/536 221/69 144/93 
f 170/226 245/227 222/210 
f 170/226 222/210 133/177 
f 87/180 223/216 187/181 
f 362/616 187/181 223/216 
f 181/207 224/203 151/202 
f 199/19 151/202 224/203 
f 176/234 154/235 225/18 
f 225/18 154/235 151/202 
f 187/181 226/158 87/180 
f 87/180 226/158 74/342 
f 242/65 227/66 130/117 
f 227/66 180/88 130/117 
f 189/230 140/219 228/218 
f 189/230 228/218 213/229 
f 167/142 229/205 161/143 
f 229/205 167/142 205/173 
f 230/221 178/222 98/198 
f 230/221 150/240 178/222 
f 157/136 166/166 231/137 
f 231/137 353/138 157/136 
f 133/177 232/176 220/208 
f 133/177 196/178 232/176 
f 247/256 182/134 233/135 
f 138/112 233/135 182/134 
f 141/33 134/1 234/8 
f 234/8 134/1 264/402 
f 235/64 18/36 165/35 
f 235/64 192/86 18/36 
f 85/359 132/14 236/4 
f 188/103 236/4 132/14 
f 155/38 169/56 237/39 
f 183/37 155/38 237/39 
f 200/164 238/163 98/198 
f 97/565 98/198 238/163 
f 239/116 167/142 180/88 
f 239/116 180/88 177/141 
f 163/53 240/52 171/87 
f 183/37 240/52 163/53 
f 162/74 198/63 241/11 
f 162/74 241/11 202/107 
f 193/55 242/65 155/38 
f 193/55 208/54 242/65 
f 203/108 243/48 185/32 
f 243/48 141/33 185/32 
f 231/137 166/166 244/223 
f 173/232 244/223 166/166 
f 113/480 245/227 116/236 
f 245/227 170/226 116/236 
f 246/225 173/232 115/327 
f 136/224 173/232 246/225 
# 1 polygons - 726 triangles

#
# object 1_LOD
#

v  -311.456421 8.607071 79.708176
v  -260.367554 363.370148 -79.784897
v  -333.108643 401.830658 -90.925758
v  -301.295471 21.975433 90.752975
v  -320.680969 15.186218 93.477974
v  -260.653931 367.291565 -73.451279
v  -260.494232 354.983673 -79.982269
v  -355.219879 400.160889 -92.618752
v  -412.212189 397.743805 -73.693619
v  -426.098328 387.990875 -70.940102
v  -431.157532 401.077972 -55.291557
v  -456.980164 402.495026 4.618411
v  -448.487427 403.576355 54.697712
v  -427.498077 384.553772 94.867882
v  -412.282745 392.756683 98.202698
v  -394.750183 423.881775 76.416954
v  -373.219757 398.883453 -90.231659
v  -430.604523 376.732758 -78.911484
v  -434.715546 338.054504 95.485779
v  -282.056061 381.703461 -86.493935
v  -434.766205 321.517914 96.626373
v  -321.401764 390.119629 105.542130
v  -264.497864 386.937744 -57.158928
v  -261.048706 343.227448 -83.202713
v  -262.528687 392.163147 6.610652
v  -260.208252 393.097900 -9.789942
v  -260.351990 300.207214 -87.991058
v  -435.320709 280.601807 -87.302834
v  -433.937317 256.719086 100.410057
v  -278.593994 381.797699 65.604805
v  -264.351135 269.693207 -93.840469
v  -267.735413 254.306549 -96.193054
v  -268.198120 315.529266 87.573776
v  -273.013794 345.663269 84.328865
v  -442.353851 214.414688 -91.326134
v  -442.303162 192.362823 90.440025
v  -269.971802 207.204422 -100.742126
v  -442.596191 181.944855 -93.416611
v  -272.792175 206.475082 86.631348
v  -272.641052 237.099030 87.572777
v  -261.538635 159.215820 -92.706627
v  -263.986694 175.223541 -94.770882
v  -445.980774 127.530411 90.555946
v  -284.160370 161.687424 111.789513
v  -253.349045 126.082855 -89.777184
v  -265.218323 129.760605 96.734291
v  -238.718216 110.805878 -58.348297
v  -261.325684 78.884460 -97.242607
v  -281.455872 71.194489 91.510368
v  -277.579956 84.968651 91.612114
v  -342.561035 50.214417 -123.818642
v  -470.031189 27.861786 -29.129000
v  -433.627319 27.985977 93.939056
v  -288.882935 31.592316 85.553192
v  -282.345642 56.910858 82.192574
v  -405.509644 16.797867 -98.685692
v  -296.759583 8.740723 -90.274933
v  -283.193115 4.289581 -63.102589
v  -278.969635 0.980240 7.870649
v  -283.532654 3.543274 23.909012
v  -456.792755 14.355392 -45.442238
v  -459.383484 11.999298 -29.839123
v  -458.148682 7.157440 4.776644
v  -448.907349 0.267685 38.212498
v  -423.022644 2.694595 84.244949
v  -426.385010 6.522491 87.750893
v  -388.153198 5.954269 99.096771
v  -352.694519 -20.657135 -21.191513
v  -407.365570 361.436554 -101.452293
v  -461.824860 272.424774 36.773632
v  -295.920380 346.437103 108.102905
v  -249.968185 346.535828 -3.316075
v  -265.375977 33.292618 -87.247482
v  -322.955139 254.795746 -110.076790
v  -441.485138 377.339447 -66.951851
v  -459.839233 176.919891 61.440628
v  -414.513916 382.700623 105.240738
v  -254.583527 238.444000 -76.433907
v  -464.200623 17.327606 26.269802
v  -253.562180 329.577148 -75.526085
v  -256.047577 356.286926 -70.699539
v  -307.412201 418.917664 -61.673889
v  -419.054596 97.203636 110.030640
v  -427.342346 425.185883 -39.800644
v  -423.681000 -12.242783 23.560961
v  -289.409515 60.336243 100.730408
v  -265.930054 37.497894 38.780136
v  -417.737091 165.423615 -116.326790
v  -398.696106 190.166977 113.707596
v  -371.787781 285.564301 115.701263
v  -447.281433 281.072021 -74.860703
v  -296.141937 -16.310089 -9.607097
v  -290.665253 269.171234 108.894867
v  -459.223328 183.796860 -63.300182
v  -297.076935 402.885681 68.087761
v  -409.735565 54.060669 -114.875183
v  -275.226929 411.689941 4.941919
v  -241.044876 159.553986 15.282759
v  -317.700623 380.863861 -99.628784
v  -429.298035 0.871521 -58.641304
v  -458.929932 372.412781 21.972109
v  -340.239441 -8.772629 -75.997200
v  -391.337646 11.040222 102.907669
v  -326.001587 -5.118500 65.080650
v  -346.245239 114.765274 -118.597733
v  -470.740417 86.924530 -44.649197
v  -249.639084 222.210098 -10.580782
v  -433.647339 425.042664 35.883163
v  -361.366394 145.325027 123.904610
v  -403.283203 -2.146362 86.539589
v  -457.176666 35.429291 -75.861397
v  -266.293732 281.524017 49.002365
v  -449.573425 375.811951 70.729378
v  -292.822205 37.468521 -113.438416
v  -423.771576 320.193390 102.144646
v  -279.668610 206.922928 -105.027069
v  -444.874207 306.024750 88.562088
v  -337.968201 30.503601 106.261467
v  -351.485840 380.328552 115.193069
v  -252.914383 299.878510 -65.009041
v  -426.794312 240.258606 112.716949
v  -280.963226 379.274200 76.600433
v  -438.935974 19.811737 -81.414742
v  -443.697815 26.831558 -83.633057
v  -441.334595 401.978851 66.827087
v  -434.897034 397.432526 78.699387
v  -422.002045 398.752106 -65.015686
v  -437.805847 402.602783 -42.856804
v  -447.740601 402.977936 -27.719408
v  -455.371887 401.676208 21.220589
v  -451.448364 403.953430 38.246883
v  -429.845062 372.453217 98.889984
v  -432.113770 355.670532 98.509216
v  -426.929474 344.561584 -82.302025
v  -267.350891 383.409332 -70.991577
v  -259.748138 329.721100 -85.591118
v  -276.661682 369.950073 78.414490
v  -441.556610 208.647659 96.150009
v  -266.851837 238.891937 -98.076782
v  -271.211792 267.944153 90.694885
v  -269.178802 283.851501 92.042374
v  -443.854126 143.524658 88.917282
v  -440.046082 134.178024 -94.835381
v  -437.049866 149.977936 -92.992676
v  -268.673706 161.071075 96.053123
v  -259.088013 94.434952 -94.403481
v  -442.319702 77.218353 91.189270
v  -264.838013 63.568420 -97.996155
v  -444.668884 72.767502 -92.977295
v  -284.869690 57.964050 92.815674
v  -276.458496 35.216919 -102.519913
v  -284.376038 43.619995 82.021271
v  -289.010071 4.845169 -78.727188
v  -277.810059 -1.564896 -27.751377
v  -434.681122 21.033218 -87.460663
v  -268.733887 376.837952 -82.037857
v  -287.875122 378.710938 91.951340
v  -312.957642 392.785553 -90.193329
v  -426.346313 393.820862 89.976906
v  -398.215088 393.308594 102.841156
v  -351.469696 392.110168 107.763451
v  -308.701263 387.499268 102.536812
v  -350.677277 10.537140 -113.814133
v  -316.572174 11.090805 -106.502625
v  -406.783203 5.550415 93.024063
v  -367.140686 7.895508 99.448174
v  -343.499115 10.624405 96.986252
# 167 vertices

vt 0.307775 0.368240 0.000000
vt 0.050349 0.593942 0.000000
vt 0.318750 0.682375 0.000000
vt 0.551047 0.726731 0.000000
vt 0.258007 0.486772 0.000000
vt 0.041282 0.596200 0.000000
vt 0.047958 0.590355 0.000000
vt 0.054733 0.588401 0.000000
vt 0.055110 0.594391 0.000000
vt 0.310423 0.579024 0.000000
vt 0.321220 0.696014 0.000000
vt 0.322946 0.669188 0.000000
vt 0.331883 0.672294 0.000000
vt 0.553249 0.730504 0.000000
vt 0.548697 0.733021 0.000000
vt 0.223981 0.438677 0.000000
vt 0.213386 0.385731 0.000000
vt 0.042493 0.732623 0.000000
vt 0.044846 0.740671 0.000000
vt 0.307931 0.494382 0.000000
vt 0.613945 0.512207 0.000000
vt 0.619180 0.555591 0.000000
vt 0.323939 0.733382 0.000000
vt 0.048511 0.645850 0.000000
vt 0.041226 0.648303 0.000000
vt 0.041711 0.656240 0.000000
vt 0.041603 0.664513 0.000000
vt 0.042434 0.674764 0.000000
vt 0.042762 0.694502 0.000000
vt 0.043183 0.704237 0.000000
vt 0.041823 0.714427 0.000000
vt 0.042006 0.724243 0.000000
vt 0.058712 0.733038 0.000000
vt 0.059622 0.752950 0.000000
vt 0.052020 0.751371 0.000000
vt 0.316388 0.504216 0.000000
vt 0.309127 0.503998 0.000000
vt 0.308899 0.512849 0.000000
vt 0.636926 0.488986 0.000000
vt 0.322802 0.707245 0.000000
vt 0.348681 0.723636 0.000000
vt 0.056871 0.642967 0.000000
vt 0.057495 0.652167 0.000000
vt 0.060480 0.704471 0.000000
vt 0.080460 0.750518 0.000000
vt 0.069801 0.752509 0.000000
vt 0.316783 0.540482 0.000000
vt 0.308702 0.540042 0.000000
vt 0.689385 0.568139 0.000000
vt 0.076020 0.639595 0.000000
vt 0.099996 0.744390 0.000000
vt 0.090334 0.751330 0.000000
vt 0.352981 0.498719 0.000000
vt 0.308348 0.556985 0.000000
vt 0.721515 0.567642 0.000000
vt 0.720105 0.574534 0.000000
vt 0.070166 0.591061 0.000000
vt 0.069909 0.597884 0.000000
vt 0.061888 0.596668 0.000000
vt 0.120079 0.712996 0.000000
vt 0.372375 0.531286 0.000000
vt 0.332070 0.574156 0.000000
vt 0.308600 0.564491 0.000000
vt 0.696070 0.491613 0.000000
vt 0.707801 0.529251 0.000000
vt 0.721323 0.526602 0.000000
vt 0.722677 0.536995 0.000000
vt 0.087322 0.585078 0.000000
vt 0.087067 0.599189 0.000000
vt 0.395491 0.739728 0.000000
vt 0.115014 0.647255 0.000000
vt 0.129412 0.753947 0.000000
vt 0.399462 0.499174 0.000000
vt 0.045755 0.500566 0.000000
vt 0.712786 0.489499 0.000000
vt 0.060306 0.549762 0.000000
vt 0.104670 0.603251 0.000000
vt 0.403308 0.636544 0.000000
vt 0.406446 0.670149 0.000000
vt 0.158186 0.749944 0.000000
vt 0.377948 0.580213 0.000000
vt 0.078136 0.496214 0.000000
vt 0.060162 0.497438 0.000000
vt 0.122715 0.591767 0.000000
vt 0.122381 0.606160 0.000000
vt 0.154369 0.635769 0.000000
vt 0.173126 0.654536 0.000000
vt 0.177372 0.727594 0.000000
vt 0.167907 0.747023 0.000000
vt 0.427896 0.515684 0.000000
vt 0.105722 0.494000 0.000000
vt 0.096511 0.493338 0.000000
vt 0.098005 0.518503 0.000000
vt 0.132257 0.553986 0.000000
vt 0.140371 0.608412 0.000000
vt 0.431866 0.642125 0.000000
vt 0.462921 0.720956 0.000000
vt 0.174087 0.634495 0.000000
vt 0.197375 0.746025 0.000000
vt 0.453643 0.538440 0.000000
vt 0.141101 0.495707 0.000000
vt 0.123517 0.495454 0.000000
vt 0.167862 0.604618 0.000000
vt 0.158555 0.604892 0.000000
vt 0.202501 0.632802 0.000000
vt 0.193130 0.633231 0.000000
vt 0.206983 0.746361 0.000000
vt 0.443112 0.584265 0.000000
vt 0.167330 0.490333 0.000000
vt 0.169222 0.539415 0.000000
vt 0.477276 0.619999 0.000000
vt 0.496132 0.622087 0.000000
vt 0.489549 0.676605 0.000000
vt 0.231345 0.665790 0.000000
vt 0.237601 0.747622 0.000000
vt 0.482291 0.503789 0.000000
vt 0.185902 0.489557 0.000000
vt 0.198157 0.582669 0.000000
vt 0.505438 0.622756 0.000000
vt 0.229156 0.609189 0.000000
vt 0.520478 0.735599 0.000000
vt 0.507515 0.585891 0.000000
vt 0.504509 0.581337 0.000000
vt 0.223508 0.488332 0.000000
vt 0.214665 0.488869 0.000000
vt 0.246973 0.600354 0.000000
vt 0.248838 0.611386 0.000000
vt 0.531997 0.640982 0.000000
vt 0.527295 0.670983 0.000000
vt 0.527818 0.709829 0.000000
vt 0.261592 0.646670 0.000000
vt 0.266028 0.674490 0.000000
vt 0.272114 0.706262 0.000000
vt 0.268219 0.749366 0.000000
vt 0.521164 0.551576 0.000000
vt 0.523891 0.582933 0.000000
vt 0.241374 0.493951 0.000000
vt 0.232774 0.493549 0.000000
vt 0.551856 0.708406 0.000000
vt 0.210227 0.354519 0.000000
vt 0.219387 0.350482 0.000000
vt 0.241567 0.346476 0.000000
vt 0.264299 0.347085 0.000000
vt 0.266768 0.529975 0.000000
vt 0.242956 0.522762 0.000000
vt 0.252643 0.359874 0.000000
vt 0.230216 0.457212 0.000000
vt 0.239867 0.458701 0.000000
vt 0.261056 0.457960 0.000000
vt 0.281593 0.451562 0.000000
vt 0.282251 0.746699 0.000000
vt 0.537477 0.509728 0.000000
vt 0.536416 0.521484 0.000000
vt 0.532578 0.519901 0.000000
vt 0.535643 0.534294 0.000000
vt 0.534242 0.548625 0.000000
vt 0.297171 0.377712 0.000000
vt 0.310497 0.423504 0.000000
vt 0.272780 0.435443 0.000000
vt 0.246029 0.393258 0.000000
vt 0.339911 0.634235 0.000000
vt 0.344825 0.634010 0.000000
vt 0.275857 0.663469 0.000000
vt 0.550656 0.651945 0.000000
vt 0.389576 0.491545 0.000000
vt 0.418222 0.487181 0.000000
vt 0.427992 0.485688 0.000000
vt 0.269213 0.491358 0.000000
vt 0.268799 0.480699 0.000000
vt 0.306414 0.588323 0.000000
vt 0.609358 0.481194 0.000000
vt 0.312254 0.590669 0.000000
vt 0.347126 0.597176 0.000000
vt 0.554041 0.636598 0.000000
vt 0.327991 0.593382 0.000000
vt 0.377658 0.596673 0.000000
vt 0.367554 0.596581 0.000000
vt 0.414860 0.598224 0.000000
vt 0.396550 0.597564 0.000000
vt 0.442755 0.597450 0.000000
vt 0.277323 0.673197 0.000000
vt 0.280197 0.694099 0.000000
vt 0.611945 0.570400 0.000000
vt 0.462351 0.599040 0.000000
vt 0.499720 0.589790 0.000000
vt 0.491428 0.592859 0.000000
vt 0.518055 0.587898 0.000000
vt 0.511025 0.591327 0.000000
vt 0.039685 0.500943 0.000000
vt 0.046236 0.749089 0.000000
vt 0.314200 0.494728 0.000000
vt 0.322049 0.494217 0.000000
vt 0.036006 0.581318 0.000000
vt 0.037712 0.589573 0.000000
vt 0.032958 0.543415 0.000000
vt 0.032550 0.553175 0.000000
vt 0.605306 0.489725 0.000000
vt 0.038194 0.507535 0.000000
vt 0.284066 0.714947 0.000000
vt 0.285729 0.745662 0.000000
vt 0.332165 0.492810 0.000000
vt 0.342630 0.490965 0.000000
vt 0.188594 0.603436 0.000000
vt 0.208994 0.607652 0.000000
vt 0.219070 0.608884 0.000000
vt 0.270610 0.605668 0.000000
vt 0.269516 0.597011 0.000000
vt 0.268238 0.586728 0.000000
vt 0.267576 0.540848 0.000000
vt 0.269326 0.563798 0.000000
vt 0.328939 0.648940 0.000000
vt 0.352106 0.491422 0.000000
vt 0.331788 0.639841 0.000000
vt 0.336318 0.631676 0.000000
vt 0.330140 0.741669 0.000000
vt 0.322407 0.741106 0.000000
vt 0.338826 0.741922 0.000000
vt 0.358736 0.739626 0.000000
vt 0.351673 0.635049 0.000000
vt 0.359363 0.634580 0.000000
vt 0.433843 0.742336 0.000000
vt 0.453861 0.741433 0.000000
vt 0.606771 0.562476 0.000000
vt 0.600459 0.552338 0.000000
vt 0.483121 0.737390 0.000000
vt 0.473452 0.738097 0.000000
vt 0.594357 0.531044 0.000000
vt 0.594637 0.520152 0.000000
vt 0.376078 0.633663 0.000000
vt 0.114590 0.637266 0.000000
vt 0.394154 0.635231 0.000000
vt 0.113498 0.605589 0.000000
vt 0.412312 0.635416 0.000000
vt 0.431167 0.635840 0.000000
vt 0.455488 0.485107 0.000000
vt 0.449618 0.629875 0.000000
vt 0.458715 0.627304 0.000000
vt 0.464820 0.484315 0.000000
vt 0.494779 0.486746 0.000000
vt 0.514700 0.623636 0.000000
vt 0.239626 0.633534 0.000000
vt 0.532928 0.629255 0.000000
vt 0.523610 0.493824 0.000000
vt 0.532201 0.562539 0.000000
vt 0.528433 0.574328 0.000000
vt 0.249345 0.491686 0.000000
vt 0.231600 0.487061 0.000000
vt 0.551844 0.673513 0.000000
vt 0.274289 0.350019 0.000000
vt 0.268336 0.639045 0.000000
vt 0.273536 0.638973 0.000000
vt 0.537275 0.497655 0.000000
vt 0.540594 0.499119 0.000000
vt 0.597778 0.509073 0.000000
vt 0.600675 0.498212 0.000000
vt 0.676661 0.589968 0.000000
vt 0.204515 0.443695 0.000000
vt 0.317095 0.373279 0.000000
vt 0.721214 0.581168 0.000000
vt 0.706305 0.473741 0.000000
vt 0.711245 0.482736 0.000000
vt 0.661994 0.592073 0.000000
vt 0.691611 0.590620 0.000000
vt 0.208159 0.446157 0.000000
vt 0.615053 0.473647 0.000000
vt 0.624329 0.582326 0.000000
vt 0.617805 0.577017 0.000000
vt 0.624065 0.468399 0.000000
vt 0.633320 0.465696 0.000000
vt 0.650181 0.591417 0.000000
vt 0.664082 0.463640 0.000000
vt 0.712379 0.587499 0.000000
vt 0.683242 0.466518 0.000000
vt 0.691480 0.468460 0.000000
vt 0.197879 0.426204 0.000000
vt 0.188930 0.392580 0.000000
vt 0.192749 0.371355 0.000000
vt 0.202713 0.358995 0.000000
vt 0.309888 0.435583 0.000000
vt 0.316011 0.425938 0.000000
vt 0.319360 0.414380 0.000000
vt 0.319641 0.401538 0.000000
vt 0.318448 0.387183 0.000000
# 283 texture coords

g 1_LOD
usemtl Material__2
f 367/791 453/768 370/628 
f 370/628 371/792 367/791 
f 368/784 465/636 522/836 
f 522/836 372/837 368/784 
f 368/625 372/630 447/631 
f 447/631 373/632 368/625 
f 368/784 373/785 465/636 
f 523/883 488/884 461/687 
f 369/879 374/885 448/672 
f 465/636 374/634 369/626 
f 369/626 524/635 465/636 
f 448/672 524/886 369/879 
f 521/627 489/637 490/638 
f 490/638 462/753 521/627 
f 466/639 489/887 521/880 
f 491/820 492/794 382/662 
f 382/662 492/794 525/888 
f 375/889 450/645 383/893 
f 375/646 435/664 376/838 
f 376/838 493/839 375/646 
f 375/889 493/890 450/645 
f 493/648 376/647 441/666 
f 441/666 377/649 493/648 
f 493/890 377/806 450/645 
f 441/666 494/650 377/649 
f 377/806 494/846 450/645 
f 441/666 495/651 494/650 
f 494/846 495/847 450/645 
f 467/667 378/652 495/651 
f 495/847 378/850 450/645 
f 467/667 496/653 378/652 
f 378/850 496/851 474/644 
f 467/667 497/654 496/653 
f 496/851 497/877 474/644 
f 479/656 379/655 497/654 
f 497/877 379/878 474/644 
f 479/656 491/641 379/655 
f 379/878 491/820 474/644 
f 492/642 491/641 479/656 
f 498/657 380/658 479/656 
f 479/656 380/658 525/813 
f 525/813 492/642 479/656 
f 380/814 498/815 443/659 
f 380/814 443/659 381/660 
f 381/660 525/643 380/814 
f 443/659 526/661 381/660 
f 381/891 526/892 382/662 
f 382/662 525/888 381/891 
f 374/885 383/893 450/645 
f 383/663 374/634 465/636 
f 435/664 375/646 383/663 
f 384/840 435/664 500/841 
f 435/664 384/840 376/838 
f 384/665 500/673 441/666 
f 441/666 376/647 384/665 
f 385/668 499/669 479/656 
f 479/656 499/669 498/657 
f 499/824 385/825 481/676 
f 443/659 498/815 499/824 
f 526/661 485/670 527/671 
f 527/894 382/662 526/892 
f 386/895 524/886 448/672 
f 386/834 465/636 524/635 
f 387/675 483/674 395/695 
f 483/674 387/675 385/668 
f 387/835 395/788 481/676 
f 481/676 385/825 387/835 
f 388/677 527/671 485/670 
f 388/896 382/662 527/894 
f 389/678 463/688 392/690 
f 447/631 501/817 389/816 
f 389/678 501/679 448/672 
f 501/817 447/631 372/630 
f 372/630 522/629 501/817 
f 501/679 522/882 386/895 
f 386/895 448/672 501/679 
f 502/681 390/682 446/680 
f 446/680 390/682 373/632 
f 390/842 502/843 440/702 
f 465/636 373/785 390/842 
f 500/841 435/664 394/693 
f 394/853 457/694 500/673 
f 528/686 437/685 523/633 
f 437/685 528/686 388/677 
f 528/897 523/883 461/687 
f 382/662 388/896 528/897 
f 463/688 391/689 392/690 
f 392/819 391/818 438/699 
f 438/699 389/816 392/819 
f 393/692 502/681 486/691 
f 393/852 440/702 502/843 
f 394/853 401/709 457/694 
f 395/695 483/674 504/703 
f 395/788 504/789 487/696 
f 437/685 503/795 488/793 523/633 
f 503/795 437/685 400/798 
f 503/697 400/706 438/699 
f 503/697 438/699 396/821 
f 396/821 488/812 503/697 
f 438/699 391/818 396/821 
f 396/698 391/689 463/688 
f 461/687 488/884 396/698 
f 397/700 393/692 486/691 
f 397/854 440/702 393/852 
f 440/702 397/854 398/701 
f 394/693 435/664 454/720 401/844 
f 399/796 437/685 507/800 
f 437/685 399/796 400/798 
f 399/705 438/699 400/706 
f 505/708 398/855 444/707 
f 444/707 398/855 397/700 
f 444/707 403/718 505/708 
f 505/856 403/857 482/719 
f 440/702 398/701 505/856 
f 401/844 454/720 404/845 
f 401/709 404/721 460/710 
f 442/711 402/712 504/703 
f 487/696 504/789 402/790 
f 506/799 459/704 406/802 
f 459/704 506/799 507/800 
f 507/715 506/714 478/716 
f 478/716 399/705 507/715 
f 403/718 444/707 408/727 
f 403/857 408/859 482/719 
f 404/845 454/720 510/849 
f 404/721 510/729 460/710 
f 508/722 402/712 442/711 
f 508/858 455/713 402/790 
f 405/801 406/802 459/704 
f 406/725 405/724 464/733 
f 478/716 506/714 406/725 
f 407/726 408/727 444/707 
f 408/859 407/860 471/736 
f 471/736 407/860 411/734 
f 509/848 510/849 454/720 
f 510/729 509/728 472/737 
f 445/756 409/730 508/722 
f 455/713 508/858 409/861 
f 511/803 405/801 410/731 
f 511/732 464/733 405/724 
f 411/826 407/726 413/741 
f 413/741 512/827 411/826 
f 411/734 512/735 471/736 
f 509/848 462/753 515/744 
f 515/864 472/737 509/728 
f 513/738 409/730 445/756 
f 513/862 449/739 409/861 
f 410/731 412/807 511/803 
f 412/740 464/733 511/732 
f 414/828 512/827 413/741 
f 413/741 514/743 414/828 
f 414/742 514/863 480/751 
f 417/752 512/735 414/742 
f 513/738 445/756 419/757 
f 419/866 449/739 513/862 
f 452/746 516/745 415/808 
f 452/746 415/808 416/809 
f 410/731 416/809 412/807 
f 416/748 453/768 412/740 
f 517/750 514/743 439/749 
f 517/865 480/751 514/863 
f 515/744 462/753 490/638 
f 490/873 477/754 515/864 
f 419/757 445/756 432/774 
f 419/866 432/875 469/777 
f 371/867 370/868 484/758 
f 484/758 370/868 420/759 
f 420/869 370/628 453/768 
f 453/768 518/760 420/869 
f 420/759 518/810 452/746 
f 453/768 421/761 518/760 
f 518/810 421/811 516/745 
f 516/745 452/746 518/810 
f 421/761 453/768 415/747 
f 415/747 516/870 421/761 
f 416/748 415/747 453/768 
f 517/750 439/749 423/829 
f 423/797 480/751 517/865 
f 422/762 521/627 462/753 
f 422/898 466/639 521/880 
f 422/898 529/899 468/640 
f 417/752 529/871 422/762 
f 529/899 530/900 468/640 
f 480/751 530/787 529/871 
f 530/900 423/901 468/640 
f 480/751 423/797 530/787 
f 423/901 519/763 468/640 
f 439/749 519/830 423/829 
f 468/640 519/763 424/764 
f 424/764 520/765 458/769 
f 424/831 519/830 439/749 
f 439/749 520/833 424/831 
f 520/765 425/766 458/769 
f 439/749 425/832 520/833 
f 426/767 453/768 367/791 
f 453/768 426/767 425/832 
f 426/872 367/624 470/780 
f 458/769 425/766 426/872 
f 427/770 489/887 466/639 
f 427/786 477/754 490/873 489/874 
f 418/755 427/786 428/804 
f 418/755 428/804 429/805 
f 445/756 429/805 430/822 
f 445/756 430/822 431/823 
f 431/823 432/774 445/756 
f 432/875 431/876 531/775 
f 531/775 469/777 432/875 
f 469/777 531/775 433/776 
f 469/777 433/776 532/778 
f 469/777 532/778 533/779 
f 533/906 532/905 470/780 
f 533/906 470/780 367/624 
f 367/624 371/881 533/906 
f 533/779 371/867 484/758 
f 429/772 428/771 451/782 
f 429/772 451/782 430/773 
f 430/773 451/782 431/902 
f 531/903 431/902 476/781 
f 433/904 531/903 476/781 
f 532/905 433/904 476/781 
f 428/771 427/770 466/639 
f 465/636 386/834 522/836 
f 509/848 454/720 462/753 
f 408/859 471/736 482/719 
f 401/709 460/710 457/694 
f 483/674 442/711 504/703 
f 395/788 487/696 481/676 
f 459/704 410/731 405/801 
f 464/733 478/716 406/725 
f 444/707 413/741 407/726 
f 514/743 413/741 439/749 
f 439/749 453/768 425/832 
f 465/636 435/664 383/663 
f 457/694 441/666 500/673 
f 495/651 441/666 467/667 
f 508/722 442/711 445/756 
f 472/737 460/710 510/729 
f 526/661 443/659 485/670 
f 499/824 481/676 443/659 
f 502/681 446/680 486/691 
f 473/717 478/716 464/733 
f 445/756 442/711 472/737 
f 429/805 445/756 418/755 
f 473/717 446/680 438/699 
f 438/699 447/631 389/816 
f 446/680 447/631 438/699 
f 373/632 447/631 446/680 
f 474/644 450/645 378/850 
f 463/688 461/687 396/698 
f 409/861 449/739 455/713 
f 416/809 410/731 452/746 
f 450/645 382/662 448/672 
f 450/645 448/672 374/885 
f 476/781 470/780 532/905 
f 468/640 466/639 422/898 
f 475/723 452/746 410/731 
f 533/779 484/758 469/777 
f 453/768 464/733 412/740 
f 439/749 413/741 453/768 
f 454/720 435/664 440/702 
f 471/736 454/720 440/702 
f 455/713 410/731 456/684 
f 410/731 455/713 475/723 
f 437/685 459/704 507/800 
f 443/659 456/684 485/670 
f 436/683 457/694 460/710 
f 457/694 467/667 441/666 
f 458/769 468/640 424/764 
f 451/782 434/783 470/780 
f 459/704 437/685 456/684 
f 456/684 410/731 459/704 
f 436/683 460/710 442/711 
f 460/710 472/737 442/711 
f 461/687 463/688 382/662 
f 528/897 461/687 382/662 
f 422/762 462/753 417/752 
f 454/720 471/736 462/753 
f 463/688 448/672 382/662 
f 389/678 448/672 463/688 
f 413/741 473/717 464/733 
f 464/733 453/768 413/741 
f 440/702 465/636 390/842 
f 435/664 465/636 440/702 
f 466/639 451/782 428/771 
f 434/783 451/782 466/639 
f 385/668 479/656 483/674 
f 436/683 467/667 457/694 
f 468/640 434/783 466/639 
f 434/783 468/640 458/769 
f 449/739 469/777 484/758 
f 469/777 449/739 419/866 
f 426/872 470/780 458/769 
f 434/783 458/769 470/780 
f 462/753 471/736 417/752 
f 512/735 417/752 471/736 
f 427/786 418/755 477/754 
f 445/756 472/737 418/755 
f 486/691 444/707 397/700 
f 413/741 444/707 473/717 
f 474/644 382/662 450/645 
f 382/662 474/644 491/820 
f 475/723 455/713 449/739 
f 475/723 449/739 484/758 
f 451/782 470/780 476/781 
f 451/782 476/781 431/902 
f 477/754 418/755 472/737 
f 477/754 472/737 515/864 
f 478/716 438/699 399/705 
f 473/717 438/699 478/716 
f 497/654 467/667 479/656 
f 479/656 467/667 483/674 
f 529/871 417/752 480/751 
f 480/751 417/752 414/742 
f 456/684 481/676 487/696 
f 443/659 481/676 456/684 
f 505/856 482/719 440/702 
f 482/719 471/736 440/702 
f 483/674 467/667 436/683 
f 442/711 483/674 436/683 
f 484/758 452/746 475/723 
f 420/759 452/746 484/758 
f 485/670 456/684 437/685 
f 485/670 437/685 388/677 
f 486/691 473/717 444/707 
f 473/717 486/691 446/680 
f 455/713 487/696 402/790 
f 456/684 487/696 455/713 
# 3 polygons - 324 triangles

#
# object 3_LOD
#

v  255.125916 505.985779 -78.585693
v  257.344940 497.255341 -70.893089
v  340.132324 526.405090 -101.989204
v  348.358795 520.247314 -95.317467
v  276.827942 609.135010 156.607727
v  272.727783 616.553284 157.417480
v  267.273193 474.685669 -45.200970
v  278.432495 464.313019 -33.700226
v  269.569824 466.127411 -21.573536
v  261.424927 466.678589 -6.634949
v  259.872742 485.847321 -58.627693
v  338.485413 555.736572 -113.207062
v  348.226990 543.274658 -106.611359
v  347.259460 535.836731 -106.569160
v  235.436768 590.997437 -76.091316
v  235.949310 574.927002 -75.080460
v  237.328079 605.585449 -79.891464
v  233.564072 644.440063 104.186188
v  227.445313 654.840637 87.189278
v  241.539520 637.767334 120.266655
v  244.994537 621.083008 132.891830
v  251.457108 632.456116 133.394928
v  223.987869 663.353699 68.567688
v  221.668213 667.513977 49.317852
v  222.143875 667.311096 30.852686
v  234.272034 643.949036 -58.038330
v  233.127945 633.211060 -65.577492
v  235.546158 623.460083 -74.348824
v  240.592514 616.983276 -82.841759
v  277.751160 614.411621 -103.435860
v  267.726135 613.181030 -100.309158
v  257.214905 613.278442 -96.721901
v  248.249207 613.912903 -90.826691
v  237.067230 560.166138 -77.124634
v  239.384613 546.868103 -79.810982
v  247.570389 519.390564 -84.426453
v  258.140442 522.535767 -93.291313
v  241.880402 535.604675 -82.682549
v  272.897369 546.734436 -110.981346
v  314.232361 605.568115 -111.709335
v  319.438263 594.294739 -114.161743
v  309.495911 615.068542 -110.346107
v  296.804901 620.191895 -107.812607
v  305.552917 623.802185 -108.724915
v  313.618256 627.472046 -106.606049
v  320.785980 631.537231 -102.633766
v  333.260742 647.791382 -83.297150
v  330.248077 641.421265 -90.678978
v  326.481262 635.973450 -97.754478
v  325.197357 581.107361 -114.822342
v  306.407776 539.836548 -112.867477
v  279.180359 534.641846 -106.066887
v  398.632538 464.959229 -25.091003
v  383.474213 481.757233 -51.226257
v  393.638916 474.727722 -38.011318
v  402.539368 469.114502 -25.090263
v  409.009308 457.514648 -14.645678
v  461.592041 539.192383 50.441242
v  452.063049 558.198792 64.823303
v  454.426636 540.789978 62.922447
v  446.866302 575.513000 65.622055
v  439.487549 591.947510 64.337723
v  431.782043 607.557983 61.502136
v  388.105408 633.421997 95.716354
v  376.321899 634.117432 109.178734
v  223.544861 667.026733 14.495832
v  225.084763 666.814087 0.697189
v  228.181564 668.349060 -11.954136
v  232.960892 669.438477 -23.469128
v  236.615845 669.346313 -33.036552
v  238.527176 666.998962 -40.698044
v  237.666992 661.622864 -46.857338
v  235.788986 653.675659 -52.264145
v  287.655823 616.939636 -105.635864
v  337.980682 660.923523 -65.296082
v  336.049408 654.686462 -75.088791
v  420.467957 625.440857 19.689993
v  402.084839 647.674561 4.305041
v  356.648468 689.597717 16.347954
v  421.728821 635.263306 45.056042
v  425.538818 633.676453 35.717461
v  342.225952 528.928589 -104.494102
v  344.779572 531.748413 -106.092644
v  333.226288 536.146790 -110.565514
v  320.469574 538.560608 -113.427368
v  357.291931 510.180359 -87.192825
v  365.581818 499.553009 -75.873253
v  373.505310 489.971069 -62.928604
v  424.871613 621.875061 57.365055
v  413.619110 635.523499 59.839802
v  355.086212 675.155701 -34.177395
v  346.125305 673.254333 -45.770184
v  340.623901 667.828308 -55.769615
v  377.990601 664.850037 -10.994122
v  390.160797 656.976563 -3.004250
v  366.518555 672.351379 -21.705376
v  317.983887 624.412659 146.983139
v  346.223022 630.344482 128.564423
v  455.092346 524.083496 62.156528
v  455.014526 507.635437 63.250214
v  455.788757 491.277161 65.149521
v  432.990601 439.363922 25.369984
v  425.632111 443.453247 9.768004
v  416.639191 450.761963 -2.540480
v  440.230530 436.995728 39.558895
v  446.569977 436.144592 50.032490
v  450.388123 437.071594 58.197746
v  456.740631 475.783264 67.725555
v  305.565735 619.367065 151.676422
v  284.543579 612.789185 156.259552
v  266.794128 622.803589 153.288513
v  259.626556 627.741272 145.192139
v  240.451355 606.637939 130.776611
v  236.537445 588.878113 129.219177
v  234.326202 570.205200 129.882935
v  237.287323 552.873291 128.280579
v  220.385406 490.826233 25.081888
v  251.868927 466.918396 30.029978
v  250.133698 466.018066 48.040066
v  254.731415 466.937683 11.340773
v  344.820953 425.028870 21.106522
v  455.286011 435.311035 69.790634
v  453.302307 431.035004 70.044579
v  453.600922 438.744781 64.264389
v  456.618530 439.872711 69.593842
v  455.816162 445.723022 70.263763
v  244.154724 522.362915 125.110535
v  257.508301 466.051086 108.151733
v  261.433228 466.212646 113.607773
v  254.989838 466.003906 100.975525
v  264.647552 452.274658 107.457489
v  253.108765 465.911743 91.420807
v  454.026184 432.991150 75.538239
v  449.350586 434.818756 81.770821
v  443.031006 435.179840 88.235825
v  383.837646 444.584778 135.534531
v  412.758881 436.049957 116.923378
v  424.749268 434.585083 105.863998
v  434.961761 434.715881 95.988861
v  303.727600 426.305115 110.546356
v  288.758850 431.584534 108.863770
v  275.085236 440.420746 107.860100
v  367.420593 433.889374 129.045822
v  383.039856 436.981079 131.123260
v  398.321777 438.103851 126.586220
v  350.901978 429.957489 123.934776
v  334.836517 426.052765 118.490868
v  319.224121 424.094940 113.821419
v  240.504211 536.942749 127.661217
v  265.496185 508.369751 -83.969704
v  321.316986 543.852051 -116.723709
v  244.294174 673.679504 -33.657913
v  350.676605 581.216187 -104.630028
v  255.875824 535.687134 141.684570
v  215.944855 656.101440 14.333369
v  441.621796 427.662109 50.526566
v  425.472290 577.247070 90.273895
v  312.923187 634.826050 143.963989
v  364.673889 515.723206 -88.314468
v  280.178467 457.220337 119.505440
v  454.134888 444.589417 64.636307
v  445.997131 591.331421 52.463696
v  451.507813 455.158508 75.560532
v  261.512390 598.878418 151.611710
v  227.269180 644.859863 -42.623661
v  331.943939 532.589233 -107.912628
v  210.393585 549.051270 91.695686
v  331.850433 685.980713 -39.445965
v  334.774506 420.901184 110.610634
v  300.101929 657.585083 -79.167603
v  273.899109 439.801636 102.505684
v  222.393555 557.346558 -51.021477
v  339.463379 682.110229 53.103359
v  377.805298 526.397705 142.470901
v  439.547241 545.868896 1.422454
v  292.007599 455.059631 -21.508495
v  253.981842 627.706238 -90.211174
v  234.136734 510.617554 -61.310944
v  214.859177 640.431580 78.142975
v  235.711121 673.380066 49.026466
v  422.692596 439.638153 10.015368
v  415.678040 648.743652 33.086891
v  420.567261 427.727509 96.128235
v  382.184906 628.653259 -41.575508
v  424.063171 459.826294 -0.571281
v  235.061707 661.698303 86.757034
v  379.040802 478.749146 -50.212029
v  350.079620 568.756226 146.819717
v  390.539856 608.538635 114.263931
v  399.185730 452.496155 129.230804
v  367.192657 430.996643 124.710747
v  362.682709 684.675659 -10.012081
v  446.689606 429.612946 81.794800
v  364.599274 558.012634 -95.183868
v  299.174530 555.474487 142.008850
v  397.248352 561.269775 125.237946
v  368.267883 643.565125 103.870758
v  315.354095 427.111877 34.272926
v  347.696442 478.898407 -52.468399
v  406.066650 590.360901 -36.934868
v  239.416962 492.998077 -48.911751
v  321.083832 641.216980 -97.208839
v  291.061157 654.034790 115.084686
v  213.174530 601.931763 1.351368
v  298.669128 572.280457 -117.124313
v  336.198883 417.816406 76.859879
v  242.364365 643.998901 -71.886787
v  387.713470 485.246033 -51.749405
v  335.626648 690.503906 -20.104099
v  350.425262 506.155762 147.855927
v  223.894714 569.709534 -32.989616
v  220.392212 518.905151 89.364662
v  432.760620 527.360413 85.076256
v  275.413177 628.558411 152.577927
v  303.271729 683.434753 47.788067
v  328.412567 659.199219 -74.796501
v  226.067505 503.315247 -28.014725
v  314.304901 514.943176 147.778870
v  214.784088 515.083862 25.807678
v  257.311462 674.468994 -43.236858
v  278.808350 477.180786 -53.594711
v  216.980347 662.481445 48.465595
v  328.763947 599.787476 -110.607010
v  459.267334 536.171021 37.782112
v  352.236755 645.513977 -62.367615
v  324.268250 611.185120 147.673691
v  286.688141 599.212830 152.579239
v  367.641174 441.842377 134.093109
v  452.989502 573.602783 47.138435
v  292.629333 635.749878 -97.854843
v  368.176025 586.764832 -81.321220
v  382.595093 422.943848 46.108185
v  378.529785 430.218842 100.663559
v  213.123367 634.158203 67.624390
v  354.013641 685.989746 34.223499
v  222.037628 648.618835 -23.628494
v  303.807770 516.471924 -89.345200
v  253.609680 676.875427 1.919395
v  265.543549 660.028564 -66.384644
v  247.044189 602.791565 -88.593811
v  231.462250 612.598328 -69.043190
v  446.248444 449.037476 39.909336
v  221.130173 535.551941 104.518158
v  319.206421 419.588196 81.404785
v  406.305481 622.795776 86.138443
v  220.315918 492.887543 42.976227
v  216.118958 536.338013 43.134811
v  287.538055 430.879547 104.133797
v  398.084442 535.788818 -50.418732
v  226.109772 570.317688 118.798164
v  404.894836 658.393799 20.452831
v  261.594208 551.335327 146.996658
v  402.811554 529.151245 122.424294
v  235.354187 624.959961 119.865639
v  454.907745 437.385956 75.900604
v  289.575470 675.619995 -51.567757
v  311.415222 684.496460 -29.244347
v  287.540497 551.067993 -115.923340
v  400.711365 642.558594 -4.079102
v  369.697632 466.711060 140.762695
v  301.218689 457.796997 -29.032566
v  424.338776 431.066620 103.936119
v  426.486389 432.355225 26.123539
v  283.628662 553.512695 142.853119
v  334.246948 562.993591 149.863129
v  441.598572 514.333557 9.699034
v  244.118622 660.479004 -56.761192
v  331.246277 514.574707 -87.481812
v  349.571411 600.387756 -96.753754
v  254.424118 601.538025 147.519241
# 270 vertices

vt 0.192495 0.184194 0.000000
vt 0.185682 0.139885 0.000000
vt 0.358059 0.131756 0.000000
vt 0.042809 0.230455 0.000000
vt 0.049455 0.232766 0.000000
vt 0.137570 0.104279 0.000000
vt 0.051968 0.177058 0.000000
vt 0.058987 0.175562 0.000000
vt 0.100353 0.080154 0.000000
vt 0.357461 0.037993 0.000000
vt 0.360472 0.033570 0.000000
vt 0.366774 0.045014 0.000000
vt 0.185380 0.098903 0.000000
vt 0.069965 0.237850 0.000000
vt 0.081112 0.236501 0.000000
vt 0.083484 0.245496 0.000000
vt 0.087997 0.254936 0.000000
vt 0.058811 0.236468 0.000000
vt 0.148066 0.435754 0.000000
vt 0.142338 0.092061 0.000000
vt 0.080483 0.349704 0.000000
vt 0.203736 0.070516 0.000000
vt 0.216133 0.069791 0.000000
vt 0.286039 0.293982 0.000000
vt 0.290142 0.296253 0.000000
vt 0.124462 0.074689 0.000000
vt 0.167493 0.017357 0.000000
vt 0.162185 0.025402 0.000000
vt 0.162146 0.363479 0.000000
vt 0.169256 0.367681 0.000000
vt 0.074346 0.346291 0.000000
vt 0.046470 0.354261 0.000000
vt 0.055894 0.342608 0.000000
vt 0.067089 0.336819 0.000000
vt 0.045043 0.346140 0.000000
vt 0.383334 0.033488 0.000000
vt 0.381244 0.025987 0.000000
vt 0.068514 0.149486 0.000000
vt 0.079314 0.156344 0.000000
vt 0.091317 0.157587 0.000000
vt 0.091442 0.332973 0.000000
vt 0.102539 0.157943 0.000000
vt 0.111877 0.336329 0.000000
vt 0.119330 0.368528 0.000000
vt 0.146625 0.343769 0.000000
vt 0.164898 0.153260 0.000000
vt 0.172900 0.154605 0.000000
vt 0.180973 0.153674 0.000000
vt 0.187506 0.150652 0.000000
vt 0.170883 0.145885 0.000000
vt 0.200920 0.021454 0.000000
vt 0.195188 0.018924 0.000000
vt 0.189623 0.015481 0.000000
vt 0.179789 0.016699 0.000000
vt 0.184476 0.011846 0.000000
vt 0.158704 0.033726 0.000000
vt 0.156445 0.041798 0.000000
vt 0.150142 0.396212 0.000000
vt 0.139858 0.388251 0.000000
vt 0.135384 0.427414 0.000000
vt 0.155453 0.425067 0.000000
vt 0.171654 0.423239 0.000000
vt 0.032348 0.222193 0.000000
vt 0.155127 0.048981 0.000000
vt 0.179619 0.055050 0.000000
vt 0.188600 0.057269 0.000000
vt 0.200250 0.049958 0.000000
vt 0.217558 0.037001 0.000000
vt 0.217072 0.044396 0.000000
vt 0.217807 0.030738 0.000000
vt 0.212684 0.024321 0.000000
vt 0.218253 0.025048 0.000000
vt 0.232838 0.288733 0.000000
vt 0.232472 0.282642 0.000000
vt 0.187225 0.116098 0.000000
vt 0.170805 0.110512 0.000000
vt 0.176951 0.090470 0.000000
vt 0.182807 0.092688 0.000000
vt 0.231484 0.276502 0.000000
vt 0.251183 0.290019 0.000000
vt 0.259872 0.297777 0.000000
vt 0.194445 0.068928 0.000000
vt 0.177930 0.063576 0.000000
vt 0.043206 0.223345 0.000000
vt 0.049440 0.200570 0.000000
vt 0.089029 0.193291 0.000000
vt 0.099283 0.177681 0.000000
vt 0.119580 0.175581 0.000000
vt 0.099288 0.174496 0.000000
vt 0.109910 0.173226 0.000000
vt 0.119732 0.172109 0.000000
vt 0.358385 0.253974 0.000000
vt 0.361163 0.242168 0.000000
vt 0.331491 0.198237 0.000000
vt 0.332390 0.191202 0.000000
vt 0.323698 0.179077 0.000000
vt 0.333554 0.183045 0.000000
vt 0.313469 0.175550 0.000000
vt 0.303001 0.173126 0.000000
vt 0.292664 0.171724 0.000000
vt 0.264986 0.032658 0.000000
vt 0.276768 0.025265 0.000000
vt 0.287655 0.025393 0.000000
vt 0.053638 0.069257 0.000000
vt 0.050424 0.116542 0.000000
vt 0.091969 0.148937 0.000000
vt 0.112544 0.157587 0.000000
vt 0.121065 0.156964 0.000000
vt 0.128746 0.327969 0.000000
vt 0.134868 0.341167 0.000000
vt 0.136390 0.327241 0.000000
vt 0.142677 0.327401 0.000000
vt 0.147062 0.148084 0.000000
vt 0.152271 0.149053 0.000000
vt 0.158120 0.151128 0.000000
vt 0.157741 0.144208 0.000000
vt 0.163191 0.131141 0.000000
vt 0.206898 0.023146 0.000000
vt 0.168487 0.093252 0.000000
vt 0.163300 0.086512 0.000000
vt 0.170413 0.088376 0.000000
vt 0.256228 0.275635 0.000000
vt 0.266271 0.282982 0.000000
vt 0.282255 0.279608 0.000000
vt 0.306974 0.255020 0.000000
vt 0.274106 0.194246 0.000000
vt 0.255971 0.200994 0.000000
vt 0.105038 0.046452 0.000000
vt 0.131216 0.090315 0.000000
vt 0.151567 0.116565 0.000000
vt 0.146954 0.135817 0.000000
vt 0.141547 0.143891 0.000000
vt 0.110431 0.078791 0.000000
vt 0.096902 0.038553 0.000000
vt 0.273255 0.176239 0.000000
vt 0.273334 0.182646 0.000000
vt 0.317173 0.217473 0.000000
vt 0.306461 0.286666 0.000000
vt 0.294423 0.299971 0.000000
vt 0.292437 0.298304 0.000000
vt 0.045208 0.178746 0.000000
vt 0.043341 0.176776 0.000000
vt 0.037630 0.182289 0.000000
vt 0.058812 0.187178 0.000000
vt 0.068175 0.174682 0.000000
vt 0.078521 0.174926 0.000000
vt 0.089068 0.175515 0.000000
vt 0.333133 0.270676 0.000000
vt 0.335813 0.220414 0.000000
vt 0.312263 0.186626 0.000000
vt 0.302555 0.180817 0.000000
vt 0.282998 0.171343 0.000000
vt 0.250370 0.022451 0.000000
vt 0.120137 0.138830 0.000000
vt 0.092944 0.109531 0.000000
vt 0.089459 0.088408 0.000000
vt 0.140537 0.076535 0.000000
vt 0.148372 0.081699 0.000000
vt 0.155871 0.084739 0.000000
vt 0.236051 0.246630 0.000000
vt 0.269035 0.265576 0.000000
vt 0.255412 0.232680 0.000000
vt 0.257429 0.206658 0.000000
vt 0.238684 0.210066 0.000000
vt 0.247065 0.205170 0.000000
vt 0.230625 0.216356 0.000000
vt 0.281610 0.233617 0.000000
vt 0.030315 0.103788 0.000000
vt 0.024503 0.100191 0.000000
vt 0.035772 0.082044 0.000000
vt 0.283230 0.042361 0.000000
vt 0.258314 0.061249 0.000000
vt 0.343093 0.186418 0.000000
vt 0.352626 0.189348 0.000000
vt 0.361965 0.192709 0.000000
vt 0.377524 0.219481 0.000000
vt 0.159013 0.173810 0.000000
vt 0.148459 0.174096 0.000000
vt 0.365344 0.247716 0.000000
vt 0.148535 0.176706 0.000000
vt 0.091482 0.226514 0.000000
vt 0.069199 0.229220 0.000000
vt 0.092814 0.233706 0.000000
vt 0.158506 0.179662 0.000000
vt 0.168633 0.173428 0.000000
vt 0.176002 0.172913 0.000000
vt 0.181457 0.172341 0.000000
vt 0.386404 0.206705 0.000000
vt 0.370845 0.195948 0.000000
vt 0.253051 0.090873 0.000000
vt 0.284155 0.070691 0.000000
vt 0.327426 0.038429 0.000000
vt 0.019925 0.107760 0.000000
vt 0.014884 0.120839 0.000000
vt 0.024507 0.126164 0.000000
vt 0.365529 0.030407 0.000000
vt 0.372431 0.028149 0.000000
vt 0.371906 0.044013 0.000000
vt 0.038447 0.364864 0.000000
vt 0.039914 0.375968 0.000000
vt 0.040341 0.387629 0.000000
vt 0.048359 0.387188 0.000000
vt 0.040676 0.398693 0.000000
vt 0.058153 0.407380 0.000000
vt 0.066658 0.398777 0.000000
vt 0.067188 0.416989 0.000000
vt 0.093983 0.431968 0.000000
vt 0.104216 0.433094 0.000000
vt 0.102983 0.272694 0.000000
vt 0.111631 0.279691 0.000000
vt 0.094637 0.264628 0.000000
vt 0.131188 0.238879 0.000000
vt 0.133809 0.220500 0.000000
vt 0.175334 0.178794 0.000000
vt 0.188922 0.174162 0.000000
vt 0.188370 0.177097 0.000000
vt 0.185651 0.171622 0.000000
vt 0.189382 0.171309 0.000000
vt 0.241855 0.145031 0.000000
vt 0.387418 0.203321 0.000000
vt 0.242461 0.134347 0.000000
vt 0.280774 0.089441 0.000000
vt 0.299128 0.090402 0.000000
vt 0.314042 0.064712 0.000000
vt 0.323499 0.067501 0.000000
vt 0.344399 0.071449 0.000000
vt 0.351217 0.044474 0.000000
vt 0.353325 0.072402 0.000000
vt 0.366214 0.073288 0.000000
vt 0.369678 0.082882 0.000000
vt 0.042426 0.418306 0.000000
vt 0.143846 0.298820 0.000000
vt 0.370066 0.127346 0.000000
vt 0.139554 0.296938 0.000000
vt 0.148603 0.290801 0.000000
vt 0.134227 0.294147 0.000000
vt 0.151092 0.281489 0.000000
vt 0.156135 0.250497 0.000000
vt 0.159008 0.240650 0.000000
vt 0.156825 0.208052 0.000000
vt 0.191815 0.177933 0.000000
vt 0.194968 0.181748 0.000000
vt 0.197199 0.186880 0.000000
vt 0.315387 0.101344 0.000000
vt 0.335899 0.095516 0.000000
vt 0.304602 0.124692 0.000000
vt 0.286433 0.133819 0.000000
vt 0.296443 0.137401 0.000000
vt 0.203233 0.211620 0.000000
vt 0.200822 0.201991 0.000000
vt 0.198912 0.193549 0.000000
vt 0.198451 0.201923 0.000000
vt 0.193096 0.201889 0.000000
vt 0.184123 0.225266 0.000000
vt 0.175149 0.250602 0.000000
vt 0.157242 0.273939 0.000000
vt 0.165886 0.267201 0.000000
vt 0.160034 0.275006 0.000000
vt 0.154128 0.282993 0.000000
vt 0.305893 0.139262 0.000000
vt 0.306026 0.144527 0.000000
vt 0.296612 0.142207 0.000000
vt 0.286977 0.142371 0.000000
vt 0.193119 0.237874 0.000000
vt 0.187889 0.246256 0.000000
vt 0.179734 0.253004 0.000000
vt 0.335663 0.152668 0.000000
vt 0.041034 0.408922 0.000000
vt 0.104054 0.419028 0.000000
vt 0.094336 0.406629 0.000000
vt 0.156638 0.344231 0.000000
vt 0.160667 0.351065 0.000000
vt 0.168867 0.433418 0.000000
vt 0.043787 0.147549 0.000000
vt 0.035169 0.141475 0.000000
vt 0.012764 0.125604 0.000000
vt 0.054359 0.152485 0.000000
vt 0.066751 0.155104 0.000000
vt 0.017179 0.128116 0.000000
vt 0.198434 0.127115 0.000000
vt 0.078637 0.331761 0.000000
vt 0.036770 0.355726 0.000000
vt 0.090469 0.329170 0.000000
vt 0.165946 0.357033 0.000000
vt 0.171697 0.360945 0.000000
vt 0.035126 0.348137 0.000000
vt 0.050879 0.174934 0.000000
vt 0.197292 0.133387 0.000000
vt 0.195162 0.139735 0.000000
vt 0.050021 0.172643 0.000000
vt 0.174134 0.011255 0.000000
vt 0.179901 0.006916 0.000000
vt 0.296571 0.301249 0.000000
vt 0.218040 0.079712 0.000000
vt 0.301960 0.296440 0.000000
vt 0.215156 0.083184 0.000000
vt 0.161468 0.061991 0.000000
vt 0.153579 0.338024 0.000000
vt 0.169363 0.404155 0.000000
vt 0.150804 0.332760 0.000000
vt 0.335136 0.273193 0.000000
vt 0.342693 0.265607 0.000000
vt 0.101809 0.328449 0.000000
vt 0.111982 0.328274 0.000000
vt 0.033001 0.230619 0.000000
vt 0.192271 0.145570 0.000000
vt 0.318434 0.285679 0.000000
vt 0.198236 0.114750 0.000000
vt 0.197192 0.109037 0.000000
vt 0.195018 0.103884 0.000000
vt 0.191862 0.099252 0.000000
vt 0.188023 0.095507 0.000000
vt 0.198595 0.120786 0.000000
vt 0.327381 0.279987 0.000000
vt 0.378736 0.232321 0.000000
vt 0.372478 0.240714 0.000000
vt 0.229642 0.269783 0.000000
vt 0.383695 0.224215 0.000000
vt 0.386849 0.217702 0.000000
vt 0.029589 0.206063 0.000000
vt 0.373817 0.128646 0.000000
vt 0.368970 0.136564 0.000000
vt 0.388510 0.212641 0.000000
vt 0.389340 0.208602 0.000000
vt 0.390433 0.205155 0.000000
vt 0.349344 0.258329 0.000000
vt 0.351601 0.260936 0.000000
vt 0.055882 0.055186 0.000000
vt 0.106906 0.025508 0.000000
vt 0.048359 0.063440 0.000000
vt 0.120656 0.328604 0.000000
vt 0.212650 0.084613 0.000000
vt 0.141914 0.149207 0.000000
vt 0.135977 0.151660 0.000000
vt 0.147468 0.329021 0.000000
vt 0.164180 0.438977 0.000000
vt 0.207787 0.078530 0.000000
vt 0.115799 0.043059 0.000000
vt 0.149523 0.454981 0.000000
vt 0.087812 0.031806 0.000000
vt 0.094987 0.028203 0.000000
vt 0.201705 0.073391 0.000000
vt 0.126219 0.060549 0.000000
vt 0.120816 0.051929 0.000000
vt 0.132653 0.069227 0.000000
vt 0.021878 0.131625 0.000000
vt 0.027644 0.136134 0.000000
vt 0.225481 0.255508 0.000000
vt 0.223719 0.248021 0.000000
vt 0.227519 0.262821 0.000000
vt 0.276630 0.297337 0.000000
vt 0.244235 0.295895 0.000000
vt 0.251537 0.296914 0.000000
vt 0.238032 0.295229 0.000000
vt 0.153424 0.059542 0.000000
vt 0.232412 0.294313 0.000000
vt 0.216377 0.052814 0.000000
vt 0.033215 0.189463 0.000000
vt 0.077951 0.037950 0.000000
vt 0.128870 0.154772 0.000000
vt 0.309553 0.291094 0.000000
vt 0.221958 0.240629 0.000000
vt 0.221917 0.232922 0.000000
vt 0.224733 0.224579 0.000000
vt 0.144050 0.464807 0.000000
vt 0.135704 0.461307 0.000000
vt 0.236496 0.072695 0.000000
vt 0.125501 0.458689 0.000000
vt 0.234720 0.083144 0.000000
vt 0.156680 0.446051 0.000000
vt 0.166842 0.376438 0.000000
vt 0.166564 0.386294 0.000000
vt 0.167776 0.395575 0.000000
vt 0.238940 0.062100 0.000000
vt 0.101814 0.455997 0.000000
vt 0.241385 0.051537 0.000000
vt 0.090399 0.455302 0.000000
vt 0.243417 0.041178 0.000000
vt 0.113672 0.456712 0.000000
vt 0.051823 0.453017 0.000000
vt 0.047816 0.453375 0.000000
vt 0.056529 0.453020 0.000000
vt 0.138445 0.174246 0.000000
vt 0.129142 0.174199 0.000000
vt 0.236563 0.122102 0.000000
vt 0.062661 0.453422 0.000000
vt 0.244576 0.031429 0.000000
vt 0.330384 0.030187 0.000000
vt 0.309657 0.026651 0.000000
vt 0.234224 0.093132 0.000000
vt 0.234874 0.102944 0.000000
vt 0.235586 0.112756 0.000000
vt 0.242014 0.147638 0.000000
vt 0.338729 0.032891 0.000000
vt 0.352390 0.036064 0.000000
vt 0.385207 0.042359 0.000000
vt 0.386407 0.053094 0.000000
vt 0.385967 0.064230 0.000000
vt 0.384104 0.074553 0.000000
vt 0.238374 0.146502 0.000000
vt 0.238934 0.149290 0.000000
vt 0.362408 0.143359 0.000000
vt 0.354154 0.148550 0.000000
vt 0.237953 0.143634 0.000000
vt 0.238500 0.140083 0.000000
vt 0.204453 0.222135 0.000000
vt 0.202010 0.231517 0.000000
vt 0.195892 0.239088 0.000000
vt 0.316125 0.147818 0.000000
vt 0.379776 0.092911 0.000000
vt 0.326030 0.150943 0.000000
vt 0.251974 0.146200 0.000000
vt 0.345150 0.151674 0.000000
vt 0.276796 0.144740 0.000000
vt 0.172274 0.259756 0.000000
vt 0.267111 0.146219 0.000000
vt 0.258626 0.146375 0.000000
vt 0.381711 0.083976 0.000000
vt 0.246627 0.146479 0.000000
vt 0.170807 0.411690 0.000000
vt 0.240415 0.021277 0.000000
# 421 texture coords

g 3_LOD
usemtl Material__2
f 711/967 534/1179 535/1242 
f 534/1179 711/967 569/968 
f 801/1050 536/913 537/914 
f 697/918 538/916 539/917 
f 734/925 540/1245 541/1271 
f 541/1271 542/1272 734/925 
f 734/925 542/1272 543/1274 
f 544/1276 540/1245 734/925 
f 546/1200 547/1202 684/928 
f 545/929 546/1200 684/928 
f 774/935 548/1277 549/1278 
f 550/936 548/1277 774/935 
f 787/938 551/939 552/940 
f 553/941 551/939 787/938 
f 553/941 787/938 554/1188 
f 554/1188 555/1192 553/941 
f 553/1180 555/1181 719/944 
f 719/944 551/1183 553/1180 
f 552/1184 551/1183 719/944 
f 556/945 552/1184 719/944 
f 712/937 552/940 556/1187 
f 713/1012 557/946 556/945 
f 556/1187 557/1189 755/947 
f 755/947 557/1189 558/1209 
f 559/1177 560/1178 774/935 
f 774/935 560/1178 561/1190 
f 561/1190 562/1191 550/936 
f 550/936 774/935 561/1190 
f 561/954 560/953 740/956 
f 710/908 562/955 561/954 
f 563/1186 564/1194 710/908 
f 710/908 564/1194 565/1195 
f 565/959 564/958 773/960 
f 773/960 566/961 565/959 
f 565/1195 566/1212 710/908 
f 566/961 773/960 550/1197 
f 550/1197 562/1198 566/961 
f 566/1212 562/955 710/908 
f 548/933 550/1197 773/960 
f 549/934 548/933 773/960 
f 567/962 549/934 773/960 
f 572/971 568/963 567/962 
f 567/1279 568/1205 705/964 
f 705/964 549/1278 567/1279 
f 569/968 711/967 571/1326 
f 569/1211 570/969 683/990 
f 683/990 534/910 569/1211 
f 569/1261 571/970 572/971 
f 572/971 570/1203 569/1261 
f 570/1203 572/971 585/989 
f 738/973 573/974 574/975 
f 575/976 573/974 738/973 
f 756/986 573/1258 575/1260 
f 575/976 738/973 576/977 
f 576/977 577/978 575/976 
f 575/1260 577/1262 578/979 
f 578/979 756/986 575/1260 
f 578/979 579/980 756/986 
f 578/1216 577/1215 763/981 
f 735/919 579/1217 578/1216 
f 763/981 577/1215 576/1214 
f 580/983 581/984 735/919 
f 735/919 581/984 582/1218 
f 582/985 581/1223 758/1066 
f 756/986 579/980 582/985 
f 582/1218 579/1217 735/919 
f 583/987 574/1259 756/986 
f 756/986 574/1259 573/1258 
f 686/1029 545/1257 583/987 
f 583/1263 545/929 684/928 
f 738/973 574/975 583/1263 
f 584/988 585/989 572/971 
f 585/1226 584/1264 699/1047 
f 770/991 570/969 585/1226 
f 535/911 534/910 683/990 
f 587/995 588/996 720/993 
f 720/993 588/996 589/997 
f 589/997 586/994 720/993 
f 589/1232 718/999 590/998 
f 590/998 586/1233 589/1232 
f 589/1232 588/1208 741/1054 
f 591/1001 592/1002 593/1003 
f 594/1004 592/1002 591/1001 
f 690/1078 592/1273 594/1280 
f 695/1057 595/1005 594/1004 
f 594/1280 595/1282 690/1078 
f 690/1078 595/1282 596/1284 
f 597/1008 778/1007 623/1059 
f 597/1008 598/1009 722/1077 
f 730/1010 598/1236 597/1234 
f 598/1236 730/1010 631/1076 
f 713/1012 558/948 557/946 
f 599/1013 558/948 713/1012 
f 688/949 558/1209 599/1210 
f 685/1038 600/1014 599/1013 
f 599/1210 600/1237 688/949 
f 688/949 600/1237 601/1015 
f 601/1015 602/1017 769/1016 
f 769/1016 602/1017 603/1018 
f 603/1239 602/1240 685/1038 
f 685/1038 604/1019 603/1239 
f 603/1018 604/1241 698/951 
f 800/1022 605/1020 604/1019 
f 604/1241 605/1206 698/951 
f 740/956 606/1021 605/1020 
f 605/1206 606/1204 698/951 
f 606/1204 559/1177 698/951 
f 740/956 559/952 606/1021 
f 560/953 559/952 740/956 
f 576/1214 607/1219 763/981 
f 763/981 607/1219 563/1186 
f 607/1024 576/977 738/973 
f 738/973 563/957 607/1024 
f 564/958 563/957 738/973 
f 608/1026 609/1027 749/1025 
f 749/1025 609/1027 580/983 
f 609/1254 608/1255 758/1066 
f 758/1066 580/1256 609/1254 
f 581/1223 580/1256 758/1066 
f 546/930 545/1257 686/1029 
f 547/931 546/930 727/1030 
f 792/1069 611/1033 610/1032 
f 610/1235 611/1244 715/1040 
f 715/1040 614/1247 610/1235 
f 613/1246 614/1247 715/1040 
f 614/1042 613/1041 695/1057 
f 695/1057 610/1032 614/1042 
f 615/1045 616/1046 692/1044 
f 692/1044 616/1046 547/931 
f 616/1196 615/1193 699/1047 
f 699/1047 617/1048 616/1196 
f 684/928 547/1202 616/1238 617/1243 
f 699/1047 618/1049 617/1048 
f 617/1243 618/1248 684/928 
f 699/1047 584/1264 618/1049 
f 618/1248 584/988 684/928 
f 619/1051 620/1052 732/992 
f 732/992 620/1052 621/1053 
f 621/1053 587/995 720/993 
f 621/1220 620/1213 692/1044 
f 741/1054 587/1207 621/1220 
f 588/1208 587/1207 741/1054 
f 695/1057 596/1006 595/1005 
f 622/1058 596/1006 695/1057 
f 778/1007 596/1284 622/1293 
f 622/1058 695/1057 613/1041 
f 613/1327 623/1059 622/1293 
f 623/1059 778/1007 622/1293 
f 623/1265 613/1246 715/1040 
f 730/1010 597/1234 623/1265 
f 685/1038 601/1266 600/1014 
f 602/1240 601/1266 685/1038 
f 620/1213 619/1267 692/1044 
f 801/1050 537/914 619/1051 
f 619/1267 537/1201 692/1044 
f 699/1047 615/1193 536/913 
f 615/1045 692/1044 537/1201 
f 537/1201 536/1199 615/1045 
f 624/1063 625/1064 701/926 
f 701/926 625/1064 626/1065 
f 749/1025 626/1065 608/1026 
f 626/1268 625/1269 758/1066 
f 758/1066 608/1255 626/1268 
f 717/1068 627/1070 628/1071 
f 629/1072 627/1070 717/1068 
f 725/932 627/1249 629/1251 
f 758/1066 624/1270 629/1072 
f 629/1251 624/1063 701/926 
f 725/932 611/1244 628/1250 
f 628/1071 611/1033 792/1069 
f 628/1250 627/1249 725/932 
f 625/1269 624/1270 758/1066 
f 630/1075 631/1076 691/1074 
f 631/1295 630/1294 759/1098 
f 722/1077 598/1009 631/1295 
f 632/1296 593/1275 746/1096 
f 746/1096 593/1275 592/1273 
f 696/1127 633/1297 632/1296 
f 632/1079 633/1080 591/1001 
f 591/1001 593/1003 632/1079 
f 591/1001 633/1080 634/1081 
f 635/1221 636/1222 718/999 
f 718/999 636/1222 637/1085 
f 637/1289 636/1084 714/1086 
f 714/1086 590/1290 637/1289 
f 637/1085 590/998 718/999 
f 586/994 590/1290 714/1086 
f 541/921 540/920 754/1088 
f 754/1088 540/920 544/924 
f 542/922 541/921 709/1089 
f 636/1084 635/1083 714/1086 
f 714/1086 635/1083 638/1091 
f 638/1091 639/1092 689/1120 
f 638/1224 635/1221 718/999 
f 775/1082 639/1225 638/1224 
f 640/1229 639/1225 775/1082 
f 694/1094 591/1001 641/1095 659/1126 
f 591/1001 634/1081 641/1095 
f 696/1127 634/1298 633/1297 
f 759/1098 630/1294 642/1300 
f 642/1300 643/1301 760/1133 
f 642/1099 630/1075 691/1074 
f 747/1101 643/1100 642/1099 
f 747/1101 644/1252 539/1185 
f 645/1253 644/1252 747/1101 
f 803/1104 644/1102 645/1103 
f 719/944 555/1181 645/1253 
f 645/1103 555/943 554/942 
f 554/942 803/1104 645/1103 
f 803/1104 697/918 539/917 644/1102 
f 554/942 646/1302 803/1104 
f 647/1303 648/1304 803/1104 646/1302 
f 647/1106 646/1105 787/938 
f 783/1108 648/1107 647/1106 
f 649/1109 648/1107 783/1108 
f 650/1114 651/1281 652/1283 
f 653/1285 651/1281 650/1114 
f 709/1089 651/1115 653/1117 
f 650/1114 543/1274 653/1285 
f 653/1117 543/923 709/1089 
f 709/1089 543/923 542/922 
f 689/1120 655/1121 656/1122 
f 640/1093 657/1123 689/1120 
f 689/1120 657/1123 658/1124 
f 658/1124 655/1121 689/1120 
f 788/1125 655/1306 658/1310 
f 658/1231 657/1230 694/1094 
f 694/1094 659/1126 658/1231 
f 658/1310 659/1311 696/1127 
f 696/1127 659/1311 641/1291 634/1298 
f 760/1133 643/1301 538/916 
f 660/1316 662/1139 687/1136 
f 660/1137 776/1110 662/1287 
f 776/1110 661/1286 662/1287 
f 663/1288 661/1286 776/1110 
f 663/1140 704/1143 664/1141 
f 664/1141 661/1138 663/1140 
f 745/1112 665/1292 663/1288 
f 663/1140 665/1142 704/1143 
f 726/907 656/1122 666/1147 
f 666/1147 667/1148 726/907 
f 666/1299 656/1307 655/1306 
f 655/1306 788/1125 666/1299 
f 788/1125 667/1325 666/1299 
f 668/1318 667/1325 788/1125 
f 670/1320 671/1322 723/1153 
f 723/1153 671/1322 672/1323 
f 672/1157 671/1156 795/1158 
f 726/907 668/1149 672/1157 
f 672/1323 668/1318 788/1125 
f 673/1163 674/1164 781/1162 
f 781/1162 674/1164 675/1165 
f 675/1308 674/1309 693/909 
f 693/909 664/1228 675/1308 
f 675/1165 664/1141 704/1143 
f 693/909 662/1139 661/1227 
f 661/1227 664/1228 693/909 
f 676/1167 677/1168 669/1154 
f 669/1154 677/1168 678/1169 
f 678/1312 677/1313 795/1158 
f 795/1158 670/1155 678/1312 
f 678/1169 670/1320 723/1153 
f 671/1156 670/1155 795/1158 
f 677/1313 676/1314 724/1170 
f 724/1170 676/1314 679/1171 
f 679/1171 680/1172 702/1161 
f 679/1315 676/1167 761/1166 
f 761/1166 680/1317 679/1315 
f 681/1173 680/1317 761/1166 
f 674/1309 673/1319 693/909 
f 693/909 673/1319 681/1173 
f 681/1321 673/1163 781/1162 
f 702/1161 680/1172 681/1321 
f 726/907 667/1148 668/1149 
f 652/1116 704/1143 665/1142 
f 704/1143 652/1116 651/1115 
f 665/1292 779/1113 652/1283 
f 776/1110 660/1137 682/1174 
f 682/1324 660/1316 687/1136 
f 687/1136 649/1305 682/1324 
f 682/1174 649/1109 776/1110 
f 648/1304 649/1305 687/1136 
f 657/1230 640/1229 694/1094 
f 639/1092 640/1093 689/1120 
f 646/1105 554/1188 787/938 
f 539/1185 538/1182 643/1100 747/1101 
f 683/990 544/924 535/911 
f 572/971 571/970 568/963 
f 705/964 568/1205 571/1326 
f 711/967 535/1242 544/1276 
f 709/1089 541/921 754/1088 
f 699/1047 536/913 801/1050 
f 684/928 738/973 583/1263 
f 572/971 684/928 584/988 
f 713/1012 685/1038 599/1013 
f 701/926 725/932 629/1251 
f 686/1029 727/1030 546/930 
f 610/1032 733/1073 792/1069 
f 687/1136 662/1139 693/909 
f 760/1133 759/1098 642/1300 
f 558/1209 688/949 755/947 
f 774/935 698/951 559/1177 
f 638/1091 689/1120 714/1086 
f 724/1170 795/1158 677/1313 
f 759/1098 722/1077 631/1295 
f 678/1169 723/1153 669/1154 
f 719/944 713/1012 556/945 
f 631/1076 730/1010 691/1074 
f 589/1232 741/1054 718/999 
f 764/1067 733/1073 727/1030 
f 761/1166 693/909 681/1173 
f 693/909 793/1152 751/1151 
f 718/999 775/1082 638/1224 
f 695/1057 733/1073 610/1032 
f 591/1001 695/1057 594/1004 
f 632/1296 746/1096 696/1127 
f 746/1096 786/1128 723/1153 
f 687/1136 803/1104 648/1304 
f 760/1133 538/916 697/918 
f 769/1016 744/965 737/950 
f 601/1015 769/1016 688/949 
f 770/991 699/1047 801/1050 
f 699/1047 770/991 585/1226 
f 780/1176 700/1111 737/950 
f 665/1292 745/1112 779/1113 
f 790/912 771/1060 748/1061 
f 626/1065 749/1025 701/926 
f 739/1145 654/1119 765/1146 
f 781/1162 702/1161 681/1321 
f 789/1036 772/1023 753/1037 
f 605/1020 800/1022 740/956 
f 702/1161 781/1162 777/1144 
f 651/1115 709/1089 704/1143 
f 571/1326 711/967 705/964 
f 750/966 737/950 744/965 
f 623/1265 715/1040 730/1010 
f 742/1035 748/1061 612/1039 
f 793/1152 743/1150 751/1151 
f 669/1154 723/1153 707/1129 
f 799/1055 757/1000 775/1082 
f 757/1000 708/1043 762/1056 
f 720/993 586/994 714/1086 
f 709/1089 731/1118 704/1143 
f 740/956 800/1022 772/1023 
f 763/981 735/919 578/1216 
f 752/1175 737/950 750/966 
f 543/1274 650/1114 734/925 
f 700/1111 767/927 737/950 
f 787/938 783/1108 647/1106 
f 748/1061 736/1011 706/1062 
f 748/1061 706/1062 612/1039 
f 796/1090 654/1119 714/1086 
f 720/993 714/1086 654/1119 
f 706/1062 715/1040 768/915 
f 611/1244 725/932 715/1040 
f 672/1157 795/1158 726/907 
f 689/1120 716/1159 766/1160 
f 764/1067 717/1068 733/1073 
f 758/1066 802/1028 582/985 
f 775/1082 718/999 799/1055 
f 799/1055 718/999 741/1054 
f 736/1011 691/1074 730/1010 
f 645/1253 747/1101 719/944 
f 621/1053 720/993 732/992 
f 720/993 654/1119 732/992 
f 729/1097 722/1077 759/1098 
f 743/1150 798/1131 728/1132 
f 596/1284 778/1007 690/1078 
f 690/1078 722/1077 786/1128 
f 723/1153 696/1127 746/1096 
f 672/1323 788/1125 723/1153 
f 765/1146 766/1160 739/1145 
f 679/1171 702/1161 724/1170 
f 715/1040 784/1034 768/915 
f 725/932 742/1035 612/1039 
f 689/1120 656/1122 726/907 
f 716/1159 689/1120 726/907 
f 727/1030 692/1044 547/931 
f 782/1031 727/1030 733/1073 
f 751/1151 743/1150 728/1132 
f 797/1134 697/918 785/1135 
f 729/1097 721/1130 707/1129 
f 707/1129 723/1153 786/1128 
f 736/1011 730/1010 706/1062 
f 730/1010 715/1040 706/1062 
f 709/1089 654/1119 731/1118 
f 731/1118 654/1119 739/1145 
f 754/1088 732/992 794/1087 
f 654/1119 794/1087 732/992 
f 782/1031 733/1073 708/1043 
f 733/1073 762/1056 708/1043 
f 750/966 734/925 650/1114 
f 544/1276 734/925 711/967 
f 703/982 735/919 763/981 
f 735/919 749/1025 580/983 
f 748/1061 719/944 736/1011 
f 736/1011 719/944 747/1101 
f 688/949 737/950 767/927 
f 737/950 688/949 769/1016 
f 791/972 684/928 572/971 
f 738/973 773/960 564/958 
f 702/1161 739/1145 766/1160 
f 777/1144 739/1145 702/1161 
f 561/954 740/956 710/908 
f 710/908 740/956 772/1023 
f 799/1055 741/1054 782/1031 
f 621/1220 692/1044 741/1054 
f 789/1036 753/1037 790/912 
f 742/1035 725/932 701/926 
f 707/1129 743/1150 793/1152 
f 707/1129 721/1130 743/1150 
f 744/965 698/951 774/935 
f 750/966 744/965 705/964 
f 745/1112 700/1111 780/1176 
f 783/1108 776/1110 649/1109 
f 786/1128 746/1096 690/1078 
f 592/1273 690/1078 746/1096 
f 736/1011 747/1101 691/1074 
f 691/1074 747/1101 642/1099 
f 771/1060 713/1012 748/1061 
f 713/1012 719/944 748/1061 
f 749/1025 735/919 703/982 
f 703/982 701/926 749/1025 
f 711/967 734/925 750/966 
f 711/967 750/966 705/964 
f 751/1151 797/1134 687/1136 
f 687/1136 693/909 751/1151 
f 752/1175 779/1113 745/1112 
f 750/966 650/1114 752/1175 
f 604/1019 685/1038 800/1022 
f 753/1037 771/1060 790/912 
f 754/1088 770/991 801/1050 
f 544/924 683/990 754/1088 
f 712/937 767/927 700/1111 
f 556/1187 755/947 712/937 
f 583/987 756/986 686/1029 
f 582/985 802/1028 756/986 
f 757/1000 591/1001 694/1094 
f 591/1001 757/1000 762/1056 
f 758/1066 717/1068 764/1067 
f 629/1072 717/1068 758/1066 
f 759/1098 721/1130 729/1097 
f 728/1132 798/1131 759/1098 
f 759/1098 760/1133 728/1132 
f 760/1133 697/918 728/1132 
f 669/1154 761/1166 676/1167 
f 793/1152 669/1154 707/1129 
f 733/1073 695/1057 762/1056 
f 762/1056 695/1057 591/1001 
f 710/908 772/1023 763/981 
f 710/908 763/981 563/1186 
f 802/1028 758/1066 764/1067 
f 764/1067 727/1030 802/1028 
f 654/1119 796/1090 765/1146 
f 765/1146 689/1120 766/1160 
f 716/1159 724/1170 766/1160 
f 766/1160 724/1170 702/1161 
f 712/937 755/947 767/927 
f 767/927 755/947 688/949 
f 612/1039 768/915 784/1034 
f 768/915 612/1039 706/1062 
f 698/951 744/965 769/1016 
f 603/1018 698/951 769/1016 
f 770/991 683/990 570/969 
f 770/991 754/1088 683/990 
f 685/1038 713/1012 771/1060 
f 753/1037 685/1038 771/1060 
f 703/982 772/1023 789/1036 
f 772/1023 703/982 763/981 
f 567/962 773/960 572/971 
f 791/972 572/971 773/960 
f 705/964 744/965 774/935 
f 549/1278 705/964 774/935 
f 694/1094 775/1082 757/1000 
f 775/1082 694/1094 640/1229 
f 700/1111 745/1112 776/1110 
f 776/1110 745/1112 663/1288 
f 731/1118 739/1145 777/1144 
f 704/1143 731/1118 777/1144 
f 722/1077 690/1078 778/1007 
f 722/1077 778/1007 597/1008 
f 752/1175 650/1114 779/1113 
f 652/1283 779/1113 650/1114 
f 745/1112 780/1176 752/1175 
f 737/950 752/1175 780/1176 
f 704/1143 777/1144 781/1162 
f 675/1165 704/1143 781/1162 
f 727/1030 782/1031 692/1044 
f 692/1044 782/1031 741/1054 
f 700/1111 783/1108 712/937 
f 700/1111 776/1110 783/1108 
f 725/932 612/1039 784/1034 
f 715/1040 725/932 784/1034 
f 785/1135 697/918 803/1104 687/1136 
f 687/1136 797/1134 785/1135 
f 786/1128 722/1077 729/1097 
f 786/1128 729/1097 707/1129 
f 712/937 783/1108 787/938 
f 552/940 712/937 787/938 
f 696/1127 723/1153 788/1125 
f 696/1127 788/1125 658/1310 
f 789/1036 701/926 703/982 
f 789/1036 742/1035 701/926 
f 790/912 748/1061 742/1035 
f 742/1035 789/1036 790/912 
f 773/960 738/973 791/972 
f 684/928 791/972 738/973 
f 717/1068 792/1069 733/1073 
f 628/1071 792/1069 717/1068 
f 761/1166 793/1152 693/909 
f 669/1154 793/1152 761/1166 
f 754/1088 794/1087 709/1089 
f 654/1119 709/1089 794/1087 
f 795/1158 716/1159 726/907 
f 716/1159 795/1158 724/1170 
f 689/1120 796/1090 714/1086 
f 765/1146 796/1090 689/1120 
f 728/1132 797/1134 751/1151 
f 728/1132 697/918 797/1134 
f 721/1130 798/1131 743/1150 
f 798/1131 721/1130 759/1098 
f 708/1043 757/1000 799/1055 
f 708/1043 799/1055 782/1031 
f 772/1023 800/1022 753/1037 
f 753/1037 800/1022 685/1038 
f 754/1088 801/1050 732/992 
f 732/992 801/1050 619/1051 
f 686/1029 802/1028 727/1030 
f 802/1028 686/1029 756/986 
# 7 polygons - 522 triangles

#
# object 5_LOD
#

v  -195.455643 510.173157 -103.675430
v  -22.301346 514.901917 -84.871719
v  -33.586014 675.423035 96.369957
v  -226.078186 501.850067 81.763382
v  -169.877899 499.042175 -107.601547
v  -188.469055 500.389343 -102.262604
v  -211.823639 525.168091 -96.648323
v  -18.510117 538.088745 -92.397270
v  -13.261719 555.476379 -89.893860
v  -30.964981 521.660583 -98.313553
v  -28.077591 481.911682 71.595543
v  -13.395302 481.889435 47.933949
v  -9.866135 487.112488 50.481930
v  -6.478867 492.992126 49.151577
v  -45.866676 482.392578 88.825981
v  -226.062637 699.901489 -50.000778
v  -228.481903 701.546204 -33.275894
v  -213.897949 694.018555 -66.202370
v  -221.816925 688.429199 -60.767849
v  -49.872368 511.216919 -103.197731
v  -25.367485 504.082520 -83.893555
v  -32.526550 667.949768 97.170494
v  -29.926086 680.238892 90.960281
v  -36.170898 688.007935 92.807220
v  -232.022614 683.259155 66.878174
v  7.254745 648.328552 -27.573296
v  -223.123016 490.267487 76.903969
v  -213.611145 491.064911 90.702103
v  -229.389709 485.615021 58.844940
v  -232.187866 508.998291 76.771889
v  -86.479195 480.801941 108.015282
v  -105.225197 483.527649 109.033615
v  -122.926620 484.293549 111.490814
v  -141.657471 484.201904 112.757591
v  -161.688385 485.498810 112.842567
v  -181.031128 502.502502 119.538277
v  -218.244995 617.638428 92.182228
v  -218.747406 631.165527 92.551155
v  -223.123779 562.664795 100.130196
v  -232.708923 535.761841 93.152969
v  -233.276657 524.489319 84.378891
v  -237.202484 515.033386 72.138840
v  -231.049774 488.549438 22.278767
v  -229.762238 487.292297 39.719135
v  -199.722931 490.796356 100.657906
v  -181.969238 489.034302 108.486954
v  -28.116539 497.818268 -81.939934
v  -10.609032 499.032990 -67.915039
v  -2.473206 493.264282 -47.825951
v  3.936485 484.202423 -25.809462
v  4.154602 484.434479 -1.755617
v  1.723602 482.690369 24.321575
v  -67.046486 481.100220 100.361320
v  -218.704742 670.096008 90.126625
v  -218.358215 692.624512 74.084366
v  -226.001282 688.528687 70.563431
v  -231.703979 689.852661 56.549751
v  -230.977768 700.987122 30.800959
v  -232.956024 487.504913 -12.619813
v  -232.946289 487.258545 5.304539
v  -73.661407 486.288086 -93.720634
v  -92.870476 503.229004 -109.851280
v  -72.103958 508.150452 -107.460747
v  -14.638367 572.588196 -88.029335
v  -15.843742 588.942688 -86.802017
v  -8.559593 508.502319 64.237022
v  -2.334267 498.910187 46.127079
v  -14.146393 518.906738 79.828026
v  -16.687531 531.939697 90.868767
v  -18.258888 546.955627 95.840355
v  -187.778198 705.107422 86.933731
v  -199.345703 701.247314 82.868279
v  -219.764282 721.344177 19.596140
v  -230.025528 704.344604 15.509370
v  -230.471130 703.559204 -16.445196
v  -239.694839 513.499268 -44.529442
v  -227.255341 491.158600 -48.321911
v  -230.617447 488.713501 -31.090588
v  -130.165680 500.312622 -110.666260
v  -112.140030 501.062256 -109.840958
v  -15.338348 620.614380 -82.546227
v  -13.910271 604.725952 -85.212090
v  -29.524956 620.298218 97.845879
v  -24.840172 606.763672 99.202484
v  -27.420624 634.591858 98.262688
v  -28.904121 646.917236 97.387901
v  -57.179371 699.039795 96.536148
v  -71.159409 702.491821 96.407310
v  -85.166718 705.117065 97.153755
v  -179.320953 696.486755 -87.187080
v  -221.297974 678.052063 -70.085945
v  -221.206085 648.624268 -81.383415
v  -211.851746 494.733795 -76.806992
v  -221.239349 492.355042 -63.675766
v  -200.701538 495.383057 -89.746071
v  -184.791199 495.144562 -99.840530
v  -149.197754 499.808441 -111.015945
v  -17.844437 654.392456 -78.345528
v  -14.545670 638.108521 -81.481895
v  -19.484802 692.203186 69.938286
v  -16.483727 697.396973 57.642963
v  -14.171051 700.903931 45.038395
v  -149.991989 698.776001 -91.651047
v  -177.932831 654.974487 -106.030663
v  -221.926361 604.635620 -87.497849
v  -224.848236 576.367004 -88.184998
v  -223.662750 550.831116 -89.987946
v  -220.996063 538.227051 -93.520477
v  -48.975052 690.781250 -83.506042
v  -35.952972 689.837158 -77.851669
v  -19.039948 678.607788 -60.355270
v  -19.485352 667.977722 -70.854675
v  -11.939629 701.410706 -11.314394
v  -9.760857 703.347534 2.933678
v  -14.440132 697.347351 -23.920677
v  -17.879684 687.265930 -49.107899
v  -76.465721 694.603577 -90.920044
v  -105.158394 698.107910 -94.413483
v  -10.700989 704.411987 31.699030
v  -159.437790 709.508423 90.431419
v  -129.490707 708.238892 94.138924
v  -21.801041 591.939880 99.266121
v  -19.064743 561.677551 96.246666
v  -218.585129 476.567047 39.299809
v  -55.014870 713.102051 75.869438
v  -29.134689 506.852478 95.973236
v  -198.124390 662.029785 104.532845
v  -234.099243 589.112305 81.687035
v  -34.359467 659.823486 -95.214645
v  -35.785721 701.675049 -66.620049
v  -238.713409 668.186523 -45.507729
v  -209.818939 544.670654 -108.384689
v  -167.666168 478.093689 -86.140030
v  -209.744553 604.032776 99.725685
v  -105.063889 686.770508 -104.139351
v  -232.600372 675.706421 73.447357
v  -77.160370 522.474548 -113.951645
v  -36.063354 594.177063 -95.169449
v  12.792847 509.899475 -23.136616
v  9.179321 531.078186 38.429165
v  -178.247162 714.282104 -71.101418
v  -15.042847 651.566895 81.299019
v  -78.216568 469.580841 68.573669
v  -73.957008 630.636902 112.023636
v  -2.002441 482.275330 -25.924767
v  -169.918182 729.180847 47.491890
v  -169.469391 470.183197 -17.411449
v  6.248657 611.477295 -54.965443
v  -244.950714 505.013123 4.718073
v  -3.115356 586.670532 72.554871
v  -104.460030 500.524780 121.074448
v  -182.800171 550.706177 119.345833
v  -149.220245 510.807007 -116.101295
v  -3.548843 693.478333 32.953873
v  -21.533363 713.946411 30.586884
v  -240.931107 577.229309 -9.644614
v  7.290764 574.894836 33.138313
v  -229.883423 615.247192 -64.641365
v  -29.345558 557.296570 104.760307
v  -104.760391 603.606995 -106.818680
v  -145.612747 479.946655 -95.065842
v  -85.565552 693.204468 103.675430
v  -198.334686 721.598816 57.429600
v  -104.123085 577.997131 108.674080
v  -219.992218 482.038330 73.263916
v  -239.811951 528.822144 78.823593
v  -201.249329 606.091187 -104.088066
v  -105.071655 471.057129 26.709316
v  -223.032837 514.130676 99.510849
v  -135.241241 725.059204 -39.147526
v  -96.249207 724.718872 23.009550
v  -176.528519 559.742615 -118.958847
v  -128.963257 647.734192 113.417213
v  -125.240211 475.527039 92.605408
v  -37.905579 718.084229 -18.995373
v  -5.979721 510.988403 -65.513229
v  -217.285568 561.923096 109.160484
v  7.902824 584.509033 -5.815836
v  -216.354462 486.439911 -62.137226
v  -3.391960 665.502563 -46.778996
v  -143.876526 721.129089 84.659760
v  -3.366234 553.709229 -81.630196
v  -210.306488 472.782532 -8.527722
v  -174.097275 695.858215 98.735695
v  -240.697693 650.595703 6.472538
v  -204.742264 706.365723 -65.062859
v  -237.870087 642.851318 57.262573
v  -64.278458 565.727173 -109.169373
v  -229.573853 507.434021 -62.576820
v  4.520485 487.637878 23.964865
v  -162.142029 623.635132 -112.575493
v  -171.953918 468.830536 29.097694
v  -88.947479 474.642273 -54.609859
v  -218.220093 720.797791 -15.351922
v  -2.269539 478.941345 23.031065
v  -46.988609 469.886292 47.273102
v  5.311760 625.008423 -24.878235
v  -244.835938 514.724304 20.106379
v  -92.595314 573.976013 -106.207626
v  -165.197693 475.004852 -46.396271
v  -24.049072 621.542358 90.430489
v  -236.557266 575.283020 17.797430
v  -166.459915 727.776855 11.590281
v  -5.126495 601.441101 -78.892761
v  -37.905235 527.652893 -104.174889
v  -149.800064 714.568481 -72.241898
v  12.402115 539.064087 -33.889702
v  1.547966 651.688354 38.149914
v  -234.544678 687.333313 41.526100
v  -81.466141 730.418945 6.842771
v  -88.223190 662.617310 106.251701
v  -163.609604 672.499878 -103.712959
v  -93.120514 498.666473 -107.551857
v  -224.921234 616.835999 85.913277
v  -71.894363 468.188660 -5.873015
v  -231.701630 561.058838 -78.768852
v  -235.745926 620.647705 4.227577
v  -119.732880 588.433289 -112.969833
v  -11.342834 550.647827 86.321243
v  -18.432976 476.926819 -25.391367
v  -141.453598 499.005493 121.476013
v  4.966629 611.198975 39.524525
v  -86.016609 488.672302 113.938248
v  -145.086121 597.699219 108.349815
v  -113.312943 514.678345 -112.881828
v  -89.609436 651.306335 -108.965118
v  -184.433365 648.913513 109.150284
v  -236.079224 500.498596 57.699120
v  -208.217377 474.640686 53.423042
v  -77.525650 713.939697 -65.514999
v  -44.806374 568.447083 105.617363
v  -52.481731 616.365906 107.497475
v  -7.397568 630.166443 64.602646
v  -13.777267 681.115234 70.662926
v  6.419174 508.280090 36.179405
v  -48.225296 497.319183 -94.282623
v  -133.045242 638.905640 -108.354385
v  -228.965240 562.682556 92.046440
v  -43.622139 701.067139 84.507996
v  -124.702499 470.277161 -28.716053
v  -39.357750 678.874817 98.744720
v  -187.402161 719.412048 -53.561008
# 242 vertices

vt 0.801128 0.787384 0.000000
vt 0.906594 0.305871 0.000000
vt 0.612357 0.651146 0.000000
vt 0.834136 0.052045 0.000000
vt 0.818154 0.437411 0.000000
vt 0.796474 0.669608 0.000000
vt 0.910428 0.321884 0.000000
vt 0.921392 0.318312 0.000000
vt 0.814054 0.450098 0.000000
vt 0.612090 0.666110 0.000000
vt 0.627084 0.647559 0.000000
vt 0.638349 0.649544 0.000000
vt 0.638033 0.656885 0.000000
vt 0.615797 0.641390 0.000000
vt 0.833039 0.153327 0.000000
vt 0.826283 0.172881 0.000000
vt 0.810431 0.177948 0.000000
vt 0.598800 0.738306 0.000000
vt 0.603070 0.737386 0.000000
vt 0.840812 0.169829 0.000000
vt 0.918008 0.747962 0.000000
vt 0.918870 0.737823 0.000000
vt 0.915552 0.515478 0.000000
vt 0.923587 0.511392 0.000000
vt 0.930167 0.512997 0.000000
vt 0.630335 0.686158 0.000000
vt 0.928537 0.225025 0.000000
vt 0.838649 0.328401 0.000000
vt 0.822575 0.317510 0.000000
vt 0.837874 0.318257 0.000000
vt 0.837885 0.050167 0.000000
vt 0.833546 0.056503 0.000000
vt 0.830820 0.048533 0.000000
vt 0.834978 0.044128 0.000000
vt 0.904670 0.524480 0.000000
vt 0.898209 0.744186 0.000000
vt 0.815104 0.672388 0.000000
vt 0.902198 0.674891 0.000000
vt 0.907029 0.678015 0.000000
vt 0.695493 0.689414 0.000000
vt 0.903764 0.425491 0.000000
vt 0.938954 0.208857 0.000000
vt 0.932677 0.200885 0.000000
vt 0.942279 0.220398 0.000000
vt 0.801829 0.672975 0.000000
vt 0.797894 0.684803 0.000000
vt 0.950564 0.145138 0.000000
vt 0.818153 0.275728 0.000000
vt 0.849042 0.261446 0.000000
vt 0.833087 0.230972 0.000000
vt 0.851128 0.217497 0.000000
vt 0.878896 0.202203 0.000000
vt 0.854832 0.193141 0.000000
vt 0.866431 0.191583 0.000000
vt 0.877259 0.189895 0.000000
vt 0.888651 0.189272 0.000000
vt 0.913968 0.164473 0.000000
vt 0.900763 0.155857 0.000000
vt 0.923582 0.152341 0.000000
vt 0.922990 0.124633 0.000000
vt 0.943398 0.117364 0.000000
vt 0.940067 0.092081 0.000000
vt 0.868562 0.660253 0.000000
vt 0.867777 0.665669 0.000000
vt 0.876444 0.660756 0.000000
vt 0.883126 0.684623 0.000000
vt 0.851084 0.670006 0.000000
vt 0.835340 0.662941 0.000000
vt 0.835515 0.656869 0.000000
vt 0.818817 0.662960 0.000000
vt 0.811696 0.667944 0.000000
vt 0.806522 0.676018 0.000000
vt 0.946589 0.242369 0.000000
vt 0.944941 0.231796 0.000000
vt 0.935289 0.212832 0.000000
vt 0.935267 0.233030 0.000000
vt 0.924143 0.195222 0.000000
vt 0.913249 0.191048 0.000000
vt 0.867962 0.241511 0.000000
vt 0.860122 0.289553 0.000000
vt 0.824700 0.313011 0.000000
vt 0.812826 0.306374 0.000000
vt 0.602349 0.677682 0.000000
vt 0.804157 0.278339 0.000000
vt 0.807936 0.277876 0.000000
vt 0.803206 0.263562 0.000000
vt 0.804405 0.247649 0.000000
vt 0.807543 0.248123 0.000000
vt 0.842834 0.198017 0.000000
vt 0.868243 0.162696 0.000000
vt 0.879285 0.155325 0.000000
vt 0.899233 0.662171 0.000000
vt 0.913900 0.669254 0.000000
vt 0.910668 0.673899 0.000000
vt 0.911500 0.683876 0.000000
vt 0.909882 0.693148 0.000000
vt 0.918354 0.699357 0.000000
vt 0.888095 0.714124 0.000000
vt 0.807586 0.706779 0.000000
vt 0.802333 0.715868 0.000000
vt 0.790808 0.726801 0.000000
vt 0.789962 0.716092 0.000000
vt 0.930471 0.260832 0.000000
vt 0.907298 0.239412 0.000000
vt 0.880355 0.273333 0.000000
vt 0.894477 0.311425 0.000000
vt 0.852909 0.313571 0.000000
vt 0.865025 0.324228 0.000000
vt 0.864877 0.327208 0.000000
vt 0.852244 0.328646 0.000000
vt 0.896022 0.450685 0.000000
vt 0.919573 0.447157 0.000000
vt 0.649220 0.649156 0.000000
vt 0.659545 0.649321 0.000000
vt 0.613662 0.693049 0.000000
vt 0.613721 0.727884 0.000000
vt 0.613434 0.746499 0.000000
vt 0.607548 0.735085 0.000000
vt 0.619845 0.756299 0.000000
vt 0.627930 0.762732 0.000000
vt 0.636955 0.765718 0.000000
vt 0.832987 0.122993 0.000000
vt 0.841779 0.115797 0.000000
vt 0.877159 0.109192 0.000000
vt 0.891040 0.067967 0.000000
vt 0.917330 0.038302 0.000000
vt 0.926603 0.030662 0.000000
vt 0.934330 0.032228 0.000000
vt 0.915935 0.589023 0.000000
vt 0.926172 0.565962 0.000000
vt 0.920442 0.708523 0.000000
vt 0.919843 0.727652 0.000000
vt 0.870191 0.715676 0.000000
vt 0.844447 0.723877 0.000000
vt 0.843474 0.707546 0.000000
vt 0.807674 0.744375 0.000000
vt 0.793464 0.748365 0.000000
vt 0.791821 0.737927 0.000000
vt 0.906456 0.266213 0.000000
vt 0.904496 0.283103 0.000000
vt 0.887045 0.325984 0.000000
vt 0.876322 0.326270 0.000000
vt 0.874898 0.455628 0.000000
vt 0.887459 0.419971 0.000000
vt 0.921644 0.407600 0.000000
vt 0.679436 0.652635 0.000000
vt 0.669374 0.651367 0.000000
vt 0.667070 0.657475 0.000000
vt 0.672731 0.672850 0.000000
vt 0.657623 0.702085 0.000000
vt 0.652406 0.725343 0.000000
vt 0.660100 0.749147 0.000000
vt 0.682023 0.763942 0.000000
vt 0.681721 0.769505 0.000000
vt 0.673091 0.768857 0.000000
vt 0.690397 0.768401 0.000000
vt 0.697924 0.767830 0.000000
vt 0.865132 0.041351 0.000000
vt 0.847828 0.037620 0.000000
vt 0.856049 0.035160 0.000000
vt 0.864377 0.033364 0.000000
vt 0.894859 0.564011 0.000000
vt 0.898900 0.514318 0.000000
vt 0.833844 0.346058 0.000000
vt 0.805895 0.355098 0.000000
vt 0.807408 0.373804 0.000000
vt 0.867338 0.756856 0.000000
vt 0.803648 0.756090 0.000000
vt 0.794133 0.767810 0.000000
vt 0.793833 0.758175 0.000000
vt 0.935423 0.292526 0.000000
vt 0.928079 0.310217 0.000000
vt 0.918550 0.315931 0.000000
vt 0.898356 0.325092 0.000000
vt 0.853705 0.457409 0.000000
vt 0.870996 0.411734 0.000000
vt 0.880152 0.402519 0.000000
vt 0.921067 0.368841 0.000000
vt 0.700373 0.656478 0.000000
vt 0.690179 0.654490 0.000000
vt 0.681339 0.690549 0.000000
vt 0.673884 0.728807 0.000000
vt 0.685995 0.744893 0.000000
vt 0.699625 0.755196 0.000000
vt 0.716702 0.748020 0.000000
vt 0.723960 0.748540 0.000000
vt 0.726888 0.740728 0.000000
vt 0.804390 0.590849 0.000000
vt 0.810657 0.580372 0.000000
vt 0.845434 0.564218 0.000000
vt 0.882092 0.514160 0.000000
vt 0.881617 0.499566 0.000000
vt 0.845047 0.362022 0.000000
vt 0.836822 0.372517 0.000000
vt 0.822005 0.400995 0.000000
vt 0.806298 0.400631 0.000000
vt 0.844398 0.771683 0.000000
vt 0.835259 0.765004 0.000000
vt 0.829075 0.773077 0.000000
vt 0.821418 0.775532 0.000000
vt 0.837939 0.428611 0.000000
vt 0.863236 0.381763 0.000000
vt 0.888563 0.374327 0.000000
vt 0.915254 0.348298 0.000000
vt 0.924000 0.348702 0.000000
vt 0.715306 0.667088 0.000000
vt 0.708778 0.660819 0.000000
vt 0.705825 0.677345 0.000000
vt 0.698039 0.727945 0.000000
vt 0.728748 0.697596 0.000000
vt 0.729507 0.706501 0.000000
vt 0.726781 0.689529 0.000000
vt 0.720588 0.673973 0.000000
vt 0.813958 0.521836 0.000000
vt 0.839256 0.521025 0.000000
vt 0.835558 0.502785 0.000000
vt 0.879560 0.353369 0.000000
vt 0.879612 0.344717 0.000000
vt 0.846024 0.391174 0.000000
vt 0.818489 0.550601 0.000000
vt 0.802611 0.582178 0.000000
vt 0.722684 0.724599 0.000000
vt 0.874698 0.535065 0.000000
vt 0.854536 0.573680 0.000000
vt 0.831570 0.606212 0.000000
vt 0.823492 0.613445 0.000000
vt 0.923619 0.545959 0.000000
vt 0.898521 0.584768 0.000000
vt 0.885200 0.608130 0.000000
vt 0.896113 0.613589 0.000000
vt 0.877061 0.617871 0.000000
vt 0.866925 0.059435 0.000000
vt 0.859016 0.078774 0.000000
vt 0.846169 0.087342 0.000000
vt 0.827088 0.101977 0.000000
vt 0.645772 0.766114 0.000000
vt 0.639035 0.758899 0.000000
vt 0.626875 0.728641 0.000000
vt 0.931151 0.058562 0.000000
vt 0.923194 0.066413 0.000000
vt 0.900903 0.097065 0.000000
vt 0.601563 0.721064 0.000000
vt 0.807297 0.293345 0.000000
vt 0.812459 0.779391 0.000000
vt 0.605120 0.651517 0.000000
vt 0.600674 0.652021 0.000000
vt 0.604299 0.664589 0.000000
vt 0.793973 0.788544 0.000000
vt 0.959428 0.154149 0.000000
vt 0.809255 0.173932 0.000000
vt 0.789478 0.672543 0.000000
vt 0.788088 0.684077 0.000000
vt 0.806363 0.170532 0.000000
vt 0.789747 0.705820 0.000000
vt 0.788839 0.695430 0.000000
vt 0.929933 0.522684 0.000000
vt 0.959631 0.161914 0.000000
vt 0.825383 0.458557 0.000000
vt 0.819255 0.323646 0.000000
vt 0.825876 0.331794 0.000000
vt 0.949415 0.160193 0.000000
vt 0.715294 0.767389 0.000000
vt 0.710779 0.767808 0.000000
vt 0.717842 0.763262 0.000000
vt 0.789889 0.788439 0.000000
vt 0.932763 0.532703 0.000000
vt 0.945316 0.596487 0.000000
vt 0.890298 0.167029 0.000000
vt 0.879430 0.167888 0.000000
vt 0.964505 0.149708 0.000000
vt 0.901795 0.166364 0.000000
vt 0.946583 0.083709 0.000000
vt 0.949545 0.116142 0.000000
vt 0.957535 0.132041 0.000000
vt 0.961859 0.139546 0.000000
vt 0.968771 0.146133 0.000000
vt 0.938692 0.160546 0.000000
vt 0.900130 0.500772 0.000000
vt 0.797214 0.522193 0.000000
vt 0.945098 0.052112 0.000000
vt 0.947648 0.035801 0.000000
vt 0.926658 0.161943 0.000000
vt 0.800475 0.546887 0.000000
vt 0.811705 0.158481 0.000000
vt 0.802585 0.167478 0.000000
vt 0.819212 0.149357 0.000000
vt 0.900764 0.189100 0.000000
vt 0.823390 0.139615 0.000000
vt 0.824813 0.129895 0.000000
vt 0.909086 0.028464 0.000000
vt 0.811691 0.232072 0.000000
vt 0.819337 0.216729 0.000000
vt 0.829762 0.205397 0.000000
vt 0.855335 0.169142 0.000000
vt 0.890877 0.030048 0.000000
vt 0.867932 0.168434 0.000000
vt 0.799405 0.530287 0.000000
vt 0.946474 0.075716 0.000000
vt 0.831233 0.068998 0.000000
vt 0.841056 0.465026 0.000000
vt 0.940472 0.598288 0.000000
vt 0.935243 0.600679 0.000000
vt 0.810982 0.621984 0.000000
vt 0.829514 0.464887 0.000000
vt 0.946750 0.252792 0.000000
vt 0.946307 0.263591 0.000000
vt 0.932644 0.440671 0.000000
vt 0.810694 0.513208 0.000000
vt 0.935825 0.430292 0.000000
vt 0.809558 0.345076 0.000000
vt 0.913267 0.457243 0.000000
vt 0.887302 0.462548 0.000000
vt 0.899792 0.459506 0.000000
vt 0.935345 0.420054 0.000000
vt 0.934852 0.410271 0.000000
vt 0.864942 0.464327 0.000000
vt 0.875770 0.464061 0.000000
vt 0.935981 0.391024 0.000000
vt 0.936159 0.400787 0.000000
vt 0.853545 0.464277 0.000000
vt 0.934762 0.370143 0.000000
vt 0.922110 0.606720 0.000000
vt 0.914276 0.609562 0.000000
vt 0.936025 0.380327 0.000000
vt 0.804854 0.434188 0.000000
vt 0.808029 0.441987 0.000000
vt 0.939620 0.352868 0.000000
vt 0.935958 0.360871 0.000000
vt 0.943181 0.589581 0.000000
vt 0.924656 0.450570 0.000000
vt 0.939368 0.572783 0.000000
vt 0.937342 0.563130 0.000000
vt 0.935040 0.543068 0.000000
vt 0.944863 0.274673 0.000000
vt 0.943182 0.285096 0.000000
vt 0.830482 0.076361 0.000000
vt 0.831430 0.084910 0.000000
vt 0.849226 0.620028 0.000000
vt 0.840435 0.620140 0.000000
vt 0.887647 0.767751 0.000000
vt 0.939624 0.294252 0.000000
vt 0.934732 0.302604 0.000000
vt 0.807302 0.606921 0.000000
vt 0.805927 0.598842 0.000000
vt 0.852004 0.344296 0.000000
vt 0.861329 0.771604 0.000000
vt 0.803903 0.418100 0.000000
vt 0.800640 0.555272 0.000000
vt 0.818224 0.508474 0.000000
vt 0.897574 0.346329 0.000000
vt 0.853658 0.500069 0.000000
vt 0.800433 0.564319 0.000000
vt 0.730211 0.724169 0.000000
vt 0.728908 0.732815 0.000000
vt 0.831632 0.620723 0.000000
vt 0.816888 0.620966 0.000000
vt 0.793109 0.777833 0.000000
vt 0.905254 0.760834 0.000000
vt 0.911612 0.755348 0.000000
vt 0.803407 0.347254 0.000000
vt 0.828990 0.093115 0.000000
vt 0.664072 0.768184 0.000000
vt 0.824860 0.120755 0.000000
vt 0.598960 0.691861 0.000000
vt 0.599349 0.706014 0.000000
vt 0.598654 0.721422 0.000000
vt 0.807767 0.230537 0.000000
# 367 texture coords

g 5_LOD
usemtl Material__2
f 804/1585 956/1502 808/1627 
f 808/1627 809/1631 804/1585 
f 804/1328 809/1575 992/1495 
f 804/1585 810/1336 935/1332 
f 992/1495 810/1571 804/1328 
f 979/1337 811/1338 812/1339 
f 979/1337 805/1330 813/1341 
f 813/1341 811/1338 979/1337 
f 929/1342 814/1343 815/1344 
f 815/1344 816/1577 929/1342 
f 929/1342 816/1577 817/1580 
f 818/1347 814/1343 929/1342 
f 989/1350 819/1583 820/1593 
f 989/1350 821/1351 822/1352 
f 822/1352 819/1583 989/1350 
f 805/1586 1039/1357 823/1355 
f 823/1355 813/1587 805/1586 
f 805/1586 824/1356 1039/1357 
f 979/1337 824/1572 805/1330 
f 1044/1358 825/1359 806/1331 
f 806/1331 826/1360 827/1361 
f 827/1361 1044/1358 806/1331 
f 806/1589 825/1590 945/1511 
f 945/1511 826/1591 806/1589 
f 807/1576 830/1584 831/1588 
f 831/1588 972/1374 807/1576 
f 807/1333 1031/1373 832/1579 
f 832/1579 830/1578 807/1333 
f 807/1333 833/1372 1031/1373 
f 972/1374 833/1597 807/1576 
f 834/1380 835/1381 946/1378 
f 946/1378 835/1381 836/1382 
f 836/1382 837/1383 977/1379 
f 836/1595 835/1596 1024/1385 
f 1024/1385 837/1598 836/1595 
f 838/1384 837/1598 1024/1385 
f 1017/1391 840/1390 841/1392 
f 840/1390 1017/1391 1041/1395 842/1396 
f 842/1396 1041/1395 969/1364 843/1397 
f 843/1601 972/1374 980/1388 842/1600 
f 937/1389 840/1599 842/1600 980/1388 
f 972/1374 843/1601 844/1602 
f 969/1364 845/1399 844/1398 
f 844/1602 845/1603 833/1597 
f 833/1597 972/1374 844/1602 
f 844/1398 843/1397 969/1364 
f 1031/1373 833/1372 845/1399 
f 846/1581 847/1582 1001/1426 
f 1001/1426 847/1582 832/1579 
f 847/1401 846/1400 927/1403 
f 968/1402 832/1371 847/1401 
f 830/1369 832/1371 968/1402 
f 848/1404 831/1370 968/1402 
f 968/1402 831/1370 830/1369 
f 968/1402 849/1405 848/1404 
f 848/1604 849/1609 839/1386 
f 972/1374 831/1588 848/1604 
f 977/1379 838/1614 849/1405 
f 849/1609 838/1384 1024/1385 
f 837/1383 838/1614 977/1379 
f 850/1408 851/1409 948/1412 
f 948/1412 851/1409 852/1570 
f 948/1412 852/1570 853/1411 
f 948/1412 853/1411 854/1413 
f 948/1412 854/1413 855/1414 
f 814/1619 818/1620 999/1377 
f 999/1377 818/1620 856/1416 
f 856/1416 834/1380 946/1378 
f 856/1621 818/1347 929/1342 
f 1026/1417 834/1623 856/1621 
f 835/1596 834/1623 1026/1417 
f 930/1566 841/1625 840/1599 
f 841/1625 930/1566 857/1607 
f 939/1365 841/1392 857/1419 
f 939/1365 857/1419 858/1420 
f 858/1420 859/1421 939/1365 
f 939/1365 859/1421 828/1366 
f 859/1628 858/1629 966/1456 
f 859/1628 966/1456 860/1656 
f 860/1656 828/1594 859/1628 
f 939/1365 828/1366 860/1422 
f 876/1457 861/1658 860/1656 
f 860/1422 861/1424 1012/1423 
f 862/1428 863/1429 952/1427 
f 952/1427 863/1429 846/1581 
f 863/1632 862/1633 986/1430 
f 927/1403 846/1400 863/1632 
f 824/1356 850/1408 1039/1357 
f 865/1436 866/1437 1016/1435 
f 1016/1435 866/1437 823/1355 
f 866/1640 865/1639 940/1438 
f 1008/1439 823/1638 866/1640 
f 813/1657 823/1638 1008/1439 
f 811/1634 813/1657 1008/1439 
f 812/1636 811/1634 1008/1439 
f 867/1641 812/1636 1008/1439 
f 941/1472 868/1642 867/1641 
f 867/1440 868/1441 1007/1475 
f 985/1340 812/1339 867/1440 
f 1038/1443 869/1444 870/1445 
f 871/1446 869/1444 1038/1443 
f 929/1342 869/1611 871/1613 
f 1022/1564 872/1447 871/1446 
f 871/1613 872/1615 929/1342 
f 929/1342 872/1615 873/1616 
f 874/1454 987/1453 923/1617 
f 987/1453 874/1454 875/1455 
f 875/1455 858/1608 930/1566 
f 875/1649 874/1650 966/1456 
f 966/1456 858/1629 875/1649 
f 877/1659 861/1658 876/1457 
f 1012/1423 861/1424 877/1458 
f 997/1554 878/1660 877/1659 
f 877/1458 878/1459 1012/1423 
f 880/1464 881/1465 952/1427 
f 952/1427 881/1465 862/1428 
f 881/1661 880/1662 982/1498 
f 986/1430 862/1633 881/1661 
f 882/1468 883/1469 1016/1435 
f 1016/1435 883/1469 865/1436 
f 883/1644 882/1643 956/1502 
f 940/1438 865/1639 883/1644 
f 884/1645 885/1646 941/1472 
f 941/1472 885/1646 868/1642 
f 885/1474 884/1473 1007/1475 
f 1007/1475 868/1441 885/1474 
f 1004/1480 886/1481 887/1482 
f 888/1483 886/1481 1004/1480 
f 1035/1561 886/1664 888/1663 
f 945/1511 889/1484 888/1483 
f 888/1663 889/1626 1035/1561 
f 1035/1561 889/1626 825/1359 
f 890/1486 891/1487 965/1485 
f 965/1485 891/1487 892/1488 
f 892/1665 891/1666 928/1552 
f 928/1552 924/1558 892/1665 
f 893/1605 821/1351 989/1350 
f 893/1491 907/1521 821/1637 
f 907/1521 895/1493 894/1492 
f 934/1363 894/1685 895/1667 
f 970/1522 908/1523 895/1493 
f 895/1667 908/1673 961/1494 
f 896/1496 897/1497 992/1495 
f 992/1495 897/1497 880/1464 
f 897/1668 896/1669 982/1498 
f 982/1498 880/1662 897/1668 
f 982/1498 896/1669 898/1499 
f 936/1329 898/1499 899/1500 
f 808/1334 900/1501 964/1433 
f 964/1433 900/1501 882/1468 
f 900/1647 808/1627 956/1502 
f 956/1502 882/1643 900/1647 
f 901/1648 902/1651 932/1505 
f 932/1505 902/1651 884/1645 
f 902/1507 901/1506 983/1535 
f 1007/1475 884/1473 902/1507 
f 945/1511 825/1590 889/1484 
f 1037/1512 903/1513 826/1591 
f 1042/1553 826/1630 903/1670 
f 1037/1512 904/1514 903/1513 
f 903/1670 904/1671 1042/1553 
f 1042/1553 904/1671 905/1515 
f 906/1519 1009/1518 921/1678 
f 906/1519 893/1605 944/1490 
f 906/1672 921/1545 938/1544 
f 1015/1520 893/1491 906/1672 
f 970/1522 909/1674 908/1523 
f 908/1673 909/1524 961/1494 
f 909/1524 910/1526 1019/1525 
f 992/1495 910/1526 911/1527 
f 992/1495 911/1527 810/1571 
f 911/1653 910/1652 935/1332 
f 935/1332 810/1336 911/1653 
f 910/1652 909/1674 970/1522 
f 912/1531 932/1505 920/1677 
f 932/1505 912/1531 913/1532 
f 932/1505 913/1532 914/1654 
f 914/1654 915/1655 932/1505 
f 932/1505 915/1655 901/1648 
f 915/1534 914/1533 983/1535 
f 983/1535 901/1506 915/1534 
f 983/1535 916/1537 917/1538 
f 918/1539 916/1537 983/1535 
f 978/1547 916/1675 918/1610 
f 983/1535 919/1540 918/1539 
f 918/1610 919/1624 933/1541 
f 913/1635 933/1541 914/1606 
f 933/1541 913/1635 912/1676 
f 912/1676 920/1543 1033/1542 
f 921/1678 1009/1518 1033/1542 920/1543 
f 938/1544 921/1545 920/1677 
f 917/1679 958/1516 922/1548 
f 958/1516 917/1679 916/1675 
f 922/1680 957/1549 917/1538 
f 957/1549 922/1680 905/1681 
f 957/1549 905/1681 904/1514 
f 958/1516 905/1515 922/1548 
f 933/1541 919/1624 914/1606 
f 983/1535 914/1533 919/1540 
f 890/1682 827/1683 1042/1553 
f 890/1486 1044/1358 827/1361 
f 891/1666 890/1682 928/1552 
f 1042/1553 827/1683 826/1630 
f 936/1329 899/1500 809/1335 
f 809/1335 808/1334 936/1329 
f 899/1592 898/1684 992/1495 
f 992/1495 809/1575 899/1592 
f 898/1684 896/1496 992/1495 
f 934/1363 822/1686 894/1685 
f 894/1492 822/1687 821/1637 
f 821/1637 907/1521 894/1492 
f 923/1557 924/1558 984/1556 
f 924/1622 923/1617 987/1453 
f 987/1453 892/1488 924/1622 
f 925/1562 887/1688 1035/1561 
f 1035/1561 887/1688 886/1664 
f 1034/1450 926/1690 925/1562 
f 925/1689 926/1563 1022/1564 
f 953/1479 887/1482 925/1689 
f 1022/1564 873/1448 872/1447 
f 926/1563 873/1448 1022/1564 
f 962/1449 873/1616 926/1690 
f 966/1456 874/1650 923/1557 
f 820/1593 878/1660 997/1554 
f 878/1459 820/1349 934/1363 
f 934/1363 820/1349 819/1348 
f 930/1566 858/1608 857/1607 
f 870/1445 817/1346 993/1569 
f 870/1612 869/1611 929/1342 
f 929/1342 817/1580 870/1612 
f 942/1442 853/1691 852/1410 
f 854/1692 853/1691 942/1442 
f 979/1337 852/1410 851/1574 
f 855/1693 854/1692 993/1569 
f 993/1569 817/1346 816/1345 
f 816/1345 855/1693 993/1569 
f 815/1618 814/1619 999/1377 
f 998/1415 855/1414 816/1694 
f 816/1694 815/1618 998/1415 
f 851/1574 850/1573 824/1572 
f 824/1572 979/1337 851/1574 
f 819/1348 822/1686 934/1363 
f 999/1377 998/1415 815/1618 
f 982/1498 986/1430 881/1661 
f 924/1558 928/1552 984/1556 
f 840/1599 937/1389 930/1566 
f 1026/1417 1024/1385 835/1596 
f 1034/1450 947/1560 967/1451 
f 1035/1561 1034/1450 925/1562 
f 969/1364 1031/1373 845/1399 
f 860/1422 1012/1423 939/1365 
f 932/1505 938/1544 920/1677 
f 883/1644 1028/1470 940/1438 
f 916/1675 978/1547 958/1516 
f 973/1550 1006/1489 1013/1517 978/1547 
f 990/1393 1020/1460 1005/1462 
f 909/1524 1019/1525 961/1494 
f 1021/1503 1002/1471 1028/1470 
f 970/1522 935/1332 910/1652 
f 1018/1376 996/1407 1023/1375 
f 882/1468 1016/1435 964/1433 
f 967/1451 955/1387 954/1418 
f 994/1546 1021/1503 975/1528 
f 938/1544 1015/1520 906/1672 
f 988/1425 990/1393 939/1365 
f 841/1392 939/1365 1017/1391 
f 884/1645 941/1472 932/1505 
f 1029/1530 932/1505 941/1472 
f 1008/1439 941/1472 867/1641 
f 940/1438 1028/1470 1002/1471 
f 993/1569 1038/1443 870/1445 
f 812/1339 985/1340 979/1337 
f 887/1482 953/1479 1004/1480 
f 1010/1353 1007/1475 981/1477 
f 997/1554 989/1350 820/1593 
f 904/1514 1037/1512 957/1549 
f 1011/1536 1036/1510 1025/1509 
f 1018/1376 1023/1375 999/1377 
f 849/1405 968/1402 977/1379 
f 976/1452 1030/1567 1027/1568 
f 987/1453 965/1485 892/1488 
f 996/1407 864/1434 1023/1375 
f 948/1412 1039/1357 850/1408 
f 984/1556 966/1456 923/1557 
f 973/1550 1045/1362 997/1554 1006/1489 
f 1032/1354 995/1431 977/1379 
f 982/1498 950/1466 986/1430 
f 983/1535 951/1476 902/1507 
f 1000/1508 981/1477 951/1476 
f 952/1427 879/1463 880/1464 
f 961/1494 1019/1525 959/1461 
f 871/1446 943/1565 1022/1564 
f 1036/1510 953/1479 1025/1509 
f 873/1616 962/1449 929/1342 
f 929/1342 1026/1417 856/1621 
f 1024/1385 954/1418 955/1387 
f 804/1585 935/1332 956/1502 
f 975/1528 935/1332 970/1522 
f 917/1538 957/1549 983/1535 
f 1025/1509 1000/1508 1011/1536 
f 905/1515 958/1516 1042/1553 
f 928/1552 974/1551 949/1555 
f 1001/1426 1041/1395 1005/1462 
f 879/1463 952/1427 959/1461 
f 943/1565 960/1478 1022/1564 
f 943/1565 1010/1353 981/1477 
f 961/1494 934/1363 895/1667 
f 990/1393 988/1425 1020/1460 
f 1034/1450 967/1451 954/1418 
f 929/1342 962/1449 954/1418 
f 1029/1530 963/1504 1040/1529 
f 941/1472 963/1504 1029/1530 
f 964/1433 936/1329 808/1334 
f 1043/1432 1003/1467 996/1407 
f 825/1359 1044/1358 1035/1561 
f 1014/1559 967/1451 947/1560 
f 949/1555 876/1457 966/1456 
f 860/1656 966/1456 876/1457 
f 1027/1568 937/1389 955/1387 
f 1030/1567 937/1389 1027/1568 
f 847/1401 927/1403 968/1402 
f 977/1379 968/1402 1032/1354 
f 1001/1426 969/1364 1041/1395 
f 907/1521 970/1522 895/1493 
f 970/1522 994/1546 975/1528 
f 971/1406 977/1379 995/1431 
f 1043/1432 996/1407 1018/1376 
f 848/1604 839/1386 972/1374 
f 972/1374 839/1386 980/1388 
f 978/1547 1033/1542 1009/1518 973/1550 
f 958/1516 1013/1517 974/1551 928/1552 
f 978/1547 1013/1517 958/1516 
f 975/1528 1021/1503 1028/1470 
f 975/1528 1028/1470 935/1332 
f 976/1452 967/1451 1014/1559 
f 987/1453 976/1452 965/1485 
f 836/1382 977/1379 946/1378 
f 977/1379 971/1406 946/1378 
f 918/1610 933/1541 978/1547 
f 852/1410 979/1337 942/1442 
f 979/1337 985/1340 1010/1353 
f 955/1387 980/1388 839/1386 
f 980/1388 955/1387 937/1389 
f 1000/1508 1025/1509 981/1477 
f 960/1478 943/1565 981/1477 
f 950/1466 982/1498 1003/1467 
f 898/1499 936/1329 982/1498 
f 829/1367 983/1535 957/1549 
f 951/1476 983/1535 1000/1508 
f 928/1552 949/1555 984/1556 
f 949/1555 966/1456 984/1556 
f 1007/1475 985/1340 867/1440 
f 1010/1353 985/1340 1007/1475 
f 927/1403 986/1430 950/1466 
f 986/1430 927/1403 863/1632 
f 987/1453 1030/1567 976/1452 
f 875/1455 930/1566 987/1453 
f 878/1459 934/1363 1012/1423 
f 961/1494 988/1425 934/1363 
f 997/1554 1045/1362 989/1350 
f 989/1350 944/1490 893/1605 
f 1005/1462 931/1394 990/1393 
f 941/1472 1008/1439 991/1368 
f 1002/1471 963/1504 941/1472 
f 910/1526 992/1495 1019/1525 
f 880/1464 879/1463 992/1495 
f 993/1569 942/1442 1038/1443 
f 942/1442 993/1569 854/1692 
f 1015/1520 1029/1530 1040/1529 
f 994/1546 970/1522 907/1521 
f 950/1466 995/1431 927/1403 
f 971/1406 995/1431 950/1466 
f 964/1433 1016/1435 996/1407 
f 996/1407 1003/1467 964/1433 
f 877/1659 876/1457 997/1554 
f 876/1457 1006/1489 997/1554 
f 855/1414 998/1415 948/1412 
f 1023/1375 998/1415 999/1377 
f 856/1416 946/1378 999/1377 
f 999/1377 946/1378 971/1406 
f 829/1367 1000/1508 983/1535 
f 1000/1508 829/1367 1011/1536 
f 959/1461 952/1427 1001/1426 
f 846/1581 1001/1426 952/1427 
f 991/1368 1002/1471 941/1472 
f 940/1438 1002/1471 991/1368 
f 964/1433 1003/1467 936/1329 
f 982/1498 936/1329 1003/1467 
f 1011/1536 945/1511 1036/1510 
f 1004/1480 945/1511 888/1483 
f 959/1461 1001/1426 1005/1462 
f 959/1461 1005/1462 1020/1460 
f 949/1555 1006/1489 876/1457 
f 974/1551 1013/1517 1006/1489 949/1555 
f 981/1477 1007/1475 951/1476 
f 902/1507 951/1476 1007/1475 
f 866/1640 940/1438 1008/1439 
f 940/1438 991/1368 1008/1439 
f 1009/1518 1045/1362 973/1550 
f 944/1490 1009/1518 906/1519 
f 1038/1443 942/1442 1010/1353 
f 1010/1353 942/1442 979/1337 
f 1011/1536 829/1367 957/1549 
f 957/1549 945/1511 1011/1536 
f 988/1425 1012/1423 934/1363 
f 988/1425 939/1365 1012/1423 
f 1014/1559 1035/1561 1044/1358 
f 965/1485 976/1452 1014/1559 
f 1015/1520 907/1521 893/1491 
f 907/1521 1015/1520 1040/1529 
f 1016/1435 864/1434 996/1407 
f 823/1355 1039/1357 1016/1435 
f 931/1394 1017/1391 990/1393 
f 1017/1391 939/1365 990/1393 
f 1043/1432 1018/1376 971/1406 
f 999/1377 971/1406 1018/1376 
f 959/1461 1019/1525 879/1463 
f 992/1495 879/1463 1019/1525 
f 988/1425 961/1494 1020/1460 
f 961/1494 959/1461 1020/1460 
f 1021/1503 1040/1529 963/1504 
f 1002/1471 1021/1503 963/1504 
f 1022/1564 960/1478 953/1479 
f 1022/1564 953/1479 925/1689 
f 864/1434 948/1412 1023/1375 
f 1023/1375 948/1412 998/1415 
f 1024/1385 839/1386 849/1609 
f 1024/1385 955/1387 839/1386 
f 1025/1509 960/1478 981/1477 
f 953/1479 960/1478 1025/1509 
f 954/1418 1024/1385 1026/1417 
f 954/1418 1026/1417 929/1342 
f 976/1452 1027/1568 967/1451 
f 1027/1568 955/1387 967/1451 
f 956/1502 1028/1470 883/1644 
f 935/1332 1028/1470 956/1502 
f 938/1544 932/1505 1029/1530 
f 1015/1520 938/1544 1029/1530 
f 930/1566 1030/1567 987/1453 
f 1030/1567 930/1566 937/1389 
f 832/1579 1031/1373 1001/1426 
f 1031/1373 969/1364 1001/1426 
f 1032/1354 927/1403 995/1431 
f 1032/1354 968/1402 927/1403 
f 978/1547 933/1541 1033/1542 
f 1033/1542 933/1541 912/1676 
f 1034/1450 962/1449 926/1690 
f 954/1418 962/1449 1034/1450 
f 1035/1561 947/1560 1034/1450 
f 947/1560 1035/1561 1014/1559 
f 945/1511 1004/1480 1036/1510 
f 1036/1510 1004/1480 953/1479 
f 826/1591 945/1511 1037/1512 
f 1037/1512 945/1511 957/1549 
f 1010/1353 943/1565 1038/1443 
f 1038/1443 943/1565 871/1446 
f 864/1434 1039/1357 948/1412 
f 1039/1357 864/1434 1016/1435 
f 1021/1503 994/1546 1040/1529 
f 1040/1529 994/1546 907/1521 
f 1005/1462 1041/1395 931/1394 
f 1041/1395 1017/1391 931/1394 
f 1042/1553 928/1552 890/1682 
f 958/1516 928/1552 1042/1553 
f 950/1466 1003/1467 1043/1432 
f 950/1466 1043/1432 971/1406 
f 1014/1559 1044/1358 965/1485 
f 965/1485 1044/1358 890/1486 
f 1045/1362 944/1490 989/1350 
f 1045/1362 1009/1518 944/1490 
# 10 polygons - 460 triangles

#
# object 5_LOD
#

v  -245.623047 449.286804 -79.027832
v  -262.915039 454.015564 94.283966
v  -444.248291 614.536682 84.581299
v  -431.322021 440.963715 -108.030998
v  -241.473877 438.155823 -53.485325
v  -246.974854 439.502991 -72.029190
v  -252.792725 464.281769 -95.333870
v  -255.356689 477.202393 98.009377
v  -257.814209 494.590027 103.279427
v  -249.549316 460.774231 85.503365
v  -419.426758 421.025330 89.873329
v  -395.637939 421.003082 104.348579
v  -398.155029 426.226135 107.899849
v  -396.795166 432.105774 111.275368
v  -436.811768 421.506226 72.235275
v  -299.562744 639.015137 -109.165276
v  -316.308105 640.659851 -111.438507
v  -283.255615 633.132202 -97.142433
v  -288.759033 627.542847 -105.013680
v  -244.830322 450.330566 66.554070
v  -263.919922 443.196167 91.226479
v  -445.039551 607.063416 85.647713
v  -438.806885 619.352539 88.193878
v  -440.708252 627.121582 81.965424
v  -416.489258 622.372803 -114.105095
v  -319.953369 587.442200 124.338936
v  -426.437012 429.381134 -105.118355
v  -440.151611 430.178558 -95.486450
v  -408.433350 424.728668 -111.542389
v  -426.384033 448.111938 -114.184013
v  -456.354736 419.915588 31.791756
v  -457.536621 422.641296 13.055350
v  -460.148193 423.407196 -4.623962
v  -461.578369 423.315552 -23.343048
v  -461.838135 424.612457 -43.372444
v  -468.702393 441.616150 -62.656033
v  -441.672119 556.752075 -100.107193
v  -442.045410 570.279175 -100.606377
v  -449.662354 501.778442 -104.916443
v  -442.769043 474.875488 -114.562111
v  -434.000244 463.602966 -115.206375
v  -421.794922 454.147034 -119.238876
v  -371.883057 427.663086 -113.521492
v  -389.311523 426.405945 -112.081810
v  -449.985840 429.910004 -81.511864
v  -457.659668 428.147949 -63.690533
v  -265.897461 436.931915 88.494583
v  -279.769043 438.146637 106.123810
v  -299.786377 432.377930 114.434624
v  -321.746094 423.316071 121.036194
v  -345.797119 423.548126 121.464203
v  -371.894531 421.804016 119.260857
v  -448.531494 420.213867 51.156929
v  -439.620605 609.209656 -100.584854
v  -423.575928 631.738159 -100.378326
v  -420.121826 627.642334 -108.051834
v  -406.158447 628.966309 -113.876602
v  -380.404297 640.100769 -113.375114
v  -337.002441 426.618561 -115.732208
v  -354.926025 426.372192 -115.566048
v  -254.514648 425.401733 42.848637
v  -238.552246 442.342651 23.499540
v  -240.761475 447.264099 44.286121
v  -259.690674 511.701843 101.919098
v  -260.928467 528.056335 100.724480
v  -411.898193 447.615967 109.326370
v  -393.734619 438.023834 115.393425
v  -427.537354 458.020355 103.875832
v  -438.599854 471.053375 101.431137
v  -443.584961 486.069275 99.903221
v  -436.157959 644.221069 -69.687363
v  -432.193604 640.360962 -81.289909
v  -369.102051 660.457825 -102.259834
v  -365.104980 643.458252 -112.556351
v  -333.155518 642.672852 -113.280777
v  -305.152832 452.612946 -122.749214
v  -301.251953 430.272247 -110.343285
v  -318.511963 427.827148 -113.554893
v  -238.062744 439.426270 -13.801349
v  -238.730713 440.175903 4.230812
v  -265.179688 559.728027 101.266998
v  -262.501465 543.839600 102.671753
v  -445.688721 559.411865 88.655090
v  -447.004395 545.877319 93.351524
v  -446.087158 573.705505 90.762970
v  -445.225342 586.030884 89.271904
v  -444.620361 638.153442 60.990288
v  -444.613525 641.605469 47.009655
v  -445.482178 644.230713 33.009399
v  -261.969971 635.600403 -62.749866
v  -279.436768 617.165710 -104.576065
v  -268.138916 587.737915 -104.582764
v  -272.633545 433.847443 -95.188843
v  -285.846191 431.468689 -104.461510
v  -259.597656 434.496704 -84.151978
v  -249.364746 434.258209 -68.330315
v  -237.879150 438.922089 -32.835754
v  -269.402100 593.506104 98.797653
v  -266.237061 577.222168 102.068932
v  -417.694580 631.316833 98.451324
v  -405.373535 636.510620 101.344994
v  -392.749268 640.017578 103.547592
v  -257.250244 637.889648 -33.460976
v  -243.114990 594.088135 -61.526230
v  -262.031006 543.749268 -105.356361
v  -261.369385 515.480652 -108.284142
v  -259.556152 489.944794 -107.114426
v  -256.000488 477.340698 -104.478653
v  -264.513428 629.894897 67.623199
v  -270.053955 628.950806 80.694122
v  -287.402100 617.721436 97.759178
v  -276.906982 607.091370 97.222168
v  -336.379150 640.524353 105.287178
v  -350.607666 642.461182 107.590195
v  -323.795166 636.460999 102.676765
v  -298.638916 626.379578 99.017540
v  -257.339600 633.717224 40.068871
v  -254.096680 637.221558 11.346806
v  -379.380127 643.525635 106.901115
v  -439.408203 648.622070 -41.317516
v  -442.854248 647.352539 -11.339220
v  -447.041504 531.053528 96.391098
v  -443.998291 500.791199 99.100945
v  -388.794678 415.680695 -100.908783
v  -423.935547 652.215698 62.974365
v  -443.812744 445.966125 89.028992
v  -453.846680 601.143433 -79.879578
v  -431.315674 528.225952 -116.052429
v  -252.677734 598.937134 82.136047
v  -281.283691 640.788696 80.959373
v  -304.166016 607.300171 -121.776360
v  -241.039307 483.784302 -93.431679
v  -262.915283 417.207336 -51.086403
v  -449.141113 543.146423 -91.541252
v  -244.370361 625.884155 11.356436
v  -423.063232 614.820068 -114.625519
v  -234.314941 461.588196 39.173264
v  -252.737793 533.290710 80.432625
v  -324.341553 449.013123 129.915527
v  -385.936523 470.191833 126.839394
v  -278.045654 653.395752 -61.535751
v  -429.016113 590.680542 102.992249
v  -416.842529 408.694489 39.709885
v  -460.253662 569.750549 44.348438
v  -321.682617 421.388977 115.096489
v  -396.561768 668.294495 -52.172211
v  -331.656982 409.296844 -52.289799
v  -292.571045 550.590942 123.093849
v  -354.444336 444.126770 -127.575127
v  -420.168213 525.784180 114.842979
v  -469.570313 439.638428 13.925561
v  -468.525391 489.819824 -64.426689
v  -232.794189 449.920654 -32.902634
v  -380.572510 632.591980 114.063934
v  -378.362549 653.060059 96.059456
v  -340.047119 516.342957 -123.681015
v  -380.662354 514.008484 124.904747
v  -284.956055 554.360840 -113.113670
v  -452.601318 496.410217 88.894814
v  -241.688477 542.720642 11.636543
v  -253.797363 419.060303 -29.111702
v  -452.007080 632.318115 32.667492
v  -406.747070 660.712463 -80.500900
v  -457.167480 517.110779 14.154279
v  -422.769775 421.151978 -102.019432
v  -428.502197 467.935791 -121.789902
v  -245.260986 545.204834 -84.824883
v  -375.214111 410.170776 12.490499
v  -449.042236 453.244324 -104.830902
v  -309.623047 664.172852 -18.252625
v  -371.437500 663.832520 21.280325
v  -230.175049 498.856262 -60.234798
v  -462.127197 586.847839 -10.643549
v  -441.283691 414.640686 -7.102258
v  -328.925049 657.197876 79.255188
v  -282.130371 450.102051 110.773895
v  -458.641357 501.036774 -98.999641
v  -341.704346 523.622681 125.176857
v  -287.342041 425.553558 -99.563377
v  -300.841309 604.616211 113.525047
v  -433.500977 660.242737 -25.807207
v  -265.991211 492.822845 113.246643
v  -340.896729 411.896179 -93.047813
v  -447.840088 634.971863 -55.903965
v  -356.161621 589.709351 -123.306969
v  -284.315186 645.479370 -87.977150
v  -406.925049 581.964966 -120.036263
v  -238.984619 504.840851 52.096416
v  -287.017822 446.547668 -112.786095
v  -371.513428 426.751526 122.054520
v  -236.432617 562.748779 -45.793148
v  -378.186035 407.944183 -54.368385
v  -293.757324 413.755920 27.904438
v  -334.141846 659.911438 -101.020668
v  -370.638916 418.054993 115.256599
v  -395.270264 408.999939 70.750778
v  -322.665283 564.122070 122.419540
v  -369.831055 453.837952 -127.326088
v  -242.193359 513.089661 23.806488
v  -302.635986 414.118500 -48.271198
v  -438.225830 560.656006 94.066055
v  -367.449951 514.396667 -119.067871
v  -360.631348 666.890503 -49.027363
v  -268.743896 540.554749 111.510338
v  -243.748779 466.766541 78.512222
v  -276.656982 653.682129 -33.099697
v  -313.592285 478.177765 129.430984
v  -385.723877 590.802002 119.205894
v  -391.160156 626.446960 -116.848297
v  -355.142334 669.532593 35.921753
v  -454.606445 601.730957 30.032431
v  -245.307617 611.613525 -47.183331
v  -240.853760 437.780121 23.269577
v  -435.461670 555.949646 -106.837891
v  -342.343506 407.302307 45.382206
v  -270.844971 500.172485 -115.055099
v  -353.873535 559.761353 -118.374977
v  -235.668213 527.546936 -3.389052
v  -434.005859 489.761505 106.735947
v  -322.359375 416.040466 98.671234
v  -470.294678 438.119141 -23.063091
v  -387.068604 550.312622 122.636421
v  -462.273438 427.785950 32.306004
v  -457.200684 536.812866 -26.810026
v  -235.700195 453.792023 3.031407
v  -239.409912 590.419983 26.768188
v  -458.344482 588.027161 -66.148781
v  -407.345947 439.612244 -118.241653
v  -402.826904 413.754333 -90.418175
v  -282.752930 653.053345 39.230675
v  -453.593262 507.560730 73.442070
v  -455.540283 555.479553 65.783401
v  -412.253662 569.280090 110.491539
v  -418.369385 620.228882 104.164963
v  -383.710938 447.393738 124.059723
v  -253.730713 436.432831 68.278885
v  -240.399658 578.019287 -16.660633
v  -441.629883 501.796204 -110.828224
v  -432.474365 640.180786 74.442047
v  -319.962158 409.390808 -7.623263
v  -446.673340 617.988464 78.830513
v  -295.665283 658.525696 -70.537331
# 242 vertices

vt 0.801128 0.787384 0.000000
vt 0.906594 0.305871 0.000000
vt 0.612357 0.651146 0.000000
vt 0.834136 0.052045 0.000000
vt 0.818154 0.437411 0.000000
vt 0.796474 0.669608 0.000000
vt 0.910428 0.321884 0.000000
vt 0.921392 0.318312 0.000000
vt 0.814054 0.450098 0.000000
vt 0.612090 0.666110 0.000000
vt 0.627084 0.647559 0.000000
vt 0.638349 0.649544 0.000000
vt 0.638033 0.656885 0.000000
vt 0.615797 0.641390 0.000000
vt 0.833039 0.153327 0.000000
vt 0.826283 0.172881 0.000000
vt 0.810431 0.177948 0.000000
vt 0.598800 0.738306 0.000000
vt 0.603070 0.737386 0.000000
vt 0.840812 0.169829 0.000000
vt 0.918008 0.747962 0.000000
vt 0.918870 0.737823 0.000000
vt 0.915552 0.515478 0.000000
vt 0.923587 0.511392 0.000000
vt 0.930167 0.512997 0.000000
vt 0.630335 0.686158 0.000000
vt 0.928537 0.225025 0.000000
vt 0.838649 0.328401 0.000000
vt 0.822575 0.317510 0.000000
vt 0.837874 0.318257 0.000000
vt 0.837885 0.050167 0.000000
vt 0.833546 0.056503 0.000000
vt 0.830820 0.048533 0.000000
vt 0.834978 0.044128 0.000000
vt 0.904670 0.524480 0.000000
vt 0.898209 0.744186 0.000000
vt 0.815104 0.672388 0.000000
vt 0.902198 0.674891 0.000000
vt 0.907029 0.678015 0.000000
vt 0.695493 0.689414 0.000000
vt 0.903764 0.425491 0.000000
vt 0.938954 0.208857 0.000000
vt 0.932677 0.200885 0.000000
vt 0.942279 0.220398 0.000000
vt 0.801829 0.672975 0.000000
vt 0.797894 0.684803 0.000000
vt 0.950564 0.145138 0.000000
vt 0.818153 0.275728 0.000000
vt 0.849042 0.261446 0.000000
vt 0.833087 0.230972 0.000000
vt 0.851128 0.217497 0.000000
vt 0.878896 0.202203 0.000000
vt 0.854832 0.193141 0.000000
vt 0.866431 0.191583 0.000000
vt 0.877259 0.189895 0.000000
vt 0.888651 0.189272 0.000000
vt 0.913968 0.164473 0.000000
vt 0.900763 0.155857 0.000000
vt 0.923582 0.152341 0.000000
vt 0.922990 0.124633 0.000000
vt 0.943398 0.117364 0.000000
vt 0.940067 0.092081 0.000000
vt 0.868562 0.660253 0.000000
vt 0.867777 0.665669 0.000000
vt 0.876444 0.660756 0.000000
vt 0.883126 0.684623 0.000000
vt 0.851084 0.670006 0.000000
vt 0.835340 0.662941 0.000000
vt 0.835515 0.656869 0.000000
vt 0.818817 0.662960 0.000000
vt 0.811696 0.667944 0.000000
vt 0.806522 0.676018 0.000000
vt 0.946589 0.242369 0.000000
vt 0.944941 0.231796 0.000000
vt 0.935289 0.212832 0.000000
vt 0.935267 0.233030 0.000000
vt 0.924143 0.195222 0.000000
vt 0.913249 0.191048 0.000000
vt 0.867962 0.241511 0.000000
vt 0.860122 0.289553 0.000000
vt 0.824700 0.313011 0.000000
vt 0.812826 0.306374 0.000000
vt 0.602349 0.677682 0.000000
vt 0.804157 0.278339 0.000000
vt 0.807936 0.277876 0.000000
vt 0.803206 0.263562 0.000000
vt 0.804405 0.247649 0.000000
vt 0.807543 0.248123 0.000000
vt 0.842834 0.198017 0.000000
vt 0.868243 0.162696 0.000000
vt 0.879285 0.155325 0.000000
vt 0.899233 0.662171 0.000000
vt 0.913900 0.669254 0.000000
vt 0.910668 0.673899 0.000000
vt 0.911500 0.683876 0.000000
vt 0.909882 0.693148 0.000000
vt 0.918354 0.699357 0.000000
vt 0.888095 0.714124 0.000000
vt 0.807586 0.706779 0.000000
vt 0.802333 0.715868 0.000000
vt 0.790808 0.726801 0.000000
vt 0.789962 0.716092 0.000000
vt 0.930471 0.260832 0.000000
vt 0.907298 0.239412 0.000000
vt 0.880355 0.273333 0.000000
vt 0.894477 0.311425 0.000000
vt 0.852909 0.313571 0.000000
vt 0.865025 0.324228 0.000000
vt 0.864877 0.327208 0.000000
vt 0.852244 0.328646 0.000000
vt 0.896022 0.450685 0.000000
vt 0.919573 0.447157 0.000000
vt 0.649220 0.649156 0.000000
vt 0.659545 0.649321 0.000000
vt 0.613662 0.693049 0.000000
vt 0.613721 0.727884 0.000000
vt 0.613434 0.746499 0.000000
vt 0.607548 0.735085 0.000000
vt 0.619845 0.756299 0.000000
vt 0.627930 0.762732 0.000000
vt 0.636955 0.765718 0.000000
vt 0.832987 0.122993 0.000000
vt 0.841779 0.115797 0.000000
vt 0.877159 0.109192 0.000000
vt 0.891040 0.067967 0.000000
vt 0.917330 0.038302 0.000000
vt 0.926603 0.030662 0.000000
vt 0.934330 0.032228 0.000000
vt 0.915935 0.589023 0.000000
vt 0.926172 0.565962 0.000000
vt 0.920442 0.708523 0.000000
vt 0.919843 0.727652 0.000000
vt 0.870191 0.715676 0.000000
vt 0.844447 0.723877 0.000000
vt 0.843474 0.707546 0.000000
vt 0.807674 0.744375 0.000000
vt 0.793464 0.748365 0.000000
vt 0.791821 0.737927 0.000000
vt 0.906456 0.266213 0.000000
vt 0.904496 0.283103 0.000000
vt 0.887045 0.325984 0.000000
vt 0.876322 0.326270 0.000000
vt 0.874898 0.455628 0.000000
vt 0.887459 0.419971 0.000000
vt 0.921644 0.407600 0.000000
vt 0.679436 0.652635 0.000000
vt 0.669374 0.651367 0.000000
vt 0.667070 0.657475 0.000000
vt 0.672731 0.672850 0.000000
vt 0.657623 0.702085 0.000000
vt 0.652406 0.725343 0.000000
vt 0.660100 0.749147 0.000000
vt 0.682023 0.763942 0.000000
vt 0.681721 0.769505 0.000000
vt 0.673091 0.768857 0.000000
vt 0.690397 0.768401 0.000000
vt 0.697924 0.767830 0.000000
vt 0.865132 0.041351 0.000000
vt 0.847828 0.037620 0.000000
vt 0.856049 0.035160 0.000000
vt 0.864377 0.033364 0.000000
vt 0.894859 0.564011 0.000000
vt 0.898900 0.514318 0.000000
vt 0.833844 0.346058 0.000000
vt 0.805895 0.355098 0.000000
vt 0.807408 0.373804 0.000000
vt 0.867338 0.756856 0.000000
vt 0.803648 0.756090 0.000000
vt 0.794133 0.767810 0.000000
vt 0.793833 0.758175 0.000000
vt 0.935423 0.292526 0.000000
vt 0.928079 0.310217 0.000000
vt 0.918550 0.315931 0.000000
vt 0.898356 0.325092 0.000000
vt 0.853705 0.457409 0.000000
vt 0.870996 0.411734 0.000000
vt 0.880152 0.402519 0.000000
vt 0.921067 0.368841 0.000000
vt 0.700373 0.656478 0.000000
vt 0.690179 0.654490 0.000000
vt 0.681339 0.690549 0.000000
vt 0.673884 0.728807 0.000000
vt 0.685995 0.744893 0.000000
vt 0.699625 0.755196 0.000000
vt 0.716702 0.748020 0.000000
vt 0.723960 0.748540 0.000000
vt 0.726888 0.740728 0.000000
vt 0.804390 0.590849 0.000000
vt 0.810657 0.580372 0.000000
vt 0.845434 0.564218 0.000000
vt 0.882092 0.514160 0.000000
vt 0.881617 0.499566 0.000000
vt 0.845047 0.362022 0.000000
vt 0.836822 0.372517 0.000000
vt 0.822005 0.400995 0.000000
vt 0.806298 0.400631 0.000000
vt 0.844398 0.771683 0.000000
vt 0.835259 0.765004 0.000000
vt 0.829075 0.773077 0.000000
vt 0.821418 0.775532 0.000000
vt 0.837939 0.428611 0.000000
vt 0.863236 0.381763 0.000000
vt 0.888563 0.374327 0.000000
vt 0.915254 0.348298 0.000000
vt 0.924000 0.348702 0.000000
vt 0.715306 0.667088 0.000000
vt 0.708778 0.660819 0.000000
vt 0.705825 0.677345 0.000000
vt 0.698039 0.727945 0.000000
vt 0.728748 0.697596 0.000000
vt 0.729507 0.706501 0.000000
vt 0.726781 0.689529 0.000000
vt 0.720588 0.673973 0.000000
vt 0.813958 0.521836 0.000000
vt 0.839256 0.521025 0.000000
vt 0.835558 0.502785 0.000000
vt 0.879560 0.353369 0.000000
vt 0.879612 0.344717 0.000000
vt 0.846024 0.391174 0.000000
vt 0.818489 0.550601 0.000000
vt 0.802611 0.582178 0.000000
vt 0.722684 0.724599 0.000000
vt 0.874698 0.535065 0.000000
vt 0.854536 0.573680 0.000000
vt 0.831570 0.606212 0.000000
vt 0.823492 0.613445 0.000000
vt 0.923619 0.545959 0.000000
vt 0.898521 0.584768 0.000000
vt 0.885200 0.608130 0.000000
vt 0.896113 0.613589 0.000000
vt 0.877061 0.617871 0.000000
vt 0.866925 0.059435 0.000000
vt 0.859016 0.078774 0.000000
vt 0.846169 0.087342 0.000000
vt 0.827088 0.101977 0.000000
vt 0.645772 0.766114 0.000000
vt 0.639035 0.758899 0.000000
vt 0.626875 0.728641 0.000000
vt 0.931151 0.058562 0.000000
vt 0.923194 0.066413 0.000000
vt 0.900903 0.097065 0.000000
vt 0.601563 0.721064 0.000000
vt 0.807297 0.293345 0.000000
vt 0.812459 0.779391 0.000000
vt 0.605120 0.651517 0.000000
vt 0.600674 0.652021 0.000000
vt 0.604299 0.664589 0.000000
vt 0.793973 0.788544 0.000000
vt 0.959428 0.154149 0.000000
vt 0.809255 0.173932 0.000000
vt 0.789478 0.672543 0.000000
vt 0.788088 0.684077 0.000000
vt 0.806363 0.170532 0.000000
vt 0.789747 0.705820 0.000000
vt 0.788839 0.695430 0.000000
vt 0.929933 0.522684 0.000000
vt 0.959631 0.161914 0.000000
vt 0.825383 0.458557 0.000000
vt 0.819255 0.323646 0.000000
vt 0.825876 0.331794 0.000000
vt 0.949415 0.160193 0.000000
vt 0.715294 0.767389 0.000000
vt 0.710779 0.767808 0.000000
vt 0.717842 0.763262 0.000000
vt 0.789889 0.788439 0.000000
vt 0.932763 0.532703 0.000000
vt 0.945316 0.596487 0.000000
vt 0.890298 0.167029 0.000000
vt 0.879430 0.167888 0.000000
vt 0.964505 0.149708 0.000000
vt 0.901795 0.166364 0.000000
vt 0.946583 0.083709 0.000000
vt 0.949545 0.116142 0.000000
vt 0.957535 0.132041 0.000000
vt 0.961859 0.139546 0.000000
vt 0.968771 0.146133 0.000000
vt 0.938692 0.160546 0.000000
vt 0.900130 0.500772 0.000000
vt 0.797214 0.522193 0.000000
vt 0.945098 0.052112 0.000000
vt 0.947648 0.035801 0.000000
vt 0.926658 0.161943 0.000000
vt 0.800475 0.546887 0.000000
vt 0.811705 0.158481 0.000000
vt 0.802585 0.167478 0.000000
vt 0.819212 0.149357 0.000000
vt 0.900764 0.189100 0.000000
vt 0.823390 0.139615 0.000000
vt 0.824813 0.129895 0.000000
vt 0.909086 0.028464 0.000000
vt 0.811691 0.232072 0.000000
vt 0.819337 0.216729 0.000000
vt 0.829762 0.205397 0.000000
vt 0.855335 0.169142 0.000000
vt 0.890877 0.030048 0.000000
vt 0.867932 0.168434 0.000000
vt 0.799405 0.530287 0.000000
vt 0.946474 0.075716 0.000000
vt 0.831233 0.068998 0.000000
vt 0.841056 0.465026 0.000000
vt 0.940472 0.598288 0.000000
vt 0.935243 0.600679 0.000000
vt 0.810982 0.621984 0.000000
vt 0.829514 0.464887 0.000000
vt 0.946750 0.252792 0.000000
vt 0.946307 0.263591 0.000000
vt 0.932644 0.440671 0.000000
vt 0.810694 0.513208 0.000000
vt 0.935825 0.430292 0.000000
vt 0.809558 0.345076 0.000000
vt 0.913267 0.457243 0.000000
vt 0.887302 0.462548 0.000000
vt 0.899792 0.459506 0.000000
vt 0.935345 0.420054 0.000000
vt 0.934852 0.410271 0.000000
vt 0.864942 0.464327 0.000000
vt 0.875770 0.464061 0.000000
vt 0.935981 0.391024 0.000000
vt 0.936159 0.400787 0.000000
vt 0.853545 0.464277 0.000000
vt 0.934762 0.370143 0.000000
vt 0.922110 0.606720 0.000000
vt 0.914276 0.609562 0.000000
vt 0.936025 0.380327 0.000000
vt 0.804854 0.434188 0.000000
vt 0.808029 0.441987 0.000000
vt 0.939620 0.352868 0.000000
vt 0.935958 0.360871 0.000000
vt 0.943181 0.589581 0.000000
vt 0.924656 0.450570 0.000000
vt 0.939368 0.572783 0.000000
vt 0.937342 0.563130 0.000000
vt 0.935040 0.543068 0.000000
vt 0.944863 0.274673 0.000000
vt 0.943182 0.285096 0.000000
vt 0.830482 0.076361 0.000000
vt 0.831430 0.084910 0.000000
vt 0.849226 0.620028 0.000000
vt 0.840435 0.620140 0.000000
vt 0.887647 0.767751 0.000000
vt 0.939624 0.294252 0.000000
vt 0.934732 0.302604 0.000000
vt 0.807302 0.606921 0.000000
vt 0.805927 0.598842 0.000000
vt 0.852004 0.344296 0.000000
vt 0.861329 0.771604 0.000000
vt 0.803903 0.418100 0.000000
vt 0.800640 0.555272 0.000000
vt 0.818224 0.508474 0.000000
vt 0.897574 0.346329 0.000000
vt 0.853658 0.500069 0.000000
vt 0.800433 0.564319 0.000000
vt 0.730211 0.724169 0.000000
vt 0.728908 0.732815 0.000000
vt 0.831632 0.620723 0.000000
vt 0.816888 0.620966 0.000000
vt 0.793109 0.777833 0.000000
vt 0.905254 0.760834 0.000000
vt 0.911612 0.755348 0.000000
vt 0.803407 0.347254 0.000000
vt 0.828990 0.093115 0.000000
vt 0.664072 0.768184 0.000000
vt 0.824860 0.120755 0.000000
vt 0.598960 0.691861 0.000000
vt 0.599349 0.706014 0.000000
vt 0.598654 0.721422 0.000000
vt 0.807767 0.230537 0.000000
# 367 texture coords

g 5_LOD
usemtl Material__2
f 1046/1952 1198/1869 1050/1994 
f 1050/1994 1051/1998 1046/1952 
f 1046/1695 1051/1942 1234/1862 
f 1046/1952 1052/1703 1177/1699 
f 1234/1862 1052/1938 1046/1695 
f 1221/1704 1053/1705 1054/1706 
f 1221/1704 1047/1697 1055/1708 
f 1055/1708 1053/1705 1221/1704 
f 1171/1709 1056/1710 1057/1711 
f 1057/1711 1058/1944 1171/1709 
f 1171/1709 1058/1944 1059/1947 
f 1060/1714 1056/1710 1171/1709 
f 1231/1717 1061/1950 1062/1960 
f 1231/1717 1063/1718 1064/1719 
f 1064/1719 1061/1950 1231/1717 
f 1047/1953 1281/1724 1065/1722 
f 1065/1722 1055/1954 1047/1953 
f 1047/1953 1066/1723 1281/1724 
f 1221/1704 1066/1939 1047/1697 
f 1286/1725 1067/1726 1048/1698 
f 1048/1698 1068/1727 1069/1728 
f 1069/1728 1286/1725 1048/1698 
f 1048/1956 1067/1957 1187/1878 
f 1187/1878 1068/1958 1048/1956 
f 1049/1943 1072/1951 1073/1955 
f 1073/1955 1214/1741 1049/1943 
f 1049/1700 1273/1740 1074/1946 
f 1074/1946 1072/1945 1049/1700 
f 1049/1700 1075/1739 1273/1740 
f 1214/1741 1075/1964 1049/1943 
f 1076/1747 1077/1748 1188/1745 
f 1188/1745 1077/1748 1078/1749 
f 1078/1749 1079/1750 1219/1746 
f 1078/1962 1077/1963 1266/1752 
f 1266/1752 1079/1965 1078/1962 
f 1080/1751 1079/1965 1266/1752 
f 1259/1758 1082/1757 1083/1759 
f 1082/1757 1259/1758 1283/1762 1084/1763 
f 1084/1763 1283/1762 1211/1731 1085/1764 
f 1085/1968 1214/1741 1222/1755 1084/1967 
f 1179/1756 1082/1966 1084/1967 1222/1755 
f 1214/1741 1085/1968 1086/1969 
f 1211/1731 1087/1766 1086/1765 
f 1086/1969 1087/1970 1075/1964 
f 1075/1964 1214/1741 1086/1969 
f 1086/1765 1085/1764 1211/1731 
f 1273/1740 1075/1739 1087/1766 
f 1088/1948 1089/1949 1243/1793 
f 1243/1793 1089/1949 1074/1946 
f 1089/1768 1088/1767 1169/1770 
f 1210/1769 1074/1738 1089/1768 
f 1072/1736 1074/1738 1210/1769 
f 1090/1771 1073/1737 1210/1769 
f 1210/1769 1073/1737 1072/1736 
f 1210/1769 1091/1772 1090/1771 
f 1090/1971 1091/1976 1081/1753 
f 1214/1741 1073/1955 1090/1971 
f 1219/1746 1080/1981 1091/1772 
f 1091/1976 1080/1751 1266/1752 
f 1079/1750 1080/1981 1219/1746 
f 1092/1775 1093/1776 1190/1779 
f 1190/1779 1093/1776 1094/1937 
f 1190/1779 1094/1937 1095/1778 
f 1190/1779 1095/1778 1096/1780 
f 1190/1779 1096/1780 1097/1781 
f 1056/1986 1060/1987 1241/1744 
f 1241/1744 1060/1987 1098/1783 
f 1098/1783 1076/1747 1188/1745 
f 1098/1988 1060/1714 1171/1709 
f 1268/1784 1076/1990 1098/1988 
f 1077/1963 1076/1990 1268/1784 
f 1172/1933 1083/1992 1082/1966 
f 1083/1992 1172/1933 1099/1974 
f 1181/1732 1083/1759 1099/1786 
f 1181/1732 1099/1786 1100/1787 
f 1100/1787 1101/1788 1181/1732 
f 1181/1732 1101/1788 1070/1733 
f 1101/1995 1100/1996 1208/1823 
f 1101/1995 1208/1823 1102/2023 
f 1102/2023 1070/1961 1101/1995 
f 1181/1732 1070/1733 1102/1789 
f 1118/1824 1103/2025 1102/2023 
f 1102/1789 1103/1791 1254/1790 
f 1104/1795 1105/1796 1194/1794 
f 1194/1794 1105/1796 1088/1948 
f 1105/1999 1104/2000 1228/1797 
f 1169/1770 1088/1767 1105/1999 
f 1066/1723 1092/1775 1281/1724 
f 1107/1803 1108/1804 1258/1802 
f 1258/1802 1108/1804 1065/1722 
f 1108/2007 1107/2006 1182/1805 
f 1250/1806 1065/2005 1108/2007 
f 1055/2024 1065/2005 1250/1806 
f 1053/2001 1055/2024 1250/1806 
f 1054/2003 1053/2001 1250/1806 
f 1109/2008 1054/2003 1250/1806 
f 1183/1839 1110/2009 1109/2008 
f 1109/1807 1110/1808 1249/1842 
f 1227/1707 1054/1706 1109/1807 
f 1280/1810 1111/1811 1112/1812 
f 1113/1813 1111/1811 1280/1810 
f 1171/1709 1111/1978 1113/1980 
f 1264/1931 1114/1814 1113/1813 
f 1113/1980 1114/1982 1171/1709 
f 1171/1709 1114/1982 1115/1983 
f 1116/1821 1229/1820 1165/1984 
f 1229/1820 1116/1821 1117/1822 
f 1117/1822 1100/1975 1172/1933 
f 1117/2016 1116/2017 1208/1823 
f 1208/1823 1100/1996 1117/2016 
f 1119/2026 1103/2025 1118/1824 
f 1254/1790 1103/1791 1119/1825 
f 1239/1921 1120/2027 1119/2026 
f 1119/1825 1120/1826 1254/1790 
f 1122/1831 1123/1832 1194/1794 
f 1194/1794 1123/1832 1104/1795 
f 1123/2028 1122/2029 1224/1865 
f 1228/1797 1104/2000 1123/2028 
f 1124/1835 1125/1836 1258/1802 
f 1258/1802 1125/1836 1107/1803 
f 1125/2011 1124/2010 1198/1869 
f 1182/1805 1107/2006 1125/2011 
f 1126/2012 1127/2013 1183/1839 
f 1183/1839 1127/2013 1110/2009 
f 1127/1841 1126/1840 1249/1842 
f 1249/1842 1110/1808 1127/1841 
f 1246/1847 1128/1848 1129/1849 
f 1130/1850 1128/1848 1246/1847 
f 1277/1928 1128/2031 1130/2030 
f 1187/1878 1131/1851 1130/1850 
f 1130/2030 1131/1993 1277/1928 
f 1277/1928 1131/1993 1067/1726 
f 1132/1853 1133/1854 1207/1852 
f 1207/1852 1133/1854 1134/1855 
f 1134/2032 1133/2033 1170/1919 
f 1170/1919 1166/1925 1134/2032 
f 1135/1972 1063/1718 1231/1717 
f 1135/1858 1149/1888 1063/2004 
f 1149/1888 1137/1860 1136/1859 
f 1176/1730 1136/2052 1137/2034 
f 1212/1889 1150/1890 1137/1860 
f 1137/2034 1150/2040 1203/1861 
f 1138/1863 1139/1864 1234/1862 
f 1234/1862 1139/1864 1122/1831 
f 1139/2035 1138/2036 1224/1865 
f 1224/1865 1122/2029 1139/2035 
f 1224/1865 1138/2036 1140/1866 
f 1178/1696 1140/1866 1141/1867 
f 1050/1701 1142/1868 1206/1800 
f 1206/1800 1142/1868 1124/1835 
f 1142/2014 1050/1994 1198/1869 
f 1198/1869 1124/2010 1142/2014 
f 1143/2015 1144/2018 1174/1872 
f 1174/1872 1144/2018 1126/2012 
f 1144/1874 1143/1873 1225/1902 
f 1249/1842 1126/1840 1144/1874 
f 1187/1878 1067/1957 1131/1851 
f 1279/1879 1145/1880 1068/1958 
f 1284/1920 1068/1997 1145/2037 
f 1279/1879 1146/1881 1145/1880 
f 1145/2037 1146/2038 1284/1920 
f 1284/1920 1146/2038 1147/1882 
f 1148/1886 1251/1885 1163/2045 
f 1148/1886 1135/1972 1186/1857 
f 1148/2039 1163/1912 1180/1911 
f 1257/1887 1135/1858 1148/2039 
f 1212/1889 1151/2041 1150/1890 
f 1150/2040 1151/1891 1203/1861 
f 1151/1891 1152/1893 1261/1892 
f 1234/1862 1152/1893 1153/1894 
f 1234/1862 1153/1894 1052/1938 
f 1153/2020 1152/2019 1177/1699 
f 1177/1699 1052/1703 1153/2020 
f 1152/2019 1151/2041 1212/1889 
f 1154/1898 1174/1872 1162/2044 
f 1174/1872 1154/1898 1155/1899 
f 1174/1872 1155/1899 1156/2021 
f 1156/2021 1157/2022 1174/1872 
f 1174/1872 1157/2022 1143/2015 
f 1157/1901 1156/1900 1225/1902 
f 1225/1902 1143/1873 1157/1901 
f 1225/1902 1158/1904 1159/1905 
f 1160/1906 1158/1904 1225/1902 
f 1220/1914 1158/2042 1160/1977 
f 1225/1902 1161/1907 1160/1906 
f 1160/1977 1161/1991 1175/1908 
f 1155/2002 1175/1908 1156/1973 
f 1175/1908 1155/2002 1154/2043 
f 1154/2043 1162/1910 1275/1909 
f 1163/2045 1251/1885 1275/1909 1162/1910 
f 1180/1911 1163/1912 1162/2044 
f 1159/2046 1200/1883 1164/1915 
f 1200/1883 1159/2046 1158/2042 
f 1164/2047 1199/1916 1159/1905 
f 1199/1916 1164/2047 1147/2048 
f 1199/1916 1147/2048 1146/1881 
f 1200/1883 1147/1882 1164/1915 
f 1175/1908 1161/1991 1156/1973 
f 1225/1902 1156/1900 1161/1907 
f 1132/2049 1069/2050 1284/1920 
f 1132/1853 1286/1725 1069/1728 
f 1133/2033 1132/2049 1170/1919 
f 1284/1920 1069/2050 1068/1997 
f 1178/1696 1141/1867 1051/1702 
f 1051/1702 1050/1701 1178/1696 
f 1141/1959 1140/2051 1234/1862 
f 1234/1862 1051/1942 1141/1959 
f 1140/2051 1138/1863 1234/1862 
f 1176/1730 1064/2053 1136/2052 
f 1136/1859 1064/2054 1063/2004 
f 1063/2004 1149/1888 1136/1859 
f 1165/1924 1166/1925 1226/1923 
f 1166/1989 1165/1984 1229/1820 
f 1229/1820 1134/1855 1166/1989 
f 1167/1929 1129/2055 1277/1928 
f 1277/1928 1129/2055 1128/2031 
f 1276/1817 1168/2057 1167/1929 
f 1167/2056 1168/1930 1264/1931 
f 1195/1846 1129/1849 1167/2056 
f 1264/1931 1115/1815 1114/1814 
f 1168/1930 1115/1815 1264/1931 
f 1204/1816 1115/1983 1168/2057 
f 1208/1823 1116/2017 1165/1924 
f 1062/1960 1120/2027 1239/1921 
f 1120/1826 1062/1716 1176/1730 
f 1176/1730 1062/1716 1061/1715 
f 1172/1933 1100/1975 1099/1974 
f 1112/1812 1059/1713 1235/1936 
f 1112/1979 1111/1978 1171/1709 
f 1171/1709 1059/1947 1112/1979 
f 1184/1809 1095/2058 1094/1777 
f 1096/2059 1095/2058 1184/1809 
f 1221/1704 1094/1777 1093/1941 
f 1097/2060 1096/2059 1235/1936 
f 1235/1936 1059/1713 1058/1712 
f 1058/1712 1097/2060 1235/1936 
f 1057/1985 1056/1986 1241/1744 
f 1240/1782 1097/1781 1058/2061 
f 1058/2061 1057/1985 1240/1782 
f 1093/1941 1092/1940 1066/1939 
f 1066/1939 1221/1704 1093/1941 
f 1061/1715 1064/2053 1176/1730 
f 1241/1744 1240/1782 1057/1985 
f 1224/1865 1228/1797 1123/2028 
f 1166/1925 1170/1919 1226/1923 
f 1082/1966 1179/1756 1172/1933 
f 1268/1784 1266/1752 1077/1963 
f 1276/1817 1189/1927 1209/1818 
f 1277/1928 1276/1817 1167/1929 
f 1211/1731 1273/1740 1087/1766 
f 1102/1789 1254/1790 1181/1732 
f 1174/1872 1180/1911 1162/2044 
f 1125/2011 1270/1837 1182/1805 
f 1158/2042 1220/1914 1200/1883 
f 1215/1917 1248/1856 1255/1884 1220/1914 
f 1232/1760 1262/1827 1247/1829 
f 1151/1891 1261/1892 1203/1861 
f 1263/1870 1244/1838 1270/1837 
f 1212/1889 1177/1699 1152/2019 
f 1260/1743 1238/1774 1265/1742 
f 1124/1835 1258/1802 1206/1800 
f 1209/1818 1197/1754 1196/1785 
f 1236/1913 1263/1870 1217/1895 
f 1180/1911 1257/1887 1148/2039 
f 1230/1792 1232/1760 1181/1732 
f 1083/1759 1181/1732 1259/1758 
f 1126/2012 1183/1839 1174/1872 
f 1271/1897 1174/1872 1183/1839 
f 1250/1806 1183/1839 1109/2008 
f 1182/1805 1270/1837 1244/1838 
f 1235/1936 1280/1810 1112/1812 
f 1054/1706 1227/1707 1221/1704 
f 1129/1849 1195/1846 1246/1847 
f 1252/1720 1249/1842 1223/1844 
f 1239/1921 1231/1717 1062/1960 
f 1146/1881 1279/1879 1199/1916 
f 1253/1903 1278/1877 1267/1876 
f 1260/1743 1265/1742 1241/1744 
f 1091/1772 1210/1769 1219/1746 
f 1218/1819 1272/1934 1269/1935 
f 1229/1820 1207/1852 1134/1855 
f 1238/1774 1106/1801 1265/1742 
f 1190/1779 1281/1724 1092/1775 
f 1226/1923 1208/1823 1165/1924 
f 1215/1917 1287/1729 1239/1921 1248/1856 
f 1274/1721 1237/1798 1219/1746 
f 1224/1865 1192/1833 1228/1797 
f 1225/1902 1193/1843 1144/1874 
f 1242/1875 1223/1844 1193/1843 
f 1194/1794 1121/1830 1122/1831 
f 1203/1861 1261/1892 1201/1828 
f 1113/1813 1185/1932 1264/1931 
f 1278/1877 1195/1846 1267/1876 
f 1115/1983 1204/1816 1171/1709 
f 1171/1709 1268/1784 1098/1988 
f 1266/1752 1196/1785 1197/1754 
f 1046/1952 1177/1699 1198/1869 
f 1217/1895 1177/1699 1212/1889 
f 1159/1905 1199/1916 1225/1902 
f 1267/1876 1242/1875 1253/1903 
f 1147/1882 1200/1883 1284/1920 
f 1170/1919 1216/1918 1191/1922 
f 1243/1793 1283/1762 1247/1829 
f 1121/1830 1194/1794 1201/1828 
f 1185/1932 1202/1845 1264/1931 
f 1185/1932 1252/1720 1223/1844 
f 1203/1861 1176/1730 1137/2034 
f 1232/1760 1230/1792 1262/1827 
f 1276/1817 1209/1818 1196/1785 
f 1171/1709 1204/1816 1196/1785 
f 1271/1897 1205/1871 1282/1896 
f 1183/1839 1205/1871 1271/1897 
f 1206/1800 1178/1696 1050/1701 
f 1285/1799 1245/1834 1238/1774 
f 1067/1726 1286/1725 1277/1928 
f 1256/1926 1209/1818 1189/1927 
f 1191/1922 1118/1824 1208/1823 
f 1102/2023 1208/1823 1118/1824 
f 1269/1935 1179/1756 1197/1754 
f 1272/1934 1179/1756 1269/1935 
f 1089/1768 1169/1770 1210/1769 
f 1219/1746 1210/1769 1274/1721 
f 1243/1793 1211/1731 1283/1762 
f 1149/1888 1212/1889 1137/1860 
f 1212/1889 1236/1913 1217/1895 
f 1213/1773 1219/1746 1237/1798 
f 1285/1799 1238/1774 1260/1743 
f 1090/1971 1081/1753 1214/1741 
f 1214/1741 1081/1753 1222/1755 
f 1220/1914 1275/1909 1251/1885 1215/1917 
f 1200/1883 1255/1884 1216/1918 1170/1919 
f 1220/1914 1255/1884 1200/1883 
f 1217/1895 1263/1870 1270/1837 
f 1217/1895 1270/1837 1177/1699 
f 1218/1819 1209/1818 1256/1926 
f 1229/1820 1218/1819 1207/1852 
f 1078/1749 1219/1746 1188/1745 
f 1219/1746 1213/1773 1188/1745 
f 1160/1977 1175/1908 1220/1914 
f 1094/1777 1221/1704 1184/1809 
f 1221/1704 1227/1707 1252/1720 
f 1197/1754 1222/1755 1081/1753 
f 1222/1755 1197/1754 1179/1756 
f 1242/1875 1267/1876 1223/1844 
f 1202/1845 1185/1932 1223/1844 
f 1192/1833 1224/1865 1245/1834 
f 1140/1866 1178/1696 1224/1865 
f 1071/1734 1225/1902 1199/1916 
f 1193/1843 1225/1902 1242/1875 
f 1170/1919 1191/1922 1226/1923 
f 1191/1922 1208/1823 1226/1923 
f 1249/1842 1227/1707 1109/1807 
f 1252/1720 1227/1707 1249/1842 
f 1169/1770 1228/1797 1192/1833 
f 1228/1797 1169/1770 1105/1999 
f 1229/1820 1272/1934 1218/1819 
f 1117/1822 1172/1933 1229/1820 
f 1120/1826 1176/1730 1254/1790 
f 1203/1861 1230/1792 1176/1730 
f 1239/1921 1287/1729 1231/1717 
f 1231/1717 1186/1857 1135/1972 
f 1247/1829 1173/1761 1232/1760 
f 1183/1839 1250/1806 1233/1735 
f 1244/1838 1205/1871 1183/1839 
f 1152/1893 1234/1862 1261/1892 
f 1122/1831 1121/1830 1234/1862 
f 1235/1936 1184/1809 1280/1810 
f 1184/1809 1235/1936 1096/2059 
f 1257/1887 1271/1897 1282/1896 
f 1236/1913 1212/1889 1149/1888 
f 1192/1833 1237/1798 1169/1770 
f 1213/1773 1237/1798 1192/1833 
f 1206/1800 1258/1802 1238/1774 
f 1238/1774 1245/1834 1206/1800 
f 1119/2026 1118/1824 1239/1921 
f 1118/1824 1248/1856 1239/1921 
f 1097/1781 1240/1782 1190/1779 
f 1265/1742 1240/1782 1241/1744 
f 1098/1783 1188/1745 1241/1744 
f 1241/1744 1188/1745 1213/1773 
f 1071/1734 1242/1875 1225/1902 
f 1242/1875 1071/1734 1253/1903 
f 1201/1828 1194/1794 1243/1793 
f 1088/1948 1243/1793 1194/1794 
f 1233/1735 1244/1838 1183/1839 
f 1182/1805 1244/1838 1233/1735 
f 1206/1800 1245/1834 1178/1696 
f 1224/1865 1178/1696 1245/1834 
f 1253/1903 1187/1878 1278/1877 
f 1246/1847 1187/1878 1130/1850 
f 1201/1828 1243/1793 1247/1829 
f 1201/1828 1247/1829 1262/1827 
f 1191/1922 1248/1856 1118/1824 
f 1216/1918 1255/1884 1248/1856 1191/1922 
f 1223/1844 1249/1842 1193/1843 
f 1144/1874 1193/1843 1249/1842 
f 1108/2007 1182/1805 1250/1806 
f 1182/1805 1233/1735 1250/1806 
f 1251/1885 1287/1729 1215/1917 
f 1186/1857 1251/1885 1148/1886 
f 1280/1810 1184/1809 1252/1720 
f 1252/1720 1184/1809 1221/1704 
f 1253/1903 1071/1734 1199/1916 
f 1199/1916 1187/1878 1253/1903 
f 1230/1792 1254/1790 1176/1730 
f 1230/1792 1181/1732 1254/1790 
f 1256/1926 1277/1928 1286/1725 
f 1207/1852 1218/1819 1256/1926 
f 1257/1887 1149/1888 1135/1858 
f 1149/1888 1257/1887 1282/1896 
f 1258/1802 1106/1801 1238/1774 
f 1065/1722 1281/1724 1258/1802 
f 1173/1761 1259/1758 1232/1760 
f 1259/1758 1181/1732 1232/1760 
f 1285/1799 1260/1743 1213/1773 
f 1241/1744 1213/1773 1260/1743 
f 1201/1828 1261/1892 1121/1830 
f 1234/1862 1121/1830 1261/1892 
f 1230/1792 1203/1861 1262/1827 
f 1203/1861 1201/1828 1262/1827 
f 1263/1870 1282/1896 1205/1871 
f 1244/1838 1263/1870 1205/1871 
f 1264/1931 1202/1845 1195/1846 
f 1264/1931 1195/1846 1167/2056 
f 1106/1801 1190/1779 1265/1742 
f 1265/1742 1190/1779 1240/1782 
f 1266/1752 1081/1753 1091/1976 
f 1266/1752 1197/1754 1081/1753 
f 1267/1876 1202/1845 1223/1844 
f 1195/1846 1202/1845 1267/1876 
f 1196/1785 1266/1752 1268/1784 
f 1196/1785 1268/1784 1171/1709 
f 1218/1819 1269/1935 1209/1818 
f 1269/1935 1197/1754 1209/1818 
f 1198/1869 1270/1837 1125/2011 
f 1177/1699 1270/1837 1198/1869 
f 1180/1911 1174/1872 1271/1897 
f 1257/1887 1180/1911 1271/1897 
f 1172/1933 1272/1934 1229/1820 
f 1272/1934 1172/1933 1179/1756 
f 1074/1946 1273/1740 1243/1793 
f 1273/1740 1211/1731 1243/1793 
f 1274/1721 1169/1770 1237/1798 
f 1274/1721 1210/1769 1169/1770 
f 1220/1914 1175/1908 1275/1909 
f 1275/1909 1175/1908 1154/2043 
f 1276/1817 1204/1816 1168/2057 
f 1196/1785 1204/1816 1276/1817 
f 1277/1928 1189/1927 1276/1817 
f 1189/1927 1277/1928 1256/1926 
f 1187/1878 1246/1847 1278/1877 
f 1278/1877 1246/1847 1195/1846 
f 1068/1958 1187/1878 1279/1879 
f 1279/1879 1187/1878 1199/1916 
f 1252/1720 1185/1932 1280/1810 
f 1280/1810 1185/1932 1113/1813 
f 1106/1801 1281/1724 1190/1779 
f 1281/1724 1106/1801 1258/1802 
f 1263/1870 1236/1913 1282/1896 
f 1282/1896 1236/1913 1149/1888 
f 1247/1829 1283/1762 1173/1761 
f 1283/1762 1259/1758 1173/1761 
f 1284/1920 1170/1919 1132/2049 
f 1200/1883 1170/1919 1284/1920 
f 1192/1833 1245/1834 1285/1799 
f 1192/1833 1285/1799 1213/1773 
f 1256/1926 1286/1725 1207/1852 
f 1207/1852 1286/1725 1132/1853 
f 1287/1729 1186/1857 1231/1717 
f 1287/1729 1251/1885 1186/1857 
# 10 polygons - 460 triangles

#
# object 3_LOD
#

v  226.779297 264.650238 16.573740
v  219.621704 255.859711 13.136270
v  189.712158 282.621735 97.157944
v  179.429199 276.230408 99.033302
v  30.764015 367.134155 -115.720451
v  32.641350 374.667023 -119.217476
v  193.977600 233.014420 3.727865
v  178.188751 222.325806 4.652288
v  174.560181 224.393768 -9.889124
v  168.339676 225.178436 -25.716118
v  208.812134 244.383850 6.937031
v  198.822662 311.988373 103.752357
v  187.740738 299.252014 106.698181
v  188.467285 291.844910 105.766678
v  235.951096 350.191864 1.762661
v  235.143860 334.113342 1.152082
v  237.377884 364.719604 5.974274
v  98.068031 403.666229 -114.376747
v  114.828003 414.238129 -107.907990
v  80.748360 396.767395 -118.752739
v  69.164757 379.990723 -124.589241
v  64.417221 391.173706 -119.714027
v  131.157425 422.846893 -98.398582
v  147.317322 427.072021 -87.709778
v  161.160583 426.855591 -75.480820
v  221.893326 403.155121 -9.569412
v  228.601837 392.454407 -5.835440
v  233.947159 382.638000 1.440004
v  237.330215 376.019043 10.620924
v  229.278320 372.382141 52.255489
v  233.347137 371.439728 42.542175
v  237.351059 371.838776 32.189709
v  238.584061 372.730225 21.548998
v  236.263794 319.326538 2.997598
v  237.077972 305.967468 6.206506
v  235.860916 278.266327 14.837316
v  235.802292 281.106873 28.698458
v  237.881897 294.637024 9.715803
v  239.425568 304.872131 51.901176
v  212.339279 362.495361 85.313858
v  211.080963 351.077240 90.628708
v  214.163025 372.127777 81.019592
v  220.282013 377.613281 69.785858
v  215.293488 380.971008 77.150253
v  208.420456 384.407898 82.044800
v  200.697113 388.265717 85.069351
v  177.569244 404.155212 82.549614
v  185.277283 397.874146 84.847633
v  193.218170 392.536682 86.391556
v  208.129913 337.730042 95.173340
v  219.466431 297.015442 78.621780
v  231.846954 292.604218 53.287464
v  94.350433 219.522369 91.173180
v  123.800903 236.748444 96.734734
v  107.276291 229.430115 95.869194
v  91.762993 223.563812 94.255615
v  79.818863 211.783051 92.241180
v  -5.332886 291.918182 92.463707
v  -10.578171 311.190186 76.340279
v  -10.319572 293.720734 78.989304
v  -8.170395 328.646423 72.228165
v  -2.748695 345.285919 67.764908
v  4.086540 361.111023 64.030396
v  5.463104 388.217834 9.162041
v  2.708672 389.251099 -8.499081
v  172.795746 426.531128 -63.900307
v  182.380615 426.274384 -53.856224
v  190.053986 427.719849 -43.319046
v  195.784058 428.671661 -32.233723
v  200.766434 428.474640 -23.287228
v  205.450684 426.073425 -16.950554
v  210.820831 420.724243 -13.768274
v  216.315948 412.834229 -11.905588
v  224.553009 374.624908 61.309464
v  160.504730 417.146484 74.881615
v  169.362305 410.967407 79.560295
v  43.056152 379.311279 82.636391
v  66.243164 402.063324 78.937943
v  85.438385 445.273132 37.326569
v  22.633339 389.093445 67.512772
v  27.368332 387.397949 76.398064
v  190.239258 285.084045 100.426697
v  189.771042 287.829437 103.471588
v  200.539581 292.557587 97.596710
v  210.883865 295.336487 89.721153
v  167.651306 265.911194 100.429924
v  153.849594 255.050323 99.268036
v  139.019165 245.244965 96.803955
v  11.431717 375.620544 61.712914
v  16.514198 389.586304 51.805840
v  125.413208 430.881897 68.289925
v  140.086456 429.238464 68.838234
v  151.381332 423.972534 70.933876
v  93.127289 419.923157 70.699982
v  79.332306 411.703705 74.710159
v  108.565277 427.750671 68.965485
v  11.411392 381.224487 -77.683723
v  7.267220 386.343445 -44.090508
v  -9.852417 277.002045 79.624123
v  -10.336800 260.562988 78.499924
v  -11.987457 244.189178 77.512314
v  34.091377 192.951599 84.483719
v  50.695736 197.250397 88.967804
v  65.767929 204.814163 90.154068
v  18.613892 190.376617 80.855034
v  6.533119 189.343903 78.958298
v  -2.192177 190.160950 76.653809
v  -14.286613 228.674377 76.244751
v  15.888168 376.537292 -90.320389
v  26.005867 370.565399 -109.508232
v  39.501518 381.085083 -120.969582
v  50.217953 386.226379 -121.145210
v  73.970680 365.682037 -127.026009
v  78.006104 348.041809 -129.412292
v  79.262863 329.440063 -131.942657
v  78.907471 312.030304 -129.026276
v  169.966614 250.493851 -76.997620
v  146.388260 225.692383 -56.595940
v  133.723282 224.842224 -69.521126
v  158.865448 225.629501 -42.390427
v  94.272865 181.152634 19.395102
v  -14.187386 188.260544 72.913795
v  -13.028458 184.043213 71.137581
v  -8.934647 191.741241 75.251160
v  -14.976959 192.782120 74.160927
v  -15.082512 198.653015 73.244514
v  77.486191 281.335449 -122.400764
v  82.936142 224.663589 -102.512550
v  76.231735 224.712448 -103.010635
v  90.052475 224.688690 -99.829239
v  79.134949 210.687958 -96.902420
v  98.582146 224.650574 -95.130020
v  -17.738022 185.977783 68.203621
v  -19.541985 187.938812 60.657310
v  -20.440636 188.481110 51.670532
v  -18.813896 199.580841 -23.851803
v  -22.982079 190.219574 10.069422
v  -22.187195 188.411194 26.327431
v  -21.186592 188.248901 40.497940
v  52.137920 183.607605 -69.534073
v  62.947258 189.314423 -79.798485
v  72.338737 198.539398 -89.429359
v  -3.097641 189.360962 -32.487045
v  -14.781807 192.003174 -21.794334
v  -21.145943 192.686920 -7.151499
v  11.503777 185.904724 -41.936932
v  26.068535 182.462631 -50.825294
v  39.712967 180.953659 -59.821716
v  77.608849 296.014038 -126.515083
v  224.196594 266.735626 28.027737
v  212.766907 300.601440 92.605225
v  196.228973 432.585693 -16.913052
v  183.949142 337.107666 108.134415
v  57.012878 294.317810 -123.786278
v  178.004898 415.828430 -69.855583
v  9.490425 181.006927 74.665283
v  -13.340614 330.993683 40.038372
v  16.783722 391.778809 -79.389275
v  163.665207 271.239960 106.925354
v  59.835480 215.185913 -92.645508
v  -9.670464 197.568130 75.549454
v  2.176140 344.483246 80.368423
v  -16.545914 208.208282 66.748215
v  44.620991 357.321320 -124.462105
v  214.567719 404.266541 -24.820038
v  199.396912 289.038300 94.831329
v  124.283463 308.981628 -126.187233
v  144.179001 442.369293 54.122189
v  32.240005 177.314987 -45.920696
v  195.530487 414.896423 54.719826
v  77.213989 197.954590 -86.909462
v  225.747818 316.929138 -25.079243
v  68.462059 438.281860 0.376915
v  -21.760674 281.533173 -31.131046
v  46.258820 299.224548 107.238831
v  160.297714 212.686676 7.007015
v  234.174759 386.353394 25.846218
v  226.946686 269.882446 -10.500462
v  130.110550 400.196167 -112.047462
v  138.409454 432.532715 -76.640488
v  52.465332 193.521240 86.474052
v  35.441330 402.741913 70.869499
v  -11.915634 181.676483 29.232441
v  114.526733 383.620972 92.773323
v  59.322140 213.661728 94.772324
v  110.138916 420.874420 -101.647316
v  125.928017 233.868805 92.621880
v  -8.059029 324.669891 -54.225594
v  -9.850357 363.274811 -1.443005
v  -23.992409 207.048508 -7.873461
v  0.423042 186.475937 -29.938652
v  101.844971 440.179901 58.782890
v  -17.754601 182.811508 58.489883
v  168.195343 313.514069 112.213440
v  28.579025 312.854431 -90.404663
v  -21.695374 315.832916 -4.399202
v  11.775436 398.926025 -11.046688
v  103.081543 184.080414 -11.585930
v  147.793243 234.917511 70.074265
v  96.333557 344.659027 107.235527
v  214.380707 252.118683 -14.814629
v  196.171448 397.932953 82.023132
v  52.599098 411.606995 -77.144119
v  190.728912 361.760559 -64.823044
v  227.101151 329.668060 76.145561
v  57.236263 174.190552 -23.203220
v  227.301422 402.972717 5.529846
v  121.413475 240.114136 100.393829
v  126.852539 446.782227 44.680458
v  -7.920158 262.085297 -56.003143
v  210.742035 329.243958 -35.248665
v  120.200867 278.561005 -117.695381
v  -13.121719 280.918427 47.863586
v  34.401733 386.590149 -113.786476
v  95.763367 440.644470 -23.890335
v  173.962021 415.697449 73.623871
v  206.759705 262.814697 -38.242249
v  15.184967 271.905609 -83.418816
v  172.562134 274.902252 -81.219978
v  195.188385 433.001343 -0.770750
v  192.949951 235.177460 18.010918
v  151.075104 422.176086 -90.862236
v  202.264572 356.300079 95.605461
v  5.913971 288.964722 98.754341
v  149.385773 401.334167 83.576752
v  7.088562 367.822021 -73.606293
v  27.697655 356.933105 -105.798866
v  -7.252518 197.304337 -35.387653
v  2.089798 326.561249 88.755959
v  215.049835 393.284637 60.529778
v  154.747421 342.151794 106.673561
v  50.888184 177.984467 32.203209
v  11.574203 185.373123 -5.817327
v  139.399292 393.975159 -106.753311
v  73.504417 441.742218 23.739502
v  203.308624 408.174103 -40.953220
v  203.548889 273.735046 60.997433
v  162.930817 435.512970 -32.578327
v  207.897705 418.330597 20.094463
v  237.852966 361.648102 18.946533
v  232.707199 371.897949 -5.336334
v  14.256660 202.240707 85.502563
v  107.811378 295.179779 -126.504829
v  64.640045 176.449295 -39.097298
v  1.302246 377.073669 29.021320
v  156.265396 252.556320 -88.507797
v  158.039047 296.109314 -90.868271
v  67.368011 188.644775 -77.708397
v  112.798210 290.338470 108.590919
v  93.031464 329.788300 -131.106567
v  51.870029 412.697510 70.945663
v  48.980740 309.795471 -122.478081
v  -22.521996 283.567993 0.963206
v  85.266022 384.142761 -123.512794
v  -18.663101 190.345474 68.742325
v  180.818619 433.226013 29.315022
v  149.521606 441.472015 31.884245
v  233.722885 308.783691 66.385757
v  73.642639 396.988922 83.163010
v  -14.141762 222.103760 -37.553402
v  160.092651 215.158569 18.956762
v  -20.381691 184.905991 27.174994
v  37.822495 186.132416 78.864830
v  37.957062 311.339600 -102.894409
v  -0.111259 319.364014 -68.432076
v  39.182262 267.643341 102.796280
v  214.283417 419.395752 -2.487152
v  184.526581 271.051208 80.768394
v  178.272034 356.303040 102.646812
v  52.261314 360.183228 -127.200722
# 270 vertices

vt 0.192495 0.184194 0.000000
vt 0.185682 0.139885 0.000000
vt 0.358059 0.131756 0.000000
vt 0.042809 0.230455 0.000000
vt 0.049455 0.232766 0.000000
vt 0.137570 0.104279 0.000000
vt 0.051968 0.177058 0.000000
vt 0.058987 0.175562 0.000000
vt 0.100353 0.080154 0.000000
vt 0.357461 0.037993 0.000000
vt 0.360472 0.033570 0.000000
vt 0.366774 0.045014 0.000000
vt 0.185380 0.098903 0.000000
vt 0.069965 0.237850 0.000000
vt 0.081112 0.236501 0.000000
vt 0.083484 0.245496 0.000000
vt 0.087997 0.254936 0.000000
vt 0.058811 0.236468 0.000000
vt 0.148066 0.435754 0.000000
vt 0.142338 0.092061 0.000000
vt 0.080483 0.349704 0.000000
vt 0.203736 0.070516 0.000000
vt 0.216133 0.069791 0.000000
vt 0.286039 0.293982 0.000000
vt 0.290142 0.296253 0.000000
vt 0.124462 0.074689 0.000000
vt 0.167493 0.017357 0.000000
vt 0.162185 0.025402 0.000000
vt 0.162146 0.363479 0.000000
vt 0.169256 0.367681 0.000000
vt 0.074346 0.346291 0.000000
vt 0.046470 0.354261 0.000000
vt 0.055894 0.342608 0.000000
vt 0.067089 0.336819 0.000000
vt 0.045043 0.346140 0.000000
vt 0.383334 0.033488 0.000000
vt 0.381244 0.025987 0.000000
vt 0.068514 0.149486 0.000000
vt 0.079314 0.156344 0.000000
vt 0.091317 0.157587 0.000000
vt 0.091442 0.332973 0.000000
vt 0.102539 0.157943 0.000000
vt 0.111877 0.336329 0.000000
vt 0.119330 0.368528 0.000000
vt 0.146625 0.343769 0.000000
vt 0.164898 0.153260 0.000000
vt 0.172900 0.154605 0.000000
vt 0.180973 0.153674 0.000000
vt 0.187506 0.150652 0.000000
vt 0.170883 0.145885 0.000000
vt 0.200920 0.021454 0.000000
vt 0.195188 0.018924 0.000000
vt 0.189623 0.015481 0.000000
vt 0.179789 0.016699 0.000000
vt 0.184476 0.011846 0.000000
vt 0.158704 0.033726 0.000000
vt 0.156445 0.041798 0.000000
vt 0.150142 0.396212 0.000000
vt 0.139858 0.388251 0.000000
vt 0.135384 0.427414 0.000000
vt 0.155453 0.425067 0.000000
vt 0.171654 0.423239 0.000000
vt 0.032348 0.222193 0.000000
vt 0.155127 0.048981 0.000000
vt 0.179619 0.055050 0.000000
vt 0.188600 0.057269 0.000000
vt 0.200250 0.049958 0.000000
vt 0.217558 0.037001 0.000000
vt 0.217072 0.044396 0.000000
vt 0.217807 0.030738 0.000000
vt 0.212684 0.024321 0.000000
vt 0.218253 0.025048 0.000000
vt 0.232838 0.288733 0.000000
vt 0.232472 0.282642 0.000000
vt 0.187225 0.116098 0.000000
vt 0.170805 0.110512 0.000000
vt 0.176951 0.090470 0.000000
vt 0.182807 0.092688 0.000000
vt 0.231484 0.276502 0.000000
vt 0.251183 0.290019 0.000000
vt 0.259872 0.297777 0.000000
vt 0.194445 0.068928 0.000000
vt 0.177930 0.063576 0.000000
vt 0.043206 0.223345 0.000000
vt 0.049440 0.200570 0.000000
vt 0.089029 0.193291 0.000000
vt 0.099283 0.177681 0.000000
vt 0.119580 0.175581 0.000000
vt 0.099288 0.174496 0.000000
vt 0.109910 0.173226 0.000000
vt 0.119732 0.172109 0.000000
vt 0.358385 0.253974 0.000000
vt 0.361163 0.242168 0.000000
vt 0.331491 0.198237 0.000000
vt 0.332390 0.191202 0.000000
vt 0.323698 0.179077 0.000000
vt 0.333554 0.183045 0.000000
vt 0.313469 0.175550 0.000000
vt 0.303001 0.173126 0.000000
vt 0.292664 0.171724 0.000000
vt 0.264986 0.032658 0.000000
vt 0.276768 0.025265 0.000000
vt 0.287655 0.025393 0.000000
vt 0.053638 0.069257 0.000000
vt 0.050424 0.116542 0.000000
vt 0.091969 0.148937 0.000000
vt 0.112544 0.157587 0.000000
vt 0.121065 0.156964 0.000000
vt 0.128746 0.327969 0.000000
vt 0.134868 0.341167 0.000000
vt 0.136390 0.327241 0.000000
vt 0.142677 0.327401 0.000000
vt 0.147062 0.148084 0.000000
vt 0.152271 0.149053 0.000000
vt 0.158120 0.151128 0.000000
vt 0.157741 0.144208 0.000000
vt 0.163191 0.131141 0.000000
vt 0.206898 0.023146 0.000000
vt 0.168487 0.093252 0.000000
vt 0.163300 0.086512 0.000000
vt 0.170413 0.088376 0.000000
vt 0.256228 0.275635 0.000000
vt 0.266271 0.282982 0.000000
vt 0.282255 0.279608 0.000000
vt 0.306974 0.255020 0.000000
vt 0.274106 0.194246 0.000000
vt 0.255971 0.200994 0.000000
vt 0.105038 0.046452 0.000000
vt 0.131216 0.090315 0.000000
vt 0.151567 0.116565 0.000000
vt 0.146954 0.135817 0.000000
vt 0.141547 0.143891 0.000000
vt 0.110431 0.078791 0.000000
vt 0.096902 0.038553 0.000000
vt 0.273255 0.176239 0.000000
vt 0.273334 0.182646 0.000000
vt 0.317173 0.217473 0.000000
vt 0.306461 0.286666 0.000000
vt 0.294423 0.299971 0.000000
vt 0.292437 0.298304 0.000000
vt 0.045208 0.178746 0.000000
vt 0.043341 0.176776 0.000000
vt 0.037630 0.182289 0.000000
vt 0.058812 0.187178 0.000000
vt 0.068175 0.174682 0.000000
vt 0.078521 0.174926 0.000000
vt 0.089068 0.175515 0.000000
vt 0.333133 0.270676 0.000000
vt 0.335813 0.220414 0.000000
vt 0.312263 0.186626 0.000000
vt 0.302555 0.180817 0.000000
vt 0.282998 0.171343 0.000000
vt 0.250370 0.022451 0.000000
vt 0.120137 0.138830 0.000000
vt 0.092944 0.109531 0.000000
vt 0.089459 0.088408 0.000000
vt 0.140537 0.076535 0.000000
vt 0.148372 0.081699 0.000000
vt 0.155871 0.084739 0.000000
vt 0.236051 0.246630 0.000000
vt 0.269035 0.265576 0.000000
vt 0.255412 0.232680 0.000000
vt 0.257429 0.206658 0.000000
vt 0.238684 0.210066 0.000000
vt 0.247065 0.205170 0.000000
vt 0.230625 0.216356 0.000000
vt 0.281610 0.233617 0.000000
vt 0.030315 0.103788 0.000000
vt 0.024503 0.100191 0.000000
vt 0.035772 0.082044 0.000000
vt 0.283230 0.042361 0.000000
vt 0.258314 0.061249 0.000000
vt 0.343093 0.186418 0.000000
vt 0.352626 0.189348 0.000000
vt 0.361965 0.192709 0.000000
vt 0.377524 0.219481 0.000000
vt 0.159013 0.173810 0.000000
vt 0.148459 0.174096 0.000000
vt 0.365344 0.247716 0.000000
vt 0.148535 0.176706 0.000000
vt 0.091482 0.226514 0.000000
vt 0.069199 0.229220 0.000000
vt 0.092814 0.233706 0.000000
vt 0.158506 0.179662 0.000000
vt 0.168633 0.173428 0.000000
vt 0.176002 0.172913 0.000000
vt 0.181457 0.172341 0.000000
vt 0.386404 0.206705 0.000000
vt 0.370845 0.195948 0.000000
vt 0.253051 0.090873 0.000000
vt 0.284155 0.070691 0.000000
vt 0.327426 0.038429 0.000000
vt 0.019925 0.107760 0.000000
vt 0.014884 0.120839 0.000000
vt 0.024507 0.126164 0.000000
vt 0.365529 0.030407 0.000000
vt 0.372431 0.028149 0.000000
vt 0.371906 0.044013 0.000000
vt 0.038447 0.364864 0.000000
vt 0.039914 0.375968 0.000000
vt 0.040341 0.387629 0.000000
vt 0.048359 0.387188 0.000000
vt 0.040676 0.398693 0.000000
vt 0.058153 0.407380 0.000000
vt 0.066658 0.398777 0.000000
vt 0.067188 0.416989 0.000000
vt 0.093983 0.431968 0.000000
vt 0.104216 0.433094 0.000000
vt 0.102983 0.272694 0.000000
vt 0.111631 0.279691 0.000000
vt 0.094637 0.264628 0.000000
vt 0.131188 0.238879 0.000000
vt 0.133809 0.220500 0.000000
vt 0.175334 0.178794 0.000000
vt 0.188922 0.174162 0.000000
vt 0.188370 0.177097 0.000000
vt 0.185651 0.171622 0.000000
vt 0.189382 0.171309 0.000000
vt 0.241855 0.145031 0.000000
vt 0.387418 0.203321 0.000000
vt 0.242461 0.134347 0.000000
vt 0.280774 0.089441 0.000000
vt 0.299128 0.090402 0.000000
vt 0.314042 0.064712 0.000000
vt 0.323499 0.067501 0.000000
vt 0.344399 0.071449 0.000000
vt 0.351217 0.044474 0.000000
vt 0.353325 0.072402 0.000000
vt 0.366214 0.073288 0.000000
vt 0.369678 0.082882 0.000000
vt 0.042426 0.418306 0.000000
vt 0.143846 0.298820 0.000000
vt 0.370066 0.127346 0.000000
vt 0.139554 0.296938 0.000000
vt 0.148603 0.290801 0.000000
vt 0.134227 0.294147 0.000000
vt 0.151092 0.281489 0.000000
vt 0.156135 0.250497 0.000000
vt 0.159008 0.240650 0.000000
vt 0.156825 0.208052 0.000000
vt 0.191815 0.177933 0.000000
vt 0.194968 0.181748 0.000000
vt 0.197199 0.186880 0.000000
vt 0.315387 0.101344 0.000000
vt 0.335899 0.095516 0.000000
vt 0.304602 0.124692 0.000000
vt 0.286433 0.133819 0.000000
vt 0.296443 0.137401 0.000000
vt 0.203233 0.211620 0.000000
vt 0.200822 0.201991 0.000000
vt 0.198912 0.193549 0.000000
vt 0.198451 0.201923 0.000000
vt 0.193096 0.201889 0.000000
vt 0.184123 0.225266 0.000000
vt 0.175149 0.250602 0.000000
vt 0.157242 0.273939 0.000000
vt 0.165886 0.267201 0.000000
vt 0.160034 0.275006 0.000000
vt 0.154128 0.282993 0.000000
vt 0.305893 0.139262 0.000000
vt 0.306026 0.144527 0.000000
vt 0.296612 0.142207 0.000000
vt 0.286977 0.142371 0.000000
vt 0.193119 0.237874 0.000000
vt 0.187889 0.246256 0.000000
vt 0.179734 0.253004 0.000000
vt 0.335663 0.152668 0.000000
vt 0.041034 0.408922 0.000000
vt 0.104054 0.419028 0.000000
vt 0.094336 0.406629 0.000000
vt 0.156638 0.344231 0.000000
vt 0.160667 0.351065 0.000000
vt 0.168867 0.433418 0.000000
vt 0.043787 0.147549 0.000000
vt 0.035169 0.141475 0.000000
vt 0.012764 0.125604 0.000000
vt 0.054359 0.152485 0.000000
vt 0.066751 0.155104 0.000000
vt 0.017179 0.128116 0.000000
vt 0.198434 0.127115 0.000000
vt 0.078637 0.331761 0.000000
vt 0.036770 0.355726 0.000000
vt 0.090469 0.329170 0.000000
vt 0.165946 0.357033 0.000000
vt 0.171697 0.360945 0.000000
vt 0.035126 0.348137 0.000000
vt 0.050879 0.174934 0.000000
vt 0.197292 0.133387 0.000000
vt 0.195162 0.139735 0.000000
vt 0.050021 0.172643 0.000000
vt 0.174134 0.011255 0.000000
vt 0.179901 0.006916 0.000000
vt 0.296571 0.301249 0.000000
vt 0.218040 0.079712 0.000000
vt 0.301960 0.296440 0.000000
vt 0.215156 0.083184 0.000000
vt 0.161468 0.061991 0.000000
vt 0.153579 0.338024 0.000000
vt 0.169363 0.404155 0.000000
vt 0.150804 0.332760 0.000000
vt 0.335136 0.273193 0.000000
vt 0.342693 0.265607 0.000000
vt 0.101809 0.328449 0.000000
vt 0.111982 0.328274 0.000000
vt 0.033001 0.230619 0.000000
vt 0.192271 0.145570 0.000000
vt 0.318434 0.285679 0.000000
vt 0.198236 0.114750 0.000000
vt 0.197192 0.109037 0.000000
vt 0.195018 0.103884 0.000000
vt 0.191862 0.099252 0.000000
vt 0.188023 0.095507 0.000000
vt 0.198595 0.120786 0.000000
vt 0.327381 0.279987 0.000000
vt 0.378736 0.232321 0.000000
vt 0.372478 0.240714 0.000000
vt 0.229642 0.269783 0.000000
vt 0.383695 0.224215 0.000000
vt 0.386849 0.217702 0.000000
vt 0.029589 0.206063 0.000000
vt 0.373817 0.128646 0.000000
vt 0.368970 0.136564 0.000000
vt 0.388510 0.212641 0.000000
vt 0.389340 0.208602 0.000000
vt 0.390433 0.205155 0.000000
vt 0.349344 0.258329 0.000000
vt 0.351601 0.260936 0.000000
vt 0.055882 0.055186 0.000000
vt 0.106906 0.025508 0.000000
vt 0.048359 0.063440 0.000000
vt 0.120656 0.328604 0.000000
vt 0.212650 0.084613 0.000000
vt 0.141914 0.149207 0.000000
vt 0.135977 0.151660 0.000000
vt 0.147468 0.329021 0.000000
vt 0.164180 0.438977 0.000000
vt 0.207787 0.078530 0.000000
vt 0.115799 0.043059 0.000000
vt 0.149523 0.454981 0.000000
vt 0.087812 0.031806 0.000000
vt 0.094987 0.028203 0.000000
vt 0.201705 0.073391 0.000000
vt 0.126219 0.060549 0.000000
vt 0.120816 0.051929 0.000000
vt 0.132653 0.069227 0.000000
vt 0.021878 0.131625 0.000000
vt 0.027644 0.136134 0.000000
vt 0.225481 0.255508 0.000000
vt 0.223719 0.248021 0.000000
vt 0.227519 0.262821 0.000000
vt 0.276630 0.297337 0.000000
vt 0.244235 0.295895 0.000000
vt 0.251537 0.296914 0.000000
vt 0.238032 0.295229 0.000000
vt 0.153424 0.059542 0.000000
vt 0.232412 0.294313 0.000000
vt 0.216377 0.052814 0.000000
vt 0.033215 0.189463 0.000000
vt 0.077951 0.037950 0.000000
vt 0.128870 0.154772 0.000000
vt 0.309553 0.291094 0.000000
vt 0.221958 0.240629 0.000000
vt 0.221917 0.232922 0.000000
vt 0.224733 0.224579 0.000000
vt 0.144050 0.464807 0.000000
vt 0.135704 0.461307 0.000000
vt 0.236496 0.072695 0.000000
vt 0.125501 0.458689 0.000000
vt 0.234720 0.083144 0.000000
vt 0.156680 0.446051 0.000000
vt 0.166842 0.376438 0.000000
vt 0.166564 0.386294 0.000000
vt 0.167776 0.395575 0.000000
vt 0.238940 0.062100 0.000000
vt 0.101814 0.455997 0.000000
vt 0.241385 0.051537 0.000000
vt 0.090399 0.455302 0.000000
vt 0.243417 0.041178 0.000000
vt 0.113672 0.456712 0.000000
vt 0.051823 0.453017 0.000000
vt 0.047816 0.453375 0.000000
vt 0.056529 0.453020 0.000000
vt 0.138445 0.174246 0.000000
vt 0.129142 0.174199 0.000000
vt 0.236563 0.122102 0.000000
vt 0.062661 0.453422 0.000000
vt 0.244576 0.031429 0.000000
vt 0.330384 0.030187 0.000000
vt 0.309657 0.026651 0.000000
vt 0.234224 0.093132 0.000000
vt 0.234874 0.102944 0.000000
vt 0.235586 0.112756 0.000000
vt 0.242014 0.147638 0.000000
vt 0.338729 0.032891 0.000000
vt 0.352390 0.036064 0.000000
vt 0.385207 0.042359 0.000000
vt 0.386407 0.053094 0.000000
vt 0.385967 0.064230 0.000000
vt 0.384104 0.074553 0.000000
vt 0.238374 0.146502 0.000000
vt 0.238934 0.149290 0.000000
vt 0.362408 0.143359 0.000000
vt 0.354154 0.148550 0.000000
vt 0.237953 0.143634 0.000000
vt 0.238500 0.140083 0.000000
vt 0.204453 0.222135 0.000000
vt 0.202010 0.231517 0.000000
vt 0.195892 0.239088 0.000000
vt 0.316125 0.147818 0.000000
vt 0.379776 0.092911 0.000000
vt 0.326030 0.150943 0.000000
vt 0.251974 0.146200 0.000000
vt 0.345150 0.151674 0.000000
vt 0.276796 0.144740 0.000000
vt 0.172274 0.259756 0.000000
vt 0.267111 0.146219 0.000000
vt 0.258626 0.146375 0.000000
vt 0.381711 0.083976 0.000000
vt 0.246627 0.146479 0.000000
vt 0.170807 0.411690 0.000000
vt 0.240415 0.021277 0.000000
# 421 texture coords

g 3_LOD
usemtl Material__2
f 1465/2122 1288/2334 1289/2397 
f 1288/2334 1465/2122 1323/2123 
f 1555/2205 1290/2068 1291/2069 
f 1451/2073 1292/2071 1293/2072 
f 1488/2080 1294/2400 1295/2426 
f 1295/2426 1296/2427 1488/2080 
f 1488/2080 1296/2427 1297/2429 
f 1298/2431 1294/2400 1488/2080 
f 1300/2355 1301/2357 1438/2083 
f 1299/2084 1300/2355 1438/2083 
f 1528/2090 1302/2432 1303/2433 
f 1304/2091 1302/2432 1528/2090 
f 1541/2093 1305/2094 1306/2095 
f 1307/2096 1305/2094 1541/2093 
f 1307/2096 1541/2093 1308/2343 
f 1308/2343 1309/2347 1307/2096 
f 1307/2335 1309/2336 1473/2099 
f 1473/2099 1305/2338 1307/2335 
f 1306/2339 1305/2338 1473/2099 
f 1310/2100 1306/2339 1473/2099 
f 1466/2092 1306/2095 1310/2342 
f 1467/2167 1311/2101 1310/2100 
f 1310/2342 1311/2344 1509/2102 
f 1509/2102 1311/2344 1312/2364 
f 1313/2332 1314/2333 1528/2090 
f 1528/2090 1314/2333 1315/2345 
f 1315/2345 1316/2346 1304/2091 
f 1304/2091 1528/2090 1315/2345 
f 1315/2109 1314/2108 1494/2111 
f 1464/2063 1316/2110 1315/2109 
f 1317/2341 1318/2349 1464/2063 
f 1464/2063 1318/2349 1319/2350 
f 1319/2114 1318/2113 1527/2115 
f 1527/2115 1320/2116 1319/2114 
f 1319/2350 1320/2367 1464/2063 
f 1320/2116 1527/2115 1304/2352 
f 1304/2352 1316/2353 1320/2116 
f 1320/2367 1316/2110 1464/2063 
f 1302/2088 1304/2352 1527/2115 
f 1303/2089 1302/2088 1527/2115 
f 1321/2117 1303/2089 1527/2115 
f 1326/2126 1322/2118 1321/2117 
f 1321/2434 1322/2360 1459/2119 
f 1459/2119 1303/2433 1321/2434 
f 1323/2123 1465/2122 1325/2481 
f 1323/2366 1324/2124 1437/2145 
f 1437/2145 1288/2065 1323/2366 
f 1323/2416 1325/2125 1326/2126 
f 1326/2126 1324/2358 1323/2416 
f 1324/2358 1326/2126 1339/2144 
f 1492/2128 1327/2129 1328/2130 
f 1329/2131 1327/2129 1492/2128 
f 1510/2141 1327/2413 1329/2415 
f 1329/2131 1492/2128 1330/2132 
f 1330/2132 1331/2133 1329/2131 
f 1329/2415 1331/2417 1332/2134 
f 1332/2134 1510/2141 1329/2415 
f 1332/2134 1333/2135 1510/2141 
f 1332/2371 1331/2370 1517/2136 
f 1489/2074 1333/2372 1332/2371 
f 1517/2136 1331/2370 1330/2369 
f 1334/2138 1335/2139 1489/2074 
f 1489/2074 1335/2139 1336/2373 
f 1336/2140 1335/2378 1512/2221 
f 1510/2141 1333/2135 1336/2140 
f 1336/2373 1333/2372 1489/2074 
f 1337/2142 1328/2414 1510/2141 
f 1510/2141 1328/2414 1327/2413 
f 1440/2184 1299/2412 1337/2142 
f 1337/2418 1299/2084 1438/2083 
f 1492/2128 1328/2130 1337/2418 
f 1338/2143 1339/2144 1326/2126 
f 1339/2381 1338/2419 1453/2202 
f 1524/2146 1324/2124 1339/2381 
f 1289/2066 1288/2065 1437/2145 
f 1341/2150 1342/2151 1474/2148 
f 1474/2148 1342/2151 1343/2152 
f 1343/2152 1340/2149 1474/2148 
f 1343/2387 1472/2154 1344/2153 
f 1344/2153 1340/2388 1343/2387 
f 1343/2387 1342/2363 1495/2209 
f 1345/2156 1346/2157 1347/2158 
f 1348/2159 1346/2157 1345/2156 
f 1444/2233 1346/2428 1348/2435 
f 1449/2212 1349/2160 1348/2159 
f 1348/2435 1349/2437 1444/2233 
f 1444/2233 1349/2437 1350/2439 
f 1351/2163 1532/2162 1377/2214 
f 1351/2163 1352/2164 1476/2232 
f 1484/2165 1352/2391 1351/2389 
f 1352/2391 1484/2165 1385/2231 
f 1467/2167 1312/2103 1311/2101 
f 1353/2168 1312/2103 1467/2167 
f 1442/2104 1312/2364 1353/2365 
f 1439/2193 1354/2169 1353/2168 
f 1353/2365 1354/2392 1442/2104 
f 1442/2104 1354/2392 1355/2170 
f 1355/2170 1356/2172 1523/2171 
f 1523/2171 1356/2172 1357/2173 
f 1357/2394 1356/2395 1439/2193 
f 1439/2193 1358/2174 1357/2394 
f 1357/2173 1358/2396 1452/2106 
f 1554/2177 1359/2175 1358/2174 
f 1358/2396 1359/2361 1452/2106 
f 1494/2111 1360/2176 1359/2175 
f 1359/2361 1360/2359 1452/2106 
f 1360/2359 1313/2332 1452/2106 
f 1494/2111 1313/2107 1360/2176 
f 1314/2108 1313/2107 1494/2111 
f 1330/2369 1361/2374 1517/2136 
f 1517/2136 1361/2374 1317/2341 
f 1361/2179 1330/2132 1492/2128 
f 1492/2128 1317/2112 1361/2179 
f 1318/2113 1317/2112 1492/2128 
f 1362/2181 1363/2182 1503/2180 
f 1503/2180 1363/2182 1334/2138 
f 1363/2409 1362/2410 1512/2221 
f 1512/2221 1334/2411 1363/2409 
f 1335/2378 1334/2411 1512/2221 
f 1300/2085 1299/2412 1440/2184 
f 1301/2086 1300/2085 1481/2185 
f 1546/2224 1365/2188 1364/2187 
f 1364/2390 1365/2399 1469/2195 
f 1469/2195 1368/2402 1364/2390 
f 1367/2401 1368/2402 1469/2195 
f 1368/2197 1367/2196 1449/2212 
f 1449/2212 1364/2187 1368/2197 
f 1369/2200 1370/2201 1446/2199 
f 1446/2199 1370/2201 1301/2086 
f 1370/2351 1369/2348 1453/2202 
f 1453/2202 1371/2203 1370/2351 
f 1438/2083 1301/2357 1370/2393 1371/2398 
f 1453/2202 1372/2204 1371/2203 
f 1371/2398 1372/2403 1438/2083 
f 1453/2202 1338/2419 1372/2204 
f 1372/2403 1338/2143 1438/2083 
f 1373/2206 1374/2207 1486/2147 
f 1486/2147 1374/2207 1375/2208 
f 1375/2208 1341/2150 1474/2148 
f 1375/2375 1374/2368 1446/2199 
f 1495/2209 1341/2362 1375/2375 
f 1342/2363 1341/2362 1495/2209 
f 1449/2212 1350/2161 1349/2160 
f 1376/2213 1350/2161 1449/2212 
f 1532/2162 1350/2439 1376/2448 
f 1376/2213 1449/2212 1367/2196 
f 1367/2482 1377/2214 1376/2448 
f 1377/2214 1532/2162 1376/2448 
f 1377/2420 1367/2401 1469/2195 
f 1484/2165 1351/2389 1377/2420 
f 1439/2193 1355/2421 1354/2169 
f 1356/2395 1355/2421 1439/2193 
f 1374/2368 1373/2422 1446/2199 
f 1555/2205 1291/2069 1373/2206 
f 1373/2422 1291/2356 1446/2199 
f 1453/2202 1369/2348 1290/2068 
f 1369/2200 1446/2199 1291/2356 
f 1291/2356 1290/2354 1369/2200 
f 1378/2218 1379/2219 1455/2081 
f 1455/2081 1379/2219 1380/2220 
f 1503/2180 1380/2220 1362/2181 
f 1380/2423 1379/2424 1512/2221 
f 1512/2221 1362/2410 1380/2423 
f 1471/2223 1381/2225 1382/2226 
f 1383/2227 1381/2225 1471/2223 
f 1479/2087 1381/2404 1383/2406 
f 1512/2221 1378/2425 1383/2227 
f 1383/2406 1378/2218 1455/2081 
f 1479/2087 1365/2399 1382/2405 
f 1382/2226 1365/2188 1546/2224 
f 1382/2405 1381/2404 1479/2087 
f 1379/2424 1378/2425 1512/2221 
f 1384/2230 1385/2231 1445/2229 
f 1385/2450 1384/2449 1513/2253 
f 1476/2232 1352/2164 1385/2450 
f 1386/2451 1347/2430 1500/2251 
f 1500/2251 1347/2430 1346/2428 
f 1450/2282 1387/2452 1386/2451 
f 1386/2234 1387/2235 1345/2156 
f 1345/2156 1347/2158 1386/2234 
f 1345/2156 1387/2235 1388/2236 
f 1389/2376 1390/2377 1472/2154 
f 1472/2154 1390/2377 1391/2240 
f 1391/2444 1390/2239 1468/2241 
f 1468/2241 1344/2445 1391/2444 
f 1391/2240 1344/2153 1472/2154 
f 1340/2149 1344/2445 1468/2241 
f 1295/2076 1294/2075 1508/2243 
f 1508/2243 1294/2075 1298/2079 
f 1296/2077 1295/2076 1463/2244 
f 1390/2239 1389/2238 1468/2241 
f 1468/2241 1389/2238 1392/2246 
f 1392/2246 1393/2247 1443/2275 
f 1392/2379 1389/2376 1472/2154 
f 1529/2237 1393/2380 1392/2379 
f 1394/2384 1393/2380 1529/2237 
f 1448/2249 1345/2156 1395/2250 1413/2281 
f 1345/2156 1388/2236 1395/2250 
f 1450/2282 1388/2453 1387/2452 
f 1513/2253 1384/2449 1396/2455 
f 1396/2455 1397/2456 1514/2288 
f 1396/2254 1384/2230 1445/2229 
f 1501/2256 1397/2255 1396/2254 
f 1501/2256 1398/2407 1293/2340 
f 1399/2408 1398/2407 1501/2256 
f 1557/2259 1398/2257 1399/2258 
f 1473/2099 1309/2336 1399/2408 
f 1399/2258 1309/2098 1308/2097 
f 1308/2097 1557/2259 1399/2258 
f 1557/2259 1451/2073 1293/2072 1398/2257 
f 1308/2097 1400/2457 1557/2259 
f 1401/2458 1402/2459 1557/2259 1400/2457 
f 1401/2261 1400/2260 1541/2093 
f 1537/2263 1402/2262 1401/2261 
f 1403/2264 1402/2262 1537/2263 
f 1404/2269 1405/2436 1406/2438 
f 1407/2440 1405/2436 1404/2269 
f 1463/2244 1405/2270 1407/2272 
f 1404/2269 1297/2429 1407/2440 
f 1407/2272 1297/2078 1463/2244 
f 1463/2244 1297/2078 1296/2077 
f 1443/2275 1409/2276 1410/2277 
f 1394/2248 1411/2278 1443/2275 
f 1443/2275 1411/2278 1412/2279 
f 1412/2279 1409/2276 1443/2275 
f 1542/2280 1409/2461 1412/2465 
f 1412/2386 1411/2385 1448/2249 
f 1448/2249 1413/2281 1412/2386 
f 1412/2465 1413/2466 1450/2282 
f 1450/2282 1413/2466 1395/2446 1388/2453 
f 1514/2288 1397/2456 1292/2071 
f 1414/2471 1416/2294 1441/2291 
f 1414/2292 1530/2265 1416/2442 
f 1530/2265 1415/2441 1416/2442 
f 1417/2443 1415/2441 1530/2265 
f 1417/2295 1458/2298 1418/2296 
f 1418/2296 1415/2293 1417/2295 
f 1499/2267 1419/2447 1417/2443 
f 1417/2295 1419/2297 1458/2298 
f 1480/2062 1410/2277 1420/2302 
f 1420/2302 1421/2303 1480/2062 
f 1420/2454 1410/2462 1409/2461 
f 1409/2461 1542/2280 1420/2454 
f 1542/2280 1421/2480 1420/2454 
f 1422/2473 1421/2480 1542/2280 
f 1424/2475 1425/2477 1477/2308 
f 1477/2308 1425/2477 1426/2478 
f 1426/2312 1425/2311 1549/2313 
f 1480/2062 1422/2304 1426/2312 
f 1426/2478 1422/2473 1542/2280 
f 1427/2318 1428/2319 1535/2317 
f 1535/2317 1428/2319 1429/2320 
f 1429/2463 1428/2464 1447/2064 
f 1447/2064 1418/2383 1429/2463 
f 1429/2320 1418/2296 1458/2298 
f 1447/2064 1416/2294 1415/2382 
f 1415/2382 1418/2383 1447/2064 
f 1430/2322 1431/2323 1423/2309 
f 1423/2309 1431/2323 1432/2324 
f 1432/2467 1431/2468 1549/2313 
f 1549/2313 1424/2310 1432/2467 
f 1432/2324 1424/2475 1477/2308 
f 1425/2311 1424/2310 1549/2313 
f 1431/2468 1430/2469 1478/2325 
f 1478/2325 1430/2469 1433/2326 
f 1433/2326 1434/2327 1456/2316 
f 1433/2470 1430/2322 1515/2321 
f 1515/2321 1434/2472 1433/2470 
f 1435/2328 1434/2472 1515/2321 
f 1428/2464 1427/2474 1447/2064 
f 1447/2064 1427/2474 1435/2328 
f 1435/2476 1427/2318 1535/2317 
f 1456/2316 1434/2327 1435/2476 
f 1480/2062 1421/2303 1422/2304 
f 1406/2271 1458/2298 1419/2297 
f 1458/2298 1406/2271 1405/2270 
f 1419/2447 1533/2268 1406/2438 
f 1530/2265 1414/2292 1436/2329 
f 1436/2479 1414/2471 1441/2291 
f 1441/2291 1403/2460 1436/2479 
f 1436/2329 1403/2264 1530/2265 
f 1402/2459 1403/2460 1441/2291 
f 1411/2385 1394/2384 1448/2249 
f 1393/2247 1394/2248 1443/2275 
f 1400/2260 1308/2343 1541/2093 
f 1293/2340 1292/2337 1397/2255 1501/2256 
f 1437/2145 1298/2079 1289/2066 
f 1326/2126 1325/2125 1322/2118 
f 1459/2119 1322/2360 1325/2481 
f 1465/2122 1289/2397 1298/2431 
f 1463/2244 1295/2076 1508/2243 
f 1453/2202 1290/2068 1555/2205 
f 1438/2083 1492/2128 1337/2418 
f 1326/2126 1438/2083 1338/2143 
f 1467/2167 1439/2193 1353/2168 
f 1455/2081 1479/2087 1383/2406 
f 1440/2184 1481/2185 1300/2085 
f 1364/2187 1487/2228 1546/2224 
f 1441/2291 1416/2294 1447/2064 
f 1514/2288 1513/2253 1396/2455 
f 1312/2364 1442/2104 1509/2102 
f 1528/2090 1452/2106 1313/2332 
f 1392/2246 1443/2275 1468/2241 
f 1478/2325 1549/2313 1431/2468 
f 1513/2253 1476/2232 1385/2450 
f 1432/2324 1477/2308 1423/2309 
f 1473/2099 1467/2167 1310/2100 
f 1385/2231 1484/2165 1445/2229 
f 1343/2387 1495/2209 1472/2154 
f 1518/2222 1487/2228 1481/2185 
f 1515/2321 1447/2064 1435/2328 
f 1447/2064 1547/2307 1505/2306 
f 1472/2154 1529/2237 1392/2379 
f 1449/2212 1487/2228 1364/2187 
f 1345/2156 1449/2212 1348/2159 
f 1386/2451 1500/2251 1450/2282 
f 1500/2251 1540/2283 1477/2308 
f 1441/2291 1557/2259 1402/2459 
f 1514/2288 1292/2071 1451/2073 
f 1523/2171 1498/2120 1491/2105 
f 1355/2170 1523/2171 1442/2104 
f 1524/2146 1453/2202 1555/2205 
f 1453/2202 1524/2146 1339/2381 
f 1534/2331 1454/2266 1491/2105 
f 1419/2447 1499/2267 1533/2268 
f 1544/2067 1525/2215 1502/2216 
f 1380/2220 1503/2180 1455/2081 
f 1493/2300 1408/2274 1519/2301 
f 1535/2317 1456/2316 1435/2476 
f 1543/2191 1526/2178 1507/2192 
f 1359/2175 1554/2177 1494/2111 
f 1456/2316 1535/2317 1531/2299 
f 1405/2270 1463/2244 1458/2298 
f 1325/2481 1465/2122 1459/2119 
f 1504/2121 1491/2105 1498/2120 
f 1377/2420 1469/2195 1484/2165 
f 1496/2190 1502/2216 1366/2194 
f 1547/2307 1497/2305 1505/2306 
f 1423/2309 1477/2308 1461/2284 
f 1553/2210 1511/2155 1529/2237 
f 1511/2155 1462/2198 1516/2211 
f 1474/2148 1340/2149 1468/2241 
f 1463/2244 1485/2273 1458/2298 
f 1494/2111 1554/2177 1526/2178 
f 1517/2136 1489/2074 1332/2371 
f 1506/2330 1491/2105 1504/2121 
f 1297/2429 1404/2269 1488/2080 
f 1454/2266 1521/2082 1491/2105 
f 1541/2093 1537/2263 1401/2261 
f 1502/2216 1490/2166 1460/2217 
f 1502/2216 1460/2217 1366/2194 
f 1550/2245 1408/2274 1468/2241 
f 1474/2148 1468/2241 1408/2274 
f 1460/2217 1469/2195 1522/2070 
f 1365/2399 1479/2087 1469/2195 
f 1426/2312 1549/2313 1480/2062 
f 1443/2275 1470/2314 1520/2315 
f 1518/2222 1471/2223 1487/2228 
f 1512/2221 1556/2183 1336/2140 
f 1529/2237 1472/2154 1553/2210 
f 1553/2210 1472/2154 1495/2209 
f 1490/2166 1445/2229 1484/2165 
f 1399/2408 1501/2256 1473/2099 
f 1375/2208 1474/2148 1486/2147 
f 1474/2148 1408/2274 1486/2147 
f 1483/2252 1476/2232 1513/2253 
f 1497/2305 1552/2286 1482/2287 
f 1350/2439 1532/2162 1444/2233 
f 1444/2233 1476/2232 1540/2283 
f 1477/2308 1450/2282 1500/2251 
f 1426/2478 1542/2280 1477/2308 
f 1519/2301 1520/2315 1493/2300 
f 1433/2326 1456/2316 1478/2325 
f 1469/2195 1538/2189 1522/2070 
f 1479/2087 1496/2190 1366/2194 
f 1443/2275 1410/2277 1480/2062 
f 1470/2314 1443/2275 1480/2062 
f 1481/2185 1446/2199 1301/2086 
f 1536/2186 1481/2185 1487/2228 
f 1505/2306 1497/2305 1482/2287 
f 1551/2289 1451/2073 1539/2290 
f 1483/2252 1475/2285 1461/2284 
f 1461/2284 1477/2308 1540/2283 
f 1490/2166 1484/2165 1460/2217 
f 1484/2165 1469/2195 1460/2217 
f 1463/2244 1408/2274 1485/2273 
f 1485/2273 1408/2274 1493/2300 
f 1508/2243 1486/2147 1548/2242 
f 1408/2274 1548/2242 1486/2147 
f 1536/2186 1487/2228 1462/2198 
f 1487/2228 1516/2211 1462/2198 
f 1504/2121 1488/2080 1404/2269 
f 1298/2431 1488/2080 1465/2122 
f 1457/2137 1489/2074 1517/2136 
f 1489/2074 1503/2180 1334/2138 
f 1502/2216 1473/2099 1490/2166 
f 1490/2166 1473/2099 1501/2256 
f 1442/2104 1491/2105 1521/2082 
f 1491/2105 1442/2104 1523/2171 
f 1545/2127 1438/2083 1326/2126 
f 1492/2128 1527/2115 1318/2113 
f 1456/2316 1493/2300 1520/2315 
f 1531/2299 1493/2300 1456/2316 
f 1315/2109 1494/2111 1464/2063 
f 1464/2063 1494/2111 1526/2178 
f 1553/2210 1495/2209 1536/2186 
f 1375/2375 1446/2199 1495/2209 
f 1543/2191 1507/2192 1544/2067 
f 1496/2190 1479/2087 1455/2081 
f 1461/2284 1497/2305 1547/2307 
f 1461/2284 1475/2285 1497/2305 
f 1498/2120 1452/2106 1528/2090 
f 1504/2121 1498/2120 1459/2119 
f 1499/2267 1454/2266 1534/2331 
f 1537/2263 1530/2265 1403/2264 
f 1540/2283 1500/2251 1444/2233 
f 1346/2428 1444/2233 1500/2251 
f 1490/2166 1501/2256 1445/2229 
f 1445/2229 1501/2256 1396/2254 
f 1525/2215 1467/2167 1502/2216 
f 1467/2167 1473/2099 1502/2216 
f 1503/2180 1489/2074 1457/2137 
f 1457/2137 1455/2081 1503/2180 
f 1465/2122 1488/2080 1504/2121 
f 1465/2122 1504/2121 1459/2119 
f 1505/2306 1551/2289 1441/2291 
f 1441/2291 1447/2064 1505/2306 
f 1506/2330 1533/2268 1499/2267 
f 1504/2121 1404/2269 1506/2330 
f 1358/2174 1439/2193 1554/2177 
f 1507/2192 1525/2215 1544/2067 
f 1508/2243 1524/2146 1555/2205 
f 1298/2079 1437/2145 1508/2243 
f 1466/2092 1521/2082 1454/2266 
f 1310/2342 1509/2102 1466/2092 
f 1337/2142 1510/2141 1440/2184 
f 1336/2140 1556/2183 1510/2141 
f 1511/2155 1345/2156 1448/2249 
f 1345/2156 1511/2155 1516/2211 
f 1512/2221 1471/2223 1518/2222 
f 1383/2227 1471/2223 1512/2221 
f 1513/2253 1475/2285 1483/2252 
f 1482/2287 1552/2286 1513/2253 
f 1513/2253 1514/2288 1482/2287 
f 1514/2288 1451/2073 1482/2287 
f 1423/2309 1515/2321 1430/2322 
f 1547/2307 1423/2309 1461/2284 
f 1487/2228 1449/2212 1516/2211 
f 1516/2211 1449/2212 1345/2156 
f 1464/2063 1526/2178 1517/2136 
f 1464/2063 1517/2136 1317/2341 
f 1556/2183 1512/2221 1518/2222 
f 1518/2222 1481/2185 1556/2183 
f 1408/2274 1550/2245 1519/2301 
f 1519/2301 1443/2275 1520/2315 
f 1470/2314 1478/2325 1520/2315 
f 1520/2315 1478/2325 1456/2316 
f 1466/2092 1509/2102 1521/2082 
f 1521/2082 1509/2102 1442/2104 
f 1366/2194 1522/2070 1538/2189 
f 1522/2070 1366/2194 1460/2217 
f 1452/2106 1498/2120 1523/2171 
f 1357/2173 1452/2106 1523/2171 
f 1524/2146 1437/2145 1324/2124 
f 1524/2146 1508/2243 1437/2145 
f 1439/2193 1467/2167 1525/2215 
f 1507/2192 1439/2193 1525/2215 
f 1457/2137 1526/2178 1543/2191 
f 1526/2178 1457/2137 1517/2136 
f 1321/2117 1527/2115 1326/2126 
f 1545/2127 1326/2126 1527/2115 
f 1459/2119 1498/2120 1528/2090 
f 1303/2433 1459/2119 1528/2090 
f 1448/2249 1529/2237 1511/2155 
f 1529/2237 1448/2249 1394/2384 
f 1454/2266 1499/2267 1530/2265 
f 1530/2265 1499/2267 1417/2443 
f 1485/2273 1493/2300 1531/2299 
f 1458/2298 1485/2273 1531/2299 
f 1476/2232 1444/2233 1532/2162 
f 1476/2232 1532/2162 1351/2163 
f 1506/2330 1404/2269 1533/2268 
f 1406/2438 1533/2268 1404/2269 
f 1499/2267 1534/2331 1506/2330 
f 1491/2105 1506/2330 1534/2331 
f 1458/2298 1531/2299 1535/2317 
f 1429/2320 1458/2298 1535/2317 
f 1481/2185 1536/2186 1446/2199 
f 1446/2199 1536/2186 1495/2209 
f 1454/2266 1537/2263 1466/2092 
f 1454/2266 1530/2265 1537/2263 
f 1479/2087 1366/2194 1538/2189 
f 1469/2195 1479/2087 1538/2189 
f 1539/2290 1451/2073 1557/2259 1441/2291 
f 1441/2291 1551/2289 1539/2290 
f 1540/2283 1476/2232 1483/2252 
f 1540/2283 1483/2252 1461/2284 
f 1466/2092 1537/2263 1541/2093 
f 1306/2095 1466/2092 1541/2093 
f 1450/2282 1477/2308 1542/2280 
f 1450/2282 1542/2280 1412/2465 
f 1543/2191 1455/2081 1457/2137 
f 1543/2191 1496/2190 1455/2081 
f 1544/2067 1502/2216 1496/2190 
f 1496/2190 1543/2191 1544/2067 
f 1527/2115 1492/2128 1545/2127 
f 1438/2083 1545/2127 1492/2128 
f 1471/2223 1546/2224 1487/2228 
f 1382/2226 1546/2224 1471/2223 
f 1515/2321 1547/2307 1447/2064 
f 1423/2309 1547/2307 1515/2321 
f 1508/2243 1548/2242 1463/2244 
f 1408/2274 1463/2244 1548/2242 
f 1549/2313 1470/2314 1480/2062 
f 1470/2314 1549/2313 1478/2325 
f 1443/2275 1550/2245 1468/2241 
f 1519/2301 1550/2245 1443/2275 
f 1482/2287 1551/2289 1505/2306 
f 1482/2287 1451/2073 1551/2289 
f 1475/2285 1552/2286 1497/2305 
f 1552/2286 1475/2285 1513/2253 
f 1462/2198 1511/2155 1553/2210 
f 1462/2198 1553/2210 1536/2186 
f 1526/2178 1554/2177 1507/2192 
f 1507/2192 1554/2177 1439/2193 
f 1508/2243 1555/2205 1486/2147 
f 1486/2147 1555/2205 1373/2206 
f 1440/2184 1556/2183 1481/2185 
f 1556/2183 1440/2184 1510/2141 
# 7 polygons - 522 triangles

#
# object 5_LOD
#

v  -33.472351 251.283356 60.700802
v  -79.630684 265.515564 -106.706505
v  -230.530548 449.987732 -62.636494
v  -15.814873 437.287903 82.725281
v  -28.890930 246.462631 33.327351
v  -25.648064 252.323395 51.523113
v  -43.989441 259.028870 79.976112
v  -103.134277 258.329193 -104.567978
v  -121.243805 261.017975 -105.547066
v  -84.256798 252.441010 -96.262543
v  -44.376053 421.432037 -113.840248
v  -48.177567 397.388428 -127.364098
v  -54.067513 399.938690 -129.607330
v  -60.606155 398.628876 -131.436020
v  -40.345688 439.140015 -96.995247
v  -209.556915 309.326538 134.455795
v  -210.371490 326.138367 136.686935
v  -206.975693 292.696075 121.733925
v  -199.576523 298.235016 127.902977
v  -69.616920 247.870468 -80.287605
v  -68.380356 266.371674 -106.368576
v  -223.525024 450.618530 -65.489120
v  -236.150909 444.573425 -64.861092
v  -242.160675 446.733490 -56.988117
v  -190.588913 425.989014 132.650421
v  -215.560013 324.503723 -104.988098
v  -5.346176 432.133484 77.216988
v  -8.252747 445.683746 67.759605
v  0.467621 414.164795 82.728050
v  -21.335579 432.597931 90.526924
v  -28.773483 459.379761 -58.569042
v  -26.881935 460.952393 -39.758724
v  -23.323761 463.898132 -22.477896
v  -18.699066 465.665558 -4.368607
v  -15.121979 466.312897 15.372506
v  -26.874184 473.844940 38.027615
v  -129.939331 449.672791 102.702080
v  -142.939957 450.309937 106.436974
v  -75.323494 456.711548 93.947922
v  -46.986763 449.488525 96.978554
v  -36.014923 440.521973 95.082207
v  -26.036255 428.215759 96.987167
v  -2.411011 377.718201 86.164635
v  -1.295914 395.090912 84.078934
v  -11.226585 455.256134 53.917683
v  -13.709244 462.570923 36.031307
v  -61.615166 268.280029 -105.270737
v  -66.853783 281.850037 -122.390816
v  -62.982384 301.601105 -132.287735
v  -55.476089 323.262817 -141.362549
v  -55.469803 347.302216 -142.254532
v  -52.882660 373.397797 -141.114685
v  -33.843521 451.213654 -77.113892
v  -180.755646 448.619202 115.848473
v  -202.889648 433.000793 121.430687
v  -197.112061 429.609863 127.966011
v  -197.185944 415.781830 134.245911
v  -208.469803 390.237244 137.012009
v  -1.349533 342.869934 88.830429
v  -0.901154 360.779724 88.212959
v  -39.573303 257.511597 -63.506359
v  -51.566437 242.224792 -40.297352
v  -61.325943 244.149048 -59.329769
v  -137.494217 263.240906 -100.146309
v  -153.058609 264.808167 -95.074654
v  -74.976357 414.054352 -126.142815
v  -67.384888 395.606201 -133.938263
v  -83.539856 429.983093 -118.693985
v  -95.442924 441.331757 -113.427109
v  -109.575836 446.625824 -108.437508
v  -222.231491 445.257202 94.380013
v  -215.741943 441.431854 104.795769
v  -231.062347 379.120911 131.381363
v  -212.138199 374.991577 137.365189
v  -211.645935 343.051361 138.586365
v  -25.323997 311.648315 102.606529
v  -6.692505 307.102814 85.273430
v  -3.304901 324.369080 87.418404
v  -39.744698 242.356934 -4.796223
v  -44.812965 242.711792 -22.126936
v  -183.863464 269.644928 -88.065201
v  -168.822021 266.642731 -93.196587
v  -178.002136 450.314972 -79.901207
v  -165.983368 451.289978 -87.747856
v  -192.375137 450.944397 -78.511833
v  -203.987488 450.342194 -74.076706
v  -247.751038 451.232544 -34.065010
v  -247.728119 451.544312 -19.667900
v  -246.886017 452.716003 -5.470305
v  -217.963959 270.840515 89.428940
v  -189.742218 288.712463 125.184853
v  -161.342133 276.864044 118.352119
v  -14.215919 278.286743 72.064163
v  -9.486832 291.618195 80.195747
v  -17.689903 265.067383 61.800213
v  -21.417770 254.546555 46.617680
v  -34.666107 242.509094 13.555373
v  -215.986023 274.547211 -77.625282
v  -201.017868 271.017090 -84.652245
v  -250.529007 423.507782 -71.464027
v  -256.438385 411.236359 -72.747688
v  -260.548492 398.642548 -73.760452
v  -227.316788 265.634399 61.666080
v  -178.239517 251.187531 78.658508
v  -118.555450 269.943298 108.640732
v  -90.427483 268.802277 104.686035
v  -65.955818 266.487244 97.439415
v  -54.410583 262.647461 91.924232
v  -243.843842 270.911316 -38.502220
v  -246.003906 276.195129 -51.535004
v  -238.982727 293.016235 -71.182549
v  -228.684174 282.334106 -72.989967
v  -262.244354 342.269714 -74.078049
v  -264.481384 356.488098 -76.161118
v  -257.846802 329.660797 -72.245415
v  -247.531448 304.389526 -70.566536
v  -241.005402 264.311646 -10.686713
v  -237.522003 261.656738 18.098207
v  -264.947632 385.283264 -75.873207
v  -233.300903 448.074768 67.841156
v  -239.253082 450.952087 38.371208
v  -152.331589 450.992584 -94.269150
v  -123.662201 447.330994 -104.121567
v  6.408875 394.169525 70.665436
v  -262.163116 430.783813 -32.144382
v  -68.034637 446.294983 -107.552536
v  -177.725555 462.312927 93.500015
v  -98.556030 439.071472 111.530807
v  -217.469315 258.233093 -59.779888
v  -257.398621 287.639282 -49.189198
v  -175.675430 313.559265 138.949921
v  -63.536453 247.612488 83.089027
v  -8.843597 267.458435 25.478226
v  -118.699448 456.727478 90.947487
v  -226.658249 251.719940 15.572950
v  -183.042969 432.427826 131.190292
v  -74.081810 238.067368 -50.775234
v  -153.356552 257.086914 -73.943192
v  -82.517548 326.180634 -143.844971
v  -101.469345 388.209412 -137.122009
v  -235.301117 287.224030 92.181969
v  -212.034927 433.977325 -85.910400
v  -20.344978 419.526031 -68.080292
v  -177.143036 465.873260 -34.742523
v  -52.174049 323.270752 -136.062134
v  -250.367950 405.810577 84.061440
v  0.079391 336.049377 23.217983
v  -179.881516 296.458893 -112.051445
v  -15.239136 360.850586 104.153206
v  -152.043793 423.694580 -112.847282
v  -43.417831 473.286499 -36.774799
v  -73.224640 474.608490 51.362278
v  -45.393349 237.634338 16.382513
v  -256.049377 386.139313 -85.483665
v  -271.598145 384.642334 -63.034138
v  -86.454956 347.748566 118.091080
v  -143.594193 383.797852 -124.572227
v  -126.662155 293.201141 118.216393
v  -116.829155 456.033600 -95.464531
v  -146.064224 247.466690 -4.674254
v  -16.069817 257.980042 4.804586
v  -235.153198 459.020386 -8.152879
v  -236.034760 416.363251 109.496521
v  -118.822037 462.343719 -18.058319
v  1.840454 428.256226 72.308846
v  -38.707611 435.226868 102.635727
v  -125.154381 252.834106 89.441162
v  -15.790314 378.433289 -40.391998
v  -28.256943 455.175476 82.186363
v  -255.761169 318.208801 52.081627
v  -264.107819 379.278778 12.272227
v  -86.321487 236.433960 54.749794
v  -180.441101 469.065613 22.693335
v  -14.481705 444.919800 -21.767416
v  -272.247467 335.604462 -44.637463
v  -79.543839 284.351532 -124.074898
v  -75.906219 465.566193 87.829369
v  -153.531219 345.029419 -121.657455
v  -4.907806 292.913239 73.984978
v  -229.882278 305.917969 -89.934853
v  -248.401154 442.107300 55.721912
v  -121.819733 268.978119 -115.825005
v  7.518280 346.074066 63.186893
v  -216.418991 456.511078 78.519150
v  -157.513107 365.233337 135.045914
v  -221.153290 293.821747 115.791985
v  -150.080841 415.774139 128.882599
v  -119.105293 243.316193 -52.997974
v  -22.094383 293.224548 91.879761
v  -58.362808 373.059387 -142.625031
v  -151.717407 243.631531 55.990826
v  2.540924 382.574707 23.878637
v  -24.121300 296.792389 -52.680630
v  -231.317612 344.139893 130.821518
v  -48.296219 372.144592 -138.104752
v  -28.429985 397.403961 -97.647842
v  -192.430161 326.810059 -108.803795
v  -24.508492 376.410522 105.910362
v  -120.240219 247.192307 -23.632240
v  -5.972687 307.056274 21.122959
v  -180.618591 442.779968 -84.686470
v  -85.297882 375.021667 112.539291
v  -250.264282 369.808960 81.467415
v  -167.679901 272.660858 -102.702202
v  -88.465683 246.882172 -87.907021
v  -242.458405 285.325562 64.690361
v  -110.850594 315.993408 -136.110779
v  -216.666672 390.408142 -100.654510
v  -194.233063 400.795105 136.854523
v  -273.397888 362.831085 -0.200253
v  -204.800598 461.090271 -13.022369
v  -198.675140 253.449554 68.915123
v  -47.051628 244.443710 -41.224331
v  -127.623375 443.571411 109.177048
v  -21.399216 344.923370 -72.269829
v  -73.807693 278.108917 107.358185
v  -129.674316 362.292236 123.096367
v  -127.799118 241.435028 6.382836
v  -114.940315 436.995667 -113.965660
v  -43.012161 324.144379 -121.428291
v  -33.010201 474.652771 -1.266940
v  -178.186050 390.927185 -113.767166
v  -36.452301 465.435425 -57.303040
v  -128.057404 463.491058 26.434813
v  -57.778404 239.960663 -17.615812
v  -196.032074 245.813385 -7.814782
v  -168.247818 466.312988 76.917656
v  -12.373848 413.479736 92.837967
v  5.942612 407.970398 59.711658
v  -259.212646 290.095886 -5.777909
v  -123.907532 457.515564 -77.806526
v  -168.531586 460.503845 -58.874397
v  -193.311066 416.681305 -97.971306
v  -241.138641 423.869812 -79.694069
v  -78.707275 385.605377 -139.867889
v  -56.423264 256.474640 -85.506371
v  -173.508179 247.356659 31.314644
v  -74.026321 448.789368 99.866241
v  -253.132538 438.884979 -46.359810
v  -10.950035 323.550293 -19.840137
v  -232.458954 452.581299 -56.278660
v  -237.862289 305.097565 101.761856
# 242 vertices

vt 0.801128 0.787384 0.000000
vt 0.906594 0.305871 0.000000
vt 0.612357 0.651146 0.000000
vt 0.834136 0.052045 0.000000
vt 0.818154 0.437411 0.000000
vt 0.796474 0.669608 0.000000
vt 0.910428 0.321884 0.000000
vt 0.921392 0.318312 0.000000
vt 0.814054 0.450098 0.000000
vt 0.612090 0.666110 0.000000
vt 0.627084 0.647559 0.000000
vt 0.638349 0.649544 0.000000
vt 0.638033 0.656885 0.000000
vt 0.615797 0.641390 0.000000
vt 0.833039 0.153327 0.000000
vt 0.826283 0.172881 0.000000
vt 0.810431 0.177948 0.000000
vt 0.598800 0.738306 0.000000
vt 0.603070 0.737386 0.000000
vt 0.840812 0.169829 0.000000
vt 0.918008 0.747962 0.000000
vt 0.918870 0.737823 0.000000
vt 0.915552 0.515478 0.000000
vt 0.923587 0.511392 0.000000
vt 0.930167 0.512997 0.000000
vt 0.630335 0.686158 0.000000
vt 0.928537 0.225025 0.000000
vt 0.838649 0.328401 0.000000
vt 0.822575 0.317510 0.000000
vt 0.837874 0.318257 0.000000
vt 0.837885 0.050167 0.000000
vt 0.833546 0.056503 0.000000
vt 0.830820 0.048533 0.000000
vt 0.834978 0.044128 0.000000
vt 0.904670 0.524480 0.000000
vt 0.898209 0.744186 0.000000
vt 0.815104 0.672388 0.000000
vt 0.902198 0.674891 0.000000
vt 0.907029 0.678015 0.000000
vt 0.695493 0.689414 0.000000
vt 0.903764 0.425491 0.000000
vt 0.938954 0.208857 0.000000
vt 0.932677 0.200885 0.000000
vt 0.942279 0.220398 0.000000
vt 0.801829 0.672975 0.000000
vt 0.797894 0.684803 0.000000
vt 0.950564 0.145138 0.000000
vt 0.818153 0.275728 0.000000
vt 0.849042 0.261446 0.000000
vt 0.833087 0.230972 0.000000
vt 0.851128 0.217497 0.000000
vt 0.878896 0.202203 0.000000
vt 0.854832 0.193141 0.000000
vt 0.866431 0.191583 0.000000
vt 0.877259 0.189895 0.000000
vt 0.888651 0.189272 0.000000
vt 0.913968 0.164473 0.000000
vt 0.900763 0.155857 0.000000
vt 0.923582 0.152341 0.000000
vt 0.922990 0.124633 0.000000
vt 0.943398 0.117364 0.000000
vt 0.940067 0.092081 0.000000
vt 0.868562 0.660253 0.000000
vt 0.867777 0.665669 0.000000
vt 0.876444 0.660756 0.000000
vt 0.883126 0.684623 0.000000
vt 0.851084 0.670006 0.000000
vt 0.835340 0.662941 0.000000
vt 0.835515 0.656869 0.000000
vt 0.818817 0.662960 0.000000
vt 0.811696 0.667944 0.000000
vt 0.806522 0.676018 0.000000
vt 0.946589 0.242369 0.000000
vt 0.944941 0.231796 0.000000
vt 0.935289 0.212832 0.000000
vt 0.935267 0.233030 0.000000
vt 0.924143 0.195222 0.000000
vt 0.913249 0.191048 0.000000
vt 0.867962 0.241511 0.000000
vt 0.860122 0.289553 0.000000
vt 0.824700 0.313011 0.000000
vt 0.812826 0.306374 0.000000
vt 0.602349 0.677682 0.000000
vt 0.804157 0.278339 0.000000
vt 0.807936 0.277876 0.000000
vt 0.803206 0.263562 0.000000
vt 0.804405 0.247649 0.000000
vt 0.807543 0.248123 0.000000
vt 0.842834 0.198017 0.000000
vt 0.868243 0.162696 0.000000
vt 0.879285 0.155325 0.000000
vt 0.899233 0.662171 0.000000
vt 0.913900 0.669254 0.000000
vt 0.910668 0.673899 0.000000
vt 0.911500 0.683876 0.000000
vt 0.909882 0.693148 0.000000
vt 0.918354 0.699357 0.000000
vt 0.888095 0.714124 0.000000
vt 0.807586 0.706779 0.000000
vt 0.802333 0.715868 0.000000
vt 0.790808 0.726801 0.000000
vt 0.789962 0.716092 0.000000
vt 0.930471 0.260832 0.000000
vt 0.907298 0.239412 0.000000
vt 0.880355 0.273333 0.000000
vt 0.894477 0.311425 0.000000
vt 0.852909 0.313571 0.000000
vt 0.865025 0.324228 0.000000
vt 0.864877 0.327208 0.000000
vt 0.852244 0.328646 0.000000
vt 0.896022 0.450685 0.000000
vt 0.919573 0.447157 0.000000
vt 0.649220 0.649156 0.000000
vt 0.659545 0.649321 0.000000
vt 0.613662 0.693049 0.000000
vt 0.613721 0.727884 0.000000
vt 0.613434 0.746499 0.000000
vt 0.607548 0.735085 0.000000
vt 0.619845 0.756299 0.000000
vt 0.627930 0.762732 0.000000
vt 0.636955 0.765718 0.000000
vt 0.832987 0.122993 0.000000
vt 0.841779 0.115797 0.000000
vt 0.877159 0.109192 0.000000
vt 0.891040 0.067967 0.000000
vt 0.917330 0.038302 0.000000
vt 0.926603 0.030662 0.000000
vt 0.934330 0.032228 0.000000
vt 0.915935 0.589023 0.000000
vt 0.926172 0.565962 0.000000
vt 0.920442 0.708523 0.000000
vt 0.919843 0.727652 0.000000
vt 0.870191 0.715676 0.000000
vt 0.844447 0.723877 0.000000
vt 0.843474 0.707546 0.000000
vt 0.807674 0.744375 0.000000
vt 0.793464 0.748365 0.000000
vt 0.791821 0.737927 0.000000
vt 0.906456 0.266213 0.000000
vt 0.904496 0.283103 0.000000
vt 0.887045 0.325984 0.000000
vt 0.876322 0.326270 0.000000
vt 0.874898 0.455628 0.000000
vt 0.887459 0.419971 0.000000
vt 0.921644 0.407600 0.000000
vt 0.679436 0.652635 0.000000
vt 0.669374 0.651367 0.000000
vt 0.667070 0.657475 0.000000
vt 0.672731 0.672850 0.000000
vt 0.657623 0.702085 0.000000
vt 0.652406 0.725343 0.000000
vt 0.660100 0.749147 0.000000
vt 0.682023 0.763942 0.000000
vt 0.681721 0.769505 0.000000
vt 0.673091 0.768857 0.000000
vt 0.690397 0.768401 0.000000
vt 0.697924 0.767830 0.000000
vt 0.865132 0.041351 0.000000
vt 0.847828 0.037620 0.000000
vt 0.856049 0.035160 0.000000
vt 0.864377 0.033364 0.000000
vt 0.894859 0.564011 0.000000
vt 0.898900 0.514318 0.000000
vt 0.833844 0.346058 0.000000
vt 0.805895 0.355098 0.000000
vt 0.807408 0.373804 0.000000
vt 0.867338 0.756856 0.000000
vt 0.803648 0.756090 0.000000
vt 0.794133 0.767810 0.000000
vt 0.793833 0.758175 0.000000
vt 0.935423 0.292526 0.000000
vt 0.928079 0.310217 0.000000
vt 0.918550 0.315931 0.000000
vt 0.898356 0.325092 0.000000
vt 0.853705 0.457409 0.000000
vt 0.870996 0.411734 0.000000
vt 0.880152 0.402519 0.000000
vt 0.921067 0.368841 0.000000
vt 0.700373 0.656478 0.000000
vt 0.690179 0.654490 0.000000
vt 0.681339 0.690549 0.000000
vt 0.673884 0.728807 0.000000
vt 0.685995 0.744893 0.000000
vt 0.699625 0.755196 0.000000
vt 0.716702 0.748020 0.000000
vt 0.723960 0.748540 0.000000
vt 0.726888 0.740728 0.000000
vt 0.804390 0.590849 0.000000
vt 0.810657 0.580372 0.000000
vt 0.845434 0.564218 0.000000
vt 0.882092 0.514160 0.000000
vt 0.881617 0.499566 0.000000
vt 0.845047 0.362022 0.000000
vt 0.836822 0.372517 0.000000
vt 0.822005 0.400995 0.000000
vt 0.806298 0.400631 0.000000
vt 0.844398 0.771683 0.000000
vt 0.835259 0.765004 0.000000
vt 0.829075 0.773077 0.000000
vt 0.821418 0.775532 0.000000
vt 0.837939 0.428611 0.000000
vt 0.863236 0.381763 0.000000
vt 0.888563 0.374327 0.000000
vt 0.915254 0.348298 0.000000
vt 0.924000 0.348702 0.000000
vt 0.715306 0.667088 0.000000
vt 0.708778 0.660819 0.000000
vt 0.705825 0.677345 0.000000
vt 0.698039 0.727945 0.000000
vt 0.728748 0.697596 0.000000
vt 0.729507 0.706501 0.000000
vt 0.726781 0.689529 0.000000
vt 0.720588 0.673973 0.000000
vt 0.813958 0.521836 0.000000
vt 0.839256 0.521025 0.000000
vt 0.835558 0.502785 0.000000
vt 0.879560 0.353369 0.000000
vt 0.879612 0.344717 0.000000
vt 0.846024 0.391174 0.000000
vt 0.818489 0.550601 0.000000
vt 0.802611 0.582178 0.000000
vt 0.722684 0.724599 0.000000
vt 0.874698 0.535065 0.000000
vt 0.854536 0.573680 0.000000
vt 0.831570 0.606212 0.000000
vt 0.823492 0.613445 0.000000
vt 0.923619 0.545959 0.000000
vt 0.898521 0.584768 0.000000
vt 0.885200 0.608130 0.000000
vt 0.896113 0.613589 0.000000
vt 0.877061 0.617871 0.000000
vt 0.866925 0.059435 0.000000
vt 0.859016 0.078774 0.000000
vt 0.846169 0.087342 0.000000
vt 0.827088 0.101977 0.000000
vt 0.645772 0.766114 0.000000
vt 0.639035 0.758899 0.000000
vt 0.626875 0.728641 0.000000
vt 0.931151 0.058562 0.000000
vt 0.923194 0.066413 0.000000
vt 0.900903 0.097065 0.000000
vt 0.601563 0.721064 0.000000
vt 0.807297 0.293345 0.000000
vt 0.812459 0.779391 0.000000
vt 0.605120 0.651517 0.000000
vt 0.600674 0.652021 0.000000
vt 0.604299 0.664589 0.000000
vt 0.793973 0.788544 0.000000
vt 0.959428 0.154149 0.000000
vt 0.809255 0.173932 0.000000
vt 0.789478 0.672543 0.000000
vt 0.788088 0.684077 0.000000
vt 0.806363 0.170532 0.000000
vt 0.789747 0.705820 0.000000
vt 0.788839 0.695430 0.000000
vt 0.929933 0.522684 0.000000
vt 0.959631 0.161914 0.000000
vt 0.825383 0.458557 0.000000
vt 0.819255 0.323646 0.000000
vt 0.825876 0.331794 0.000000
vt 0.949415 0.160193 0.000000
vt 0.715294 0.767389 0.000000
vt 0.710779 0.767808 0.000000
vt 0.717842 0.763262 0.000000
vt 0.789889 0.788439 0.000000
vt 0.932763 0.532703 0.000000
vt 0.945316 0.596487 0.000000
vt 0.890298 0.167029 0.000000
vt 0.879430 0.167888 0.000000
vt 0.964505 0.149708 0.000000
vt 0.901795 0.166364 0.000000
vt 0.946583 0.083709 0.000000
vt 0.949545 0.116142 0.000000
vt 0.957535 0.132041 0.000000
vt 0.961859 0.139546 0.000000
vt 0.968771 0.146133 0.000000
vt 0.938692 0.160546 0.000000
vt 0.900130 0.500772 0.000000
vt 0.797214 0.522193 0.000000
vt 0.945098 0.052112 0.000000
vt 0.947648 0.035801 0.000000
vt 0.926658 0.161943 0.000000
vt 0.800475 0.546887 0.000000
vt 0.811705 0.158481 0.000000
vt 0.802585 0.167478 0.000000
vt 0.819212 0.149357 0.000000
vt 0.900764 0.189100 0.000000
vt 0.823390 0.139615 0.000000
vt 0.824813 0.129895 0.000000
vt 0.909086 0.028464 0.000000
vt 0.811691 0.232072 0.000000
vt 0.819337 0.216729 0.000000
vt 0.829762 0.205397 0.000000
vt 0.855335 0.169142 0.000000
vt 0.890877 0.030048 0.000000
vt 0.867932 0.168434 0.000000
vt 0.799405 0.530287 0.000000
vt 0.946474 0.075716 0.000000
vt 0.831233 0.068998 0.000000
vt 0.841056 0.465026 0.000000
vt 0.940472 0.598288 0.000000
vt 0.935243 0.600679 0.000000
vt 0.810982 0.621984 0.000000
vt 0.829514 0.464887 0.000000
vt 0.946750 0.252792 0.000000
vt 0.946307 0.263591 0.000000
vt 0.932644 0.440671 0.000000
vt 0.810694 0.513208 0.000000
vt 0.935825 0.430292 0.000000
vt 0.809558 0.345076 0.000000
vt 0.913267 0.457243 0.000000
vt 0.887302 0.462548 0.000000
vt 0.899792 0.459506 0.000000
vt 0.935345 0.420054 0.000000
vt 0.934852 0.410271 0.000000
vt 0.864942 0.464327 0.000000
vt 0.875770 0.464061 0.000000
vt 0.935981 0.391024 0.000000
vt 0.936159 0.400787 0.000000
vt 0.853545 0.464277 0.000000
vt 0.934762 0.370143 0.000000
vt 0.922110 0.606720 0.000000
vt 0.914276 0.609562 0.000000
vt 0.936025 0.380327 0.000000
vt 0.804854 0.434188 0.000000
vt 0.808029 0.441987 0.000000
vt 0.939620 0.352868 0.000000
vt 0.935958 0.360871 0.000000
vt 0.943181 0.589581 0.000000
vt 0.924656 0.450570 0.000000
vt 0.939368 0.572783 0.000000
vt 0.937342 0.563130 0.000000
vt 0.935040 0.543068 0.000000
vt 0.944863 0.274673 0.000000
vt 0.943182 0.285096 0.000000
vt 0.830482 0.076361 0.000000
vt 0.831430 0.084910 0.000000
vt 0.849226 0.620028 0.000000
vt 0.840435 0.620140 0.000000
vt 0.887647 0.767751 0.000000
vt 0.939624 0.294252 0.000000
vt 0.934732 0.302604 0.000000
vt 0.807302 0.606921 0.000000
vt 0.805927 0.598842 0.000000
vt 0.852004 0.344296 0.000000
vt 0.861329 0.771604 0.000000
vt 0.803903 0.418100 0.000000
vt 0.800640 0.555272 0.000000
vt 0.818224 0.508474 0.000000
vt 0.897574 0.346329 0.000000
vt 0.853658 0.500069 0.000000
vt 0.800433 0.564319 0.000000
vt 0.730211 0.724169 0.000000
vt 0.728908 0.732815 0.000000
vt 0.831632 0.620723 0.000000
vt 0.816888 0.620966 0.000000
vt 0.793109 0.777833 0.000000
vt 0.905254 0.760834 0.000000
vt 0.911612 0.755348 0.000000
vt 0.803407 0.347254 0.000000
vt 0.828990 0.093115 0.000000
vt 0.664072 0.768184 0.000000
vt 0.824860 0.120755 0.000000
vt 0.598960 0.691861 0.000000
vt 0.599349 0.706014 0.000000
vt 0.598654 0.721422 0.000000
vt 0.807767 0.230537 0.000000
# 367 texture coords

g 5_LOD
usemtl Material__2
f 1558/2740 1710/2657 1562/2782 
f 1562/2782 1563/2786 1558/2740 
f 1558/2483 1563/2730 1746/2650 
f 1558/2740 1564/2491 1689/2487 
f 1746/2650 1564/2726 1558/2483 
f 1733/2492 1565/2493 1566/2494 
f 1733/2492 1559/2485 1567/2496 
f 1567/2496 1565/2493 1733/2492 
f 1683/2497 1568/2498 1569/2499 
f 1569/2499 1570/2732 1683/2497 
f 1683/2497 1570/2732 1571/2735 
f 1572/2502 1568/2498 1683/2497 
f 1743/2505 1573/2738 1574/2748 
f 1743/2505 1575/2506 1576/2507 
f 1576/2507 1573/2738 1743/2505 
f 1559/2741 1793/2512 1577/2510 
f 1577/2510 1567/2742 1559/2741 
f 1559/2741 1578/2511 1793/2512 
f 1733/2492 1578/2727 1559/2485 
f 1798/2513 1579/2514 1560/2486 
f 1560/2486 1580/2515 1581/2516 
f 1581/2516 1798/2513 1560/2486 
f 1560/2744 1579/2745 1699/2666 
f 1699/2666 1580/2746 1560/2744 
f 1561/2731 1584/2739 1585/2743 
f 1585/2743 1726/2529 1561/2731 
f 1561/2488 1785/2528 1586/2734 
f 1586/2734 1584/2733 1561/2488 
f 1561/2488 1587/2527 1785/2528 
f 1726/2529 1587/2752 1561/2731 
f 1588/2535 1589/2536 1700/2533 
f 1700/2533 1589/2536 1590/2537 
f 1590/2537 1591/2538 1731/2534 
f 1590/2750 1589/2751 1778/2540 
f 1778/2540 1591/2753 1590/2750 
f 1592/2539 1591/2753 1778/2540 
f 1771/2546 1594/2545 1595/2547 
f 1594/2545 1771/2546 1795/2550 1596/2551 
f 1596/2551 1795/2550 1723/2519 1597/2552 
f 1597/2756 1726/2529 1734/2543 1596/2755 
f 1691/2544 1594/2754 1596/2755 1734/2543 
f 1726/2529 1597/2756 1598/2757 
f 1723/2519 1599/2554 1598/2553 
f 1598/2757 1599/2758 1587/2752 
f 1587/2752 1726/2529 1598/2757 
f 1598/2553 1597/2552 1723/2519 
f 1785/2528 1587/2527 1599/2554 
f 1600/2736 1601/2737 1755/2581 
f 1755/2581 1601/2737 1586/2734 
f 1601/2556 1600/2555 1681/2558 
f 1722/2557 1586/2526 1601/2556 
f 1584/2524 1586/2526 1722/2557 
f 1602/2559 1585/2525 1722/2557 
f 1722/2557 1585/2525 1584/2524 
f 1722/2557 1603/2560 1602/2559 
f 1602/2759 1603/2764 1593/2541 
f 1726/2529 1585/2743 1602/2759 
f 1731/2534 1592/2769 1603/2560 
f 1603/2764 1592/2539 1778/2540 
f 1591/2538 1592/2769 1731/2534 
f 1604/2563 1605/2564 1702/2567 
f 1702/2567 1605/2564 1606/2725 
f 1702/2567 1606/2725 1607/2566 
f 1702/2567 1607/2566 1608/2568 
f 1702/2567 1608/2568 1609/2569 
f 1568/2774 1572/2775 1753/2532 
f 1753/2532 1572/2775 1610/2571 
f 1610/2571 1588/2535 1700/2533 
f 1610/2776 1572/2502 1683/2497 
f 1780/2572 1588/2778 1610/2776 
f 1589/2751 1588/2778 1780/2572 
f 1684/2721 1595/2780 1594/2754 
f 1595/2780 1684/2721 1611/2762 
f 1693/2520 1595/2547 1611/2574 
f 1693/2520 1611/2574 1612/2575 
f 1612/2575 1613/2576 1693/2520 
f 1693/2520 1613/2576 1582/2521 
f 1613/2783 1612/2784 1720/2611 
f 1613/2783 1720/2611 1614/2811 
f 1614/2811 1582/2749 1613/2783 
f 1693/2520 1582/2521 1614/2577 
f 1630/2612 1615/2813 1614/2811 
f 1614/2577 1615/2579 1766/2578 
f 1616/2583 1617/2584 1706/2582 
f 1706/2582 1617/2584 1600/2736 
f 1617/2787 1616/2788 1740/2585 
f 1681/2558 1600/2555 1617/2787 
f 1578/2511 1604/2563 1793/2512 
f 1619/2591 1620/2592 1770/2590 
f 1770/2590 1620/2592 1577/2510 
f 1620/2795 1619/2794 1694/2593 
f 1762/2594 1577/2793 1620/2795 
f 1567/2812 1577/2793 1762/2594 
f 1565/2789 1567/2812 1762/2594 
f 1566/2791 1565/2789 1762/2594 
f 1621/2796 1566/2791 1762/2594 
f 1695/2627 1622/2797 1621/2796 
f 1621/2595 1622/2596 1761/2630 
f 1739/2495 1566/2494 1621/2595 
f 1792/2598 1623/2599 1624/2600 
f 1625/2601 1623/2599 1792/2598 
f 1683/2497 1623/2766 1625/2768 
f 1776/2719 1626/2602 1625/2601 
f 1625/2768 1626/2770 1683/2497 
f 1683/2497 1626/2770 1627/2771 
f 1628/2609 1741/2608 1677/2772 
f 1741/2608 1628/2609 1629/2610 
f 1629/2610 1612/2763 1684/2721 
f 1629/2804 1628/2805 1720/2611 
f 1720/2611 1612/2784 1629/2804 
f 1631/2814 1615/2813 1630/2612 
f 1766/2578 1615/2579 1631/2613 
f 1751/2709 1632/2815 1631/2814 
f 1631/2613 1632/2614 1766/2578 
f 1634/2619 1635/2620 1706/2582 
f 1706/2582 1635/2620 1616/2583 
f 1635/2816 1634/2817 1736/2653 
f 1740/2585 1616/2788 1635/2816 
f 1636/2623 1637/2624 1770/2590 
f 1770/2590 1637/2624 1619/2591 
f 1637/2799 1636/2798 1710/2657 
f 1694/2593 1619/2794 1637/2799 
f 1638/2800 1639/2801 1695/2627 
f 1695/2627 1639/2801 1622/2797 
f 1639/2629 1638/2628 1761/2630 
f 1761/2630 1622/2596 1639/2629 
f 1758/2635 1640/2636 1641/2637 
f 1642/2638 1640/2636 1758/2635 
f 1789/2716 1640/2819 1642/2818 
f 1699/2666 1643/2639 1642/2638 
f 1642/2818 1643/2781 1789/2716 
f 1789/2716 1643/2781 1579/2514 
f 1644/2641 1645/2642 1719/2640 
f 1719/2640 1645/2642 1646/2643 
f 1646/2820 1645/2821 1682/2707 
f 1682/2707 1678/2713 1646/2820 
f 1647/2760 1575/2506 1743/2505 
f 1647/2646 1661/2676 1575/2792 
f 1661/2676 1649/2648 1648/2647 
f 1688/2518 1648/2840 1649/2822 
f 1724/2677 1662/2678 1649/2648 
f 1649/2822 1662/2828 1715/2649 
f 1650/2651 1651/2652 1746/2650 
f 1746/2650 1651/2652 1634/2619 
f 1651/2823 1650/2824 1736/2653 
f 1736/2653 1634/2817 1651/2823 
f 1736/2653 1650/2824 1652/2654 
f 1690/2484 1652/2654 1653/2655 
f 1562/2489 1654/2656 1718/2588 
f 1718/2588 1654/2656 1636/2623 
f 1654/2802 1562/2782 1710/2657 
f 1710/2657 1636/2798 1654/2802 
f 1655/2803 1656/2806 1686/2660 
f 1686/2660 1656/2806 1638/2800 
f 1656/2662 1655/2661 1737/2690 
f 1761/2630 1638/2628 1656/2662 
f 1699/2666 1579/2745 1643/2639 
f 1791/2667 1657/2668 1580/2746 
f 1796/2708 1580/2785 1657/2825 
f 1791/2667 1658/2669 1657/2668 
f 1657/2825 1658/2826 1796/2708 
f 1796/2708 1658/2826 1659/2670 
f 1660/2674 1763/2673 1675/2833 
f 1660/2674 1647/2760 1698/2645 
f 1660/2827 1675/2700 1692/2699 
f 1769/2675 1647/2646 1660/2827 
f 1724/2677 1663/2829 1662/2678 
f 1662/2828 1663/2679 1715/2649 
f 1663/2679 1664/2681 1773/2680 
f 1746/2650 1664/2681 1665/2682 
f 1746/2650 1665/2682 1564/2726 
f 1665/2808 1664/2807 1689/2487 
f 1689/2487 1564/2491 1665/2808 
f 1664/2807 1663/2829 1724/2677 
f 1666/2686 1686/2660 1674/2832 
f 1686/2660 1666/2686 1667/2687 
f 1686/2660 1667/2687 1668/2809 
f 1668/2809 1669/2810 1686/2660 
f 1686/2660 1669/2810 1655/2803 
f 1669/2689 1668/2688 1737/2690 
f 1737/2690 1655/2661 1669/2689 
f 1737/2690 1670/2692 1671/2693 
f 1672/2694 1670/2692 1737/2690 
f 1732/2702 1670/2830 1672/2765 
f 1737/2690 1673/2695 1672/2694 
f 1672/2765 1673/2779 1687/2696 
f 1667/2790 1687/2696 1668/2761 
f 1687/2696 1667/2790 1666/2831 
f 1666/2831 1674/2698 1787/2697 
f 1675/2833 1763/2673 1787/2697 1674/2698 
f 1692/2699 1675/2700 1674/2832 
f 1671/2834 1712/2671 1676/2703 
f 1712/2671 1671/2834 1670/2830 
f 1676/2835 1711/2704 1671/2693 
f 1711/2704 1676/2835 1659/2836 
f 1711/2704 1659/2836 1658/2669 
f 1712/2671 1659/2670 1676/2703 
f 1687/2696 1673/2779 1668/2761 
f 1737/2690 1668/2688 1673/2695 
f 1644/2837 1581/2838 1796/2708 
f 1644/2641 1798/2513 1581/2516 
f 1645/2821 1644/2837 1682/2707 
f 1796/2708 1581/2838 1580/2785 
f 1690/2484 1653/2655 1563/2490 
f 1563/2490 1562/2489 1690/2484 
f 1653/2747 1652/2839 1746/2650 
f 1746/2650 1563/2730 1653/2747 
f 1652/2839 1650/2651 1746/2650 
f 1688/2518 1576/2841 1648/2840 
f 1648/2647 1576/2842 1575/2792 
f 1575/2792 1661/2676 1648/2647 
f 1677/2712 1678/2713 1738/2711 
f 1678/2777 1677/2772 1741/2608 
f 1741/2608 1646/2643 1678/2777 
f 1679/2717 1641/2843 1789/2716 
f 1789/2716 1641/2843 1640/2819 
f 1788/2605 1680/2845 1679/2717 
f 1679/2844 1680/2718 1776/2719 
f 1707/2634 1641/2637 1679/2844 
f 1776/2719 1627/2603 1626/2602 
f 1680/2718 1627/2603 1776/2719 
f 1716/2604 1627/2771 1680/2845 
f 1720/2611 1628/2805 1677/2712 
f 1574/2748 1632/2815 1751/2709 
f 1632/2614 1574/2504 1688/2518 
f 1688/2518 1574/2504 1573/2503 
f 1684/2721 1612/2763 1611/2762 
f 1624/2600 1571/2501 1747/2724 
f 1624/2767 1623/2766 1683/2497 
f 1683/2497 1571/2735 1624/2767 
f 1696/2597 1607/2846 1606/2565 
f 1608/2847 1607/2846 1696/2597 
f 1733/2492 1606/2565 1605/2729 
f 1609/2848 1608/2847 1747/2724 
f 1747/2724 1571/2501 1570/2500 
f 1570/2500 1609/2848 1747/2724 
f 1569/2773 1568/2774 1753/2532 
f 1752/2570 1609/2569 1570/2849 
f 1570/2849 1569/2773 1752/2570 
f 1605/2729 1604/2728 1578/2727 
f 1578/2727 1733/2492 1605/2729 
f 1573/2503 1576/2841 1688/2518 
f 1753/2532 1752/2570 1569/2773 
f 1736/2653 1740/2585 1635/2816 
f 1678/2713 1682/2707 1738/2711 
f 1594/2754 1691/2544 1684/2721 
f 1780/2572 1778/2540 1589/2751 
f 1788/2605 1701/2715 1721/2606 
f 1789/2716 1788/2605 1679/2717 
f 1723/2519 1785/2528 1599/2554 
f 1614/2577 1766/2578 1693/2520 
f 1686/2660 1692/2699 1674/2832 
f 1637/2799 1782/2625 1694/2593 
f 1670/2830 1732/2702 1712/2671 
f 1727/2705 1760/2644 1767/2672 1732/2702 
f 1744/2548 1774/2615 1759/2617 
f 1663/2679 1773/2680 1715/2649 
f 1775/2658 1756/2626 1782/2625 
f 1724/2677 1689/2487 1664/2807 
f 1772/2531 1750/2562 1777/2530 
f 1636/2623 1770/2590 1718/2588 
f 1721/2606 1709/2542 1708/2573 
f 1748/2701 1775/2658 1729/2683 
f 1692/2699 1769/2675 1660/2827 
f 1742/2580 1744/2548 1693/2520 
f 1595/2547 1693/2520 1771/2546 
f 1638/2800 1695/2627 1686/2660 
f 1783/2685 1686/2660 1695/2627 
f 1762/2594 1695/2627 1621/2796 
f 1694/2593 1782/2625 1756/2626 
f 1747/2724 1792/2598 1624/2600 
f 1566/2494 1739/2495 1733/2492 
f 1641/2637 1707/2634 1758/2635 
f 1764/2508 1761/2630 1735/2632 
f 1751/2709 1743/2505 1574/2748 
f 1658/2669 1791/2667 1711/2704 
f 1765/2691 1790/2665 1779/2664 
f 1772/2531 1777/2530 1753/2532 
f 1603/2560 1722/2557 1731/2534 
f 1730/2607 1784/2722 1781/2723 
f 1741/2608 1719/2640 1646/2643 
f 1750/2562 1618/2589 1777/2530 
f 1702/2567 1793/2512 1604/2563 
f 1738/2711 1720/2611 1677/2712 
f 1727/2705 1799/2517 1751/2709 1760/2644 
f 1786/2509 1749/2586 1731/2534 
f 1736/2653 1704/2621 1740/2585 
f 1737/2690 1705/2631 1656/2662 
f 1754/2663 1735/2632 1705/2631 
f 1706/2582 1633/2618 1634/2619 
f 1715/2649 1773/2680 1713/2616 
f 1625/2601 1697/2720 1776/2719 
f 1790/2665 1707/2634 1779/2664 
f 1627/2771 1716/2604 1683/2497 
f 1683/2497 1780/2572 1610/2776 
f 1778/2540 1708/2573 1709/2542 
f 1558/2740 1689/2487 1710/2657 
f 1729/2683 1689/2487 1724/2677 
f 1671/2693 1711/2704 1737/2690 
f 1779/2664 1754/2663 1765/2691 
f 1659/2670 1712/2671 1796/2708 
f 1682/2707 1728/2706 1703/2710 
f 1755/2581 1795/2550 1759/2617 
f 1633/2618 1706/2582 1713/2616 
f 1697/2720 1714/2633 1776/2719 
f 1697/2720 1764/2508 1735/2632 
f 1715/2649 1688/2518 1649/2822 
f 1744/2548 1742/2580 1774/2615 
f 1788/2605 1721/2606 1708/2573 
f 1683/2497 1716/2604 1708/2573 
f 1783/2685 1717/2659 1794/2684 
f 1695/2627 1717/2659 1783/2685 
f 1718/2588 1690/2484 1562/2489 
f 1797/2587 1757/2622 1750/2562 
f 1579/2514 1798/2513 1789/2716 
f 1768/2714 1721/2606 1701/2715 
f 1703/2710 1630/2612 1720/2611 
f 1614/2811 1720/2611 1630/2612 
f 1781/2723 1691/2544 1709/2542 
f 1784/2722 1691/2544 1781/2723 
f 1601/2556 1681/2558 1722/2557 
f 1731/2534 1722/2557 1786/2509 
f 1755/2581 1723/2519 1795/2550 
f 1661/2676 1724/2677 1649/2648 
f 1724/2677 1748/2701 1729/2683 
f 1725/2561 1731/2534 1749/2586 
f 1797/2587 1750/2562 1772/2531 
f 1602/2759 1593/2541 1726/2529 
f 1726/2529 1593/2541 1734/2543 
f 1732/2702 1787/2697 1763/2673 1727/2705 
f 1712/2671 1767/2672 1728/2706 1682/2707 
f 1732/2702 1767/2672 1712/2671 
f 1729/2683 1775/2658 1782/2625 
f 1729/2683 1782/2625 1689/2487 
f 1730/2607 1721/2606 1768/2714 
f 1741/2608 1730/2607 1719/2640 
f 1590/2537 1731/2534 1700/2533 
f 1731/2534 1725/2561 1700/2533 
f 1672/2765 1687/2696 1732/2702 
f 1606/2565 1733/2492 1696/2597 
f 1733/2492 1739/2495 1764/2508 
f 1709/2542 1734/2543 1593/2541 
f 1734/2543 1709/2542 1691/2544 
f 1754/2663 1779/2664 1735/2632 
f 1714/2633 1697/2720 1735/2632 
f 1704/2621 1736/2653 1757/2622 
f 1652/2654 1690/2484 1736/2653 
f 1583/2522 1737/2690 1711/2704 
f 1705/2631 1737/2690 1754/2663 
f 1682/2707 1703/2710 1738/2711 
f 1703/2710 1720/2611 1738/2711 
f 1761/2630 1739/2495 1621/2595 
f 1764/2508 1739/2495 1761/2630 
f 1681/2558 1740/2585 1704/2621 
f 1740/2585 1681/2558 1617/2787 
f 1741/2608 1784/2722 1730/2607 
f 1629/2610 1684/2721 1741/2608 
f 1632/2614 1688/2518 1766/2578 
f 1715/2649 1742/2580 1688/2518 
f 1751/2709 1799/2517 1743/2505 
f 1743/2505 1698/2645 1647/2760 
f 1759/2617 1685/2549 1744/2548 
f 1695/2627 1762/2594 1745/2523 
f 1756/2626 1717/2659 1695/2627 
f 1664/2681 1746/2650 1773/2680 
f 1634/2619 1633/2618 1746/2650 
f 1747/2724 1696/2597 1792/2598 
f 1696/2597 1747/2724 1608/2847 
f 1769/2675 1783/2685 1794/2684 
f 1748/2701 1724/2677 1661/2676 
f 1704/2621 1749/2586 1681/2558 
f 1725/2561 1749/2586 1704/2621 
f 1718/2588 1770/2590 1750/2562 
f 1750/2562 1757/2622 1718/2588 
f 1631/2814 1630/2612 1751/2709 
f 1630/2612 1760/2644 1751/2709 
f 1609/2569 1752/2570 1702/2567 
f 1777/2530 1752/2570 1753/2532 
f 1610/2571 1700/2533 1753/2532 
f 1753/2532 1700/2533 1725/2561 
f 1583/2522 1754/2663 1737/2690 
f 1754/2663 1583/2522 1765/2691 
f 1713/2616 1706/2582 1755/2581 
f 1600/2736 1755/2581 1706/2582 
f 1745/2523 1756/2626 1695/2627 
f 1694/2593 1756/2626 1745/2523 
f 1718/2588 1757/2622 1690/2484 
f 1736/2653 1690/2484 1757/2622 
f 1765/2691 1699/2666 1790/2665 
f 1758/2635 1699/2666 1642/2638 
f 1713/2616 1755/2581 1759/2617 
f 1713/2616 1759/2617 1774/2615 
f 1703/2710 1760/2644 1630/2612 
f 1728/2706 1767/2672 1760/2644 1703/2710 
f 1735/2632 1761/2630 1705/2631 
f 1656/2662 1705/2631 1761/2630 
f 1620/2795 1694/2593 1762/2594 
f 1694/2593 1745/2523 1762/2594 
f 1763/2673 1799/2517 1727/2705 
f 1698/2645 1763/2673 1660/2674 
f 1792/2598 1696/2597 1764/2508 
f 1764/2508 1696/2597 1733/2492 
f 1765/2691 1583/2522 1711/2704 
f 1711/2704 1699/2666 1765/2691 
f 1742/2580 1766/2578 1688/2518 
f 1742/2580 1693/2520 1766/2578 
f 1768/2714 1789/2716 1798/2513 
f 1719/2640 1730/2607 1768/2714 
f 1769/2675 1661/2676 1647/2646 
f 1661/2676 1769/2675 1794/2684 
f 1770/2590 1618/2589 1750/2562 
f 1577/2510 1793/2512 1770/2590 
f 1685/2549 1771/2546 1744/2548 
f 1771/2546 1693/2520 1744/2548 
f 1797/2587 1772/2531 1725/2561 
f 1753/2532 1725/2561 1772/2531 
f 1713/2616 1773/2680 1633/2618 
f 1746/2650 1633/2618 1773/2680 
f 1742/2580 1715/2649 1774/2615 
f 1715/2649 1713/2616 1774/2615 
f 1775/2658 1794/2684 1717/2659 
f 1756/2626 1775/2658 1717/2659 
f 1776/2719 1714/2633 1707/2634 
f 1776/2719 1707/2634 1679/2844 
f 1618/2589 1702/2567 1777/2530 
f 1777/2530 1702/2567 1752/2570 
f 1778/2540 1593/2541 1603/2764 
f 1778/2540 1709/2542 1593/2541 
f 1779/2664 1714/2633 1735/2632 
f 1707/2634 1714/2633 1779/2664 
f 1708/2573 1778/2540 1780/2572 
f 1708/2573 1780/2572 1683/2497 
f 1730/2607 1781/2723 1721/2606 
f 1781/2723 1709/2542 1721/2606 
f 1710/2657 1782/2625 1637/2799 
f 1689/2487 1782/2625 1710/2657 
f 1692/2699 1686/2660 1783/2685 
f 1769/2675 1692/2699 1783/2685 
f 1684/2721 1784/2722 1741/2608 
f 1784/2722 1684/2721 1691/2544 
f 1586/2734 1785/2528 1755/2581 
f 1785/2528 1723/2519 1755/2581 
f 1786/2509 1681/2558 1749/2586 
f 1786/2509 1722/2557 1681/2558 
f 1732/2702 1687/2696 1787/2697 
f 1787/2697 1687/2696 1666/2831 
f 1788/2605 1716/2604 1680/2845 
f 1708/2573 1716/2604 1788/2605 
f 1789/2716 1701/2715 1788/2605 
f 1701/2715 1789/2716 1768/2714 
f 1699/2666 1758/2635 1790/2665 
f 1790/2665 1758/2635 1707/2634 
f 1580/2746 1699/2666 1791/2667 
f 1791/2667 1699/2666 1711/2704 
f 1764/2508 1697/2720 1792/2598 
f 1792/2598 1697/2720 1625/2601 
f 1618/2589 1793/2512 1702/2567 
f 1793/2512 1618/2589 1770/2590 
f 1775/2658 1748/2701 1794/2684 
f 1794/2684 1748/2701 1661/2676 
f 1759/2617 1795/2550 1685/2549 
f 1795/2550 1771/2546 1685/2549 
f 1796/2708 1682/2707 1644/2837 
f 1712/2671 1682/2707 1796/2708 
f 1704/2621 1757/2622 1797/2587 
f 1704/2621 1797/2587 1725/2561 
f 1768/2714 1798/2513 1719/2640 
f 1719/2640 1798/2513 1644/2641 
f 1799/2517 1698/2645 1743/2505 
f 1799/2517 1763/2673 1698/2645 
# 10 polygons - 460 triangles

#
# object 2_LOD
#

v  145.566559 73.264648 145.106033
v  248.067902 62.896751 -17.977901
v  144.675629 86.851044 -238.711411
v  164.568146 78.030487 -241.081497
v  115.538788 144.601440 -212.868607
v  72.180359 175.753555 79.250961
v  146.108856 242.284271 53.189915
v  184.914734 130.083237 120.726883
v  173.415833 118.449661 133.997208
v  219.266388 225.627991 31.796947
v  12.429810 132.235855 67.979340
v  138.061462 94.783463 150.947250
v  137.062012 56.583084 144.904221
v  151.652039 21.630554 110.107590
v  158.797943 10.176033 95.829758
v  -49.448914 84.808960 -24.834839
v  17.153442 108.803024 83.089859
v  139.449097 -3.819275 92.359085
v  -45.611633 65.855865 -93.493790
v  -47.936462 71.977982 -70.762779
v  17.019592 54.080231 101.946182
v  -0.134460 33.062057 85.726517
v  220.078094 15.551262 -31.745285
v  230.141724 17.625938 -73.291138
v  266.314880 121.342117 -51.252785
v  -39.512085 64.152649 -115.508713
v  -52.686401 52.794563 -92.745224
v  -34.380737 17.082031 12.626537
v  238.548615 15.357132 -118.688339
v  237.189301 14.628113 -141.345856
v  249.013153 63.648827 -173.767441
v  -18.105469 48.363205 -177.424835
v  -46.612183 9.623428 -64.785004
v  -47.534119 9.096642 -38.601265
v  156.181152 15.181122 -218.820572
v  193.625031 14.098083 -207.706863
v  228.012268 15.217995 -183.829453
v  238.835022 44.979630 -192.496140
v  -5.045105 61.144989 -189.344955
v  118.659485 13.480743 -216.032333
v  156.204529 33.520859 -233.706924
v  116.831360 111.657227 -228.694504
v  40.280457 13.337448 -205.467331
v  2.882507 13.325912 -191.657761
v  -11.671875 16.813843 -175.435196
v  -28.196533 101.749252 50.878719
v  -1.457764 19.911606 -196.956406
v  157.627686 249.328033 33.962597
v  197.922302 -0.925049 -18.437305
v  252.915466 173.461761 -37.002552
v  176.758179 225.147980 69.269775
v  184.064331 43.807404 84.057053
v  249.958893 32.664063 -116.895920
v  123.575806 21.425270 124.209152
v  -59.333130 48.927429 -10.795918
v  -10.996399 -6.063431 -67.573906
v  70.307129 151.779144 -154.113831
v  226.592621 88.345856 -192.588699
v  41.960144 167.778717 -4.149570
v  137.885834 0.647232 -175.517807
v  29.385620 11.952515 85.952530
v  42.340149 6.721077 -190.127487
v  228.055908 7.396507 -99.176086
v  237.928619 142.197327 43.271214
v  128.307465 156.053635 124.649490
v  150.170807 209.046997 -75.344437
v  -33.803406 71.990646 -114.448166
v  183.332367 165.959122 -122.978973
v  46.821350 170.721481 60.885296
v  84.305237 132.837860 -211.129257
v  128.667175 98.638763 -232.675980
v  93.472168 188.131424 80.183273
v  109.289795 202.362335 75.745224
v  122.371826 216.509369 68.676743
v  134.058441 230.156525 60.600620
v  197.556549 234.862579 34.994411
v  178.753723 245.219727 38.979153
v  160.469360 247.832947 44.699917
v  -37.362305 102.605652 18.146358
v  -24.789185 114.261292 35.208439
v  -9.339966 126.403885 50.105938
v  31.492310 149.986328 66.766129
v  50.403381 164.352295 75.178452
v  129.324493 55.504318 145.912094
v  145.517181 46.203323 133.711899
v  148.257813 33.156647 123.426651
v  165.112152 7.733444 77.594269
v  172.924927 9.702843 58.936436
v  251.184387 191.750717 12.392780
v  -46.396118 91.770340 -2.488380
v  96.118774 56.189987 134.050308
v  183.428650 11.065262 41.811375
v  203.359192 15.606720 5.911144
v  262.968750 155.799545 -19.086475
v  258.151367 171.755630 -2.627979
v  39.190857 42.055115 111.606216
v  234.998016 16.819344 -95.427597
v  261.708252 84.714096 -107.249390
v  264.277191 94.734253 -87.191818
v  267.176758 136.998901 -33.780396
v  -15.806885 28.761414 64.512405
v  235.184875 13.930847 -164.001495
v  253.186401 68.709923 -151.288040
v  -16.951050 58.676804 -173.743179
v  -25.324890 57.967453 -155.055664
v  224.400635 61.218147 -212.244370
v  -35.485474 13.782867 -111.429428
v  185.969757 70.816772 -236.473953
v  206.060944 64.901230 -225.399551
v  107.568481 123.402161 -224.901352
v  96.227173 113.587173 -227.980148
v  21.013611 13.005493 -200.774429
v  79.904907 12.370010 -206.015945
v  55.160217 88.028000 -221.264236
v  151.922363 88.772690 145.310928
v  144.432861 59.287758 140.670059
v  194.333740 143.243103 107.079575
v  221.708679 176.058441 64.636917
v  9.927124 139.553299 60.725773
v  237.746582 205.145630 31.846363
v  238.515808 211.298676 24.428944
v  19.202148 36.229568 100.342331
v  236.297760 24.515739 -189.485001
v  239.551971 60.685928 -194.280563
v  -15.060547 18.984848 -177.603989
# 125 vertices

vt 0.815808 0.929669 0.000000
vt 0.254603 0.815229 0.000000
vt 0.253684 0.805380 0.000000
vt 0.366999 0.811093 0.000000
vt 0.943432 0.887538 0.000000
vt 0.936928 0.897997 0.000000
vt 0.932494 0.910371 0.000000
vt 0.136578 0.958548 0.000000
vt 0.766555 0.903864 0.000000
vt 0.753664 0.896138 0.000000
vt 0.792654 0.876147 0.000000
vt 0.775823 0.913538 0.000000
vt 0.298049 0.793303 0.000000
vt 0.071284 0.803961 0.000000
vt 0.783276 0.923606 0.000000
vt 0.796939 0.942451 0.000000
vt 0.265223 0.835345 0.000000
vt 0.311811 0.875504 0.000000
vt 0.844294 0.946571 0.000000
vt 0.830340 0.948990 0.000000
vt 0.817348 0.950904 0.000000
vt 0.154179 0.801206 0.000000
vt 0.805628 0.949043 0.000000
vt 0.077567 0.842020 0.000000
vt 0.282243 0.920626 0.000000
vt 0.286233 0.915762 0.000000
vt 0.726855 0.883043 0.000000
vt 0.740149 0.889749 0.000000
vt 0.800626 0.838203 0.000000
vt 0.286359 0.770206 0.000000
vt 0.297830 0.768833 0.000000
vt 0.309763 0.770322 0.000000
vt 0.329045 0.856457 0.000000
vt 0.333386 0.894700 0.000000
vt 0.347373 0.886748 0.000000
vt 0.337643 0.898725 0.000000
vt 0.306687 0.939908 0.000000
vt 0.479460 0.920662 0.000000
vt 0.504448 0.923571 0.000000
vt 0.345968 0.776527 0.000000
vt 0.368417 0.866279 0.000000
vt 0.358046 0.875606 0.000000
vt 0.152801 0.869300 0.000000
vt 0.396906 0.953029 0.000000
vt 0.383190 0.950071 0.000000
vt 0.348832 0.968169 0.000000
vt 0.576644 0.937408 0.000000
vt 0.396918 0.780163 0.000000
vt 0.410473 0.780121 0.000000
vt 0.424290 0.791355 0.000000
vt 0.419787 0.823111 0.000000
vt 0.408394 0.829866 0.000000
vt 0.387681 0.846052 0.000000
vt 0.377559 0.855376 0.000000
vt 0.219458 0.855415 0.000000
vt 0.026672 0.924905 0.000000
vt 0.410446 0.952920 0.000000
vt 0.396172 0.961673 0.000000
vt 0.332440 0.989990 0.000000
vt 0.487042 0.861351 0.000000
vt 0.627717 0.939706 0.000000
vt 0.452365 0.777472 0.000000
vt 0.458364 0.809455 0.000000
vt 0.445006 0.812813 0.000000
vt 0.176417 0.904480 0.000000
vt 0.106842 0.926920 0.000000
vt 0.447362 0.952435 0.000000
vt 0.435437 0.954152 0.000000
vt 0.449733 0.958474 0.000000
vt 0.382469 0.989982 0.000000
vt 0.366069 0.991938 0.000000
vt 0.566101 0.811619 0.000000
vt 0.653687 0.874801 0.000000
vt 0.464991 0.776418 0.000000
vt 0.470552 0.797645 0.000000
vt 0.919429 0.950178 0.000000
vt 0.471608 0.807226 0.000000
vt 0.210645 0.961324 0.000000
vt 0.117239 0.961785 0.000000
vt 0.911640 0.805589 0.000000
vt 0.888394 0.812817 0.000000
vt 0.905777 0.906709 0.000000
vt 0.928237 0.923604 0.000000
vt 0.923549 0.937092 0.000000
vt 0.957086 0.873181 0.000000
vt 0.950582 0.879548 0.000000
vt 0.950232 0.867301 0.000000
vt 0.644746 0.818515 0.000000
vt 0.932590 0.843916 0.000000
vt 0.256493 0.797168 0.000000
vt 0.321534 0.772127 0.000000
vt 0.274153 0.935767 0.000000
vt 0.268424 0.969954 0.000000
vt 0.789881 0.933543 0.000000
vt 0.370975 0.778344 0.000000
vt 0.424767 0.779113 0.000000
vt 0.274669 0.843585 0.000000
vt 0.283537 0.852507 0.000000
vt 0.891824 0.907936 0.000000
vt 0.890246 0.931721 0.000000
vt 0.889126 0.885106 0.000000
vt 0.885731 0.838153 0.000000
vt 0.884561 0.826243 0.000000
vt 0.883021 0.813943 0.000000
vt 0.885351 0.861600 0.000000
vt 0.283078 0.981528 0.000000
vt 0.268692 0.980593 0.000000
vt 0.298883 0.983330 0.000000
vt 0.452088 0.976706 0.000000
vt 0.411615 0.984904 0.000000
vt 0.451921 0.979434 0.000000
vt 0.794341 0.815376 0.000000
vt 0.799263 0.815757 0.000000
vt 0.772444 0.817174 0.000000
vt 0.735153 0.812509 0.000000
vt 0.299011 0.923891 0.000000
vt 0.312795 0.929672 0.000000
vt 0.261176 0.789751 0.000000
vt 0.267971 0.782495 0.000000
vt 0.276272 0.775942 0.000000
vt 0.340863 0.941494 0.000000
vt 0.355010 0.944457 0.000000
vt 0.326548 0.935722 0.000000
vt 0.438620 0.778452 0.000000
vt 0.467838 0.784499 0.000000
vt 0.459800 0.939261 0.000000
vt 0.149982 0.986501 0.000000
vt 0.161820 0.991561 0.000000
vt 0.175088 0.993495 0.000000
vt 0.095559 0.783264 0.000000
vt 0.081747 0.788381 0.000000
vt 0.108737 0.783069 0.000000
vt 0.121017 0.785151 0.000000
vt 0.132847 0.788040 0.000000
vt 0.144296 0.791011 0.000000
vt 0.194520 0.805660 0.000000
vt 0.180453 0.801426 0.000000
vt 0.167208 0.797988 0.000000
vt 0.155120 0.794779 0.000000
vt 0.015522 0.844920 0.000000
vt 0.022736 0.832486 0.000000
vt 0.031849 0.821000 0.000000
vt 0.043561 0.811273 0.000000
vt 0.055781 0.803266 0.000000
vt 0.068369 0.794984 0.000000
vt 0.457460 0.929356 0.000000
vt 0.458546 0.934099 0.000000
vt 0.468480 0.937512 0.000000
vt 0.478773 0.936946 0.000000
vt 0.490060 0.937043 0.000000
vt 0.502753 0.937569 0.000000
vt 0.515254 0.939001 0.000000
vt 0.527662 0.941481 0.000000
vt 0.219520 0.824290 0.000000
vt 0.208122 0.813049 0.000000
vt 0.010411 0.872879 0.000000
vt 0.010827 0.858949 0.000000
vt 0.455847 0.907445 0.000000
vt 0.539617 0.944129 0.000000
vt 0.563772 0.949686 0.000000
vt 0.234804 0.850018 0.000000
vt 0.228690 0.837034 0.000000
vt 0.015912 0.914842 0.000000
vt 0.013551 0.901003 0.000000
vt 0.476044 0.842774 0.000000
vt 0.469691 0.856614 0.000000
vt 0.464421 0.870316 0.000000
vt 0.588625 0.950892 0.000000
vt 0.614134 0.948951 0.000000
vt 0.627528 0.946869 0.000000
vt 0.245492 0.918259 0.000000
vt 0.247465 0.904699 0.000000
vt 0.245260 0.877262 0.000000
vt 0.241759 0.863215 0.000000
vt 0.021471 0.927304 0.000000
vt 0.514241 0.810617 0.000000
vt 0.486435 0.830095 0.000000
vt 0.641136 0.943211 0.000000
vt 0.653405 0.937654 0.000000
vt 0.665549 0.931854 0.000000
vt 0.233247 0.959175 0.000000
vt 0.238353 0.945887 0.000000
vt 0.038901 0.960486 0.000000
vt 0.031677 0.950543 0.000000
vt 0.557765 0.790085 0.000000
vt 0.542545 0.794694 0.000000
vt 0.682414 0.877394 0.000000
vt 0.682476 0.900515 0.000000
vt 0.675376 0.924170 0.000000
vt 0.215179 0.980643 0.000000
vt 0.225772 0.970957 0.000000
vt 0.047650 0.968580 0.000000
vt 0.586796 0.787629 0.000000
vt 0.674106 0.856510 0.000000
vt 0.189147 0.991944 0.000000
vt 0.202883 0.987281 0.000000
vt 0.131670 0.973240 0.000000
vt 0.140156 0.980159 0.000000
vt 0.121924 0.977878 0.000000
vt 0.653583 0.814117 0.000000
vt 0.647235 0.804249 0.000000
vt 0.638854 0.795670 0.000000
vt 0.627200 0.789848 0.000000
vt 0.661417 0.836318 0.000000
vt 0.090795 0.980689 0.000000
vt 0.809609 0.834914 0.000000
vt 0.805311 0.825352 0.000000
vt 0.804551 0.816562 0.000000
vt 0.835236 0.878524 0.000000
vt 0.829684 0.866623 0.000000
vt 0.822078 0.855830 0.000000
vt 0.850945 0.911562 0.000000
vt 0.715957 0.872277 0.000000
vt 0.713292 0.877898 0.000000
vt 0.858453 0.938442 0.000000
vt 0.858918 0.944130 0.000000
vt 0.720407 0.856054 0.000000
vt 0.721668 0.821160 0.000000
vt 0.721306 0.810499 0.000000
vt 0.909773 0.794131 0.000000
vt 0.903345 0.795742 0.000000
vt 0.886850 0.956734 0.000000
vt 0.894576 0.960050 0.000000
vt 0.907058 0.962434 0.000000
vt 0.916326 0.963729 0.000000
vt 0.884502 0.799789 0.000000
vt 0.881892 0.800729 0.000000
# 227 texture coords

g 2_LOD
usemtl Material__2
f 1914/2851 1800/2852 1851/2862 
f 1851/2862 1800/2852 1915/2939 
f 1870/2854 1802/2855 1840/2931 
f 1840/2931 1802/2855 1803/2856 
f 1864/2860 1871/2858 1805/2859 
f 1872/2861 1871/2858 1864/2860 
f 1805/2980 1871/2979 1868/2863 
f 1868/2863 1871/2979 1872/2981 
f 1872/2981 1873/2982 1847/2871 
f 1847/2871 1873/2982 1874/2983 
f 1874/2983 1806/2984 1847/2871 
f 1874/2943 1873/2864 1850/2850 
f 1850/2850 1806/2865 1874/2943 
f 1807/3059 1916/3058 1850/2850 
f 1851/2862 1916/2947 1807/2946 
f 1807/3059 1850/2850 1811/2878 1808/3060 
f 1807/2946 1808/2866 1851/2862 
f 1851/2862 1808/2866 1914/2851 
f 1916/2947 1863/2882 1917/2867 
f 1917/3061 1850/2850 1916/3058 
f 1809/2868 1875/2869 1850/2850 
f 1850/2850 1875/2869 1876/2870 
f 1876/2987 1875/2986 1849/2904 
f 1847/2871 1877/2988 1876/2987 
f 1876/2870 1877/2872 1850/2850 
f 1847/2871 1806/2984 1877/2988 
f 1877/2872 1806/2865 1850/2850 
f 1878/2989 1879/2990 1858/2873 
f 1858/2873 1879/2990 1880/2991 
f 1880/2965 1879/2966 1845/2886 
f 1880/2965 1845/2886 1810/2874 
f 1810/2874 1918/2875 1880/2965 
f 1880/2991 1918/2992 1868/2863 
f 1918/3063 1810/3062 1864/2860 
f 1864/2860 1881/2876 1918/3063 
f 1918/2992 1881/2993 1868/2863 
f 1864/2860 1882/2877 1881/2876 
f 1881/2993 1882/2994 1868/2863 
f 1864/2860 1805/2859 1882/2877 
f 1882/2994 1805/2980 1868/2863 
f 1811/2878 1914/3055 1808/3060 
f 1800/3056 1914/3055 1811/2878 
f 1883/2961 1812/2962 1811/2878 
f 1811/2878 1812/2962 1915/3057 
f 1915/3057 1800/3056 1811/2878 
f 1812/2996 1883/2995 1853/2887 
f 1812/2996 1853/2887 1884/2997 
f 1884/2997 1915/2975 1812/2996 
f 1853/2887 1885/2998 1884/2997 
f 1884/2967 1885/2968 1851/2862 
f 1851/2862 1915/2939 1884/2967 
f 1817/2888 1813/2999 1885/2998 
f 1885/2968 1813/2969 1851/2862 
f 1851/2862 1813/2969 1814/2879 
f 1851/2862 1814/2879 1886/2880 
f 1851/2862 1886/2880 1887/2881 
f 1917/2867 1863/2882 1919/2883 
f 1919/3064 1850/2850 1917/3061 
f 1919/2883 1863/2882 1888/2884 
f 1888/2884 1920/2885 1919/2883 
f 1919/3064 1920/3065 1809/2868 
f 1809/2868 1850/2850 1919/3064 
f 1920/3004 1888/3003 1849/2904 
f 1849/2904 1809/2985 1920/3004 
f 1875/2986 1809/2985 1849/2904 
f 1815/3005 1858/2873 1819/3013 
f 1858/2873 1815/3005 1889/3006 
f 1889/2970 1815/2971 1854/2895 
f 1845/2886 1878/2972 1889/2970 
f 1889/3006 1878/2989 1858/2873 
f 1879/2966 1878/2972 1845/2886 
f 1816/2941 1810/2874 1845/2886 
f 1816/3066 1864/2860 1810/3062 
f 1845/2886 1820/2942 1816/2941 
f 1816/3066 1820/3067 1864/2860 
f 1890/2963 1883/2961 1811/2878 
f 1890/3007 1853/2887 1883/2995 
f 1886/3001 1814/3000 1817/2888 
f 1817/2888 1814/3000 1813/2999 
f 1887/3002 1886/3001 1817/2888 
f 1891/3008 1887/3002 1817/2888 
f 1848/2896 1892/3009 1891/3008 
f 1891/2940 1892/2889 1851/2862 
f 1851/2862 1887/2881 1891/2940 
f 1893/2890 1894/2891 1863/2882 
f 1863/2882 1894/2891 1888/2884 
f 1894/3011 1893/3010 1849/2904 
f 1849/2904 1888/3003 1894/3011 
f 1818/3012 1819/3013 1858/2873 
f 1819/2894 1818/2893 1826/2907 
f 1826/2907 1815/2971 1819/2894 
f 1821/2955 1921/2956 1820/2942 1845/2886 
f 1895/2964 1864/2860 1820/3067 1921/3068 
f 1895/3016 1921/3015 1860/2909 
f 1853/2887 1890/3007 1895/3016 
f 1895/2964 1890/2963 1864/2860 
f 1892/3009 1848/2896 1822/3017 
f 1822/2944 1801/2853 1892/2889 
f 1801/2853 1822/2944 1823/2897 
f 1801/2853 1823/2897 1896/2898 
f 1897/2900 1852/2899 1902/2913 
f 1852/2899 1897/2900 1898/2901 
f 1898/3021 1897/3020 1849/2904 
f 1849/2904 1824/3022 1898/3021 
f 1898/2901 1824/2902 1852/2899 
f 1849/2904 1899/3023 1824/3022 
f 1824/2902 1899/2903 1801/2853 
f 1849/2904 1893/3010 1899/3023 
f 1899/2903 1893/2890 1863/2882 
f 1825/3024 1866/2905 1904/3033 
f 1866/2905 1825/3024 1818/3012 
f 1825/2906 1904/2917 1826/2907 
f 1826/2907 1818/2893 1825/2906 
f 1827/2908 1854/2895 1833/2920 
f 1854/2895 1827/2908 1900/2957 
f 1900/3026 1827/3025 1855/2921 
f 1860/2909 1821/3014 1900/3026 
f 1900/2957 1821/2955 1845/2886 
f 1921/3015 1821/3014 1860/2909 
f 1823/3018 1822/3017 1848/2896 
f 1896/3019 1823/3018 1862/2910 
f 1828/3027 1896/3019 1862/2910 
f 1859/2922 1829/3028 1828/3027 
f 1828/2945 1829/2973 1852/2899 
f 1801/2853 1896/2898 1828/2945 
f 1852/2899 1829/2973 1901/2911 
f 1830/2912 1902/2913 1852/2899 
f 1902/3031 1830/3030 1857/2927 
f 1857/2927 1897/3020 1902/3031 
f 1903/3032 1904/3033 1866/2905 
f 1904/2917 1903/2916 1831/2918 
f 1831/2918 1826/2907 1904/2917 
f 1832/2919 1826/2907 1906/2959 
f 1826/2907 1832/2919 1833/2920 
f 1833/3035 1832/3034 1855/2921 
f 1855/2921 1827/3025 1833/3035 
f 1834/3036 1835/3037 1859/2922 
f 1859/2922 1835/3037 1836/3038 
f 1840/2931 1922/3072 1836/3071 1835/2949 
f 1836/2923 1922/2974 1852/2899 
f 1852/2899 1901/2911 1836/2923 
f 1836/3038 1901/3029 1859/2922 
f 1840/2931 1837/3073 1922/3072 
f 1922/2974 1837/2924 1852/2899 
f 1837/3073 1840/2931 1905/2925 
f 1905/2925 1923/3074 1837/3073 
f 1837/2924 1923/2926 1830/2912 
f 1830/2912 1852/2899 1837/2924 
f 1923/3040 1905/3039 1857/2927 
f 1857/2927 1830/3030 1923/3040 
f 1838/3041 1903/3032 1866/2905 
f 1838/2929 1846/2930 1831/3070 
f 1831/3070 1903/3069 1838/2929 
f 1831/3070 1846/2930 1924/3075 
f 1924/2958 1826/2907 1831/2918 
f 1906/2959 1826/2907 1844/2960 
f 1855/2921 1832/3034 1906/3042 
f 1839/3043 1859/2922 1912/3053 
f 1859/2922 1839/3043 1834/3036 
f 1839/2950 1840/2931 1834/2948 
f 1834/2948 1840/2931 1835/2949 
f 1907/2932 1908/2933 1840/2931 
f 1840/2931 1908/2933 1905/2925 
f 1908/3045 1907/3044 1857/2927 
f 1857/2927 1905/3039 1908/3045 
f 1857/2927 1907/3044 1803/2978 
f 1841/3047 1909/3046 1804/2857 
f 1841/2935 1840/2931 1910/2936 
f 1910/2936 1909/2934 1841/2935 
f 1804/2857 1870/2976 1841/3047 
f 1841/2935 1870/2854 1840/2931 
f 1802/2977 1870/2976 1804/2857 
f 1804/2857 1909/3046 1910/3048 
f 1840/2931 1913/2938 1910/2936 
f 1842/2951 1911/2952 1846/2930 
f 1846/2930 1911/2952 1843/2953 
f 1843/2953 1844/3076 1924/3075 
f 1924/3075 1846/2930 1843/2953 
f 1843/3051 1911/3050 1861/2937 
f 1861/2937 1844/3052 1843/3051 
f 1844/3052 1861/2937 1906/3042 
f 1861/2937 1911/3050 1842/3049 
f 1842/3049 1912/3053 1861/2937 
f 1912/2954 1842/2951 1840/2931 
f 1840/2931 1839/2950 1912/2954 
f 1826/2907 1924/2958 1844/2960 
f 1913/2938 1846/2930 1838/2929 
f 1913/3054 1838/3041 1869/2928 
f 1869/2928 1910/3048 1913/3054 
f 1803/2978 1802/2977 1804/2857 
f 1840/2931 1803/2856 1907/2932 
f 1901/3029 1829/3028 1859/2922 
f 1850/2850 1873/2864 1872/2861 
f 1826/2907 1854/2895 1815/2971 
f 1854/2895 1826/2907 1833/2920 
f 1840/2931 1846/2930 1913/2938 
f 1846/2930 1840/2931 1842/2951 
f 1858/2873 1866/2905 1818/3012 
f 1857/2927 1849/2904 1897/3020 
f 1817/2888 1848/2896 1891/3008 
f 1855/2921 1860/2909 1900/3026 
f 1849/2904 1847/2871 1876/2987 
f 1865/2892 1849/2904 1867/2914 
f 1872/2861 1864/2860 1850/2850 
f 1892/2889 1801/2853 1851/2862 
f 1916/2947 1851/2862 1863/2882 
f 1801/2853 1852/2899 1824/2902 
f 1828/2945 1852/2899 1801/2853 
f 1895/3016 1860/2909 1853/2887 
f 1885/2998 1853/2887 1817/2888 
f 1900/2957 1845/2886 1854/2895 
f 1889/2970 1854/2895 1845/2886 
f 1855/2921 1848/2896 1817/2888 
f 1912/3053 1859/2922 1861/2937 
f 1838/3041 1866/2905 1869/2928 
f 1865/2892 1804/2857 1856/2915 
f 1804/2857 1865/2892 1867/2914 
f 1804/2857 1857/2927 1803/2978 
f 1865/2892 1856/2915 1858/2873 
f 1872/2981 1847/2871 1868/2863 
f 1848/2896 1862/2910 1823/3018 
f 1861/2937 1859/2922 1848/2896 
f 1817/2888 1860/2909 1855/2921 
f 1817/2888 1853/2887 1860/2909 
f 1861/2937 1848/2896 1855/2921 
f 1861/2937 1855/2921 1906/3042 
f 1859/2922 1862/2910 1848/2896 
f 1862/2910 1859/2922 1828/3027 
f 1801/2853 1863/2882 1851/2862 
f 1863/2882 1801/2853 1899/2903 
f 1864/2860 1811/2878 1850/2850 
f 1811/2878 1864/2860 1890/2963 
f 1865/2892 1858/2873 1847/2871 
f 1865/2892 1847/2871 1849/2904 
f 1856/2915 1869/2928 1866/2905 
f 1856/2915 1866/2905 1858/2873 
f 1857/2927 1804/2857 1867/2914 
f 1867/2914 1849/2904 1857/2927 
f 1847/2871 1858/2873 1868/2863 
f 1868/2863 1858/2873 1880/2991 
f 1910/3048 1869/2928 1804/2857 
f 1869/2928 1856/2915 1804/2857 
# 4 polygons - 238 triangles

#
# object 4_LOD
#

v  -183.496460 175.803726 -103.997406
v  -4.784004 47.689590 101.743988
v  -109.835312 147.944427 -98.277344
v  -217.553528 90.039345 -85.447754
v  -33.850212 4.139503 80.863525
v  -25.883461 15.290466 93.251480
v  -47.294121 1.670914 116.868240
v  -247.336884 143.807205 7.181793
v  -147.330170 79.346291 -98.199036
v  -154.798599 66.939240 -95.384995
v  -108.291870 168.813751 -93.840073
v  -98.277908 169.467438 -88.629532
v  -233.098450 9.136269 65.221085
v  -227.460175 5.047607 92.419159
v  -235.086609 21.381302 88.964172
v  -233.959656 10.317642 51.396503
v  -214.845581 -1.134842 105.812042
v  -158.026306 51.241791 148.655624
v  -251.402023 66.701950 28.552906
v  -245.402557 23.335602 5.513191
v  -239.027710 6.313217 22.955502
v  -147.610855 -7.964432 135.779617
v  -167.062195 -6.137657 130.574417
v  -247.807495 53.526283 -7.053593
v  -247.028641 43.143341 -1.713383
v  -246.169479 33.252449 2.454525
v  -231.542419 3.736198 -11.245369
v  -237.088654 5.064522 -1.329151
v  -121.516930 -8.024162 145.247925
v  -248.527283 126.828445 15.558613
v  -248.502625 112.845673 22.515305
v  -251.727188 86.291611 -29.874714
v  -224.026566 4.952042 -21.106834
v  -152.253616 -19.693848 9.726545
v  -80.443596 -4.987053 143.928513
v  -87.791466 -6.586487 149.693604
v  -91.018707 3.641815 157.756927
v  -97.957016 4.073280 158.615662
v  -241.534821 179.268448 0.280594
v  -215.370377 45.988602 -67.898682
v  -212.797119 37.000580 -63.968716
v  -209.705826 20.198082 -59.547245
v  -207.223999 13.137161 -57.387554
v  -205.098022 6.914078 -54.995678
v  -187.392487 8.930672 -63.212276
v  -85.161804 29.622711 163.739639
v  -84.436714 43.462242 165.382690
v  -82.502625 59.331276 165.172119
v  -82.604858 109.671783 162.313965
v  -92.538773 137.292068 154.042435
v  -229.459869 211.465225 -23.552994
v  -228.268585 144.553284 -65.534317
v  -243.503098 132.407974 -47.101078
v  -238.827866 116.662735 -71.584839
v  -249.078674 97.768745 -60.724552
v  -217.679489 65.287903 -73.341644
v  -216.868011 55.489220 -70.940598
v  -160.232376 8.600845 -63.273975
v  -151.192581 8.195717 -63.358891
v  -80.675247 154.618164 146.310699
v  -90.140305 152.917068 147.083099
v  -87.503296 167.493042 138.103867
v  -211.505798 226.183655 -7.445024
v  -211.137848 222.536591 -34.815067
v  -210.696884 218.486710 -43.428394
v  -207.811493 211.607880 -62.525822
v  -205.309784 207.620010 -72.793808
v  -202.249298 204.374481 -82.874435
v  -214.458481 171.758743 -78.171295
v  -224.677704 152.012543 -71.362183
v  -224.833923 110.634949 -85.991867
v  -215.477768 106.783463 -90.725311
v  -212.111877 96.053772 -88.985596
v  -153.592133 25.413849 -77.576447
v  -151.743958 16.432129 -71.724838
v  -132.819336 10.324203 -61.000950
v  -123.029068 10.067863 -60.671902
v  -42.004173 10.883163 24.311470
v  -3.329689 47.607430 74.523422
v  -77.651604 167.521500 135.549347
v  -94.206375 211.591858 114.117661
v  -95.647888 226.659195 102.441071
v  -188.074112 238.215118 16.427763
v  -195.456863 239.702698 -4.184486
v  -197.883881 108.121750 -96.238327
v  -153.143707 105.554321 -105.182770
v  -104.434708 50.895859 -85.884247
v  -104.955795 11.798340 -59.859745
v  -87.834045 13.405266 -56.892925
v  -69.840187 24.025284 -51.536678
v  -58.160027 26.204895 -30.201275
v  -57.988426 21.450455 -21.293396
v  -56.892471 18.640762 -11.754162
v  -54.015198 16.892868 -2.992727
v  -38.333565 21.080582 13.486771
v  -31.244858 30.223122 11.561443
v  -15.570343 60.439598 3.991997
v  -7.352707 64.130585 27.951881
v  -4.696129 98.590981 67.801155
v  -132.341934 236.075256 76.611237
v  -155.007095 236.914978 57.109245
v  -167.667068 239.112488 48.218010
v  -169.830429 152.988098 -108.694794
v  -181.159363 154.592056 -108.642029
v  -170.312119 143.480225 -108.231064
v  -54.570435 90.601418 -73.540619
v  -54.452866 65.609238 -62.384663
v  -54.183212 55.556137 -57.325207
v  -14.442635 71.276222 0.834148
v  -8.734993 110.202072 63.237141
v  -34.665062 194.245895 80.251709
v  -142.480652 173.409912 -103.207169
v  -89.450699 169.011597 -82.100159
v  -78.296066 166.983429 -77.327393
v  -13.956749 134.016235 58.298870
v  -61.037575 203.459427 -65.834137
v  -65.965332 165.321793 -74.091507
v  -23.861237 141.647903 -56.643177
v  -9.186096 122.739929 -24.967148
v  -14.066971 168.507477 22.001392
v  -11.606308 166.930542 6.751381
v  -8.718109 164.828842 -9.023991
v  -18.714523 160.829269 -47.218159
v  -9.511421 151.663071 -36.725864
v  -8.708290 142.520172 -33.747856
v  -7.763168 162.890045 -24.733604
v  -56.279144 33.122513 -36.913460
v  -61.263565 33.063049 -47.946613
v  -113.686371 11.250145 -60.216572
v  -174.848343 173.462463 92.884872
v  -163.830734 24.031326 -77.668335
v  -168.585922 55.269485 -89.987152
v  -166.352890 225.660751 -76.384781
v  -98.007477 -18.388412 142.731979
v  -77.775757 6.159973 -37.178997
v  -50.137390 174.546188 107.816071
v  -224.558258 15.150253 109.754791
v  -76.711304 27.751930 160.101929
v  -71.348259 153.974823 142.635635
v  -38.117485 45.883400 -19.628071
v  -158.941040 -16.151627 125.934082
v  -5.682678 153.171524 -23.644604
v  -245.114380 15.045563 19.780827
v  -248.815063 137.125961 -26.251411
v  -244.100723 30.199173 -8.233902
v  -20.259598 19.731651 74.952087
v  -205.742920 177.403122 -87.115372
v  -211.409668 200.463806 -69.230499
v  -157.129059 161.437912 -107.717133
v  -10.071518 149.075943 27.789108
v  -97.875168 251.795898 43.669609
v  -202.915100 -16.750992 92.452911
v  -175.660522 255.206329 -14.693779
v  -83.743912 247.892700 -23.359390
v  -215.029343 87.497246 106.634338
v  -66.914177 -4.837433 17.578896
v  -64.199715 93.624397 161.327667
v  -34.897644 213.247971 43.593475
v  -21.214760 188.537949 -38.734173
v  -37.412529 -5.058212 61.546242
v  -203.938782 195.840942 53.285667
v  -200.511322 -8.341530 -26.504547
v  -148.927124 81.295624 133.856308
v  -107.294937 98.962074 -100.335678
v  -199.638474 15.565964 130.083771
v  -11.975182 78.015907 115.752701
v  -153.518677 202.097382 90.140976
v  -122.147141 -4.382423 -40.979893
v  -217.255280 104.725357 79.402313
v  -122.771881 231.314377 -72.322708
v  -110.214005 99.649422 157.063232
v  -102.216461 45.950447 164.217377
v  -19.064873 139.105423 77.817123
v  -243.572433 75.276253 68.933731
v  -59.467773 -11.751572 107.396820
v  -58.616402 233.796051 -20.898415
v  -91.292793 179.924805 125.958588
v  -4.903183 98.439919 55.427578
v  -224.375717 134.498352 -82.188492
v  -137.640594 151.595261 127.855362
v  -182.747818 247.785950 17.981251
v  -14.610603 31.471298 106.771744
v  -181.202850 72.358307 125.016281
v  -222.393158 -9.842178 60.518269
v  -164.278229 -21.329681 88.268387
v  -52.703896 218.586929 51.765457
v  -94.335464 32.544289 -72.956848
v  -199.208527 15.221268 -65.438782
v  -17.327385 93.642731 -24.751186
v  -231.204742 155.219589 -48.637661
v  -91.148239 137.430237 -95.178741
v  -107.196487 71.218025 153.055099
v  -200.756226 98.758614 109.852051
v  -76.424622 236.201080 -47.374821
v  -191.000961 219.116714 39.911533
v  -182.052429 202.081833 -94.960510
v  -79.709824 -14.061340 49.554104
v  -209.515442 -9.889046 5.567135
v  -100.731743 236.708252 87.541016
v  -3.977928 46.083733 64.513443
v  -4.958038 99.812073 78.814758
v  -169.446030 -9.021004 -33.328957
v  -127.127060 -17.488388 12.395882
v  -25.801758 203.354370 -28.752060
v  -113.565338 225.374603 94.663483
v  -204.120361 140.208435 77.896973
v  -122.428085 1.423981 149.893967
v  -154.565735 105.509171 118.964996
v  -224.700226 65.034348 -65.631836
v  -27.314461 199.644958 1.438534
v  -230.158493 179.016281 16.213707
v  -227.265472 92.279907 -82.084198
v  -40.552979 119.671066 -68.353989
v  -60.272842 232.028625 48.729721
v  -23.062866 46.839760 125.704910
v  -234.377014 36.745178 99.275284
v  -210.787125 30.272484 120.730408
v  -242.564301 37.538391 63.486900
v  -94.177658 -15.421783 105.262329
v  -162.395660 257.876129 -15.032593
v  -251.159378 95.649658 -12.516449
v  -148.851822 188.865723 -100.092911
v  -62.158798 85.177238 -78.438492
v  -109.985962 250.244904 48.720337
v  -85.437210 251.929962 20.675394
v  -132.984161 18.115166 -69.000977
v  -166.760849 130.815277 105.499237
v  -34.373413 81.603790 -39.653934
v  -163.157379 232.530258 59.230511
v  -9.712448 79.605141 10.687988
v  -66.653427 110.064087 159.055969
v  -190.425385 228.921082 -52.480518
v  -40.708900 17.771194 129.645691
v  -103.308975 -14.434708 149.150864
v  -130.175629 38.962654 157.371887
v  -214.461090 82.227318 -83.979492
v  -227.911072 78.218063 96.017075
v  -34.977936 18.995712 22.459084
v  -130.154358 178.561096 109.469193
v  -152.181412 74.843735 139.817398
v  -201.950165 2.380638 -51.633259
v  -184.966888 114.466583 110.917114
v  -134.174744 -18.111984 97.169525
v  -27.453079 116.359009 110.507370
v  -97.706497 183.715271 -84.773300
v  -24.333046 178.791229 76.823837
v  -38.375504 7.342903 101.170547
v  -232.582367 11.595650 80.993530
v  -118.517860 170.401428 -97.823898
v  -236.408936 9.681152 37.159054
v  -222.035339 0.768265 98.818451
v  -207.328644 -2.076752 113.044144
v  -238.467621 5.823799 10.436535
v  -157.577484 -7.747818 133.323349
v  -177.246353 -3.777321 127.125412
v  -187.218750 -2.740555 122.232452
v  -197.517853 -3.286003 117.837097
v  -108.368668 -6.331909 152.026413
v  -115.570610 -6.909897 150.260956
v  -130.164749 -7.628967 141.641464
v  -138.460968 -7.742249 138.515305
v  -217.330002 4.695328 -32.400845
v  -71.556999 -4.233383 135.514099
v  -94.409943 -6.551666 153.458603
v  -211.018784 4.940872 -44.246357
v  -196.631714 8.747787 -61.110050
v  -178.410614 9.265762 -63.542934
v  -59.691322 -1.171265 127.025436
v  -243.696411 125.753250 -54.453121
v  -169.539795 9.041809 -63.585270
v  -35.049042 5.714226 47.166832
v  -32.850304 3.071068 62.104420
v  -213.706696 227.395645 -16.459949
v  -205.226532 232.478333 -3.340836
v  -211.695129 224.714890 -25.558491
v  -208.520248 214.215958 -52.243710
v  -205.699783 190.900330 -85.708145
v  -209.923386 181.649048 -81.266174
v  -218.978500 161.746750 -74.473541
v  -232.559616 113.514603 -79.299469
v  -141.844940 8.898087 -62.346508
v  -38.919342 8.689835 35.607986
v  -86.605774 213.497314 110.563797
v  -178.686218 238.922913 39.869530
v  -186.177216 237.852448 29.102119
v  -191.641388 240.232544 4.313103
v  -96.494957 12.191109 -59.064602
v  -79.161591 17.342133 -54.163509
v  -50.004692 14.542892 6.844215
v  -79.627983 213.591370 104.753082
v  -53.042130 201.138474 85.074326
v  -120.334137 235.387726 85.299957
v  -107.124634 232.194519 93.046829
v  -143.543228 237.039276 67.035416
v  -152.267517 175.219437 -104.406494
v  -164.620468 174.895691 -106.217957
v  -167.535065 163.556808 -108.272339
v  -180.669678 123.466156 -105.122040
v  -27.183220 189.009888 72.700104
v  -130.948700 171.978333 -100.554169
v  -18.908218 177.330338 48.049507
v  -21.448547 183.415497 61.070774
v  -16.368713 172.357788 34.530617
v  -55.183510 163.816849 -68.957413
v  -42.003021 161.251678 -62.012028
v  -29.392136 160.653000 -54.626942
v  -10.072144 161.276810 -37.655766
v  -219.859131 75.047752 -77.138596
v  -220.388931 83.248634 -81.291168
v  -245.771179 161.444260 1.693199
v  -157.528458 55.527206 -90.099365
v  -239.630890 32.007507 79.738647
v  -245.820282 53.986504 64.286041
v  -243.393616 43.938576 71.470421
v  -251.065079 75.525597 45.222466
v  -250.646423 64.262512 54.756882
v  -244.401642 14.126221 7.608234
v  -251.793869 100.199699 29.944469
v  -254.494263 88.058281 35.890461
v  -248.543518 75.659363 -22.998669
v  -247.457932 64.582352 -14.780533
v  -243.068695 182.646820 -14.626202
v  -244.460587 145.617920 -31.404118
v  -251.312424 115.949356 -48.756466
v  -252.560486 106.543533 -42.455647
v  -252.293747 96.615051 -36.861851
v  -211.262421 27.966545 -61.459927
v  -12.924210 30.310379 82.827850
v  -19.137672 22.476410 88.017975
v  -205.396149 101.879028 -92.072159
v  -155.303604 34.449646 -82.634338
v  -6.146942 37.213409 77.568161
v  -1.969040 59.978333 73.272964
v  -130.785889 105.491547 -102.891342
v  -139.160004 92.658943 -101.831192
v  -45.842575 12.762665 15.071301
v  -24.654449 38.964424 7.791256
v  -19.437843 49.339478 5.741791
v  -1.592407 72.787560 72.041634
v  -2.211563 84.892715 68.963501
v  -10.838577 85.645767 -8.489723
v  -11.592224 104.241287 -15.882248
v  -10.310455 112.913681 -20.537735
v  -13.966812 145.157990 54.929485
v  -15.773392 156.531677 53.552853
v  -16.812820 167.801193 50.183643
v  -156.615479 44.601646 -86.459015
v  -101.066772 -6.349075 154.131454
v  -236.509872 193.289276 -1.619846
v  -87.455704 16.592178 160.652283
v  -80.771210 76.312378 163.195694
v  -80.098839 93.787254 163.486694
v  -83.964790 139.556915 152.919922
v  -219.378281 219.471909 -8.938534
v  -83.207726 181.549454 125.546875
v  -87.817551 197.434860 120.656708
v  -176.118088 175.719254 -106.823929
v  -186.861862 181.009857 -101.560303
v  -195.080582 194.977417 -94.943741
v  -198.747543 200.333984 -89.917892
v  -54.725639 103.268265 -78.406860
v  -54.809151 78.055855 -67.749557
v  -78.401649 154.085175 -80.581833
v  -57.549835 115.958740 -82.593552
v  -54.625450 40.615631 -43.391254
v  -54.042542 47.855728 -50.851246
# 366 vertices

vt 0.560350 0.314722 0.000000
vt 0.338480 0.333904 0.000000
vt 0.658984 0.210686 0.000000
vt 0.621898 0.400614 0.000000
vt 0.578936 0.101936 0.000000
vt 0.586917 0.111168 0.000000
vt 0.583199 0.048173 0.000000
vt 0.561183 0.320259 0.000000
vt 0.496056 0.336082 0.000000
vt 0.333900 0.333998 0.000000
vt 0.434981 0.277616 0.000000
vt 0.708654 0.311108 0.000000
vt 0.635328 0.180623 0.000000
vt 0.624220 0.369151 0.000000
vt 0.735610 0.271005 0.000000
vt 0.549275 0.370817 0.000000
vt 0.730560 0.252327 0.000000
vt 0.618053 0.101592 0.000000
vt 0.609872 0.141187 0.000000
vt 0.410164 0.350994 0.000000
vt 0.431943 0.038561 0.000000
vt 0.425706 0.045286 0.000000
vt 0.437651 0.048048 0.000000
vt 0.445973 0.035578 0.000000
vt 0.456051 0.044434 0.000000
vt 0.416529 0.059164 0.000000
vt 0.420619 0.052825 0.000000
vt 0.417591 0.366987 0.000000
vt 0.403371 0.355445 0.000000
vt 0.395886 0.359460 0.000000
vt 0.475081 0.331937 0.000000
vt 0.510598 0.318575 0.000000
vt 0.527545 0.333145 0.000000
vt 0.455106 0.024037 0.000000
vt 0.464363 0.036048 0.000000
vt 0.490144 0.057008 0.000000
vt 0.471070 0.070279 0.000000
vt 0.447938 0.077416 0.000000
vt 0.438845 0.072151 0.000000
vt 0.420680 0.071596 0.000000
vt 0.406056 0.073201 0.000000
vt 0.410811 0.065860 0.000000
vt 0.408610 0.392727 0.000000
vt 0.388765 0.368884 0.000000
vt 0.525281 0.453655 0.000000
vt 0.530689 0.452535 0.000000
vt 0.387605 0.362513 0.000000
vt 0.526844 0.310154 0.000000
vt 0.475828 0.022748 0.000000
vt 0.468953 0.022991 0.000000
vt 0.461963 0.023012 0.000000
vt 0.490304 0.072399 0.000000
vt 0.489547 0.077754 0.000000
vt 0.481510 0.092661 0.000000
vt 0.455245 0.084757 0.000000
vt 0.435240 0.090505 0.000000
vt 0.399526 0.089115 0.000000
vt 0.401153 0.081226 0.000000
vt 0.519316 0.454448 0.000000
vt 0.518352 0.447898 0.000000
vt 0.532239 0.437858 0.000000
vt 0.533663 0.444430 0.000000
vt 0.457400 0.304419 0.000000
vt 0.507067 0.050394 0.000000
vt 0.462485 0.095050 0.000000
vt 0.470179 0.106844 0.000000
vt 0.394411 0.106138 0.000000
vt 0.397149 0.097499 0.000000
vt 0.395961 0.419490 0.000000
vt 0.483070 0.451889 0.000000
vt 0.490803 0.451957 0.000000
vt 0.527585 0.423621 0.000000
vt 0.529732 0.431016 0.000000
vt 0.447602 0.287447 0.000000
vt 0.482763 0.281812 0.000000
vt 0.546939 0.296723 0.000000
vt 0.616551 0.177129 0.000000
vt 0.609076 0.177168 0.000000
vt 0.603359 0.176529 0.000000
vt 0.598998 0.183184 0.000000
vt 0.598772 0.176408 0.000000
vt 0.594925 0.182654 0.000000
vt 0.594868 0.175695 0.000000
vt 0.511628 0.027409 0.000000
vt 0.523595 0.055501 0.000000
vt 0.517947 0.071303 0.000000
vt 0.516039 0.088511 0.000000
vt 0.490903 0.119355 0.000000
vt 0.440675 0.111517 0.000000
vt 0.402927 0.137445 0.000000
vt 0.575929 0.190313 0.000000
vt 0.568620 0.167450 0.000000
vt 0.400857 0.444804 0.000000
vt 0.468042 0.450466 0.000000
vt 0.475396 0.451226 0.000000
vt 0.496728 0.414259 0.000000
vt 0.502695 0.413419 0.000000
vt 0.508267 0.412441 0.000000
vt 0.513006 0.411387 0.000000
vt 0.517514 0.410328 0.000000
vt 0.521584 0.409641 0.000000
vt 0.524876 0.416168 0.000000
vt 0.656073 0.377168 0.000000
vt 0.660104 0.374558 0.000000
vt 0.657747 0.369310 0.000000
vt 0.655860 0.364217 0.000000
vt 0.456900 0.271531 0.000000
vt 0.494018 0.272174 0.000000
vt 0.529372 0.266847 0.000000
vt 0.562074 0.282188 0.000000
vt 0.625467 0.178952 0.000000
vt 0.604761 0.198556 0.000000
vt 0.599326 0.199231 0.000000
vt 0.599473 0.191229 0.000000
vt 0.598630 0.207504 0.000000
vt 0.487415 0.138855 0.000000
vt 0.459605 0.131357 0.000000
vt 0.566520 0.207027 0.000000
vt 0.555739 0.172825 0.000000
vt 0.546463 0.165437 0.000000
vt 0.557049 0.153771 0.000000
vt 0.560613 0.158391 0.000000
vt 0.456549 0.433193 0.000000
vt 0.469313 0.438489 0.000000
vt 0.486706 0.421934 0.000000
vt 0.484959 0.415995 0.000000
vt 0.490866 0.415161 0.000000
vt 0.654326 0.359114 0.000000
vt 0.652888 0.353717 0.000000
vt 0.551586 0.253009 0.000000
vt 0.727672 0.316890 0.000000
vt 0.719266 0.313828 0.000000
vt 0.708445 0.323728 0.000000
vt 0.653349 0.200863 0.000000
vt 0.632755 0.192842 0.000000
vt 0.609751 0.237518 0.000000
vt 0.609497 0.247211 0.000000
vt 0.603630 0.266697 0.000000
vt 0.608387 0.275624 0.000000
vt 0.602703 0.276055 0.000000
vt 0.512164 0.142699 0.000000
vt 0.467446 0.150437 0.000000
vt 0.430677 0.144645 0.000000
vt 0.565721 0.220505 0.000000
vt 0.538229 0.198874 0.000000
vt 0.528624 0.200999 0.000000
vt 0.528298 0.192711 0.000000
vt 0.532036 0.187282 0.000000
vt 0.535201 0.181389 0.000000
vt 0.354901 0.334824 0.000000
vt 0.365373 0.309041 0.000000
vt 0.457564 0.414417 0.000000
vt 0.467916 0.420792 0.000000
vt 0.463889 0.411529 0.000000
vt 0.459259 0.407981 0.000000
vt 0.641689 0.359623 0.000000
vt 0.740471 0.166847 0.000000
vt 0.737774 0.174900 0.000000
vt 0.735428 0.168714 0.000000
vt 0.729935 0.170339 0.000000
vt 0.472233 0.248666 0.000000
vt 0.520258 0.247848 0.000000
vt 0.740409 0.327381 0.000000
vt 0.709420 0.342888 0.000000
vt 0.675797 0.217967 0.000000
vt 0.649854 0.227961 0.000000
vt 0.641576 0.210231 0.000000
vt 0.614139 0.274332 0.000000
vt 0.614378 0.283908 0.000000
vt 0.615951 0.294227 0.000000
vt 0.616206 0.304123 0.000000
vt 0.615735 0.313938 0.000000
vt 0.487263 0.169328 0.000000
vt 0.429931 0.161804 0.000000
vt 0.434886 0.174673 0.000000
vt 0.689325 0.074896 0.000000
vt 0.675530 0.059684 0.000000
vt 0.685920 0.043193 0.000000
vt 0.592415 0.373336 0.000000
vt 0.728532 0.200534 0.000000
vt 0.718815 0.190025 0.000000
vt 0.715118 0.175989 0.000000
vt 0.719907 0.174319 0.000000
vt 0.710031 0.177699 0.000000
vt 0.704965 0.180692 0.000000
vt 0.490984 0.231082 0.000000
vt 0.699753 0.185302 0.000000
vt 0.762436 0.049046 0.000000
vt 0.759583 0.044874 0.000000
vt 0.755683 0.041603 0.000000
vt 0.751182 0.038812 0.000000
vt 0.745900 0.035341 0.000000
vt 0.741123 0.032429 0.000000
vt 0.737055 0.036431 0.000000
vt 0.733124 0.041026 0.000000
vt 0.730261 0.045746 0.000000
vt 0.726865 0.051348 0.000000
vt 0.729565 0.356539 0.000000
vt 0.670045 0.242571 0.000000
vt 0.645799 0.306381 0.000000
vt 0.595929 0.111042 0.000000
vt 0.619878 0.116483 0.000000
vt 0.625017 0.122071 0.000000
vt 0.462037 0.175545 0.000000
vt 0.449968 0.170798 0.000000
vt 0.443216 0.175518 0.000000
vt 0.672846 0.120413 0.000000
vt 0.666655 0.098139 0.000000
vt 0.674204 0.099970 0.000000
vt 0.666922 0.033077 0.000000
vt 0.563655 0.389582 0.000000
vt 0.564988 0.395653 0.000000
vt 0.571494 0.394381 0.000000
vt 0.335807 0.321382 0.000000
vt 0.737169 0.228539 0.000000
vt 0.706963 0.224253 0.000000
vt 0.766186 0.069757 0.000000
vt 0.745282 0.079318 0.000000
vt 0.745811 0.055966 0.000000
vt 0.722324 0.064154 0.000000
vt 0.738451 0.366930 0.000000
vt 0.710542 0.373955 0.000000
vt 0.646102 0.251835 0.000000
vt 0.637670 0.287507 0.000000
vt 0.661302 0.290351 0.000000
vt 0.650579 0.058662 0.000000
vt 0.635336 0.028972 0.000000
vt 0.765482 0.109314 0.000000
vt 0.751888 0.106813 0.000000
vt 0.729622 0.081553 0.000000
vt 0.721325 0.085519 0.000000
vt 0.664314 0.267029 0.000000
vt 0.578842 0.074221 0.000000
vt 0.608288 0.073600 0.000000
vt 0.624227 0.078762 0.000000
vt 0.612892 0.043180 0.000000
vt 0.740955 0.130241 0.000000
vt 0.735621 0.115378 0.000000
vt 0.720318 0.097346 0.000000
vt 0.722161 0.405692 0.000000
vt 0.723350 0.417684 0.000000
vt 0.732472 0.418126 0.000000
vt 0.587311 0.058033 0.000000
vt 0.622694 0.064505 0.000000
vt 0.717908 0.121869 0.000000
vt 0.719326 0.116048 0.000000
vt 0.719676 0.110150 0.000000
vt 0.751713 0.413061 0.000000
vt 0.751280 0.418897 0.000000
vt 0.763081 0.053841 0.000000
vt 0.763595 0.058966 0.000000
vt 0.765005 0.064252 0.000000
vt 0.694539 0.190878 0.000000
vt 0.724778 0.172445 0.000000
vt 0.756966 0.188744 0.000000
vt 0.646927 0.181568 0.000000
vt 0.391281 0.116796 0.000000
vt 0.389817 0.127585 0.000000
vt 0.765267 0.100871 0.000000
vt 0.765818 0.092722 0.000000
vt 0.766105 0.084558 0.000000
vt 0.742119 0.257134 0.000000
vt 0.766317 0.076431 0.000000
vt 0.741878 0.269563 0.000000
vt 0.428677 0.031512 0.000000
vt 0.404216 0.173834 0.000000
vt 0.498636 0.171839 0.000000
vt 0.427002 0.174609 0.000000
vt 0.419816 0.176890 0.000000
vt 0.412745 0.179622 0.000000
vt 0.764826 0.134206 0.000000
vt 0.340915 0.336951 0.000000
vt 0.560449 0.218365 0.000000
vt 0.555515 0.215685 0.000000
vt 0.554985 0.389841 0.000000
vt 0.557944 0.396355 0.000000
vt 0.551560 0.377777 0.000000
vt 0.757510 0.211557 0.000000
vt 0.513110 0.454660 0.000000
vt 0.759871 0.203008 0.000000
vt 0.759429 0.195264 0.000000
vt 0.536587 0.450720 0.000000
vt 0.436619 0.028306 0.000000
vt 0.553688 0.384253 0.000000
vt 0.729460 0.272000 0.000000
vt 0.745701 0.165046 0.000000
vt 0.748417 0.171425 0.000000
vt 0.751531 0.229539 0.000000
vt 0.551018 0.212326 0.000000
vt 0.545868 0.209446 0.000000
vt 0.540431 0.206440 0.000000
vt 0.498716 0.453178 0.000000
vt 0.506394 0.454449 0.000000
vt 0.448433 0.024383 0.000000
vt 0.442023 0.025681 0.000000
vt 0.655903 0.187148 0.000000
vt 0.599280 0.217054 0.000000
vt 0.674785 0.209841 0.000000
vt 0.671970 0.202802 0.000000
vt 0.620746 0.314198 0.000000
vt 0.677303 0.234264 0.000000
vt 0.676506 0.243060 0.000000
vt 0.715598 0.418776 0.000000
vt 0.723723 0.057521 0.000000
vt 0.494688 0.020347 0.000000
vt 0.626146 0.314125 0.000000
vt 0.488437 0.020510 0.000000
vt 0.655819 0.299997 0.000000
vt 0.662214 0.296909 0.000000
vt 0.482414 0.021477 0.000000
vt 0.677477 0.272430 0.000000
vt 0.407267 0.180338 0.000000
vt 0.721818 0.073442 0.000000
vt 0.452752 0.175575 0.000000
vt 0.520516 0.023260 0.000000
vt 0.516063 0.022632 0.000000
vt 0.511585 0.021158 0.000000
vt 0.741978 0.418337 0.000000
vt 0.748600 0.134714 0.000000
vt 0.720961 0.091103 0.000000
vt 0.461020 0.448080 0.000000
vt 0.456809 0.427118 0.000000
vt 0.456902 0.420944 0.000000
vt 0.453274 0.444478 0.000000
vt 0.505883 0.020948 0.000000
vt 0.500497 0.020593 0.000000
vt 0.676577 0.265825 0.000000
vt 0.677134 0.279085 0.000000
vt 0.678129 0.285911 0.000000
vt 0.678419 0.291773 0.000000
vt 0.670188 0.294279 0.000000
vt 0.754800 0.220824 0.000000
vt 0.661717 0.191791 0.000000
vt 0.667110 0.197129 0.000000
vt 0.534561 0.203457 0.000000
vt 0.599952 0.227392 0.000000
vt 0.600298 0.238120 0.000000
vt 0.599944 0.248121 0.000000
vt 0.598333 0.266409 0.000000
vt 0.523954 0.198795 0.000000
vt 0.347023 0.345099 0.000000
vt 0.751489 0.177111 0.000000
vt 0.572172 0.216978 0.000000
vt 0.570490 0.223125 0.000000
vt 0.754746 0.137943 0.000000
vt 0.732933 0.126926 0.000000
vt 0.725503 0.124339 0.000000
vt 0.760666 0.141193 0.000000
vt 0.538668 0.175498 0.000000
vt 0.542105 0.169531 0.000000
vt 0.478653 0.416908 0.000000
vt 0.473159 0.416774 0.000000
vt 0.734622 0.319132 0.000000
vt 0.741364 0.321045 0.000000
vt 0.468438 0.414718 0.000000
vt 0.585319 0.191198 0.000000
vt 0.582059 0.199508 0.000000
vt 0.608571 0.285569 0.000000
vt 0.603101 0.397948 0.000000
vt 0.576626 0.392189 0.000000
vt 0.589902 0.392607 0.000000
vt 0.676283 0.226269 0.000000
vt 0.489540 0.174462 0.000000
vt 0.480107 0.175267 0.000000
vt 0.471054 0.175182 0.000000
vt 0.677393 0.251124 0.000000
vt 0.754356 0.182708 0.000000
vt 0.572437 0.267668 0.000000
vt 0.475202 0.350706 0.000000
vt 0.564077 0.257279 0.000000
vt 0.573831 0.279476 0.000000
vt 0.643119 0.019737 0.000000
vt 0.635940 0.020286 0.000000
vt 0.649890 0.020756 0.000000
vt 0.468456 0.343438 0.000000
vt 0.483738 0.351006 0.000000
vt 0.461832 0.338220 0.000000
vt 0.455497 0.332448 0.000000
vt 0.495498 0.350223 0.000000
vt 0.489357 0.350292 0.000000
vt 0.501798 0.350179 0.000000
vt 0.444961 0.319981 0.000000
vt 0.449776 0.325774 0.000000
vt 0.537280 0.336092 0.000000
vt 0.531694 0.338501 0.000000
vt 0.526483 0.341274 0.000000
vt 0.520834 0.344466 0.000000
vt 0.514614 0.346731 0.000000
vt 0.508128 0.348357 0.000000
vt 0.439175 0.307365 0.000000
vt 0.440889 0.314097 0.000000
vt 0.561418 0.326454 0.000000
vt 0.557208 0.328463 0.000000
vt 0.552564 0.329352 0.000000
vt 0.547475 0.331874 0.000000
vt 0.542574 0.333989 0.000000
vt 0.435876 0.292366 0.000000
vt 0.437659 0.299992 0.000000
vt 0.571788 0.299162 0.000000
vt 0.571679 0.307258 0.000000
vt 0.570410 0.313800 0.000000
vt 0.568799 0.319407 0.000000
vt 0.565737 0.323913 0.000000
vt 0.431212 0.277370 0.000000
vt 0.433487 0.284626 0.000000
vt 0.431653 0.270882 0.000000
vt 0.434443 0.265793 0.000000
vt 0.437821 0.261463 0.000000
vt 0.573233 0.289737 0.000000
vt 0.374519 0.316200 0.000000
vt 0.385659 0.304494 0.000000
vt 0.375677 0.298453 0.000000
vt 0.441476 0.257492 0.000000
vt 0.445555 0.253594 0.000000
vt 0.449376 0.249767 0.000000
vt 0.547089 0.243084 0.000000
vt 0.555104 0.248986 0.000000
vt 0.701577 0.103955 0.000000
vt 0.702011 0.098432 0.000000
vt 0.696336 0.106794 0.000000
vt 0.701892 0.092349 0.000000
vt 0.702303 0.086019 0.000000
vt 0.703123 0.079548 0.000000
vt 0.702824 0.072699 0.000000
vt 0.702296 0.065556 0.000000
vt 0.700950 0.058151 0.000000
vt 0.698762 0.051067 0.000000
vt 0.355393 0.342949 0.000000
vt 0.359045 0.337412 0.000000
vt 0.362421 0.331695 0.000000
vt 0.366146 0.325937 0.000000
vt 0.369962 0.320146 0.000000
vt 0.369918 0.296643 0.000000
vt 0.364020 0.294968 0.000000
vt 0.357931 0.292655 0.000000
vt 0.352194 0.289376 0.000000
vt 0.453534 0.246005 0.000000
vt 0.457507 0.242276 0.000000
vt 0.461930 0.238477 0.000000
vt 0.533554 0.235694 0.000000
vt 0.540113 0.239220 0.000000
vt 0.591776 0.152414 0.000000
vt 0.602008 0.149065 0.000000
vt 0.665526 0.133980 0.000000
vt 0.673038 0.129819 0.000000
vt 0.678589 0.122933 0.000000
vt 0.683446 0.114847 0.000000
vt 0.688143 0.107996 0.000000
vt 0.350281 0.348577 0.000000
vt 0.347133 0.293322 0.000000
vt 0.473923 0.228291 0.000000
vt 0.469917 0.231257 0.000000
vt 0.478461 0.225495 0.000000
vt 0.483210 0.221946 0.000000
vt 0.488354 0.217183 0.000000
vt 0.502662 0.219034 0.000000
vt 0.506493 0.223485 0.000000
vt 0.511186 0.226935 0.000000
vt 0.516172 0.229202 0.000000
vt 0.522175 0.231606 0.000000
vt 0.527660 0.233338 0.000000
vt 0.589521 0.147421 0.000000
vt 0.575017 0.130146 0.000000
vt 0.629966 0.143995 0.000000
vt 0.620924 0.145555 0.000000
vt 0.611321 0.146561 0.000000
vt 0.638723 0.141447 0.000000
vt 0.647730 0.138836 0.000000
vt 0.657069 0.136211 0.000000
vt 0.669656 0.024911 0.000000
vt 0.327196 0.334377 0.000000
vt 0.328243 0.327243 0.000000
vt 0.329205 0.320664 0.000000
vt 0.329552 0.314802 0.000000
vt 0.335951 0.302773 0.000000
vt 0.564426 0.121401 0.000000
vt 0.560187 0.114412 0.000000
vt 0.657402 0.022191 0.000000
vt 0.664203 0.023429 0.000000
vt 0.628653 0.020507 0.000000
vt 0.620264 0.020139 0.000000
vt 0.556080 0.095885 0.000000
vt 0.557560 0.105356 0.000000
vt 0.555586 0.086292 0.000000
vt 0.602938 0.021818 0.000000
vt 0.611360 0.020489 0.000000
vt 0.592797 0.023921 0.000000
vt 0.555764 0.077402 0.000000
vt 0.558050 0.067378 0.000000
vt 0.560747 0.056904 0.000000
vt 0.583526 0.027896 0.000000
vt 0.575830 0.032829 0.000000
vt 0.569198 0.038961 0.000000
vt 0.564593 0.046913 0.000000
vt 0.500820 0.213611 0.000000
vt 0.499100 0.207958 0.000000
vt 0.493886 0.211874 0.000000
vt 0.465964 0.234586 0.000000
vt 0.696993 0.307166 0.000000
vt 0.558830 0.360679 0.000000
vt 0.418938 0.347726 0.000000
vt 0.628231 0.402258 0.000000
vt 0.623297 0.404214 0.000000
vt 0.618463 0.404186 0.000000
vt 0.699351 0.316675 0.000000
vt 0.420128 0.438716 0.000000
vt 0.422415 0.449510 0.000000
vt 0.605521 0.363570 0.000000
vt 0.614166 0.364500 0.000000
vt 0.621634 0.363198 0.000000
vt 0.547188 0.364850 0.000000
vt 0.425876 0.350712 0.000000
vt 0.424274 0.359241 0.000000
vt 0.422862 0.375292 0.000000
vt 0.423540 0.367982 0.000000
vt 0.419668 0.392211 0.000000
vt 0.421194 0.383760 0.000000
vt 0.383794 0.377250 0.000000
vt 0.382221 0.371781 0.000000
vt 0.380843 0.365641 0.000000
vt 0.419102 0.409595 0.000000
vt 0.418726 0.401529 0.000000
vt 0.386386 0.396330 0.000000
vt 0.386044 0.389478 0.000000
vt 0.385246 0.383228 0.000000
vt 0.419421 0.427526 0.000000
vt 0.418891 0.418376 0.000000
vt 0.384384 0.419793 0.000000
vt 0.384741 0.412205 0.000000
vt 0.385689 0.404189 0.000000
vt 0.426877 0.459433 0.000000
vt 0.419485 0.465339 0.000000
vt 0.400572 0.451172 0.000000
vt 0.383223 0.440312 0.000000
vt 0.383675 0.433667 0.000000
vt 0.383760 0.427018 0.000000
vt 0.643799 0.393389 0.000000
vt 0.648815 0.390301 0.000000
vt 0.653588 0.387446 0.000000
vt 0.657565 0.384709 0.000000
vt 0.661121 0.381725 0.000000
vt 0.664404 0.379203 0.000000
vt 0.383026 0.448345 0.000000
vt 0.388740 0.449534 0.000000
vt 0.633514 0.399017 0.000000
vt 0.638685 0.396271 0.000000
vt 0.651308 0.348574 0.000000
vt 0.701761 0.329603 0.000000
vt 0.700589 0.323084 0.000000
vt 0.613603 0.402685 0.000000
vt 0.608652 0.400494 0.000000
vt 0.633576 0.357164 0.000000
vt 0.639063 0.354136 0.000000
vt 0.644790 0.351058 0.000000
vt 0.703470 0.342714 0.000000
vt 0.703050 0.336017 0.000000
vt 0.703047 0.350148 0.000000
vt 0.587025 0.361289 0.000000
vt 0.596073 0.362543 0.000000
vt 0.747252 0.322237 0.000000
vt 0.745999 0.328792 0.000000
vt 0.745041 0.335601 0.000000
vt 0.745439 0.342308 0.000000
vt 0.744971 0.349170 0.000000
vt 0.744502 0.356064 0.000000
vt 0.702759 0.357717 0.000000
vt 0.703662 0.364937 0.000000
vt 0.703315 0.372992 0.000000
vt 0.745392 0.362644 0.000000
vt 0.749172 0.372105 0.000000
vt 0.704896 0.380341 0.000000
vt 0.752019 0.383543 0.000000
vt 0.753873 0.389083 0.000000
vt 0.706518 0.401229 0.000000
vt 0.705397 0.394645 0.000000
vt 0.706164 0.407888 0.000000
vt 0.706995 0.414635 0.000000
vt 0.707127 0.420360 0.000000
vt 0.755564 0.395285 0.000000
vt 0.759012 0.419791 0.000000
vt 0.759725 0.413847 0.000000
vt 0.758931 0.407941 0.000000
vt 0.627808 0.360172 0.000000
vt 0.531310 0.030143 0.000000
vt 0.527083 0.030344 0.000000
vt 0.525051 0.023611 0.000000
vt 0.391277 0.138285 0.000000
vt 0.392726 0.146940 0.000000
vt 0.534346 0.046321 0.000000
vt 0.533178 0.038131 0.000000
vt 0.534213 0.054936 0.000000
vt 0.534467 0.064719 0.000000
vt 0.534385 0.075205 0.000000
vt 0.534200 0.085933 0.000000
vt 0.531882 0.095691 0.000000
vt 0.522715 0.112952 0.000000
vt 0.526913 0.116264 0.000000
vt 0.525432 0.126804 0.000000
vt 0.520702 0.123591 0.000000
vt 0.518333 0.133894 0.000000
vt 0.399826 0.170155 0.000000
vt 0.396240 0.165252 0.000000
vt 0.523321 0.137127 0.000000
vt 0.516339 0.145218 0.000000
vt 0.510853 0.153930 0.000000
vt 0.507295 0.165781 0.000000
vt 0.504355 0.161871 0.000000
vt 0.687679 0.026659 0.000000
vt 0.683162 0.025880 0.000000
vt 0.689569 0.030199 0.000000
vt 0.694156 0.040242 0.000000
vt 0.696444 0.045365 0.000000
vt 0.676671 0.025083 0.000000
vt 0.704237 0.235419 0.000000
vt 0.701874 0.227688 0.000000
vt 0.699552 0.219777 0.000000
vt 0.697205 0.212113 0.000000
vt 0.695075 0.205819 0.000000
vt 0.722471 0.271935 0.000000
vt 0.721877 0.264391 0.000000
vt 0.707755 0.242732 0.000000
vt 0.689644 0.195105 0.000000
vt 0.692495 0.200501 0.000000
# 623 texture coords

g 4_LOD
usemtl Material__2
f 1925/3078 2281/3086 2028/3290 
f 1925/3684 2282/3686 2120/3254 
f 2120/3254 2281/3685 1925/3684 
f 2071/3226 2282/3348 1925/3078 
f 2232/3578 2233/3579 2160/3080 
f 2160/3080 2233/3579 1928/3580 
f 2171/3575 1929/3088 2070/3209 
f 2070/3209 1930/3581 2171/3575 
f 2084/3206 1929/3446 2171/3444 
f 2171/3332 1930/3372 2106/3210 
f 2157/3211 1931/3089 2171/3332 
f 2171/3444 1931/3447 2099/3186 
f 2068/3169 1963/3607 2246/3608 2247/3609 
f 1932/3582 2234/3583 2068/3169 
f 1933/3584 1934/3585 2056/3090 
f 2056/3090 1934/3585 2235/3586 
f 1927/3338 1935/3340 1936/3091 
f 1936/3091 2115/3093 1927/3338 
f 1927/3576 2073/3287 2173/3092 
f 2173/3092 1935/3587 1927/3576 
f 1927/3576 2258/3634 2010/3255 
f 2088/3291 2258/3364 1927/3338 
f 2172/3445 1937/3451 2108/3107 
f 2108/3107 1938/3452 2172/3445 
f 2172/3341 1938/3359 2061/3100 
f 2061/3100 1939/3097 2172/3341 
f 2140/3099 2236/3098 1939/3097 
f 1939/3588 2236/3589 2142/3104 
f 2142/3104 2172/3577 1939/3588 
f 2237/3102 2238/3103 2140/3099 
f 2140/3099 2238/3103 2236/3098 
f 2238/3591 2237/3590 2142/3104 
f 2142/3104 2236/3589 2238/3591 
f 1940/3105 1937/3096 2142/3104 
f 2142/3104 1937/3096 2172/3577 
f 2067/3120 2174/3106 1940/3105 
f 1940/3453 2174/3454 2108/3107 
f 2108/3107 1937/3451 1940/3453 
f 1941/3455 2175/3456 2076/3085 
f 2076/3085 2175/3456 1938/3452 
f 2175/3371 1941/3370 2061/3100 
f 2061/3100 1938/3359 2175/3371 
f 2061/3100 1941/3370 2176/3110 
f 2239/3117 2240/3118 2098/3116 
f 2098/3116 2240/3118 2237/3102 
f 2240/3593 2239/3592 1943/3119 
f 2142/3104 2237/3590 2240/3593 
f 1944/3594 2241/3595 2067/3120 
f 2067/3120 2241/3595 2177/3596 
f 2177/3596 1945/3123 2067/3120 
f 2067/3120 1945/3123 2174/3106 
f 1945/3459 2177/3458 2108/3107 
f 2108/3107 2174/3454 1945/3459 
f 1946/3460 2178/3461 2065/3109 
f 2065/3109 2178/3461 1947/3462 
f 1947/3386 2178/3383 2089/3111 
f 2089/3111 2179/3125 1947/3386 
f 1947/3462 2179/3463 2065/3109 
f 2089/3111 2180/3126 2179/3125 
f 2179/3463 2180/3464 2065/3109 
f 2089/3111 2181/3127 2180/3126 
f 2180/3464 2181/3465 2065/3109 
f 2089/3111 2176/3110 2181/3127 
f 2181/3465 2176/3457 2076/3085 
f 2242/3133 2243/3134 2098/3116 
f 2098/3116 2243/3134 2239/3117 
f 2243/3598 2242/3597 1943/3119 
f 1943/3119 2239/3592 2243/3598 
f 1948/3599 1949/3600 1943/3119 
f 1943/3119 1949/3600 1950/3601 
f 1950/3135 1949/3355 2069/3136 
f 2069/3136 1944/3121 1950/3135 
f 1950/3601 1944/3594 2067/3120 
f 2241/3122 1944/3121 2069/3136 
f 1951/3137 1952/3138 2069/3136 
f 2069/3136 1952/3138 2177/3358 
f 2177/3358 2241/3122 2069/3136 
f 1952/3467 1951/3466 2122/3139 
f 2108/3107 2177/3458 1952/3467 
f 2182/3468 2183/3469 2158/3084 
f 2158/3084 2183/3469 1953/3470 
f 2158/3084 1953/3470 2184/3471 
f 2158/3084 2184/3471 2185/3472 
f 2185/3402 2184/3401 2131/3160 
f 2089/3111 1946/3381 2185/3402 
f 2185/3472 1946/3460 2065/3109 
f 2178/3383 1946/3381 2089/3111 
f 1954/3143 1955/3144 2098/3116 
f 2098/3116 1955/3144 2242/3133 
f 1955/3603 1954/3602 2068/3169 
f 1943/3119 2242/3597 1955/3603 
f 1956/3604 2244/3605 2145/3145 
f 2145/3145 2244/3605 2245/3606 
f 2245/3368 2244/3147 1979/3200 
f 2069/3136 1948/3369 2245/3368 
f 2245/3606 1948/3599 1943/3119 
f 1949/3355 1948/3369 2069/3136 
f 2186/3148 1957/3149 2069/3136 
f 2069/3136 1957/3149 1951/3137 
f 1957/3474 2186/3473 2165/3087 
f 2122/3139 1951/3466 1957/3474 
f 2187/3475 1959/3476 2058/3077 
f 2058/3077 1959/3476 1960/3477 
f 1960/3155 1959/3154 2062/3188 
f 1960/3155 2062/3188 1961/3156 
f 1961/3156 2188/3157 1960/3155 
f 1960/3477 2188/3478 2058/3077 
f 2188/3157 1961/3156 1962/3158 
f 1962/3158 2272/3159 2188/3157 
f 2188/3478 2272/3479 2158/3084 
f 2272/3662 1962/3661 2096/3161 
f 2096/3161 2182/3391 2272/3662 
f 2272/3479 2182/3468 2158/3084 
f 2183/3392 2182/3391 2096/3161 
f 1953/3393 2183/3392 2131/3160 
f 2184/3401 1953/3393 2131/3160 
f 2234/3334 1932/3333 2098/3116 
f 2098/3116 1932/3333 1954/3143 
f 1963/3663 2234/3334 2135/3166 
f 2135/3166 2273/3664 1963/3663 
f 1963/3432 2273/3433 1975/3194 
f 1975/3194 2246/3167 1963/3432 
f 2068/3169 2234/3583 1963/3607 
f 2247/3168 2246/3167 2114/3195 
f 2114/3195 1977/3198 2247/3168 
f 2247/3609 1977/3620 2068/3169 
f 2248/3610 2249/3611 2068/3169 
f 2068/3169 2249/3611 2250/3612 
f 2250/3171 2249/3170 1979/3200 
f 1979/3200 1956/3146 2250/3171 
f 2250/3612 1956/3604 2145/3145 
f 2244/3147 1956/3146 1979/3200 
f 1964/3172 1965/3173 2069/3136 
f 2069/3136 1965/3173 2251/3174 
f 2069/3136 2251/3174 1966/3175 
f 2069/3136 1966/3175 1967/3176 
f 2069/3136 1967/3176 1968/3177 
f 1968/3177 2189/3178 2069/3136 
f 2069/3136 2189/3178 2186/3148 
f 2189/3481 1968/3480 2165/3087 
f 2165/3087 2186/3473 2189/3481 
f 1968/3618 1967/3617 2112/3179 
f 2112/3179 2190/3180 1968/3618 
f 1968/3480 2190/3482 2165/3087 
f 2112/3179 1969/3181 2190/3180 
f 2190/3482 1969/3483 2165/3087 
f 2165/3087 1969/3483 2191/3484 
f 1931/3447 2192/3485 2099/3186 
f 2099/3186 2192/3485 2187/3475 
f 2192/3187 1931/3089 2157/3211 
f 2062/3188 2187/3153 2192/3187 
f 1959/3154 2187/3153 2062/3188 
f 1970/3189 2274/3190 2062/3188 
f 2062/3188 2274/3190 1961/3156 
f 2274/3666 1970/3665 2096/3161 
f 2274/3666 2096/3161 1962/3661 
f 1962/3661 1961/3660 2274/3666 
f 2096/3161 1970/3665 1971/3667 
f 2096/3161 1971/3667 1972/3668 
f 2096/3161 1972/3668 2275/3669 
f 2116/3162 2275/3669 2276/3670 
f 2095/3163 2276/3670 1973/3671 
f 2095/3163 1973/3671 1974/3672 
f 2273/3664 2119/3250 2278/3678 
f 2278/3419 1975/3194 2273/3433 
f 1976/3196 2193/3197 2114/3195 
f 2193/3197 1977/3198 2114/3195 
f 1977/3620 2193/3619 2248/3610 
f 2248/3610 2068/3169 1977/3620 
f 2193/3487 1976/3486 2103/3227 
f 2103/3227 1978/3488 2193/3487 
f 2193/3400 1978/3199 1979/3200 
f 1979/3200 2248/3397 2193/3400 
f 2249/3170 2248/3397 1979/3200 
f 2232/3427 1980/3202 2133/3201 
f 2133/3201 1980/3202 1981/3203 
f 1981/3622 1980/3621 2160/3080 
f 2112/3179 1964/3613 1981/3622 
f 1981/3203 1964/3172 2133/3201 
f 1965/3614 1964/3613 2112/3179 
f 2251/3615 1965/3614 2112/3179 
f 1966/3616 2251/3615 2112/3179 
f 1967/3617 1966/3616 2112/3179 
f 2055/3232 2191/3182 1969/3181 
f 2194/3204 2191/3182 2055/3232 
f 2126/3183 2191/3484 2194/3489 
f 2055/3232 1982/3205 2194/3204 
f 2194/3489 1982/3490 2126/3183 
f 2126/3183 1982/3490 1983/3491 
f 2195/3492 2196/3493 2084/3206 
f 2084/3206 2196/3493 1929/3446 
f 2196/3208 2195/3207 2070/3209 
f 2070/3209 1929/3088 2196/3208 
f 2252/3624 2253/3625 2070/3209 
f 2070/3209 2253/3625 1930/3581 
f 2253/3409 2252/3410 2106/3210 
f 2106/3210 1930/3372 2253/3409 
f 1972/3373 1971/3191 2062/3188 
f 2062/3188 1971/3191 1970/3189 
f 2275/3412 1972/3373 2062/3188 
f 2276/3413 2275/3412 2081/3212 
f 1973/3414 2276/3413 2081/3212 
f 1973/3414 2081/3212 1974/3415 
f 2081/3212 2277/3214 1974/3415 
f 2277/3214 2155/3213 1984/3215 
f 1984/3215 1985/3216 2277/3214 
f 2277/3673 1985/3675 2104/3164 
f 2104/3164 1974/3672 2277/3673 
f 1985/3675 1984/3674 1986/3676 
f 1986/3676 2101/3217 1985/3675 
f 1987/3677 2278/3678 2119/3250 
f 2278/3419 1987/3420 2197/3220 
f 2197/3220 1975/3194 2278/3419 
f 2197/3495 1987/3494 2198/3496 
f 2198/3496 2077/3285 2197/3495 
f 2077/3285 2199/3497 2197/3495 
f 2197/3220 2199/3349 1975/3194 
f 2077/3285 1988/3498 2199/3497 
f 2199/3349 1988/3350 1975/3194 
f 2156/3252 1989/3499 1988/3498 
f 1988/3350 1989/3365 1975/3194 
f 2156/3252 2200/3500 1989/3499 
f 1989/3365 2200/3366 1975/3194 
f 2156/3252 1990/3501 2200/3500 
f 2200/3366 1990/3367 2072/3221 
f 2156/3252 1991/3502 1990/3501 
f 1990/3367 1991/3411 2072/3221 
f 2072/3221 1991/3411 1992/3222 
f 2201/3223 2202/3224 2072/3221 
f 2072/3221 2202/3224 1993/3225 
f 1993/3506 2202/3505 2071/3226 
f 2103/3227 2203/3507 1993/3506 
f 1993/3225 2203/3425 2072/3221 
f 2103/3227 1994/3508 2203/3507 
f 2203/3425 1994/3426 2114/3195 
f 2103/3227 1976/3486 1994/3508 
f 1994/3426 1976/3196 2114/3195 
f 2204/3509 1978/3488 2103/3227 
f 2028/3290 1995/3510 2204/3509 
f 2204/3398 1995/3399 2136/3229 
f 1979/3200 1978/3199 2204/3398 
f 2136/3229 1995/3399 1996/3228 
f 1997/3230 1928/3431 2136/3229 
f 2136/3229 1928/3431 2233/3428 
f 1997/3230 2136/3229 1996/3228 
f 1996/3228 2254/3231 1997/3230 
f 1997/3626 2254/3627 2160/3080 
f 2160/3080 1928/3580 1997/3626 
f 2255/3628 1998/3629 2055/3232 
f 2055/3232 1998/3629 1999/3630 
f 1999/3630 1983/3623 1982/3205 
f 1982/3205 2055/3232 1999/3630 
f 1999/3363 1998/3418 2150/3234 
f 1999/3363 2150/3234 2205/3233 
f 2205/3233 1983/3362 1999/3363 
f 2126/3183 1983/3491 2205/3513 
f 2150/3234 2000/3235 2205/3233 
f 2205/3513 2000/3514 2092/3237 
f 2092/3237 2000/3514 2001/3515 
f 2002/3516 2206/3517 2084/3206 
f 2084/3206 2206/3517 2195/3492 
f 2206/3429 2002/3430 2162/3239 
f 2070/3209 2195/3207 2206/3429 
f 2003/3631 2256/3632 2124/3240 
f 2124/3240 2256/3632 2252/3624 
f 2256/3375 2003/3374 1926/3079 
f 2106/3210 2252/3410 2256/3375 
f 1926/3079 2003/3374 2257/3241 
f 2063/3244 2004/3245 1986/3434 
f 1986/3434 1984/3215 2063/3244 
f 2060/3300 2279/3246 2004/3245 
f 2004/3679 2279/3680 2101/3217 
f 2101/3217 1986/3676 2004/3679 
f 2060/3300 2280/3247 2279/3246 
f 2279/3680 2280/3681 2101/3217 
f 2280/3247 2060/3300 2207/3376 
f 2207/3376 2005/3248 2280/3247 
f 2280/3681 2005/3683 2101/3217 
f 2005/3683 2207/3682 2006/3343 
f 2006/3343 2129/3249 2005/3683 
f 2208/3251 2209/3344 2119/3250 
f 2119/3250 2209/3344 2007/3345 
f 2119/3250 2007/3345 2210/3346 
f 2119/3250 2210/3346 2008/3388 
f 2008/3388 2198/3342 2119/3250 
f 2119/3250 2198/3342 1987/3677 
f 2008/3524 2210/3523 2077/3285 
f 2077/3285 2198/3496 2008/3524 
f 2284/3688 1992/3503 2120/3254 
f 2120/3254 1992/3503 1991/3502 
f 2120/3254 2283/3687 2284/3688 
f 2284/3525 2283/3417 2071/3226 
f 2071/3226 2201/3504 2284/3525 
f 2284/3416 2201/3223 2072/3221 
f 2072/3221 1992/3222 2284/3416 
f 2071/3226 2283/3417 2282/3348 
f 2202/3505 2201/3504 2071/3226 
f 2009/3526 2028/3290 2222/3551 
f 2028/3290 2009/3526 2254/3512 
f 2254/3512 1996/3511 2028/3290 
f 2028/3290 1996/3511 1995/3510 
f 2009/3435 2222/3437 2056/3090 
f 2160/3080 2254/3627 2009/3435 
f 2258/3634 2259/3635 2010/3255 
f 2010/3255 2259/3635 1933/3584 
f 2259/3408 2258/3364 2088/3291 
f 2011/3256 1933/3354 2259/3408 
f 1934/3356 1933/3354 2011/3256 
f 2235/3357 1934/3356 2011/3256 
f 2111/3257 2211/3258 2012/3259 
f 2013/3260 2211/3258 2111/3257 
f 2092/3237 2211/3527 2013/3529 
f 2111/3257 2212/3261 2013/3260 
f 2013/3529 2212/3530 2059/3262 
f 2059/3262 2212/3530 2014/3531 
f 2015/3532 2016/3533 2059/3262 
f 2059/3262 2016/3533 2017/3534 
f 2017/3534 2018/3535 2080/3238 
f 2017/3266 2016/3265 2064/3295 
f 2064/3295 2018/3267 2017/3266 
f 2213/3268 2018/3267 2064/3295 
f 2213/3536 2260/3537 2080/3238 
f 2080/3238 2018/3535 2213/3536 
f 2213/3268 2064/3295 2019/3270 
f 2019/3270 2260/3269 2213/3268 
f 2064/3295 2020/3271 2019/3270 
f 2019/3637 2020/3638 2162/3239 
f 2019/3637 2162/3239 2002/3430 
f 2002/3430 2260/3636 2019/3637 
f 2064/3295 2261/3272 2020/3271 
f 2020/3638 2261/3639 2162/3239 
f 2064/3295 2262/3273 2261/3272 
f 2261/3639 2262/3640 2162/3239 
f 2162/3239 2262/3640 2021/3641 
f 2263/3642 2257/3633 2124/3240 
f 2124/3240 2257/3633 2003/3631 
f 2102/3298 2264/3643 2263/3642 
f 2263/3438 2264/3377 2125/3275 
f 1926/3079 2257/3241 2263/3438 
f 2125/3275 2264/3377 2023/3378 
f 2214/3382 2060/3300 2215/3276 
f 2060/3300 2214/3382 2207/3376 
f 2214/3538 2215/3539 2110/3082 
f 2214/3538 2123/3095 2006/3519 
f 2006/3519 2207/3518 2214/3538 
f 2110/3082 2215/3539 2035/3552 
f 2024/3540 2216/3541 2123/3095 
f 2123/3095 2216/3541 2217/3542 
f 2217/3542 2006/3519 2123/3095 
f 2217/3439 2216/3440 2129/3249 
f 2129/3249 2006/3343 2217/3439 
f 2129/3249 2216/3440 2024/3441 
f 2129/3249 2024/3441 2218/3280 
f 2153/3281 2218/3280 2025/3390 
f 2153/3281 2025/3390 2026/3282 
f 2026/3545 2025/3544 2148/3279 
f 2105/3283 2208/3520 2026/3545 
f 2026/3282 2208/3251 2119/3250 
f 2209/3521 2208/3520 2105/3283 
f 2007/3522 2209/3521 2105/3283 
f 2210/3523 2007/3522 2105/3283 
f 2282/3686 2283/3687 2120/3254 
f 2219/3546 2220/3689 2146/3286 
f 2146/3286 2220/3689 2281/3685 
f 2220/3352 2219/3351 2073/3287 
f 2073/3287 2221/3288 2220/3352 
f 2220/3547 2221/3548 2028/3290 
f 2028/3290 2281/3086 2220/3547 
f 2073/3287 2027/3289 2221/3288 
f 2221/3548 2027/3549 2028/3290 
f 2028/3290 2027/3549 2029/3550 
f 2029/3550 2222/3551 2028/3290 
f 2222/3437 2029/3436 2010/3255 
f 2285/3690 2030/3691 2147/3292 
f 2147/3292 2030/3691 2286/3692 
f 2286/3692 2031/3693 2111/3257 
f 2286/3337 2030/3336 2137/3305 
f 2152/3294 2031/3339 2286/3337 
f 2032/3293 2031/3339 2152/3294 
f 2033/3296 2021/3380 2064/3295 
f 2064/3295 2021/3380 2262/3273 
f 2113/3306 2265/3389 2033/3296 
f 2033/3645 2265/3646 2154/3297 
f 2022/3274 2021/3641 2033/3645 
f 2034/3647 2023/3644 2102/3298 
f 2102/3298 2023/3644 2264/3643 
f 2102/3298 2039/3651 2034/3647 
f 2034/3442 2039/3403 2097/3308 
f 2125/3275 2023/3378 2034/3442 
f 2035/3384 2215/3276 2060/3300 
f 2170/3301 2223/3385 2035/3384 
f 2035/3552 2223/3553 2082/3081 
f 2224/3554 2036/3555 2146/3286 
f 2146/3286 2036/3555 2219/3546 
f 2036/3360 2224/3353 2073/3287 
f 2073/3287 2219/3351 2036/3360 
f 2073/3287 2224/3353 2173/3092 
f 2169/3303 2173/3450 2224/3554 
f 1935/3448 2173/3450 2169/3303 
f 1936/3449 1935/3448 2169/3303 
f 2037/3556 1936/3449 2169/3303 
f 2040/3312 2038/3557 2037/3556 
f 2037/3361 2038/3695 2287/3696 
f 2287/3696 2115/3093 2037/3361 
f 2115/3093 1936/3091 2037/3361 
f 2115/3093 2287/3696 2288/3697 
f 2287/3347 2137/3305 2288/3304 
f 2266/3307 2265/3389 2113/3306 
f 2266/3648 2154/3297 2265/3646 
f 2154/3297 2266/3648 2267/3649 
f 2268/3650 2039/3651 2102/3298 
f 2039/3403 2268/3387 2170/3301 
f 2269/3404 2270/3405 2170/3301 
f 2170/3301 2270/3405 2225/3406 
f 2225/3406 2226/3407 2170/3301 
f 2170/3301 2226/3407 2223/3385 
f 2226/3559 2225/3558 2134/3309 
f 2082/3081 2223/3553 2226/3559 
f 2134/3309 2225/3558 2227/3560 
f 2228/3561 2041/3562 2040/3312 
f 2040/3312 2041/3562 2038/3557 
f 2041/3421 2228/3395 2042/3314 
f 2041/3421 2137/3305 2287/3347 
f 2287/3347 2038/3424 2041/3421 
f 2042/3314 2228/3395 2229/3313 
f 2043/3315 2042/3314 2049/3323 
f 2042/3314 2043/3315 2267/3396 
f 2043/3655 2049/3658 2066/3324 
f 2154/3297 2267/3649 2043/3655 
f 2270/3653 2269/3652 2074/3316 
f 2074/3316 2269/3652 2268/3650 
f 2044/3317 2227/3379 2074/3316 
f 2074/3316 2227/3379 2225/3654 
f 2225/3654 2270/3653 2074/3316 
f 2066/3324 2045/3318 2044/3317 
f 2044/3564 2045/3565 2128/3319 
f 2134/3309 2227/3560 2044/3564 
f 2128/3319 2045/3565 2046/3566 
f 2040/3312 2229/3563 2228/3561 
f 2230/3567 2229/3563 2040/3312 
f 2042/3314 2229/3313 2230/3422 
f 2083/3083 2047/3568 2230/3567 
f 2230/3422 2047/3423 2042/3314 
f 2042/3314 2047/3423 2231/3321 
f 2231/3321 2048/3322 2042/3314 
f 2042/3314 2048/3322 2049/3323 
f 2049/3658 2048/3657 2066/3324 
f 2050/3325 2046/3394 2066/3324 
f 2066/3324 2046/3394 2045/3318 
f 2050/3325 2066/3324 2048/3657 
f 2048/3657 2231/3656 2050/3325 
f 2050/3570 2231/3569 2083/3083 
f 2128/3319 2046/3566 2050/3570 
f 2083/3083 2231/3569 2047/3568 
f 2170/3301 2268/3387 2269/3404 
f 2267/3396 2266/3307 2113/3306 
f 2030/3336 2285/3335 2137/3305 
f 2137/3305 2285/3335 2288/3304 
f 2288/3697 2285/3690 2088/3291 
f 2025/3544 2218/3543 2148/3279 
f 2148/3279 2218/3543 2024/3540 
f 2051/3326 2289/3327 2064/3295 
f 2064/3295 2289/3327 2290/3328 
f 2290/3699 2289/3698 2052/3329 
f 2052/3329 2111/3257 2290/3699 
f 2111/3257 2032/3694 2290/3699 
f 2290/3328 2032/3293 2152/3294 
f 2031/3693 2032/3694 2111/3257 
f 2111/3257 2014/3263 2212/3261 
f 2052/3329 2014/3263 2111/3257 
f 2059/3262 2014/3531 2052/3573 
f 2052/3573 2289/3572 2051/3571 
f 2051/3571 2059/3262 2052/3573 
f 2051/3571 2015/3532 2059/3262 
f 2064/3295 2015/3264 2051/3326 
f 2010/3255 2029/3436 2027/3289 
f 2053/3574 2012/3528 2092/3237 
f 2092/3237 2012/3528 2211/3527 
f 2092/3237 2001/3515 2053/3574 
f 2053/3330 2001/3236 2150/3234 
f 2111/3257 2012/3259 2053/3330 
f 2150/3234 2001/3236 2000/3235 
f 1998/3418 2255/3443 2011/3256 
f 2011/3256 2255/3443 2271/3331 
f 2271/3659 2255/3628 2056/3090 
f 2056/3090 2235/3586 2271/3659 
f 2271/3331 2235/3357 2011/3256 
f 2260/3537 2002/3516 2080/3238 
f 2016/3265 2015/3264 2064/3295 
f 2160/3080 1980/3621 2232/3578 
f 2233/3428 2232/3427 2136/3229 
f 2068/3169 1954/3602 1932/3582 
f 2176/3457 1941/3455 2076/3085 
f 2095/3163 1974/3672 2104/3164 
f 2237/3102 2140/3099 2098/3116 
f 2222/3437 2010/3255 2056/3090 
f 1933/3584 2056/3090 2010/3255 
f 2055/3232 2056/3090 2255/3628 
f 1969/3181 2112/3179 2055/3232 
f 2026/3545 2148/3279 2105/3283 
f 2146/3286 2169/3303 2224/3554 
f 2084/3206 2080/3238 2002/3516 
f 2076/3085 2065/3109 2181/3465 
f 2013/3529 2059/3262 2092/3237 
f 2017/3534 2080/3238 2059/3262 
f 2060/3300 2004/3245 2063/3244 
f 2097/3308 2125/3275 2034/3442 
f 2176/3110 2089/3111 2061/3100 
f 2161/3115 2140/3099 2107/3113 
f 2192/3187 2157/3211 2062/3188 
f 2062/3188 2081/3212 2275/3412 
f 1984/3215 2155/3213 2063/3244 
f 2063/3244 2168/3299 2060/3300 
f 2267/3396 2113/3306 2042/3314 
f 2137/3305 2152/3294 2286/3337 
f 2121/3185 2143/3152 2167/3124 
f 2065/3109 2158/3084 2185/3472 
f 2066/3324 2154/3297 2043/3655 
f 2268/3650 2102/3298 2074/3316 
f 2067/3120 1943/3119 1950/3601 
f 1940/3105 2142/3104 2067/3120 
f 2245/3606 1943/3119 2145/3145 
f 1955/3603 2145/3145 1943/3119 
f 2133/3201 2136/3229 2232/3427 
f 2245/3368 1979/3200 2069/3136 
f 2070/3209 2124/3240 2252/3624 
f 2162/3239 2070/3209 2206/3429 
f 2028/3290 2071/3226 1925/3078 
f 1993/3506 2071/3226 2103/3227 
f 2072/3221 1975/3194 2200/3366 
f 2114/3195 2072/3221 2203/3425 
f 2027/3289 2073/3287 2010/3255 
f 2010/3255 2073/3287 1927/3576 
f 2044/3317 2074/3316 2066/3324 
f 2154/3297 2066/3324 2074/3316 
f 2075/3278 2078/3311 2144/3284 
f 2128/3319 2134/3309 2044/3564 
f 2109/3108 2076/3085 2122/3139 
f 1952/3467 2122/3139 2108/3107 
f 1988/3498 2077/3285 2156/3252 
f 2094/3302 2144/3284 2078/3311 
f 2040/3312 2094/3302 2118/3320 
f 2230/3567 2040/3312 2083/3083 
f 2098/3116 2135/3166 2234/3334 
f 2166/3141 2132/3130 2151/3142 
f 2092/3237 2059/3262 2080/3238 
f 2127/3184 2121/3185 2167/3124 
f 2062/3188 2139/3243 2081/3212 
f 2168/3299 2063/3244 2155/3213 
f 2110/3082 2123/3095 2214/3538 
f 2149/3094 2075/3278 2138/3277 
f 2118/3320 2083/3083 2040/3312 
f 2128/3319 2100/3310 2134/3309 
f 2058/3077 2099/3186 2187/3475 
f 2143/3152 2058/3077 2167/3124 
f 2130/3165 2054/3193 2085/3219 
f 2119/3250 2153/3281 2026/3282 
f 2191/3484 2126/3183 2165/3087 
f 1958/3151 2109/3108 2122/3139 
f 2275/3669 2116/3162 2096/3161 
f 2132/3130 2117/3131 2107/3113 
f 2147/3292 2088/3291 2285/3690 
f 2259/3408 2088/3291 2011/3256 
f 2140/3099 2141/3101 2107/3113 
f 2131/3160 2089/3111 2185/3402 
f 2139/3243 2090/3242 2081/3212 
f 2125/3275 1926/3079 2263/3438 
f 2054/3193 2091/3218 2085/3219 
f 2101/3217 2104/3164 1985/3675 
f 2122/3139 2126/3183 1958/3151 
f 2127/3184 2092/3237 2080/3238 
f 2166/3141 2054/3193 2130/3165 
f 2098/3116 2140/3099 2161/3115 
f 2281/3685 2120/3254 2146/3286 
f 2094/3302 2057/3253 2144/3284 
f 2276/3670 2095/3163 2116/3162 
f 2104/3164 2087/3129 2095/3163 
f 2096/3161 2116/3162 2159/3140 
f 2131/3160 2159/3140 2089/3111 
f 2035/3384 2060/3300 2170/3301 
f 2060/3300 2168/3299 2097/3308 
f 2098/3116 2093/3132 2135/3166 
f 2098/3116 2161/3115 2093/3132 
f 2171/3444 2099/3186 2084/3206 
f 2121/3185 2084/3206 2099/3186 
f 2100/3310 2083/3083 2118/3320 
f 2100/3310 2149/3094 2138/3277 
f 2091/3218 2163/3192 2101/3217 
f 2129/3249 2101/3217 2005/3683 
f 2263/3642 2022/3274 2102/3298 
f 2154/3297 2022/3274 2033/3645 
f 2071/3226 2028/3290 2103/3227 
f 2204/3509 2103/3227 2028/3290 
f 2132/3130 2104/3164 2151/3142 
f 2091/3218 2054/3193 2104/3164 
f 2105/3283 2075/3278 2144/3284 
f 2105/3283 2077/3285 2210/3523 
f 2256/3375 1926/3079 2106/3210 
f 2106/3210 2139/3243 2062/3188 
f 2107/3113 1942/3112 2164/3128 
f 1942/3112 2107/3113 2141/3101 
f 1938/3452 2108/3107 2076/3085 
f 2076/3085 2108/3107 2122/3139 
f 2058/3077 2065/3109 2167/3124 
f 2109/3108 2065/3109 2076/3085 
f 2110/3082 2082/3081 2100/3310 
f 2035/3552 2082/3081 2110/3082 
f 2147/3292 2011/3256 2088/3291 
f 2150/3234 2111/3257 2053/3330 
f 2056/3090 2055/3232 2112/3179 
f 1981/3622 2160/3080 2112/3179 
f 2033/3296 2064/3295 2113/3306 
f 2152/3294 2064/3295 2290/3328 
f 1975/3194 2114/3195 2246/3167 
f 2072/3221 2114/3195 1975/3194 
f 2115/3093 2088/3291 1927/3338 
f 2288/3697 2088/3291 2115/3093 
f 2164/3128 1942/3112 2116/3162 
f 2116/3162 2095/3163 2164/3128 
f 2166/3141 2130/3165 2079/3114 
f 2117/3131 2079/3114 2107/3113 
f 2078/3311 2118/3320 2094/3302 
f 2100/3310 2118/3320 2078/3311 
f 2273/3664 2135/3166 2119/3250 
f 2153/3281 2119/3250 2085/3219 
f 2057/3253 2146/3286 2120/3254 
f 1991/3502 2156/3252 2120/3254 
f 2084/3206 2121/3185 2080/3238 
f 2080/3238 2121/3185 2127/3184 
f 2122/3139 2086/3150 2126/3183 
f 2165/3087 2122/3139 1957/3474 
f 2024/3540 2123/3095 2148/3279 
f 2110/3082 2075/3278 2123/3095 
f 2070/3209 2162/3239 2124/3240 
f 2124/3240 2022/3274 2263/3642 
f 2090/3242 2125/3275 2097/3308 
f 2090/3242 1926/3079 2125/3275 
f 2127/3184 2126/3183 2092/3237 
f 2092/3237 2126/3183 2205/3513 
f 1958/3151 2127/3184 2109/3108 
f 2127/3184 1958/3151 2126/3183 
f 2083/3083 2128/3319 2050/3570 
f 2083/3083 2100/3310 2128/3319 
f 2218/3280 2153/3281 2129/3249 
f 2129/3249 2091/3218 2101/3217 
f 2130/3165 2093/3132 2079/3114 
f 2093/3132 2130/3165 2135/3166 
f 2096/3161 2131/3160 2183/3392 
f 2096/3161 2159/3140 2131/3160 
f 2107/3113 2087/3129 2132/3130 
f 2132/3130 2087/3129 2104/3164 
f 2069/3136 1979/3200 2133/3201 
f 2069/3136 2133/3201 1964/3172 
f 2100/3310 2082/3081 2134/3309 
f 2226/3559 2134/3309 2082/3081 
f 2135/3166 2130/3165 2085/3219 
f 2085/3219 2119/3250 2135/3166 
f 2136/3229 2133/3201 1979/3200 
f 2204/3398 2136/3229 1979/3200 
f 2042/3314 2113/3306 2137/3305 
f 2042/3314 2137/3305 2041/3421 
f 2100/3310 2138/3277 2110/3082 
f 2110/3082 2138/3277 2075/3278 
f 2106/3210 1926/3079 2139/3243 
f 2139/3243 1926/3079 2090/3242 
f 2140/3099 2061/3100 2141/3101 
f 2061/3100 2140/3099 1939/3097 
f 2089/3111 1942/3112 2141/3101 
f 2141/3101 2061/3100 2089/3111 
f 2240/3593 1943/3119 2142/3104 
f 2067/3120 2142/3104 1943/3119 
f 2058/3077 2143/3152 2099/3186 
f 2121/3185 2099/3186 2143/3152 
f 2077/3285 2105/3283 2144/3284 
f 2077/3285 2144/3284 2156/3252 
f 2068/3169 2145/3145 1955/3603 
f 2250/3612 2145/3145 2068/3169 
f 2094/3302 2169/3303 2146/3286 
f 2094/3302 2146/3286 2057/3253 
f 2011/3256 2147/3292 2111/3257 
f 2286/3692 2111/3257 2147/3292 
f 2105/3283 2148/3279 2075/3278 
f 2123/3095 2075/3278 2148/3279 
f 2100/3310 2078/3311 2149/3094 
f 2149/3094 2078/3311 2075/3278 
f 2111/3257 2150/3234 2011/3256 
f 2011/3256 2150/3234 1998/3418 
f 2166/3141 2151/3142 2054/3193 
f 2151/3142 2104/3164 2054/3193 
f 2113/3306 2064/3295 2152/3294 
f 2113/3306 2152/3294 2137/3305 
f 2091/3218 2153/3281 2085/3219 
f 2153/3281 2091/3218 2129/3249 
f 2154/3297 2102/3298 2022/3274 
f 2154/3297 2074/3316 2102/3298 
f 2081/3212 2090/3242 2155/3213 
f 2155/3213 2277/3214 2081/3212 
f 2057/3253 2156/3252 2144/3284 
f 2057/3253 2120/3254 2156/3252 
f 2171/3332 2106/3210 2157/3211 
f 2062/3188 2157/3211 2106/3210 
f 2065/3109 2058/3077 2158/3084 
f 2158/3084 2058/3077 2188/3478 
f 2159/3140 1942/3112 2089/3111 
f 2159/3140 2116/3162 1942/3112 
f 2009/3435 2056/3090 2160/3080 
f 2112/3179 2160/3080 2056/3090 
f 2079/3114 2093/3132 2161/3115 
f 2107/3113 2079/3114 2161/3115 
f 2124/3240 2162/3239 2022/3274 
f 2021/3641 2022/3274 2162/3239 
f 2163/3192 2091/3218 2104/3164 
f 2163/3192 2104/3164 2101/3217 
f 2087/3129 2164/3128 2095/3163 
f 2107/3113 2164/3128 2087/3129 
f 2086/3150 2122/3139 2165/3087 
f 2086/3150 2165/3087 2126/3183 
f 2117/3131 2166/3141 2079/3114 
f 2117/3131 2132/3130 2166/3141 
f 2127/3184 2167/3124 2109/3108 
f 2167/3124 2065/3109 2109/3108 
f 2155/3213 2090/3242 2168/3299 
f 2097/3308 2168/3299 2090/3242 
f 2037/3556 2169/3303 2040/3312 
f 2169/3303 2094/3302 2040/3312 
f 2170/3301 2097/3308 2039/3403 
f 2060/3300 2097/3308 2170/3301 
# 1 polygons - 726 triangles

#
# object 1_LOD
#

v  275.721161 9.526810 45.039482
v  435.214233 364.289886 96.128387
v  446.355103 402.750397 23.387289
v  264.676361 22.895172 55.200439
v  261.951355 16.105957 35.814941
v  428.880615 368.211304 95.842010
v  435.411591 355.903412 96.001694
v  448.048096 401.080627 1.276050
v  429.122955 398.663544 -55.716270
v  426.369446 388.910614 -69.602417
v  410.720917 401.997711 -74.661629
v  350.810944 403.414764 -100.484238
v  300.731628 404.496094 -91.991524
v  260.561462 385.473511 -71.002182
v  257.226654 393.676422 -55.786850
v  279.012390 424.801514 -38.254269
v  445.661011 399.803192 -16.723846
v  434.340820 377.652496 -74.108597
v  259.943573 338.974243 -78.219650
v  441.923248 382.623199 74.439865
v  258.802979 322.437653 -78.270309
v  249.887207 391.039368 35.094120
v  412.588257 387.857483 91.998039
v  438.632019 344.147186 95.447235
v  348.818665 393.082886 93.967209
v  365.219269 394.017639 96.287674
v  443.420380 301.126953 96.143936
v  442.732178 281.521545 -78.824783
v  255.019287 257.638824 -77.441406
v  289.824524 382.717438 77.901909
v  449.269775 270.612946 92.144806
v  451.622375 255.226288 88.760513
v  267.855530 316.449005 88.297791
v  271.100464 346.583008 83.482086
v  446.755493 215.334427 -85.857925
v  264.989319 193.282562 -85.807266
v  456.171448 208.124161 86.524139
v  448.845947 182.864594 -86.100266
v  268.797974 207.394821 83.703735
v  267.856537 238.018768 83.854828
v  448.135956 160.135559 94.957306
v  450.200195 176.143280 92.509216
v  264.873413 128.450150 -89.484879
v  243.639801 162.607162 72.335526
v  445.206512 127.002594 103.146881
v  258.695038 130.680344 91.277557
v  413.777618 111.725616 117.777702
v  452.671936 79.804199 95.170242
v  263.918945 72.114227 75.040024
v  263.817200 85.888390 78.915939
v  479.247986 51.134155 13.934888
v  384.558350 28.781525 -113.535271
v  261.490295 28.905716 -77.131424
v  269.876129 32.512054 67.612946
v  273.236755 57.830597 74.150238
v  454.115051 17.717606 -49.013710
v  445.704254 9.660461 59.736355
v  418.531921 5.209320 73.302818
v  347.558685 1.899979 77.526276
v  331.520325 4.463013 72.963264
v  400.871582 15.275131 -100.296837
v  385.268494 12.919037 -102.887550
v  350.652710 8.077179 -101.652771
v  317.216858 1.187424 -92.411430
v  271.184387 3.614334 -66.526764
v  267.678467 7.442230 -69.889114
v  256.332581 6.874008 -31.657312
v  376.620850 -19.737396 3.801404
v  456.881653 362.356293 -50.869640
v  318.655731 273.344513 -105.328957
v  247.326416 347.356842 60.575516
v  358.745392 347.455566 106.527725
v  442.676819 34.212357 91.119949
v  465.506104 255.715485 33.540802
v  422.381195 378.259186 -84.989220
v  293.988739 177.839630 -103.343315
v  250.188599 383.620361 -58.018021
v  431.863220 239.363739 101.912399
v  329.159546 18.247345 -107.704704
v  430.955414 330.496887 102.933746
v  426.128845 357.206665 100.448349
v  417.103210 419.837402 49.083714
v  245.398712 98.123375 -62.558704
v  395.229980 426.105621 -70.846428
v  331.868378 -11.323044 -67.185097
v  254.698914 61.255981 67.086380
v  316.649200 38.417633 90.565865
v  471.756134 166.343353 -61.241173
v  241.721741 191.086716 -42.200226
v  239.728073 286.484039 -15.291883
v  430.290039 281.991760 -90.785492
v  365.036438 -15.390350 60.353970
v  246.534454 270.090973 65.830643
v  418.729553 184.716599 -102.727425
v  287.341553 403.805420 59.418953
v  470.304535 54.980408 -53.239632
v  350.487396 412.609680 81.268997
v  340.146576 160.473724 115.451035
v  455.058105 381.783600 38.795292
v  414.070648 1.791260 -72.802116
v  333.457245 373.332520 -102.434021
v  431.426544 -7.852890 16.256474
v  252.521667 11.959961 -34.841743
v  290.348694 -4.198761 30.494310
v  474.027069 115.685013 10.250696
v  400.078552 87.844269 -114.244484
v  366.010101 223.129837 106.856827
v  319.546204 425.962402 -77.151436
v  231.524719 146.244766 -4.870507
v  268.889771 -1.226624 -46.787312
v  431.290741 36.349030 -100.680740
v  306.426971 282.443756 90.202171
v  284.699982 376.731689 -93.077545
v  468.867737 38.388260 63.673721
v  253.284698 321.113129 -67.275688
v  460.456390 207.842667 76.827316
v  266.867249 306.944489 -88.378311
v  249.167877 31.423340 18.527687
v  240.236267 381.248291 5.010053
v  420.438354 300.798248 103.581535
v  242.712402 241.178345 -70.298416
v  278.828888 380.193939 75.532669
v  436.844086 20.731476 -82.440048
v  439.062408 27.751297 -87.201874
v  288.602264 402.898590 -84.838692
v  276.729980 398.352264 -78.401138
v  420.445038 399.671844 -65.506126
v  398.286163 403.522522 -81.309929
v  383.148773 403.897675 -91.244667
v  334.208771 402.595947 -98.875992
v  317.182465 404.873169 -94.952446
v  256.539368 373.372955 -73.349167
v  256.920135 356.590271 -75.617889
v  437.731384 345.481323 -70.433548
v  426.420898 384.329071 89.145050
v  441.020447 330.640839 96.747787
v  277.014832 370.869812 79.834198
v  259.279358 209.567398 -85.060715
v  453.506104 239.811676 89.644089
v  264.734436 268.863892 85.284103
v  263.386963 284.771240 87.317093
v  266.512085 144.444397 -87.358246
v  450.264740 135.097763 -83.550156
v  448.422028 150.897675 -80.553940
v  259.376190 161.990814 87.822205
v  449.832794 95.354691 97.407898
v  264.240082 78.138092 -85.823807
v  453.425476 64.488159 91.657928
v  448.406647 73.687241 -88.172974
v  262.613647 58.883789 71.626221
v  457.949219 36.136658 80.037445
v  273.408051 44.539734 72.119873
v  434.156525 5.764908 67.485855
v  383.180695 -0.645157 78.685844
v  442.890015 21.952957 -78.185196
v  437.467163 377.757690 87.762024
v  263.477997 379.630676 68.620773
v  445.622650 393.705292 43.538280
v  265.452454 394.740601 -69.850433
v  252.588196 394.228333 -41.719196
v  247.665894 393.029907 5.026191
v  252.892517 388.419006 47.794632
v  469.243469 11.456879 5.818659
v  461.931946 12.010544 39.923748
v  262.405273 6.470154 -50.287319
v  255.981171 8.815247 -10.644789
v  258.443085 11.544144 12.996766
# 167 vertices

vt 0.307775 0.368240 0.000000
vt 0.050349 0.593942 0.000000
vt 0.318750 0.682375 0.000000
vt 0.551047 0.726731 0.000000
vt 0.258007 0.486772 0.000000
vt 0.041282 0.596200 0.000000
vt 0.047958 0.590355 0.000000
vt 0.054733 0.588401 0.000000
vt 0.055110 0.594391 0.000000
vt 0.310423 0.579024 0.000000
vt 0.321220 0.696014 0.000000
vt 0.322946 0.669188 0.000000
vt 0.331883 0.672294 0.000000
vt 0.553249 0.730504 0.000000
vt 0.548697 0.733021 0.000000
vt 0.223981 0.438677 0.000000
vt 0.213386 0.385731 0.000000
vt 0.042493 0.732623 0.000000
vt 0.044846 0.740671 0.000000
vt 0.307931 0.494382 0.000000
vt 0.613945 0.512207 0.000000
vt 0.619180 0.555591 0.000000
vt 0.323939 0.733382 0.000000
vt 0.048511 0.645850 0.000000
vt 0.041226 0.648303 0.000000
vt 0.041711 0.656240 0.000000
vt 0.041603 0.664513 0.000000
vt 0.042434 0.674764 0.000000
vt 0.042762 0.694502 0.000000
vt 0.043183 0.704237 0.000000
vt 0.041823 0.714427 0.000000
vt 0.042006 0.724243 0.000000
vt 0.058712 0.733038 0.000000
vt 0.059622 0.752950 0.000000
vt 0.052020 0.751371 0.000000
vt 0.316388 0.504216 0.000000
vt 0.309127 0.503998 0.000000
vt 0.308899 0.512849 0.000000
vt 0.636926 0.488986 0.000000
vt 0.322802 0.707245 0.000000
vt 0.348681 0.723636 0.000000
vt 0.056871 0.642967 0.000000
vt 0.057495 0.652167 0.000000
vt 0.060480 0.704471 0.000000
vt 0.080460 0.750518 0.000000
vt 0.069801 0.752509 0.000000
vt 0.316783 0.540482 0.000000
vt 0.308702 0.540042 0.000000
vt 0.689385 0.568139 0.000000
vt 0.076020 0.639595 0.000000
vt 0.099996 0.744390 0.000000
vt 0.090334 0.751330 0.000000
vt 0.352981 0.498719 0.000000
vt 0.308348 0.556985 0.000000
vt 0.721515 0.567642 0.000000
vt 0.720105 0.574534 0.000000
vt 0.070166 0.591061 0.000000
vt 0.069909 0.597884 0.000000
vt 0.061888 0.596668 0.000000
vt 0.120079 0.712996 0.000000
vt 0.372375 0.531286 0.000000
vt 0.332070 0.574156 0.000000
vt 0.308600 0.564491 0.000000
vt 0.696070 0.491613 0.000000
vt 0.707801 0.529251 0.000000
vt 0.721323 0.526602 0.000000
vt 0.722677 0.536995 0.000000
vt 0.087322 0.585078 0.000000
vt 0.087067 0.599189 0.000000
vt 0.395491 0.739728 0.000000
vt 0.115014 0.647255 0.000000
vt 0.129412 0.753947 0.000000
vt 0.399462 0.499174 0.000000
vt 0.045755 0.500566 0.000000
vt 0.712786 0.489499 0.000000
vt 0.060306 0.549762 0.000000
vt 0.104670 0.603251 0.000000
vt 0.403308 0.636544 0.000000
vt 0.406446 0.670149 0.000000
vt 0.158186 0.749944 0.000000
vt 0.377948 0.580213 0.000000
vt 0.078136 0.496214 0.000000
vt 0.060162 0.497438 0.000000
vt 0.122715 0.591767 0.000000
vt 0.122381 0.606160 0.000000
vt 0.154369 0.635769 0.000000
vt 0.173126 0.654536 0.000000
vt 0.177372 0.727594 0.000000
vt 0.167907 0.747023 0.000000
vt 0.427896 0.515684 0.000000
vt 0.105722 0.494000 0.000000
vt 0.096511 0.493338 0.000000
vt 0.098005 0.518503 0.000000
vt 0.132257 0.553986 0.000000
vt 0.140371 0.608412 0.000000
vt 0.431866 0.642125 0.000000
vt 0.462921 0.720956 0.000000
vt 0.174087 0.634495 0.000000
vt 0.197375 0.746025 0.000000
vt 0.453643 0.538440 0.000000
vt 0.141101 0.495707 0.000000
vt 0.123517 0.495454 0.000000
vt 0.167862 0.604618 0.000000
vt 0.158555 0.604892 0.000000
vt 0.202501 0.632802 0.000000
vt 0.193130 0.633231 0.000000
vt 0.206983 0.746361 0.000000
vt 0.443112 0.584265 0.000000
vt 0.167330 0.490333 0.000000
vt 0.169222 0.539415 0.000000
vt 0.477276 0.619999 0.000000
vt 0.496132 0.622087 0.000000
vt 0.489549 0.676605 0.000000
vt 0.231345 0.665790 0.000000
vt 0.237601 0.747622 0.000000
vt 0.482291 0.503789 0.000000
vt 0.185902 0.489557 0.000000
vt 0.198157 0.582669 0.000000
vt 0.505438 0.622756 0.000000
vt 0.229156 0.609189 0.000000
vt 0.520478 0.735599 0.000000
vt 0.507515 0.585891 0.000000
vt 0.504509 0.581337 0.000000
vt 0.223508 0.488332 0.000000
vt 0.214665 0.488869 0.000000
vt 0.246973 0.600354 0.000000
vt 0.248838 0.611386 0.000000
vt 0.531997 0.640982 0.000000
vt 0.527295 0.670983 0.000000
vt 0.527818 0.709829 0.000000
vt 0.261592 0.646670 0.000000
vt 0.266028 0.674490 0.000000
vt 0.272114 0.706262 0.000000
vt 0.268219 0.749366 0.000000
vt 0.521164 0.551576 0.000000
vt 0.523891 0.582933 0.000000
vt 0.241374 0.493951 0.000000
vt 0.232774 0.493549 0.000000
vt 0.551856 0.708406 0.000000
vt 0.210227 0.354519 0.000000
vt 0.219387 0.350482 0.000000
vt 0.241567 0.346476 0.000000
vt 0.264299 0.347085 0.000000
vt 0.266768 0.529975 0.000000
vt 0.242956 0.522762 0.000000
vt 0.252643 0.359874 0.000000
vt 0.230216 0.457212 0.000000
vt 0.239867 0.458701 0.000000
vt 0.261056 0.457960 0.000000
vt 0.281593 0.451562 0.000000
vt 0.282251 0.746699 0.000000
vt 0.537477 0.509728 0.000000
vt 0.536416 0.521484 0.000000
vt 0.532578 0.519901 0.000000
vt 0.535643 0.534294 0.000000
vt 0.534242 0.548625 0.000000
vt 0.297171 0.377712 0.000000
vt 0.310497 0.423504 0.000000
vt 0.272780 0.435443 0.000000
vt 0.246029 0.393258 0.000000
vt 0.339911 0.634235 0.000000
vt 0.344825 0.634010 0.000000
vt 0.275857 0.663469 0.000000
vt 0.550656 0.651945 0.000000
vt 0.389576 0.491545 0.000000
vt 0.418222 0.487181 0.000000
vt 0.427992 0.485688 0.000000
vt 0.269213 0.491358 0.000000
vt 0.268799 0.480699 0.000000
vt 0.306414 0.588323 0.000000
vt 0.609358 0.481194 0.000000
vt 0.312254 0.590669 0.000000
vt 0.347126 0.597176 0.000000
vt 0.554041 0.636598 0.000000
vt 0.327991 0.593382 0.000000
vt 0.377658 0.596673 0.000000
vt 0.367554 0.596581 0.000000
vt 0.414860 0.598224 0.000000
vt 0.396550 0.597564 0.000000
vt 0.442755 0.597450 0.000000
vt 0.277323 0.673197 0.000000
vt 0.280197 0.694099 0.000000
vt 0.611945 0.570400 0.000000
vt 0.462351 0.599040 0.000000
vt 0.499720 0.589790 0.000000
vt 0.491428 0.592859 0.000000
vt 0.518055 0.587898 0.000000
vt 0.511025 0.591327 0.000000
vt 0.039685 0.500943 0.000000
vt 0.046236 0.749089 0.000000
vt 0.314200 0.494728 0.000000
vt 0.322049 0.494217 0.000000
vt 0.036006 0.581318 0.000000
vt 0.037712 0.589573 0.000000
vt 0.032958 0.543415 0.000000
vt 0.032550 0.553175 0.000000
vt 0.605306 0.489725 0.000000
vt 0.038194 0.507535 0.000000
vt 0.284066 0.714947 0.000000
vt 0.285729 0.745662 0.000000
vt 0.332165 0.492810 0.000000
vt 0.342630 0.490965 0.000000
vt 0.188594 0.603436 0.000000
vt 0.208994 0.607652 0.000000
vt 0.219070 0.608884 0.000000
vt 0.270610 0.605668 0.000000
vt 0.269516 0.597011 0.000000
vt 0.268238 0.586728 0.000000
vt 0.267576 0.540848 0.000000
vt 0.269326 0.563798 0.000000
vt 0.328939 0.648940 0.000000
vt 0.352106 0.491422 0.000000
vt 0.331788 0.639841 0.000000
vt 0.336318 0.631676 0.000000
vt 0.330140 0.741669 0.000000
vt 0.322407 0.741106 0.000000
vt 0.338826 0.741922 0.000000
vt 0.358736 0.739626 0.000000
vt 0.351673 0.635049 0.000000
vt 0.359363 0.634580 0.000000
vt 0.433843 0.742336 0.000000
vt 0.453861 0.741433 0.000000
vt 0.606771 0.562476 0.000000
vt 0.600459 0.552338 0.000000
vt 0.483121 0.737390 0.000000
vt 0.473452 0.738097 0.000000
vt 0.594357 0.531044 0.000000
vt 0.594637 0.520152 0.000000
vt 0.376078 0.633663 0.000000
vt 0.114590 0.637266 0.000000
vt 0.394154 0.635231 0.000000
vt 0.113498 0.605589 0.000000
vt 0.412312 0.635416 0.000000
vt 0.431167 0.635840 0.000000
vt 0.455488 0.485107 0.000000
vt 0.449618 0.629875 0.000000
vt 0.458715 0.627304 0.000000
vt 0.464820 0.484315 0.000000
vt 0.494779 0.486746 0.000000
vt 0.514700 0.623636 0.000000
vt 0.239626 0.633534 0.000000
vt 0.532928 0.629255 0.000000
vt 0.523610 0.493824 0.000000
vt 0.532201 0.562539 0.000000
vt 0.528433 0.574328 0.000000
vt 0.249345 0.491686 0.000000
vt 0.231600 0.487061 0.000000
vt 0.551844 0.673513 0.000000
vt 0.274289 0.350019 0.000000
vt 0.268336 0.639045 0.000000
vt 0.273536 0.638973 0.000000
vt 0.537275 0.497655 0.000000
vt 0.540594 0.499119 0.000000
vt 0.597778 0.509073 0.000000
vt 0.600675 0.498212 0.000000
vt 0.676661 0.589968 0.000000
vt 0.204515 0.443695 0.000000
vt 0.317095 0.373279 0.000000
vt 0.721214 0.581168 0.000000
vt 0.706305 0.473741 0.000000
vt 0.711245 0.482736 0.000000
vt 0.661994 0.592073 0.000000
vt 0.691611 0.590620 0.000000
vt 0.208159 0.446157 0.000000
vt 0.615053 0.473647 0.000000
vt 0.624329 0.582326 0.000000
vt 0.617805 0.577017 0.000000
vt 0.624065 0.468399 0.000000
vt 0.633320 0.465696 0.000000
vt 0.650181 0.591417 0.000000
vt 0.664082 0.463640 0.000000
vt 0.712379 0.587499 0.000000
vt 0.683242 0.466518 0.000000
vt 0.691480 0.468460 0.000000
vt 0.197879 0.426204 0.000000
vt 0.188930 0.392580 0.000000
vt 0.192749 0.371355 0.000000
vt 0.202713 0.358995 0.000000
vt 0.309888 0.435583 0.000000
vt 0.316011 0.425938 0.000000
vt 0.319360 0.414380 0.000000
vt 0.319641 0.401538 0.000000
vt 0.318448 0.387183 0.000000
# 283 texture coords

g 1_LOD
usemtl Material__2
f 2291/3867 2377/3844 2294/3704 
f 2294/3704 2295/3868 2291/3867 
f 2292/3860 2389/3712 2446/3912 
f 2446/3912 2296/3913 2292/3860 
f 2292/3701 2296/3706 2371/3707 
f 2371/3707 2297/3708 2292/3701 
f 2292/3860 2297/3861 2389/3712 
f 2447/3959 2412/3960 2385/3763 
f 2293/3955 2298/3961 2372/3748 
f 2389/3712 2298/3710 2293/3702 
f 2293/3702 2448/3711 2389/3712 
f 2372/3748 2448/3962 2293/3955 
f 2445/3703 2413/3713 2414/3714 
f 2414/3714 2386/3829 2445/3703 
f 2390/3715 2413/3963 2445/3956 
f 2415/3896 2416/3870 2306/3738 
f 2306/3738 2416/3870 2449/3964 
f 2299/3965 2374/3721 2307/3969 
f 2299/3722 2359/3740 2300/3914 
f 2300/3914 2417/3915 2299/3722 
f 2299/3965 2417/3966 2374/3721 
f 2417/3724 2300/3723 2365/3742 
f 2365/3742 2301/3725 2417/3724 
f 2417/3966 2301/3882 2374/3721 
f 2365/3742 2418/3726 2301/3725 
f 2301/3882 2418/3922 2374/3721 
f 2365/3742 2419/3727 2418/3726 
f 2418/3922 2419/3923 2374/3721 
f 2391/3743 2302/3728 2419/3727 
f 2419/3923 2302/3926 2374/3721 
f 2391/3743 2420/3729 2302/3728 
f 2302/3926 2420/3927 2398/3720 
f 2391/3743 2421/3730 2420/3729 
f 2420/3927 2421/3953 2398/3720 
f 2403/3732 2303/3731 2421/3730 
f 2421/3953 2303/3954 2398/3720 
f 2403/3732 2415/3717 2303/3731 
f 2303/3954 2415/3896 2398/3720 
f 2416/3718 2415/3717 2403/3732 
f 2422/3733 2304/3734 2403/3732 
f 2403/3732 2304/3734 2449/3889 
f 2449/3889 2416/3718 2403/3732 
f 2304/3890 2422/3891 2367/3735 
f 2304/3890 2367/3735 2305/3736 
f 2305/3736 2449/3719 2304/3890 
f 2367/3735 2450/3737 2305/3736 
f 2305/3967 2450/3968 2306/3738 
f 2306/3738 2449/3964 2305/3967 
f 2298/3961 2307/3969 2374/3721 
f 2307/3739 2298/3710 2389/3712 
f 2359/3740 2299/3722 2307/3739 
f 2308/3916 2359/3740 2424/3917 
f 2359/3740 2308/3916 2300/3914 
f 2308/3741 2424/3749 2365/3742 
f 2365/3742 2300/3723 2308/3741 
f 2309/3744 2423/3745 2403/3732 
f 2403/3732 2423/3745 2422/3733 
f 2423/3900 2309/3901 2405/3752 
f 2367/3735 2422/3891 2423/3900 
f 2450/3737 2409/3746 2451/3747 
f 2451/3970 2306/3738 2450/3968 
f 2310/3971 2448/3962 2372/3748 
f 2310/3910 2389/3712 2448/3711 
f 2311/3751 2407/3750 2319/3771 
f 2407/3750 2311/3751 2309/3744 
f 2311/3911 2319/3864 2405/3752 
f 2405/3752 2309/3901 2311/3911 
f 2312/3753 2451/3747 2409/3746 
f 2312/3972 2306/3738 2451/3970 
f 2313/3754 2387/3764 2316/3766 
f 2371/3707 2425/3893 2313/3892 
f 2313/3754 2425/3755 2372/3748 
f 2425/3893 2371/3707 2296/3706 
f 2296/3706 2446/3705 2425/3893 
f 2425/3755 2446/3958 2310/3971 
f 2310/3971 2372/3748 2425/3755 
f 2426/3757 2314/3758 2370/3756 
f 2370/3756 2314/3758 2297/3708 
f 2314/3918 2426/3919 2364/3778 
f 2389/3712 2297/3861 2314/3918 
f 2424/3917 2359/3740 2318/3769 
f 2318/3929 2381/3770 2424/3749 
f 2452/3762 2361/3761 2447/3709 
f 2361/3761 2452/3762 2312/3753 
f 2452/3973 2447/3959 2385/3763 
f 2306/3738 2312/3972 2452/3973 
f 2387/3764 2315/3765 2316/3766 
f 2316/3895 2315/3894 2362/3775 
f 2362/3775 2313/3892 2316/3895 
f 2317/3768 2426/3757 2410/3767 
f 2317/3928 2364/3778 2426/3919 
f 2318/3929 2325/3785 2381/3770 
f 2319/3771 2407/3750 2428/3779 
f 2319/3864 2428/3865 2411/3772 
f 2361/3761 2427/3871 2412/3869 2447/3709 
f 2427/3871 2361/3761 2324/3874 
f 2427/3773 2324/3782 2362/3775 
f 2427/3773 2362/3775 2320/3897 
f 2320/3897 2412/3888 2427/3773 
f 2362/3775 2315/3894 2320/3897 
f 2320/3774 2315/3765 2387/3764 
f 2385/3763 2412/3960 2320/3774 
f 2321/3776 2317/3768 2410/3767 
f 2321/3930 2364/3778 2317/3928 
f 2364/3778 2321/3930 2322/3777 
f 2318/3769 2359/3740 2378/3796 2325/3920 
f 2323/3872 2361/3761 2431/3876 
f 2361/3761 2323/3872 2324/3874 
f 2323/3781 2362/3775 2324/3782 
f 2429/3784 2322/3931 2368/3783 
f 2368/3783 2322/3931 2321/3776 
f 2368/3783 2327/3794 2429/3784 
f 2429/3932 2327/3933 2406/3795 
f 2364/3778 2322/3777 2429/3932 
f 2325/3920 2378/3796 2328/3921 
f 2325/3785 2328/3797 2384/3786 
f 2366/3787 2326/3788 2428/3779 
f 2411/3772 2428/3865 2326/3866 
f 2430/3875 2383/3780 2330/3878 
f 2383/3780 2430/3875 2431/3876 
f 2431/3791 2430/3790 2402/3792 
f 2402/3792 2323/3781 2431/3791 
f 2327/3794 2368/3783 2332/3803 
f 2327/3933 2332/3935 2406/3795 
f 2328/3921 2378/3796 2434/3925 
f 2328/3797 2434/3805 2384/3786 
f 2432/3798 2326/3788 2366/3787 
f 2432/3934 2379/3789 2326/3866 
f 2329/3877 2330/3878 2383/3780 
f 2330/3801 2329/3800 2388/3809 
f 2402/3792 2430/3790 2330/3801 
f 2331/3802 2332/3803 2368/3783 
f 2332/3935 2331/3936 2395/3812 
f 2395/3812 2331/3936 2335/3810 
f 2433/3924 2434/3925 2378/3796 
f 2434/3805 2433/3804 2396/3813 
f 2369/3832 2333/3806 2432/3798 
f 2379/3789 2432/3934 2333/3937 
f 2435/3879 2329/3877 2334/3807 
f 2435/3808 2388/3809 2329/3800 
f 2335/3902 2331/3802 2337/3817 
f 2337/3817 2436/3903 2335/3902 
f 2335/3810 2436/3811 2395/3812 
f 2433/3924 2386/3829 2439/3820 
f 2439/3940 2396/3813 2433/3804 
f 2437/3814 2333/3806 2369/3832 
f 2437/3938 2373/3815 2333/3937 
f 2334/3807 2336/3883 2435/3879 
f 2336/3816 2388/3809 2435/3808 
f 2338/3904 2436/3903 2337/3817 
f 2337/3817 2438/3819 2338/3904 
f 2338/3818 2438/3939 2404/3827 
f 2341/3828 2436/3811 2338/3818 
f 2437/3814 2369/3832 2343/3833 
f 2343/3942 2373/3815 2437/3938 
f 2376/3822 2440/3821 2339/3884 
f 2376/3822 2339/3884 2340/3885 
f 2334/3807 2340/3885 2336/3883 
f 2340/3824 2377/3844 2336/3816 
f 2441/3826 2438/3819 2363/3825 
f 2441/3941 2404/3827 2438/3939 
f 2439/3820 2386/3829 2414/3714 
f 2414/3949 2401/3830 2439/3940 
f 2343/3833 2369/3832 2356/3850 
f 2343/3942 2356/3951 2393/3853 
f 2295/3943 2294/3944 2408/3834 
f 2408/3834 2294/3944 2344/3835 
f 2344/3945 2294/3704 2377/3844 
f 2377/3844 2442/3836 2344/3945 
f 2344/3835 2442/3886 2376/3822 
f 2377/3844 2345/3837 2442/3836 
f 2442/3886 2345/3887 2440/3821 
f 2440/3821 2376/3822 2442/3886 
f 2345/3837 2377/3844 2339/3823 
f 2339/3823 2440/3946 2345/3837 
f 2340/3824 2339/3823 2377/3844 
f 2441/3826 2363/3825 2347/3905 
f 2347/3873 2404/3827 2441/3941 
f 2346/3838 2445/3703 2386/3829 
f 2346/3974 2390/3715 2445/3956 
f 2346/3974 2453/3975 2392/3716 
f 2341/3828 2453/3947 2346/3838 
f 2453/3975 2454/3976 2392/3716 
f 2404/3827 2454/3863 2453/3947 
f 2454/3976 2347/3977 2392/3716 
f 2404/3827 2347/3873 2454/3863 
f 2347/3977 2443/3839 2392/3716 
f 2363/3825 2443/3906 2347/3905 
f 2392/3716 2443/3839 2348/3840 
f 2348/3840 2444/3841 2382/3845 
f 2348/3907 2443/3906 2363/3825 
f 2363/3825 2444/3909 2348/3907 
f 2444/3841 2349/3842 2382/3845 
f 2363/3825 2349/3908 2444/3909 
f 2350/3843 2377/3844 2291/3867 
f 2377/3844 2350/3843 2349/3908 
f 2350/3948 2291/3700 2394/3856 
f 2382/3845 2349/3842 2350/3948 
f 2351/3846 2413/3963 2390/3715 
f 2351/3862 2401/3830 2414/3949 2413/3950 
f 2342/3831 2351/3862 2352/3880 
f 2342/3831 2352/3880 2353/3881 
f 2369/3832 2353/3881 2354/3898 
f 2369/3832 2354/3898 2355/3899 
f 2355/3899 2356/3850 2369/3832 
f 2356/3951 2355/3952 2455/3851 
f 2455/3851 2393/3853 2356/3951 
f 2393/3853 2455/3851 2357/3852 
f 2393/3853 2357/3852 2456/3854 
f 2393/3853 2456/3854 2457/3855 
f 2457/3982 2456/3981 2394/3856 
f 2457/3982 2394/3856 2291/3700 
f 2291/3700 2295/3957 2457/3982 
f 2457/3855 2295/3943 2408/3834 
f 2353/3848 2352/3847 2375/3858 
f 2353/3848 2375/3858 2354/3849 
f 2354/3849 2375/3858 2355/3978 
f 2455/3979 2355/3978 2400/3857 
f 2357/3980 2455/3979 2400/3857 
f 2456/3981 2357/3980 2400/3857 
f 2352/3847 2351/3846 2390/3715 
f 2389/3712 2310/3910 2446/3912 
f 2433/3924 2378/3796 2386/3829 
f 2332/3935 2395/3812 2406/3795 
f 2325/3785 2384/3786 2381/3770 
f 2407/3750 2366/3787 2428/3779 
f 2319/3864 2411/3772 2405/3752 
f 2383/3780 2334/3807 2329/3877 
f 2388/3809 2402/3792 2330/3801 
f 2368/3783 2337/3817 2331/3802 
f 2438/3819 2337/3817 2363/3825 
f 2363/3825 2377/3844 2349/3908 
f 2389/3712 2359/3740 2307/3739 
f 2381/3770 2365/3742 2424/3749 
f 2419/3727 2365/3742 2391/3743 
f 2432/3798 2366/3787 2369/3832 
f 2396/3813 2384/3786 2434/3805 
f 2450/3737 2367/3735 2409/3746 
f 2423/3900 2405/3752 2367/3735 
f 2426/3757 2370/3756 2410/3767 
f 2397/3793 2402/3792 2388/3809 
f 2369/3832 2366/3787 2396/3813 
f 2353/3881 2369/3832 2342/3831 
f 2397/3793 2370/3756 2362/3775 
f 2362/3775 2371/3707 2313/3892 
f 2370/3756 2371/3707 2362/3775 
f 2297/3708 2371/3707 2370/3756 
f 2398/3720 2374/3721 2302/3926 
f 2387/3764 2385/3763 2320/3774 
f 2333/3937 2373/3815 2379/3789 
f 2340/3885 2334/3807 2376/3822 
f 2374/3721 2306/3738 2372/3748 
f 2374/3721 2372/3748 2298/3961 
f 2400/3857 2394/3856 2456/3981 
f 2392/3716 2390/3715 2346/3974 
f 2399/3799 2376/3822 2334/3807 
f 2457/3855 2408/3834 2393/3853 
f 2377/3844 2388/3809 2336/3816 
f 2363/3825 2337/3817 2377/3844 
f 2378/3796 2359/3740 2364/3778 
f 2395/3812 2378/3796 2364/3778 
f 2379/3789 2334/3807 2380/3760 
f 2334/3807 2379/3789 2399/3799 
f 2361/3761 2383/3780 2431/3876 
f 2367/3735 2380/3760 2409/3746 
f 2360/3759 2381/3770 2384/3786 
f 2381/3770 2391/3743 2365/3742 
f 2382/3845 2392/3716 2348/3840 
f 2375/3858 2358/3859 2394/3856 
f 2383/3780 2361/3761 2380/3760 
f 2380/3760 2334/3807 2383/3780 
f 2360/3759 2384/3786 2366/3787 
f 2384/3786 2396/3813 2366/3787 
f 2385/3763 2387/3764 2306/3738 
f 2452/3973 2385/3763 2306/3738 
f 2346/3838 2386/3829 2341/3828 
f 2378/3796 2395/3812 2386/3829 
f 2387/3764 2372/3748 2306/3738 
f 2313/3754 2372/3748 2387/3764 
f 2337/3817 2397/3793 2388/3809 
f 2388/3809 2377/3844 2337/3817 
f 2364/3778 2389/3712 2314/3918 
f 2359/3740 2389/3712 2364/3778 
f 2390/3715 2375/3858 2352/3847 
f 2358/3859 2375/3858 2390/3715 
f 2309/3744 2403/3732 2407/3750 
f 2360/3759 2391/3743 2381/3770 
f 2392/3716 2358/3859 2390/3715 
f 2358/3859 2392/3716 2382/3845 
f 2373/3815 2393/3853 2408/3834 
f 2393/3853 2373/3815 2343/3942 
f 2350/3948 2394/3856 2382/3845 
f 2358/3859 2382/3845 2394/3856 
f 2386/3829 2395/3812 2341/3828 
f 2436/3811 2341/3828 2395/3812 
f 2351/3862 2342/3831 2401/3830 
f 2369/3832 2396/3813 2342/3831 
f 2410/3767 2368/3783 2321/3776 
f 2337/3817 2368/3783 2397/3793 
f 2398/3720 2306/3738 2374/3721 
f 2306/3738 2398/3720 2415/3896 
f 2399/3799 2379/3789 2373/3815 
f 2399/3799 2373/3815 2408/3834 
f 2375/3858 2394/3856 2400/3857 
f 2375/3858 2400/3857 2355/3978 
f 2401/3830 2342/3831 2396/3813 
f 2401/3830 2396/3813 2439/3940 
f 2402/3792 2362/3775 2323/3781 
f 2397/3793 2362/3775 2402/3792 
f 2421/3730 2391/3743 2403/3732 
f 2403/3732 2391/3743 2407/3750 
f 2453/3947 2341/3828 2404/3827 
f 2404/3827 2341/3828 2338/3818 
f 2380/3760 2405/3752 2411/3772 
f 2367/3735 2405/3752 2380/3760 
f 2429/3932 2406/3795 2364/3778 
f 2406/3795 2395/3812 2364/3778 
f 2407/3750 2391/3743 2360/3759 
f 2366/3787 2407/3750 2360/3759 
f 2408/3834 2376/3822 2399/3799 
f 2344/3835 2376/3822 2408/3834 
f 2409/3746 2380/3760 2361/3761 
f 2409/3746 2361/3761 2312/3753 
f 2410/3767 2397/3793 2368/3783 
f 2397/3793 2410/3767 2370/3756 
f 2379/3789 2411/3772 2326/3866 
f 2380/3760 2411/3772 2379/3789 
# 3 polygons - 324 triangles

