# Blender 5.0.1
# www.blender.org
mtllib rock4.mtl
o Mesh_0.001
v 0.032939 0.055482 0.525274
v 0.039863 0.066577 0.494896
v 0.044982 0.076002 0.469826
v 0.050202 0.089091 0.439791
v 0.053291 0.102059 0.415620
v 0.055107 0.118430 0.392100
v 0.056278 0.135501 0.370884
v 0.057146 0.153482 0.349078
v 0.057800 0.171615 0.329227
v 0.058178 0.190047 0.303230
v 0.058378 0.200645 0.279968
v 0.058086 0.216521 0.252682
v 0.057132 0.237831 0.232144
v 0.056137 0.260555 0.211825
v 0.055252 0.280676 0.190272
v 0.057402 0.304665 0.163129
v 0.074725 0.321339 0.144040
v 0.055645 0.336832 0.127590
v 0.050779 0.361573 0.096371
v 0.048597 0.380576 0.074678
v 0.046024 0.401859 0.042792
v 0.043954 0.416906 0.018200
v 0.036611 0.443301 -0.019566
v 0.047000 0.459954 -0.038433
v 0.031860 0.471626 -0.061586
v 0.030825 0.495873 -0.104358
v 0.028174 0.510973 -0.129160
v 0.026211 0.536769 -0.170718
v 0.040583 0.554553 -0.192379
v 0.022068 0.566977 -0.217149
v 0.015803 0.594832 -0.252713
v 0.013340 0.619117 -0.279175
v 0.010995 0.642467 -0.302732
v 0.007601 0.669266 -0.325732
v 0.005369 0.692422 -0.349585
v 0.003447 0.711957 -0.374117
v 0.001367 0.734927 -0.402907
v -0.000213 0.754942 -0.427496
v -0.002242 0.778802 -0.455181
v -0.002990 0.795283 -0.477362
v -0.001588 0.798338 -0.499827
v -0.004179 0.783602 -0.534492
v -0.012997 0.760807 -0.573967
v 0.003700 0.774589 -0.553522
v -0.014021 0.737350 -0.593360
v -0.018008 0.062388 -0.768133
v -0.017580 0.106195 -0.769436
v 0.001521 0.429795 -0.740581
v -0.003673 0.461743 -0.737303
v -0.012218 0.505840 -0.730823
v 0.883231 -0.079924 0.211885
v 0.868246 -0.071620 0.159904
v 0.845954 -0.070819 0.106581
v 0.091437 0.044793 0.525595
v 0.098296 0.056126 0.489537
v 0.103018 0.065879 0.465769
v 0.107299 0.080359 0.438548
v 0.109407 0.094733 0.416836
v 0.146897 0.029926 0.543420
v 0.153051 0.036725 0.518890
v 0.159198 0.047470 0.490754
v 0.163143 0.059706 0.469210
v 0.166499 0.074558 0.444823
v 0.168515 0.088784 0.424142
v 0.211073 0.021265 0.547720
v 0.217156 0.029518 0.522818
v 0.222111 0.040971 0.499138
v 0.225632 0.054192 0.478596
v 0.228889 0.069093 0.455830
v 0.231073 0.082943 0.435886
v 0.276547 0.010839 0.556436
v 0.287175 0.023950 0.529239
v 0.316326 0.030315 0.518383
v 0.270980 0.036796 0.509405
v 0.294399 0.045742 0.497551
v 0.295437 0.063025 0.470838
v 0.298140 0.074590 0.450393
v 0.345076 -0.000782 0.569411
v 0.352326 0.010654 0.546850
v 0.357852 0.023937 0.527930
v 0.359218 0.043010 0.503150
v 0.384259 0.049314 0.491569
v 0.335580 0.057629 0.480175
v 0.365181 0.062604 0.469942
v 0.417687 -0.011864 0.587972
v 0.425643 0.000573 0.568046
v 0.431893 0.013568 0.549522
v 0.438139 0.027036 0.526629
v 0.442798 0.037557 0.506028
v 0.447230 0.049278 0.484543
v 0.491714 -0.023400 0.610195
v 0.500771 -0.011269 0.591115
v 0.508677 -0.000806 0.572018
v 0.517682 0.010506 0.546818
v 0.523974 0.018014 0.525949
v 0.529664 0.028235 0.504594
v 0.569585 -0.045446 0.628025
v 0.580222 -0.034094 0.608866
v 0.589472 -0.024061 0.590274
v 0.599871 -0.010492 0.568272
v 0.607775 -0.002256 0.547981
v 0.614760 0.006946 0.526948
v 0.110870 0.111808 0.393620
v 0.111801 0.127834 0.371850
v 0.112513 0.145751 0.349727
v 0.112826 0.166340 0.330279
v 0.112759 0.185983 0.306673
v 0.112475 0.198476 0.283831
v 0.111571 0.215371 0.254454
v 0.110245 0.234739 0.232769
v 0.108578 0.256900 0.211089
v 0.106746 0.277976 0.188585
v 0.104812 0.299621 0.166408
v 0.170319 0.106138 0.400233
v 0.171359 0.121601 0.378285
v 0.171715 0.140215 0.356024
v 0.171361 0.159887 0.335539
v 0.170708 0.178534 0.309540
v 0.169912 0.191860 0.286870
v 0.168406 0.209176 0.257227
v 0.166617 0.229021 0.234703
v 0.167392 0.255673 0.207408
v 0.148885 0.274766 0.188902
v 0.186652 0.271136 0.190321
v 0.162662 0.289656 0.169935
v 0.233166 0.099638 0.410400
v 0.234141 0.114317 0.388481
v 0.234195 0.133313 0.364614
v 0.233648 0.150192 0.342873
v 0.232661 0.168860 0.314639
v 0.231518 0.182812 0.291475
v 0.229438 0.201484 0.263525
v 0.226843 0.221811 0.239445
v 0.223315 0.244781 0.215328
v 0.219403 0.267380 0.192307
v 0.217769 0.293844 0.162889
v 0.235450 0.310541 0.145011
v 0.300967 0.089848 0.422624
v 0.301942 0.102802 0.401023
v 0.302056 0.121331 0.373650
v 0.301361 0.136737 0.351463
v 0.299974 0.156050 0.322425
v 0.298208 0.171324 0.298769
v 0.295325 0.189815 0.272028
v 0.291440 0.211746 0.246346
v 0.286508 0.235523 0.221716
v 0.281040 0.258808 0.197570
v 0.274904 0.282601 0.172023
v 0.268483 0.306533 0.147495
v 0.373621 0.079172 0.439894
v 0.375435 0.090177 0.418329
v 0.376413 0.107471 0.387372
v 0.375781 0.121164 0.364625
v 0.372368 0.144478 0.329649
v 0.344482 0.162619 0.305516
v 0.395133 0.152378 0.314511
v 0.366906 0.172060 0.288716
v 0.361115 0.199397 0.256545
v 0.354336 0.223552 0.230973
v 0.346729 0.247416 0.204714
v 0.338490 0.272091 0.178102
v 0.330051 0.297110 0.152498
v 0.451714 0.063611 0.458727
v 0.454452 0.074900 0.437438
v 0.456417 0.091686 0.406069
v 0.456120 0.104643 0.383293
v 0.453482 0.124366 0.351614
v 0.449628 0.140720 0.325804
v 0.443925 0.159860 0.298951
v 0.435781 0.184674 0.270030
v 0.426818 0.208891 0.243060
v 0.416540 0.233980 0.214428
v 0.405747 0.259708 0.186516
v 0.394701 0.285887 0.159180
v 0.535326 0.042934 0.478491
v 0.538586 0.055998 0.457744
v 0.540892 0.072654 0.427644
v 0.540694 0.085678 0.404702
v 0.537461 0.105127 0.371451
v 0.532462 0.122326 0.345095
v 0.525131 0.141862 0.317420
v 0.514367 0.167546 0.285780
v 0.502893 0.192321 0.257061
v 0.489582 0.219307 0.226696
v 0.475779 0.246357 0.197347
v 0.461414 0.273987 0.167656
v 0.621545 0.021759 0.500662
v 0.625041 0.034499 0.479808
v 0.627362 0.050778 0.448958
v 0.626819 0.064666 0.426018
v 0.623117 0.084234 0.393347
v 0.617061 0.101945 0.364784
v 0.608281 0.120840 0.335565
v 0.594858 0.148115 0.301692
v 0.580562 0.174616 0.271459
v 0.564018 0.203396 0.239743
v 0.547040 0.231726 0.209105
v 0.528670 0.261008 0.175809
v 0.102776 0.322031 0.143992
v 0.100071 0.346669 0.115106
v 0.114298 0.364524 0.096246
v 0.081895 0.363653 0.096609
v 0.095828 0.380803 0.078932
v 0.155114 0.317821 0.141911
v 0.151813 0.342069 0.121188
v 0.148166 0.365674 0.097850
v 0.144377 0.385572 0.072677
v 0.197479 0.314459 0.142935
v 0.209966 0.332143 0.126314
v 0.200277 0.362185 0.098115
v 0.195513 0.380910 0.071989
v 0.258751 0.335907 0.118389
v 0.233518 0.358039 0.097878
v 0.270836 0.352043 0.097247
v 0.248738 0.370645 0.077758
v 0.321655 0.321138 0.127178
v 0.312348 0.345031 0.097388
v 0.304674 0.364835 0.070855
v 0.384172 0.309925 0.132661
v 0.371947 0.335658 0.099907
v 0.362164 0.356472 0.072832
v 0.448379 0.298246 0.139848
v 0.432441 0.325399 0.102848
v 0.420708 0.345324 0.074402
v 0.513184 0.284512 0.146300
v 0.492871 0.313386 0.104357
v 0.479361 0.335309 0.075799
v 0.647804 -0.065146 0.649261
v 0.659985 -0.054450 0.629462
v 0.669820 -0.044519 0.610883
v 0.683417 -0.030569 0.584704
v 0.664637 -0.016149 0.562638
v 0.715902 -0.030163 0.573194
v 0.695984 -0.015628 0.550906
v 0.720659 -0.083747 0.666313
v 0.733542 -0.073829 0.645205
v 0.743467 -0.065062 0.625727
v 0.753251 -0.052299 0.603096
v 0.761028 -0.042009 0.580600
v 0.767387 -0.030896 0.558836
v 0.785969 -0.105091 0.672370
v 0.796346 -0.092149 0.653409
v 0.805536 -0.080112 0.632733
v 0.813251 -0.065626 0.609879
v 0.819479 -0.053976 0.586210
v 0.823972 -0.041266 0.564272
v 0.838398 -0.121161 0.670639
v 0.843912 -0.106704 0.651767
v 0.849827 -0.091015 0.628457
v 0.856515 -0.071889 0.599148
v 0.869859 -0.062444 0.577746
v 0.848430 -0.057919 0.584780
v 0.862498 -0.048420 0.564174
v 0.873257 -0.134022 0.659601
v 0.877643 -0.116831 0.635731
v 0.870152 -0.097510 0.620990
v 0.888346 -0.103960 0.609399
v 0.881451 -0.083003 0.593161
v 0.874134 -0.063478 0.575646
v 0.890337 -0.067837 0.564360
v 0.885723 -0.052568 0.550634
v 0.883280 -0.139832 0.653854
v 0.895404 -0.133189 0.630048
v 0.903573 -0.110143 0.590014
v 0.900011 -0.092016 0.576388
v 0.909732 -0.100173 0.555944
v 0.905189 -0.078964 0.543985
v 0.899239 -0.055883 0.529777
v 0.907716 -0.136279 0.607835
v 0.911033 -0.126535 0.584703
v 0.914977 -0.106548 0.537814
v 0.912703 -0.087200 0.524650
v 0.703073 0.002614 0.521374
v 0.707051 0.014496 0.500445
v 0.710079 0.029745 0.467109
v 0.709507 0.042654 0.443906
v 0.705712 0.062263 0.412841
v 0.698742 0.081500 0.381836
v 0.689143 0.100658 0.352131
v 0.673578 0.128991 0.316499
v 0.656744 0.157203 0.285246
v 0.636948 0.187664 0.251691
v 0.617267 0.215853 0.219492
v 0.594652 0.247710 0.182255
v 0.773186 -0.013207 0.534583
v 0.776883 0.000700 0.513606
v 0.780190 0.016720 0.481135
v 0.780435 0.027841 0.457752
v 0.777184 0.046669 0.425836
v 0.770318 0.067360 0.395328
v 0.760925 0.087357 0.366518
v 0.744592 0.115428 0.329239
v 0.726981 0.143144 0.297884
v 0.704468 0.174058 0.260624
v 0.683288 0.201210 0.227202
v 0.656719 0.236162 0.186131
v 0.828324 -0.024023 0.537229
v 0.830881 -0.008559 0.515164
v 0.832795 0.010003 0.486484
v 0.833591 0.022369 0.463836
v 0.831999 0.040528 0.429989
v 0.826895 0.059181 0.400922
v 0.818573 0.079928 0.373700
v 0.803186 0.107734 0.335991
v 0.786688 0.132071 0.304377
v 0.762918 0.164130 0.264623
v 0.741440 0.190361 0.231223
v 0.706080 0.229803 0.181562
v 0.702652 0.246562 0.150964
v 0.866216 -0.027766 0.531768
v 0.867872 -0.013208 0.508864
v 0.869746 0.004013 0.479927
v 0.870516 0.016565 0.457434
v 0.869666 0.036132 0.423091
v 0.865838 0.052694 0.396836
v 0.858040 0.071827 0.370641
v 0.842696 0.099759 0.332426
v 0.828119 0.121104 0.302600
v 0.804675 0.152389 0.260327
v 0.784084 0.178544 0.227387
v 0.759619 0.208178 0.188673
v 0.731667 0.239765 0.142547
v 0.888902 -0.034068 0.520116
v 0.890404 -0.019398 0.496712
v 0.891984 -0.002643 0.468195
v 0.892692 0.010434 0.445821
v 0.891161 0.029019 0.413589
v 0.886962 0.044998 0.385246
v 0.880720 0.059843 0.360812
v 0.865800 0.087292 0.315180
v 0.844758 0.112508 0.294902
v 0.856485 0.102280 0.264224
v 0.827157 0.138900 0.249864
v 0.800103 0.170235 0.220247
v 0.840859 0.121966 0.222852
v 0.819708 0.154291 0.202772
v 0.793147 0.185503 0.181872
v 0.780453 0.199069 0.121412
v 0.766300 0.217161 0.130746
v 0.911589 -0.060526 0.495929
v 0.903773 -0.042897 0.500475
v 0.899923 -0.024530 0.485396
v 0.914683 -0.049962 0.470009
v 0.913547 -0.033160 0.455102
v 0.904598 -0.010249 0.454018
v 0.900414 0.005976 0.437703
v 0.917104 -0.015899 0.416062
v 0.914295 -0.000981 0.405503
v 0.902889 0.017008 0.410825
v 0.914113 0.012587 0.364696
v 0.900460 0.035625 0.366828
v 0.889890 0.052870 0.349332
v 0.906290 0.024115 0.316430
v 0.895736 0.048033 0.319781
v 0.883917 0.065319 0.317548
v 0.889705 0.033061 0.262988
v 0.882107 0.063636 0.269263
v 0.869928 0.083822 0.268817
v 0.866078 0.043598 0.205723
v 0.856698 0.077822 0.210560
v 0.840876 0.115955 0.206615
v 0.813160 0.162725 0.177696
v 0.798385 0.181819 0.164358
v 0.835857 0.056187 0.145262
v 0.828951 0.093927 0.148213
v 0.820943 0.134501 0.147375
v 0.798813 0.177801 0.142454
v 0.794869 0.185714 0.156794
v 0.919994 -0.098094 0.483693
v 0.915563 -0.073696 0.493257
v 0.918916 -0.084276 0.437987
v 0.918662 -0.055730 0.450601
v 0.917574 -0.037545 0.440599
v 0.915176 -0.073383 0.387557
v 0.917653 -0.051673 0.396525
v 0.919401 -0.020810 0.402071
v 0.918361 -0.004843 0.385676
v 0.909599 -0.065611 0.346511
v 0.909418 -0.049617 0.338535
v 0.916221 -0.016069 0.356469
v 0.917491 0.001121 0.361597
v 0.901987 -0.037119 0.291470
v 0.906444 -0.010216 0.303874
v 0.907799 0.008923 0.311516
v 0.887232 -0.026270 0.238052
v 0.889209 -0.003268 0.249531
v 0.890480 0.016529 0.257570
v 0.867943 -0.015835 0.183149
v 0.867537 0.006571 0.193504
v 0.867279 0.025678 0.200847
v 0.844905 -0.006718 0.127329
v 0.843017 0.018729 0.135850
v 0.840353 0.038031 0.141402
v 0.920997 -0.106544 0.460161
v 0.919013 -0.099550 0.431429
v 0.913570 -0.088796 0.380623
v 0.905581 -0.074746 0.325984
v 0.903536 -0.058896 0.311737
v 0.896758 -0.069135 0.274849
v 0.899009 -0.052099 0.283778
v 0.884221 -0.061363 0.220297
v 0.885897 -0.040714 0.230434
v 0.868550 -0.052720 0.166927
v 0.868340 -0.030495 0.176337
v 0.847410 -0.044378 0.114192
v 0.846432 -0.022212 0.121758
v 0.576885 0.270728 0.151084
v 0.546967 0.304501 0.101458
v 0.512001 0.329265 0.075630
v 0.636929 0.259709 0.153791
v 0.615558 0.284121 0.116231
v 0.669008 0.253347 0.153386
v 0.671917 0.266519 0.125000
v 0.712664 0.261253 0.110932
v 0.728133 0.253287 0.103238
v 0.134699 -0.026176 -0.697025
v 0.161932 -0.026418 -0.677610
v 0.220611 -0.027270 -0.647348
v 0.197206 -0.026932 -0.657858
v 0.254956 -0.027672 -0.625826
v 0.302799 -0.028321 -0.591510
v 0.279200 -0.028032 -0.608379
v 0.357652 -0.029263 -0.549641
v 0.334121 -0.028863 -0.566507
v 0.034236 -0.026125 -0.739756
v 0.011148 -0.026156 -0.747724
v 0.072534 -0.025945 -0.723377
v 0.112397 -0.025995 -0.706665
v 0.740639 -0.032240 -0.125524
v 0.731143 -0.034079 -0.156211
v 0.417068 -0.029504 -0.511665
v 0.394581 -0.029274 -0.529067
v 0.442451 -0.029575 -0.493117
v 0.497121 -0.030001 -0.452608
v 0.473171 -0.029699 -0.471990
v 0.547566 -0.031458 -0.405021
v 0.523591 -0.030593 -0.428699
v 0.092561 0.403889 0.042412
v 0.090163 0.418914 0.017068
v 0.085657 0.445500 -0.013148
v 0.082415 0.463620 -0.036849
v 0.078395 0.485297 -0.070755
v 0.075313 0.502746 -0.099145
v 0.072962 0.517038 -0.124605
v 0.069495 0.540325 -0.164262
v 0.067640 0.558980 -0.190766
v 0.062835 0.584389 -0.224948
v 0.073136 0.609242 -0.240816
v 0.043438 0.598581 -0.250159
v 0.054556 0.627601 -0.272000
v 0.064064 0.656914 -0.289428
v 0.035090 0.648842 -0.297966
v 0.045880 0.677824 -0.319050
v 0.140195 0.405492 0.043095
v 0.136641 0.423421 0.018318
v 0.131910 0.448211 -0.012763
v 0.128584 0.463783 -0.037625
v 0.120764 0.490169 -0.079581
v 0.132145 0.503563 -0.100952
v 0.101626 0.503489 -0.098850
v 0.116724 0.517461 -0.122036
v 0.115085 0.547395 -0.157516
v 0.111796 0.572561 -0.182015
v 0.108416 0.596999 -0.206494
v 0.105156 0.617905 -0.231000
v 0.101622 0.641435 -0.259199
v 0.098585 0.661460 -0.283552
v 0.095631 0.683922 -0.315518
v 0.190003 0.401655 0.040748
v 0.185525 0.421098 0.016186
v 0.180041 0.446302 -0.014962
v 0.176270 0.462919 -0.040051
v 0.171220 0.487245 -0.074541
v 0.167744 0.506166 -0.100211
v 0.161387 0.534650 -0.132564
v 0.172273 0.555362 -0.151904
v 0.142172 0.553104 -0.152881
v 0.152644 0.579509 -0.176804
v 0.163168 0.602741 -0.201627
v 0.133982 0.601138 -0.202811
v 0.147446 0.618197 -0.221479
v 0.145665 0.644616 -0.257345
v 0.142875 0.662244 -0.281708
v 0.139780 0.685734 -0.313805
v 0.242171 0.397238 0.039597
v 0.236721 0.416414 0.014092
v 0.230076 0.441277 -0.017569
v 0.225231 0.460780 -0.043369
v 0.219803 0.485187 -0.074303
v 0.215453 0.507049 -0.100117
v 0.210708 0.531924 -0.126734
v 0.206211 0.555362 -0.151478
v 0.201509 0.580277 -0.177265
v 0.197450 0.603933 -0.200774
v 0.193883 0.624947 -0.227415
v 0.190634 0.644802 -0.257152
v 0.188187 0.660496 -0.281724
v 0.184832 0.684138 -0.315660
v 0.295973 0.391895 0.040393
v 0.289081 0.413073 0.015048
v 0.280622 0.437837 -0.018081
v 0.274329 0.459726 -0.043753
v 0.267895 0.486007 -0.071117
v 0.262285 0.510822 -0.096370
v 0.256835 0.535376 -0.121997
v 0.251928 0.558742 -0.147345
v 0.248406 0.584169 -0.183964
v 0.231588 0.601151 -0.203188
v 0.262022 0.598790 -0.206199
v 0.242331 0.616025 -0.225628
v 0.235854 0.646335 -0.256332
v 0.232945 0.663834 -0.280885
v 0.229005 0.686644 -0.314552
v 0.350647 0.384588 0.039818
v 0.342007 0.405896 0.013464
v 0.330863 0.433758 -0.025648
v 0.307392 0.454664 -0.046859
v 0.341135 0.445802 -0.053759
v 0.315774 0.473396 -0.080496
v 0.292583 0.504867 -0.101444
v 0.325709 0.495914 -0.109218
v 0.302845 0.522830 -0.132712
v 0.281507 0.554205 -0.151469
v 0.313257 0.542694 -0.163138
v 0.293810 0.569062 -0.179676
v 0.289598 0.597506 -0.207425
v 0.285586 0.616431 -0.232476
v 0.280449 0.640516 -0.262321
v 0.276266 0.661705 -0.283326
v 0.268825 0.686171 -0.319225
v 0.406327 0.377425 0.032144
v 0.381077 0.397192 0.010042
v 0.417405 0.390751 0.007766
v 0.389408 0.410940 -0.016511
v 0.375260 0.440691 -0.056671
v 0.366828 0.470032 -0.084595
v 0.360219 0.496633 -0.106499
v 0.356156 0.526773 -0.136914
v 0.369559 0.545992 -0.156642
v 0.338268 0.544979 -0.159934
v 0.346151 0.564476 -0.180556
v 0.334561 0.594576 -0.206611
v 0.329160 0.617986 -0.227792
v 0.322807 0.644463 -0.268863
v 0.303690 0.658353 -0.285551
v 0.331984 0.604151 -0.327692
v 0.322926 0.627036 -0.313106
v 0.297441 0.660601 -0.314176
v 0.464160 0.359462 0.040831
v 0.449936 0.385206 0.005819
v 0.438822 0.409194 -0.022855
v 0.426847 0.436457 -0.056017
v 0.415721 0.468384 -0.084544
v 0.407625 0.492254 -0.105840
v 0.399125 0.520889 -0.131905
v 0.391224 0.542777 -0.155290
v 0.382907 0.560603 -0.180198
v 0.371190 0.587002 -0.211578
v 0.365429 0.601096 -0.233508
v 0.376468 0.586709 -0.269947
v 0.361825 0.605154 -0.261627
v 0.381933 0.552456 -0.320273
v 0.361220 0.583062 -0.308243
v 0.344949 0.609035 -0.299229
v 0.058362 0.698665 -0.343530
v 0.093582 0.702040 -0.340508
v 0.137652 0.706402 -0.338097
v 0.182047 0.705450 -0.339662
v 0.225274 0.705654 -0.337347
v 0.247863 0.699455 -0.338923
v 0.096605 0.260547 -0.697011
v 0.094701 0.283850 -0.695901
v 0.091737 0.328540 -0.693869
v 0.138461 0.017796 -0.697730
v 0.139620 0.061583 -0.698170
v 0.137415 0.105401 -0.695610
v 0.134957 0.149480 -0.694302
v 0.129668 0.193594 -0.690926
v 0.117654 0.242225 -0.687526
v 0.120291 0.283335 -0.681052
v 0.119864 0.328149 -0.675615
v 0.186802 0.206991 -0.650471
v 0.182697 0.237551 -0.647129
v 0.176520 0.282273 -0.641868
v 0.172215 0.327288 -0.638791
v 0.162398 0.017609 -0.681041
v 0.164195 0.061365 -0.683879
v 0.163847 0.105086 -0.678871
v 0.164647 0.149244 -0.673851
v 0.169144 0.192859 -0.665268
v 0.159477 0.237698 -0.662102
v 0.153528 0.282679 -0.658071
v 0.149188 0.327700 -0.655412
v 0.233567 0.291775 -0.603235
v 0.229204 0.326274 -0.599520
v 0.222485 0.016716 -0.647583
v 0.221518 0.060483 -0.644933
v 0.218700 0.104438 -0.641842
v 0.214729 0.148581 -0.638051
v 0.207550 0.192393 -0.636898
v 0.212755 0.237476 -0.626724
v 0.216198 0.279190 -0.617336
v 0.206383 0.326954 -0.616990
v 0.199223 0.017179 -0.660244
v 0.198402 0.060928 -0.660385
v 0.195647 0.104773 -0.658496
v 0.191547 0.148917 -0.654563
v 0.189191 0.177566 -0.652563
v 0.280409 0.333262 -0.555742
v 0.278230 0.030723 -0.606036
v 0.276693 0.059554 -0.604003
v 0.273757 0.103585 -0.600373
v 0.271031 0.147782 -0.597405
v 0.266541 0.192042 -0.593104
v 0.262244 0.236660 -0.589082
v 0.255810 0.278500 -0.588134
v 0.262269 0.321365 -0.572397
v 0.259795 0.016338 -0.620980
v 0.253147 0.059927 -0.621531
v 0.250344 0.104029 -0.618550
v 0.247759 0.148329 -0.616057
v 0.242944 0.192522 -0.611325
v 0.238270 0.237068 -0.606941
v 0.236599 0.262170 -0.605581
v 0.331583 0.340996 -0.510554
v 0.329165 0.123971 -0.557990
v 0.326253 0.146281 -0.555192
v 0.321581 0.190667 -0.551321
v 0.316723 0.235040 -0.546893
v 0.310832 0.279360 -0.540845
v 0.307677 0.322243 -0.534725
v 0.298370 0.015863 -0.593086
v 0.303428 0.059249 -0.584654
v 0.309049 0.107029 -0.573755
v 0.301994 0.146945 -0.573043
v 0.297010 0.191253 -0.569006
v 0.292071 0.235730 -0.564911
v 0.286647 0.280252 -0.560731
v 0.284156 0.303405 -0.558879
v 0.279311 0.001664 -0.607797
v 0.378327 0.205546 -0.509847
v 0.373934 0.233195 -0.506271
v 0.365594 0.277284 -0.498820
v 0.353849 0.323708 -0.495293
v 0.357814 0.014878 -0.548156
v 0.357864 0.058783 -0.547530
v 0.350532 0.106571 -0.548208
v 0.353731 0.145585 -0.536927
v 0.359217 0.190698 -0.525380
v 0.349847 0.234124 -0.523759
v 0.341037 0.278210 -0.516840
v 0.335751 0.311007 -0.513211
v 0.334053 0.015165 -0.565526
v 0.333760 0.058984 -0.563605
v 0.331729 0.095007 -0.560623
v 0.029250 0.696038 -0.346330
v 0.041376 0.647185 -0.636061
v 0.026931 0.673339 -0.623084
v 0.050061 0.481376 -0.695740
v 0.045616 0.506528 -0.692762
v 0.037697 0.551320 -0.688637
v 0.026285 0.590261 -0.677645
v 0.027237 0.632765 -0.650736
v 0.011180 0.657486 -0.638467
v 0.087558 0.692542 -0.585959
v 0.088541 0.602855 -0.644129
v 0.072901 0.634692 -0.631610
v 0.073098 0.677405 -0.602118
v 0.088454 0.372853 -0.690759
v 0.086410 0.417557 -0.690992
v 0.073881 0.464963 -0.688223
v 0.074694 0.507011 -0.676976
v 0.075102 0.551957 -0.669309
v 0.074727 0.591430 -0.658204
v 0.058204 0.620354 -0.648359
v 0.127946 0.648257 -0.591999
v 0.113917 0.679395 -0.582138
v 0.142387 0.391586 -0.650752
v 0.139508 0.417058 -0.648758
v 0.133508 0.461781 -0.644526
v 0.128091 0.507168 -0.640703
v 0.124008 0.552378 -0.639215
v 0.114520 0.591710 -0.632765
v 0.116164 0.634962 -0.607935
v 0.102004 0.665393 -0.597017
v 0.123342 0.375156 -0.665759
v 0.114912 0.416971 -0.664811
v 0.109913 0.461673 -0.661299
v 0.105499 0.507144 -0.657408
v 0.101601 0.552291 -0.654970
v 0.097812 0.575355 -0.651408
v 0.169189 0.648553 -0.547407
v 0.163263 0.681449 -0.539748
v 0.184186 0.472194 -0.601400
v 0.178343 0.506095 -0.596898
v 0.173264 0.551298 -0.594058
v 0.164406 0.594873 -0.585563
v 0.154626 0.635410 -0.575923
v 0.144024 0.680968 -0.562667
v 0.163457 0.374739 -0.638987
v 0.167118 0.416933 -0.631108
v 0.169234 0.459609 -0.621027
v 0.155771 0.506640 -0.616641
v 0.150370 0.551549 -0.612742
v 0.143657 0.595038 -0.607195
v 0.136954 0.620671 -0.600480
v 0.145783 0.361709 -0.653001
v 0.225526 0.698554 -0.421097
v 0.218077 0.691390 -0.444319
v 0.217706 0.606182 -0.503272
v 0.209633 0.634796 -0.493837
v 0.201213 0.677237 -0.482371
v 0.233729 0.476413 -0.558043
v 0.229489 0.504991 -0.554757
v 0.219170 0.549154 -0.546030
v 0.206477 0.592432 -0.528870
v 0.184309 0.634360 -0.531146
v 0.177406 0.680806 -0.517758
v 0.223217 0.370940 -0.594202
v 0.217932 0.415656 -0.589706
v 0.211876 0.459284 -0.581803
v 0.206404 0.505864 -0.576073
v 0.196327 0.550370 -0.570757
v 0.182488 0.593531 -0.560364
v 0.175424 0.619306 -0.553910
v 0.200656 0.371776 -0.614057
v 0.195112 0.416406 -0.610469
v 0.191081 0.442459 -0.607349
v 0.273935 0.647683 -0.369197
v 0.266447 0.673778 -0.359104
v 0.270291 0.605937 -0.415350
v 0.263892 0.631796 -0.398947
v 0.241789 0.680694 -0.403059
v 0.271489 0.564174 -0.462649
v 0.265480 0.590581 -0.444340
v 0.242763 0.631585 -0.440049
v 0.227108 0.667931 -0.442235
v 0.280691 0.473997 -0.511142
v 0.273715 0.502419 -0.504038
v 0.264319 0.549545 -0.487660
v 0.238928 0.590263 -0.487932
v 0.225011 0.633275 -0.471339
v 0.218503 0.659168 -0.464397
v 0.275814 0.369731 -0.552085
v 0.269992 0.414422 -0.547284
v 0.261072 0.460603 -0.538907
v 0.250912 0.503876 -0.531584
v 0.239645 0.548051 -0.523244
v 0.228514 0.577264 -0.513565
v 0.251177 0.370117 -0.570472
v 0.245081 0.414818 -0.566200
v 0.239383 0.446082 -0.562141
v 0.323655 0.595114 -0.351344
v 0.295568 0.630477 -0.352836
v 0.287086 0.657924 -0.342492
v 0.329897 0.516696 -0.418027
v 0.320741 0.542204 -0.406221
v 0.297854 0.583801 -0.393274
v 0.280507 0.616934 -0.384590
v 0.327773 0.466439 -0.460930
v 0.319028 0.501291 -0.444326
v 0.290492 0.547243 -0.445902
v 0.279758 0.577423 -0.432309
v 0.328170 0.367884 -0.508198
v 0.319264 0.411681 -0.499289
v 0.307721 0.455427 -0.490844
v 0.292015 0.501200 -0.481032
v 0.280829 0.536547 -0.471537
v 0.303174 0.368809 -0.528808
v 0.295333 0.413240 -0.523727
v 0.288263 0.444082 -0.518118
v 0.380449 0.508258 -0.367173
v 0.369722 0.540015 -0.352667
v 0.341789 0.573215 -0.352083
v 0.375664 0.460574 -0.409714
v 0.361044 0.497727 -0.399322
v 0.340810 0.541320 -0.384027
v 0.331115 0.563289 -0.374018
v 0.377880 0.376705 -0.461105
v 0.369825 0.409122 -0.452737
v 0.355942 0.448736 -0.441298
v 0.342088 0.487217 -0.430314
v 0.359959 0.364445 -0.481293
v 0.344509 0.410534 -0.476453
v 0.336253 0.436626 -0.469700
v 0.046734 0.719084 -0.370930
v 0.064246 0.744437 -0.394379
v 0.034977 0.740354 -0.398180
v 0.046418 0.759095 -0.415778
v 0.042062 0.785114 -0.448937
v 0.041148 0.803590 -0.471693
v 0.039412 0.810920 -0.500694
v 0.049282 0.813496 -0.504674
v 0.031597 0.800130 -0.523737
v 0.046562 0.810033 -0.512142
v 0.039524 0.730523 -0.580288
v 0.027624 0.751645 -0.569959
v 0.032186 0.779161 -0.546968
v 0.026153 0.716449 -0.594532
v 0.011104 0.736624 -0.586287
v 0.091229 0.725970 -0.368837
v 0.089376 0.747212 -0.392165
v 0.087657 0.773897 -0.423643
v 0.101473 0.791846 -0.442895
v 0.072106 0.789038 -0.445147
v 0.088022 0.812135 -0.468026
v 0.100509 0.817474 -0.482836
v 0.074758 0.817516 -0.488652
v 0.082076 0.818726 -0.492411
v 0.086912 0.774956 -0.535610
v 0.073748 0.792350 -0.525918
v 0.075009 0.811365 -0.508143
v 0.072573 0.717681 -0.576034
v 0.072480 0.759461 -0.549695
v 0.059043 0.780447 -0.540097
v 0.058919 0.702991 -0.590825
v 0.135443 0.730599 -0.365143
v 0.133620 0.749958 -0.389726
v 0.131537 0.772837 -0.417215
v 0.129463 0.793394 -0.441366
v 0.123406 0.812941 -0.468528
v 0.107997 0.816977 -0.481475
v 0.124883 0.812154 -0.490503
v 0.107850 0.817349 -0.489178
v 0.128593 0.739784 -0.541250
v 0.114808 0.762886 -0.533317
v 0.111795 0.797647 -0.512090
v 0.099981 0.810495 -0.503555
v 0.115556 0.723353 -0.555884
v 0.104725 0.749412 -0.544784
v 0.179145 0.729711 -0.366245
v 0.176136 0.748770 -0.390657
v 0.170204 0.776217 -0.417840
v 0.152706 0.794694 -0.437147
v 0.170957 0.775420 -0.456368
v 0.152692 0.803775 -0.457518
v 0.170434 0.738423 -0.503018
v 0.164632 0.765843 -0.493513
v 0.142287 0.800811 -0.494494
v 0.153931 0.727580 -0.531474
v 0.142274 0.764539 -0.520119
v 0.132401 0.791266 -0.509406
v 0.136035 0.713761 -0.551289
v 0.217199 0.728881 -0.368631
v 0.198871 0.750569 -0.385458
v 0.219009 0.720880 -0.409789
v 0.196882 0.754463 -0.411614
v 0.203428 0.724189 -0.448451
v 0.185771 0.753423 -0.453136
v 0.182513 0.724087 -0.489551
v 0.178338 0.750786 -0.478621
v 0.173300 0.708668 -0.511721
v 0.242723 0.702968 -0.364418
v 0.234847 0.704108 -0.394181
v 0.039744 0.018092 -0.740646
v 0.043689 0.062528 -0.740274
v 0.047735 0.106321 -0.743117
v 0.045004 0.149777 -0.741107
v 0.038059 0.194049 -0.735751
v 0.035212 0.239958 -0.732631
v 0.036774 0.285650 -0.732008
v 0.042665 0.329489 -0.739896
v 0.016875 0.018165 -0.749651
v 0.021197 0.062522 -0.751058
v 0.025472 0.106336 -0.754099
v 0.022440 0.150105 -0.751441
v 0.015283 0.194969 -0.748371
v 0.011327 0.240900 -0.747441
v 0.017990 0.285638 -0.755879
v 0.019724 0.329207 -0.754194
v 0.072577 0.018095 -0.726054
v 0.072801 0.062333 -0.728434
v 0.073607 0.106201 -0.731826
v 0.073717 0.149629 -0.727781
v 0.073663 0.193647 -0.718762
v 0.078074 0.243108 -0.709166
v 0.069595 0.284687 -0.709779
v 0.065673 0.328781 -0.710727
v 0.116817 0.017891 -0.708864
v 0.117347 0.061935 -0.709332
v 0.115627 0.105875 -0.710305
v 0.113358 0.149819 -0.709862
v 0.106940 0.193609 -0.703480
v 0.101001 0.230030 -0.699161
v 0.036123 0.372681 -0.735186
v 0.024483 0.415402 -0.729607
v 0.031402 0.464166 -0.711601
v 0.022265 0.506235 -0.707869
v 0.014202 0.549764 -0.699873
v 0.008312 0.573904 -0.691151
v 0.013411 0.372292 -0.747631
v 0.007521 0.399730 -0.744008
v 0.067276 0.373135 -0.713276
v 0.063920 0.417392 -0.707720
v 0.057363 0.451481 -0.700768
v 0.548178 0.326268 -0.271795
v 0.539217 0.284792 -0.320926
v 0.536689 0.310553 -0.301439
v 0.619123 0.312496 -0.165494
v 0.607275 0.306056 -0.196924
v 0.594092 0.266029 -0.254817
v 0.579376 0.301587 -0.246902
v 0.585104 0.196130 -0.319606
v 0.582425 0.218302 -0.308563
v 0.568753 0.261648 -0.296744
v 0.554717 0.297474 -0.287760
v 0.766301 0.208961 0.084929
v 0.742752 0.239015 0.078426
v 0.737144 0.191833 0.002748
v 0.740678 0.211217 0.023686
v 0.716184 0.257552 0.022116
v 0.719462 0.194024 -0.029350
v 0.707754 0.222386 -0.030775
v 0.687101 0.270593 -0.035136
v 0.695365 0.201348 -0.087453
v 0.679192 0.233073 -0.088109
v 0.661115 0.281137 -0.091580
v 0.669272 0.180019 -0.168035
v 0.672441 0.198992 -0.147517
v 0.655346 0.242657 -0.142907
v 0.635550 0.293394 -0.147050
v 0.657703 0.174469 -0.194344
v 0.648832 0.206391 -0.195087
v 0.631486 0.251062 -0.195879
v 0.617576 0.283572 -0.196468
v 0.637926 0.137202 -0.257904
v 0.636269 0.164627 -0.242615
v 0.620455 0.212765 -0.246592
v 0.608324 0.252705 -0.241733
v 0.607446 0.275959 -0.221041
v 0.625336 0.097705 -0.310800
v 0.623823 0.128588 -0.295730
v 0.602639 0.177797 -0.301133
v 0.598366 0.216334 -0.284054
v 0.596566 0.238152 -0.272399
v 0.805643 0.070201 0.084547
v 0.804555 0.109390 0.087418
v 0.795978 0.151404 0.088032
v 0.779743 0.188073 0.087300
v 0.779658 0.084580 0.024455
v 0.774825 0.122824 0.028038
v 0.758518 0.169887 0.025470
v 0.758583 0.191610 0.041994
v 0.755663 0.100469 -0.033839
v 0.744126 0.133856 -0.030772
v 0.728888 0.171507 -0.029207
v 0.732632 0.109652 -0.089381
v 0.719168 0.145097 -0.087544
v 0.705537 0.179120 -0.087236
v 0.706882 0.081913 -0.154088
v 0.707770 0.107233 -0.137973
v 0.685606 0.158817 -0.146472
v 0.684992 0.181408 -0.132870
v 0.687878 0.052814 -0.214909
v 0.689064 0.074842 -0.196633
v 0.674679 0.118693 -0.195318
v 0.663591 0.152183 -0.194128
v 0.674799 0.047505 -0.251007
v 0.662290 0.082186 -0.248715
v 0.649997 0.122484 -0.243693
v 0.651875 0.145704 -0.223382
v 0.656488 0.006056 -0.307525
v 0.656168 0.042366 -0.296200
v 0.638485 0.084426 -0.296745
v 0.637399 0.110344 -0.277518
v 0.806954 -0.017085 0.040192
v 0.817973 -0.002863 0.064953
v 0.815951 0.031355 0.077993
v 0.811000 0.051384 0.081826
v 0.791074 -0.016660 0.009936
v 0.788889 0.005771 0.014145
v 0.784204 0.042176 0.020026
v 0.780673 0.063974 0.022255
v 0.768381 -0.012614 -0.046609
v 0.763576 0.015628 -0.042321
v 0.763222 0.055114 -0.038297
v 0.760362 0.080964 -0.035987
v 0.745067 -0.015455 -0.103736
v 0.743635 0.024575 -0.096653
v 0.744168 0.065559 -0.093478
v 0.739173 0.090045 -0.091010
v 0.728487 -0.007391 -0.153493
v 0.721436 0.031319 -0.149043
v 0.716314 0.068003 -0.140433
v 0.724646 0.088625 -0.118272
v 0.705315 -0.003411 -0.203921
v 0.697941 0.037166 -0.199450
v 0.701596 0.057858 -0.179414
v 0.685546 0.001254 -0.254068
v 0.680113 0.027270 -0.252541
v 0.673935 0.004195 -0.283951
v 0.672445 0.023287 -0.276564
v 0.818459 -0.033350 0.057602
v 0.826620 -0.017591 0.077378
v 0.793207 -0.033964 0.005838
v 0.772616 -0.030598 -0.049741
v 0.755715 -0.030035 -0.090049
v 0.549585 0.321995 0.074282
v 0.520980 0.342574 0.049570
v 0.503228 0.376515 0.003393
v 0.490030 0.402248 -0.026749
v 0.476773 0.429530 -0.058109
v 0.463458 0.453908 -0.090852
v 0.450172 0.477855 -0.120801
v 0.433503 0.512241 -0.147851
v 0.409812 0.536724 -0.157257
v 0.435747 0.526246 -0.174701
v 0.411372 0.544323 -0.176986
v 0.432278 0.534991 -0.215782
v 0.401360 0.562824 -0.223469
v 0.380692 0.584051 -0.243994
v 0.426667 0.536747 -0.260167
v 0.395000 0.568126 -0.257317
v 0.380414 0.584381 -0.241074
v 0.437033 0.465892 -0.322883
v 0.429550 0.492333 -0.313034
v 0.412979 0.533996 -0.301683
v 0.393881 0.562466 -0.289609
v 0.591398 0.314295 0.072148
v 0.574667 0.337482 0.040394
v 0.554444 0.368106 0.000877
v 0.538536 0.394519 -0.029843
v 0.523096 0.421444 -0.061261
v 0.509364 0.445361 -0.088670
v 0.492022 0.473276 -0.125172
v 0.465470 0.495834 -0.147998
v 0.491833 0.483582 -0.165153
v 0.463186 0.506879 -0.168853
v 0.497091 0.458137 -0.224988
v 0.487118 0.479687 -0.210553
v 0.451428 0.518408 -0.213417
v 0.494039 0.416587 -0.272877
v 0.489676 0.444691 -0.256790
v 0.465652 0.488069 -0.256817
v 0.444836 0.518073 -0.259038
v 0.487854 0.371540 -0.318361
v 0.483649 0.401777 -0.301738
v 0.458572 0.447870 -0.304663
v 0.447411 0.491144 -0.289838
v 0.439804 0.513059 -0.281267
v 0.642081 0.306511 0.069452
v 0.623312 0.330831 0.037309
v 0.597068 0.362552 -0.008796
v 0.570287 0.385884 -0.032977
v 0.592118 0.374815 -0.040395
v 0.561521 0.402545 -0.065015
v 0.528399 0.435870 -0.092109
v 0.552289 0.418511 -0.111669
v 0.523380 0.447322 -0.116780
v 0.559324 0.402078 -0.165661
v 0.547422 0.423358 -0.153116
v 0.514846 0.458400 -0.160183
v 0.548055 0.397296 -0.201731
v 0.517572 0.437917 -0.206003
v 0.506108 0.460011 -0.193247
v 0.542556 0.348461 -0.260746
v 0.523901 0.392429 -0.248901
v 0.506834 0.429123 -0.241479
v 0.510605 0.352624 -0.298936
v 0.501605 0.386198 -0.284916
v 0.679868 0.297463 0.061320
v 0.648696 0.323761 0.034886
v 0.665001 0.312938 0.008066
v 0.636412 0.337694 0.002213
v 0.648110 0.324579 -0.043738
v 0.610902 0.360629 -0.052213
v 0.583718 0.385966 -0.073281
v 0.629668 0.332011 -0.095819
v 0.598954 0.372074 -0.101182
v 0.574870 0.396028 -0.106561
v 0.613501 0.331406 -0.148907
v 0.579016 0.383363 -0.149422
v 0.568756 0.402227 -0.133683
v 0.586521 0.341500 -0.198692
v 0.564701 0.374012 -0.200460
v 0.561724 0.346222 -0.236381
v 0.554807 0.368237 -0.224942
v 0.712878 0.270860 0.070170
v 0.687037 0.291147 0.014371
v 0.666019 0.304395 -0.039005
v 0.644668 0.309196 -0.093663
v 0.631055 0.311934 -0.131613
v 0.427850 0.246960 -0.461342
v 0.423393 0.275245 -0.457622
v 0.415941 0.319772 -0.451084
v 0.417181 0.014145 -0.509754
v 0.416930 0.057732 -0.507861
v 0.415463 0.101009 -0.505417
v 0.410454 0.144234 -0.499641
v 0.401088 0.189612 -0.497220
v 0.409518 0.233048 -0.481148
v 0.399227 0.276592 -0.476831
v 0.390791 0.320919 -0.470514
v 0.393677 0.014529 -0.525656
v 0.392879 0.058192 -0.523189
v 0.391335 0.101553 -0.521318
v 0.386573 0.145038 -0.517174
v 0.381757 0.176026 -0.512706
v 0.484044 0.333156 -0.369757
v 0.475603 0.281943 -0.410828
v 0.472004 0.319009 -0.396349
v 0.472192 0.077273 -0.464440
v 0.470807 0.099076 -0.462025
v 0.467305 0.142536 -0.457430
v 0.461391 0.186057 -0.450696
v 0.451568 0.230890 -0.447169
v 0.457455 0.270763 -0.431443
v 0.442777 0.317855 -0.427477
v 0.444859 0.013605 -0.489593
v 0.452722 0.060997 -0.482488
v 0.447317 0.100207 -0.482534
v 0.442360 0.143223 -0.475781
v 0.436345 0.186886 -0.468976
v 0.432431 0.217705 -0.465580
v 0.529769 0.276438 -0.346535
v 0.504744 0.314212 -0.350603
v 0.523737 0.116447 -0.415757
v 0.522046 0.140092 -0.412821
v 0.517357 0.183328 -0.405446
v 0.513554 0.227583 -0.399105
v 0.504656 0.264707 -0.391509
v 0.492181 0.304982 -0.380597
v 0.498606 0.012667 -0.450544
v 0.492638 0.059578 -0.450123
v 0.502498 0.100816 -0.434510
v 0.496190 0.140984 -0.432145
v 0.491994 0.184796 -0.427260
v 0.486709 0.228838 -0.422128
v 0.482181 0.253205 -0.417691
v 0.474487 0.013183 -0.470130
v 0.473836 0.048641 -0.467350
v 0.575244 0.114174 -0.368326
v 0.574091 0.136532 -0.364137
v 0.573292 0.182348 -0.346628
v 0.557803 0.222491 -0.346366
v 0.542417 0.254456 -0.346578
v 0.549427 0.010755 -0.401274
v 0.551731 0.053521 -0.399115
v 0.551799 0.101802 -0.395550
v 0.548448 0.138686 -0.389867
v 0.540675 0.180729 -0.380233
v 0.536991 0.225396 -0.374954
v 0.532207 0.245840 -0.369591
v 0.525251 0.011903 -0.426466
v 0.526431 0.054577 -0.423495
v 0.525450 0.088018 -0.419318
v 0.601881 0.008374 -0.356064
v 0.600732 0.049824 -0.347078
v 0.599442 0.092503 -0.345707
v 0.593244 0.134603 -0.340928
v 0.588598 0.168291 -0.330459
v 0.575591 0.009360 -0.376455
v 0.575110 0.051812 -0.373118
v 0.575902 0.086333 -0.371209
v 0.629243 0.007080 -0.332871
v 0.626811 0.047986 -0.324927
v 0.625893 0.070523 -0.322293
v 0.432316 0.419504 -0.367196
v 0.426249 0.450984 -0.351487
v 0.401910 0.493381 -0.351329
v 0.394353 0.523934 -0.336524
v 0.429063 0.375149 -0.412902
v 0.419205 0.405336 -0.396613
v 0.395045 0.446911 -0.395111
v 0.389494 0.478336 -0.378934
v 0.407034 0.361636 -0.442146
v 0.393693 0.407603 -0.429475
v 0.385193 0.430905 -0.421630
v 0.385085 0.347620 -0.466773
v 0.476402 0.356805 -0.350852
v 0.453009 0.403304 -0.350684
v 0.445669 0.436538 -0.336240
v 0.449987 0.360160 -0.397674
v 0.438508 0.388894 -0.380537
v 0.435787 0.345698 -0.421801
v 0.494093 0.341543 -0.337239
v 0.034388 -0.349243 0.738161
v 0.023488 -0.323398 0.747551
v 0.008753 -0.269730 0.760881
v 0.009298 -0.214284 0.764356
v 0.008665 -0.158424 0.767528
v 0.004510 -0.107424 0.770898
v 0.004359 -0.070605 0.770520
v 0.017638 -0.687134 0.603658
v -0.001264 -0.786522 0.563673
v 0.002045 -0.751483 0.573217
v 0.002644 -0.704338 0.589892
v -0.004195 -0.812237 0.537768
v -0.010625 -0.816267 0.487490
v -0.004550 -0.818289 0.447416
v -0.009891 -0.822696 0.402268
v 0.027098 -0.425532 0.698281
v 0.015075 -0.379788 0.711583
v 0.027760 -0.535901 0.650504
v 0.012459 -0.494848 0.656970
v 0.012787 -0.445556 0.678032
v 0.004171 -0.653761 0.607922
v 0.007482 -0.603268 0.623283
v 0.010665 -0.554538 0.635313
v -0.018125 -0.062207 0.749151
v -0.011160 -0.037362 0.745041
v -0.023293 -0.028807 0.727879
v -0.013947 -0.009434 0.704361
v -0.009600 0.004413 0.681174
v -0.004457 0.014762 0.659838
v 0.003210 0.025836 0.632289
v 0.010139 0.032864 0.608169
v 0.018700 0.040262 0.578492
v 0.026410 0.047627 0.551047
v -0.007434 -0.821579 0.355218
v 0.012275 -0.826519 0.290289
v -0.004887 -0.822678 0.306727
v 0.001206 -0.828701 0.261977
v -0.013939 -0.833100 0.219566
v -0.010903 -0.839107 0.169443
v -0.012057 -0.843908 0.123932
v -0.013233 -0.846779 0.078385
v -0.014507 -0.845828 0.032700
v -0.015680 -0.846849 -0.012954
v -0.016673 -0.845262 -0.057927
v -0.016835 -0.839361 -0.104032
v -0.000869 -0.835387 -0.120127
v -0.017009 -0.832413 -0.147317
v -0.017918 -0.830264 -0.195215
v -0.018453 -0.831146 -0.240903
v -0.018938 -0.828736 -0.286224
v -0.019376 -0.825688 -0.331908
v -0.019675 -0.826607 -0.377526
v -0.019900 -0.825990 -0.422958
v -0.020006 -0.826140 -0.468246
v -0.020046 -0.824515 -0.512663
v -0.020050 -0.816439 -0.555605
v -0.019715 -0.808366 -0.587756
v -0.019367 -0.785196 -0.609684
v -0.018539 -0.762373 -0.617096
v -0.018040 -0.737436 -0.624707
v -0.017554 -0.692838 -0.638060
v -0.015592 -0.645701 -0.651844
v 0.000585 -0.629210 -0.659684
v -0.015667 -0.603823 -0.663079
v -0.017703 -0.558409 -0.674649
v -0.018058 -0.512187 -0.687424
v -0.018879 -0.486176 -0.700315
v -0.019680 -0.465092 -0.713261
v -0.020170 -0.426312 -0.727955
v -0.021295 -0.382656 -0.729898
v -0.020642 -0.338709 -0.732979
v -0.020384 -0.293970 -0.733515
v -0.020145 -0.249243 -0.736119
v -0.022824 -0.207040 -0.741310
v -0.013739 -0.159877 -0.737526
v -0.004871 -0.115041 -0.742474
v 0.001021 -0.085248 -0.744704
v -0.016214 -0.070623 -0.752872
v 0.429073 -0.606897 0.828097
v 0.071070 -0.288780 0.790102
v 0.058324 -0.256774 0.800725
v 0.058729 -0.356538 0.746216
v 0.055980 -0.312999 0.770494
v 0.034380 -0.262558 0.783876
v 0.119448 -0.222926 0.833569
v 0.127800 -0.331704 0.790967
v 0.106744 -0.302196 0.797393
v 0.101877 -0.245310 0.821345
v 0.120153 -0.404802 0.751756
v 0.107236 -0.362959 0.766466
v 0.093471 -0.322941 0.781438
v 0.180983 -0.263866 0.836104
v 0.158619 -0.236701 0.838153
v 0.183034 -0.376170 0.798259
v 0.163164 -0.346370 0.798653
v 0.160745 -0.288579 0.820327
v 0.144218 -0.254221 0.828200
v 0.169041 -0.452137 0.763174
v 0.159594 -0.408204 0.774013
v 0.149736 -0.365920 0.784511
v 0.233939 -0.310406 0.846848
v 0.213655 -0.281264 0.845136
v 0.207997 -0.235025 0.857817
v 0.231206 -0.419970 0.811676
v 0.212109 -0.392381 0.811417
v 0.212936 -0.336170 0.829685
v 0.199680 -0.298216 0.833810
v 0.215445 -0.494534 0.773950
v 0.207540 -0.453012 0.785286
v 0.199009 -0.410722 0.797043
v 0.268513 -0.224971 0.891679
v 0.258749 -0.317856 0.857313
v 0.259314 -0.281054 0.869297
v 0.255587 -0.236531 0.881975
v 0.256187 -0.421787 0.821695
v 0.255806 -0.387133 0.837870
v 0.258055 -0.344133 0.849800
v 0.269606 -0.531364 0.782901
v 0.253510 -0.501977 0.789123
v 0.255922 -0.449801 0.809439
v 0.319130 -0.264138 0.906846
v 0.303857 -0.238581 0.905738
v 0.316564 -0.354663 0.877808
v 0.304194 -0.327937 0.878473
v 0.306070 -0.277520 0.895139
v 0.287953 -0.252201 0.894094
v 0.324302 -0.454981 0.841552
v 0.306877 -0.429141 0.842576
v 0.301548 -0.375846 0.863913
v 0.285014 -0.351062 0.862478
v 0.326148 -0.570224 0.797397
v 0.307557 -0.542342 0.798000
v 0.306407 -0.481961 0.822421
v 0.291940 -0.452897 0.825903
v 0.379065 -0.293916 0.926356
v 0.360130 -0.277187 0.922240
v 0.355864 -0.239801 0.914629
v 0.352962 -0.354774 0.896325
v 0.359386 -0.312745 0.914295
v 0.348274 -0.289916 0.914401
v 0.372101 -0.229770 0.909399
v 0.354133 -0.455824 0.853916
v 0.353883 -0.415952 0.866026
v 0.353051 -0.378986 0.883297
v 0.355294 -0.573561 0.810483
v 0.356228 -0.530847 0.824426
v 0.355368 -0.484070 0.842568
v 0.376901 -0.294752 0.925633
v 0.380070 -0.276800 0.926242
v 0.382215 -0.254633 0.920346
v 0.401595 -0.350107 0.912988
v 0.396785 -0.310031 0.928892
v 0.405222 -0.275654 0.927285
v 0.404018 -0.241476 0.914156
v 0.424487 -0.492909 0.879370
v 0.405818 -0.463275 0.877044
v 0.403711 -0.405599 0.891441
v 0.402953 -0.373222 0.901257
v 0.410082 -0.580657 0.833007
v 0.407986 -0.516819 0.859439
v 0.389998 -0.486841 0.861100
v 0.051946 -0.203423 0.810945
v 0.050265 -0.153065 0.815692
v 0.048047 -0.105560 0.812996
v 0.051946 -0.079606 0.806107
v 0.028953 -0.208475 0.786345
v 0.027167 -0.155002 0.787650
v 0.024140 -0.105722 0.790317
v 0.026538 -0.060193 0.784662
v 0.037499 -0.041176 0.770126
v 0.105150 -0.197057 0.837970
v 0.097237 -0.151154 0.840995
v 0.105035 -0.126262 0.839101
v 0.079559 -0.199909 0.831734
v 0.071966 -0.152470 0.835326
v 0.084933 -0.107871 0.829934
v 0.082824 -0.078139 0.807468
v 0.081727 -0.058621 0.787740
v 0.082279 -0.041210 0.768527
v 0.149835 -0.194069 0.853219
v 0.147068 -0.152061 0.847315
v 0.142495 -0.127226 0.838170
v 0.139915 -0.103470 0.827238
v 0.139044 -0.081479 0.806455
v 0.139627 -0.062614 0.786806
v 0.141926 -0.046864 0.766497
v 0.229077 -0.174477 0.880189
v 0.228624 -0.174124 0.879997
v 0.207087 -0.190205 0.877558
v 0.205512 -0.155896 0.867505
v 0.200061 -0.129092 0.841879
v 0.199698 -0.109312 0.824510
v 0.200656 -0.089612 0.804548
v 0.202845 -0.073007 0.785635
v 0.206388 -0.057721 0.765818
v 0.250185 -0.188640 0.887685
v 0.232019 -0.174437 0.880381
v 0.233795 -0.201809 0.883317
v 0.268146 -0.177342 0.884365
v 0.253015 -0.157962 0.872432
v 0.258459 -0.131305 0.847859
v 0.260645 -0.113754 0.828545
v 0.263577 -0.096411 0.808969
v 0.267297 -0.082480 0.788580
v 0.272083 -0.070711 0.768166
v 0.307796 -0.201806 0.899363
v 0.308543 -0.183304 0.890272
v 0.312143 -0.158148 0.873139
v 0.316364 -0.138009 0.854013
v 0.320523 -0.123615 0.832635
v 0.325220 -0.108663 0.813297
v 0.330891 -0.095859 0.792929
v 0.337227 -0.085954 0.772877
v 0.340135 -0.210974 0.903056
v 0.359529 -0.199903 0.897604
v 0.368396 -0.163175 0.878716
v 0.373267 -0.148233 0.862396
v 0.385604 -0.133793 0.838421
v 0.373899 -0.120992 0.818793
v 0.414187 -0.129314 0.827442
v 0.394048 -0.113755 0.800905
v 0.373741 -0.094788 0.777441
v 0.415024 -0.205251 0.894509
v 0.419454 -0.173071 0.881256
v 0.401472 -0.153808 0.867237
v 0.437739 -0.167273 0.876495
v 0.430189 -0.147313 0.856343
v 0.445034 -0.135533 0.835036
v 0.453267 -0.127926 0.815601
v 0.066593 -0.730036 0.604973
v 0.050683 -0.700179 0.611045
v 0.044478 -0.792281 0.579680
v 0.049382 -0.747282 0.595528
v 0.034810 -0.718787 0.599188
v 0.042904 -0.808089 0.540456
v 0.041057 -0.807261 0.496393
v 0.039628 -0.808604 0.450183
v 0.039062 -0.814790 0.403060
v 0.112602 -0.766055 0.612156
v 0.098297 -0.742337 0.612300
v 0.100036 -0.693202 0.626453
v 0.092376 -0.787337 0.595223
v 0.081286 -0.758303 0.601903
v 0.090497 -0.801185 0.545031
v 0.088905 -0.802258 0.500686
v 0.087736 -0.803042 0.453599
v 0.086502 -0.808439 0.405490
v 0.170755 -0.664000 0.666621
v 0.143727 -0.770100 0.625875
v 0.147483 -0.737566 0.636143
v 0.151661 -0.685732 0.650645
v 0.140656 -0.789584 0.596726
v 0.138906 -0.794282 0.550592
v 0.137215 -0.798434 0.504914
v 0.135894 -0.800508 0.457456
v 0.134088 -0.804824 0.408832
v 0.216374 -0.752664 0.675341
v 0.212425 -0.728696 0.677091
v 0.202094 -0.676728 0.677792
v 0.194230 -0.769223 0.651124
v 0.186996 -0.732275 0.659794
v 0.182272 -0.698452 0.661026
v 0.188941 -0.785958 0.602962
v 0.186765 -0.791477 0.556506
v 0.185288 -0.797947 0.509303
v 0.183908 -0.797697 0.461854
v 0.181621 -0.801787 0.412974
v 0.268659 -0.650785 0.737189
v 0.243754 -0.754825 0.689401
v 0.247966 -0.722545 0.701891
v 0.251824 -0.671125 0.717015
v 0.240201 -0.771551 0.659134
v 0.237290 -0.776829 0.611223
v 0.234566 -0.784875 0.562585
v 0.232925 -0.795625 0.513933
v 0.231619 -0.796661 0.466312
v 0.229495 -0.798115 0.417611
v 0.320329 -0.733068 0.742113
v 0.314241 -0.710585 0.743550
v 0.299712 -0.661569 0.749022
v 0.297348 -0.750648 0.717935
v 0.288809 -0.714658 0.728484
v 0.281185 -0.685155 0.731319
v 0.290289 -0.763898 0.668793
v 0.287055 -0.763899 0.621209
v 0.283633 -0.771692 0.570189
v 0.280960 -0.788475 0.519433
v 0.278862 -0.798086 0.470352
v 0.277070 -0.798225 0.421979
v 0.346571 -0.732624 0.753040
v 0.349336 -0.704834 0.762015
v 0.353862 -0.647689 0.777271
v 0.343242 -0.753607 0.729542
v 0.340860 -0.758729 0.680278
v 0.338092 -0.758991 0.631345
v 0.334546 -0.764994 0.579372
v 0.330046 -0.769591 0.526425
v 0.326814 -0.791872 0.475197
v 0.324193 -0.796237 0.425876
v 0.399850 -0.726839 0.769725
v 0.402929 -0.694822 0.785200
v 0.408441 -0.633745 0.810762
v 0.396542 -0.744013 0.741971
v 0.393644 -0.748729 0.693100
v 0.389825 -0.755825 0.641549
v 0.385845 -0.760634 0.589088
v 0.381090 -0.762532 0.535566
v 0.374803 -0.765676 0.480235
v 0.371874 -0.793828 0.429804
v 0.071652 -0.473926 0.702684
v 0.057501 -0.435863 0.710715
v 0.060244 -0.386616 0.731313
v 0.065127 -0.580239 0.660013
v 0.053796 -0.546683 0.666317
v 0.057563 -0.492089 0.687000
v 0.040570 -0.459461 0.690902
v 0.053773 -0.646613 0.623736
v 0.050333 -0.599312 0.646789
v 0.035196 -0.569794 0.647016
v 0.117462 -0.514592 0.709272
v 0.105079 -0.481801 0.714958
v 0.106981 -0.424134 0.734872
v 0.086747 -0.394505 0.739643
v 0.118615 -0.618971 0.661390
v 0.104424 -0.588210 0.667760
v 0.102583 -0.534888 0.694153
v 0.085322 -0.507014 0.697784
v 0.101401 -0.640160 0.645236
v 0.085876 -0.611142 0.650479
v 0.170016 -0.556001 0.718810
v 0.155232 -0.523723 0.725184
v 0.154411 -0.471378 0.746471
v 0.136754 -0.439913 0.747249
v 0.154449 -0.630990 0.671946
v 0.153930 -0.577284 0.697034
v 0.137301 -0.546743 0.703445
v 0.136968 -0.652097 0.655362
v 0.222651 -0.598439 0.725914
v 0.205760 -0.566639 0.732973
v 0.201090 -0.515114 0.757967
v 0.184034 -0.485634 0.758682
v 0.205353 -0.620952 0.703740
v 0.189313 -0.588870 0.711398
v 0.253417 -0.611772 0.741137
v 0.253856 -0.554538 0.764334
v 0.236552 -0.526238 0.769594
v 0.237162 -0.632985 0.720108
v 0.307106 -0.596463 0.775809
v 0.292738 -0.564428 0.781956
v 0.355031 -0.602527 0.796735
v 0.392885 -0.606045 0.814034
v 0.007835 -0.047498 0.765624
v 0.027679 -0.026792 0.748389
v 0.053950 -0.013210 0.726689
v 0.019352 -0.015698 0.725783
v 0.038034 -0.005917 0.709871
v 0.043621 0.006888 0.678992
v 0.049927 0.012791 0.656706
v 0.060153 0.019677 0.624541
v 0.068124 0.025892 0.600988
v 0.080640 0.034912 0.566146
v 0.067361 0.042548 0.547121
v 0.084794 -0.025131 0.745955
v 0.088740 -0.014623 0.725349
v 0.094807 -0.005530 0.701267
v 0.102703 0.002209 0.675626
v 0.110436 0.007940 0.653816
v 0.122199 0.013059 0.621488
v 0.130206 0.017313 0.598360
v 0.140298 0.024082 0.566853
v 0.145881 -0.033277 0.743701
v 0.150758 -0.023022 0.723103
v 0.158621 -0.014093 0.697286
v 0.166998 -0.008816 0.673318
v 0.175610 -0.002585 0.651752
v 0.187028 0.004178 0.623139
v 0.194782 0.006849 0.600958
v 0.205028 0.013643 0.568827
v 0.211648 -0.045384 0.743199
v 0.217698 -0.036722 0.722640
v 0.226522 -0.028552 0.697397
v 0.235065 -0.024334 0.673795
v 0.243280 -0.018637 0.652731
v 0.253955 -0.009243 0.627049
v 0.261317 -0.004533 0.606871
v 0.270813 0.002822 0.576612
v 0.278787 -0.059972 0.746029
v 0.286088 -0.051042 0.726411
v 0.295266 -0.042532 0.703578
v 0.304118 -0.036970 0.681803
v 0.311995 -0.031869 0.662249
v 0.322530 -0.025545 0.633890
v 0.329643 -0.020173 0.614206
v 0.338498 -0.009623 0.588863
v 0.351428 -0.074778 0.749424
v 0.338749 -0.063204 0.731570
v 0.383435 -0.074631 0.737361
v 0.365407 -0.062711 0.717447
v 0.372187 -0.053052 0.691401
v 0.380363 -0.046970 0.673351
v 0.391168 -0.038951 0.648146
v 0.399455 -0.032120 0.629433
v 0.409392 -0.021323 0.607232
v 0.416035 -0.106080 0.784250
v 0.404538 -0.092618 0.766038
v 0.419098 -0.083718 0.743777
v 0.428118 -0.077268 0.725572
v 0.439142 -0.069077 0.704522
v 0.448808 -0.062189 0.687329
v 0.461182 -0.054234 0.664938
v 0.471289 -0.046594 0.647063
v 0.482324 -0.035323 0.627662
v 0.463516 -0.119788 0.792789
v 0.472849 -0.111597 0.774203
v 0.483838 -0.101081 0.757007
v 0.494500 -0.093715 0.739641
v 0.506949 -0.086359 0.720036
v 0.518928 -0.079479 0.703003
v 0.533259 -0.071604 0.683174
v 0.545631 -0.064966 0.665559
v 0.558715 -0.056000 0.645577
v 0.059601 -0.823901 0.334782
v 0.041910 -0.821291 0.352580
v 0.041755 -0.827566 0.308084
v 0.028529 -0.824406 0.322130
v 0.037719 -0.831979 0.263359
v 0.036515 -0.835905 0.216937
v 0.035086 -0.841168 0.170951
v 0.033684 -0.844654 0.125225
v 0.032422 -0.846452 0.079601
v 0.031206 -0.840724 0.034137
v 0.085207 -0.824050 0.337773
v 0.085448 -0.818096 0.361149
v 0.084704 -0.828754 0.311504
v 0.083627 -0.831298 0.264998
v 0.082238 -0.837319 0.218556
v 0.080663 -0.844061 0.172536
v 0.079289 -0.843169 0.126678
v 0.077949 -0.843615 0.080792
v 0.076767 -0.843088 0.034993
v 0.117088 -0.823580 0.338953
v 0.132651 -0.816683 0.357529
v 0.131318 -0.827047 0.315891
v 0.147521 -0.821091 0.333519
v 0.129415 -0.831515 0.266679
v 0.127939 -0.838457 0.220281
v 0.126297 -0.842970 0.174142
v 0.124758 -0.841494 0.128156
v 0.123256 -0.841767 0.081945
v 0.121972 -0.839538 0.035993
v 0.178978 -0.809364 0.363471
v 0.176348 -0.824852 0.304861
v 0.177163 -0.818542 0.328437
v 0.175253 -0.831499 0.268446
v 0.173665 -0.837908 0.222016
v 0.171937 -0.839644 0.175896
v 0.170072 -0.840298 0.129664
v 0.168239 -0.837653 0.083241
v 0.166890 -0.835260 0.036695
v 0.226513 -0.802828 0.367408
v 0.210739 -0.823020 0.298665
v 0.225761 -0.816561 0.316671
v 0.223633 -0.827041 0.273695
v 0.241389 -0.820519 0.292268
v 0.219389 -0.835294 0.223691
v 0.217573 -0.837623 0.177609
v 0.215462 -0.834429 0.131702
v 0.212658 -0.829746 0.089108
v 0.227273 -0.827274 0.076188
v 0.194679 -0.830958 0.037025
v 0.217845 -0.826836 0.037150
v 0.274272 -0.797402 0.371796
v 0.270798 -0.810548 0.321334
v 0.267112 -0.824082 0.261309
v 0.268453 -0.819702 0.285215
v 0.265447 -0.829285 0.225259
v 0.263654 -0.833459 0.179075
v 0.258310 -0.829398 0.129941
v 0.271095 -0.825711 0.112447
v 0.239351 -0.827761 0.108810
v 0.257037 -0.824734 0.089723
v 0.258878 -0.823519 0.037567
v 0.321751 -0.796126 0.376038
v 0.318200 -0.805115 0.324769
v 0.299922 -0.821579 0.253504
v 0.315856 -0.817203 0.272215
v 0.313589 -0.824524 0.230382
v 0.330957 -0.820519 0.249216
v 0.310125 -0.830721 0.180025
v 0.305201 -0.829877 0.130181
v 0.287273 -0.825983 0.112540
v 0.313929 -0.830395 0.085771
v 0.291181 -0.825405 0.085629
v 0.315646 -0.830383 0.038119
v 0.292872 -0.826024 0.037960
v 0.369049 -0.794737 0.379414
v 0.365746 -0.800357 0.328006
v 0.361788 -0.813619 0.277487
v 0.358342 -0.824569 0.223939
v 0.359778 -0.819412 0.248144
v 0.355722 -0.832236 0.180991
v 0.353221 -0.833716 0.133785
v 0.351101 -0.833655 0.085841
v 0.349583 -0.832955 0.037964
v 0.466389 -0.608352 0.837748
v 0.533734 -0.705153 0.859854
v 0.532869 -0.674196 0.864626
v 0.524073 -0.621405 0.873096
v 0.610522 -0.653818 0.931339
v 0.599355 -0.615001 0.947833
v 0.568962 -0.709729 0.883629
v 0.584982 -0.670152 0.908295
v 0.569955 -0.615852 0.919737
v 0.642674 -0.698030 0.942297
v 0.636091 -0.669275 0.946151
v 0.648160 -0.617170 0.978447
v 0.619587 -0.713559 0.912207
v 0.610275 -0.686816 0.925186
v 0.711456 -0.699671 0.993529
v 0.711045 -0.678519 1.004030
v 0.715830 -0.631070 1.013510
v 0.687876 -0.703693 0.966868
v 0.689130 -0.672242 0.981336
v 0.689946 -0.623509 0.997898
v 0.676527 -0.715629 0.917127
v 0.734510 -0.708003 0.997150
v 0.741043 -0.686217 1.014800
v 0.755527 -0.644025 1.025006
v 0.731417 -0.713169 0.971416
v 0.726407 -0.718566 0.920784
v 0.777757 -0.718049 0.994651
v 0.785754 -0.697109 1.011174
v 0.800132 -0.660908 1.018902
v 0.774997 -0.722009 0.966947
v 0.770139 -0.728431 0.916239
v 0.813361 -0.729201 0.991300
v 0.821493 -0.707174 1.013620
v 0.835694 -0.673181 1.018870
v 0.811466 -0.732104 0.957827
v 0.807993 -0.736833 0.907128
v 0.468167 -0.377847 0.932623
v 0.450345 -0.355515 0.929642
v 0.452719 -0.310675 0.935191
v 0.456929 -0.274801 0.927990
v 0.469703 -0.239911 0.912014
v 0.459343 -0.494507 0.898491
v 0.456987 -0.454748 0.907548
v 0.452555 -0.396933 0.920863
v 0.434276 -0.373653 0.917202
v 0.496312 -0.230724 0.905802
v 0.466275 -0.566824 0.857375
v 0.461761 -0.522614 0.885539
v 0.491820 -0.378716 0.939761
v 0.500388 -0.354554 0.942361
v 0.506125 -0.313870 0.937342
v 0.509041 -0.278406 0.930442
v 0.504167 -0.252157 0.917595
v 0.554620 -0.546374 0.924440
v 0.528865 -0.504927 0.912486
v 0.516805 -0.452703 0.926208
v 0.512496 -0.399662 0.943357
v 0.532928 -0.360304 0.947341
v 0.538868 -0.320230 0.938761
v 0.540627 -0.284170 0.931457
v 0.526259 -0.246854 0.913742
v 0.531640 -0.563238 0.901131
v 0.510494 -0.522505 0.896103
v 0.597278 -0.411219 0.971704
v 0.587188 -0.375450 0.961949
v 0.602190 -0.341307 0.954917
v 0.616679 -0.328796 0.954284
v 0.586812 -0.563439 0.949406
v 0.592075 -0.512311 0.957006
v 0.588395 -0.462229 0.956228
v 0.576843 -0.416990 0.959890
v 0.549523 -0.364374 0.950030
v 0.564613 -0.327776 0.940278
v 0.587996 -0.303223 0.934728
v 0.588241 -0.265345 0.917646
v 0.561909 -0.581824 0.924758
v 0.676329 -0.561002 1.009547
v 0.667048 -0.528082 1.015430
v 0.658579 -0.483332 1.011278
v 0.646210 -0.440180 0.997452
v 0.651308 -0.400282 0.991582
v 0.648664 -0.361316 0.982739
v 0.655580 -0.330526 0.969409
v 0.684842 -0.324580 0.962933
v 0.652664 -0.571254 0.999979
v 0.637156 -0.520796 0.995379
v 0.630347 -0.473689 0.985741
v 0.622968 -0.446762 0.980201
v 0.640936 -0.314803 0.950282
v 0.662302 -0.301590 0.933009
v 0.710169 -0.584112 1.016282
v 0.719457 -0.541718 1.020768
v 0.720893 -0.503336 1.030114
v 0.720546 -0.467091 1.030176
v 0.717893 -0.430869 1.022855
v 0.713983 -0.393415 1.009852
v 0.713445 -0.355975 0.985741
v 0.714524 -0.337887 0.970624
v 0.686441 -0.593349 1.005779
v 0.717148 -0.321175 0.951884
v 0.767535 -0.604608 1.028806
v 0.777115 -0.566860 1.030920
v 0.783953 -0.530673 1.031345
v 0.785259 -0.497305 1.039974
v 0.783276 -0.463760 1.036615
v 0.780029 -0.428612 1.018933
v 0.775222 -0.387781 0.989518
v 0.753073 -0.359016 0.974697
v 0.792994 -0.384340 0.977823
v 0.775564 -0.356158 0.960886
v 0.812783 -0.626322 1.025560
v 0.824268 -0.593334 1.031022
v 0.833980 -0.561714 1.032048
v 0.839271 -0.529876 1.036040
v 0.839375 -0.497281 1.037572
v 0.838230 -0.463023 1.017145
v 0.836287 -0.435079 0.992819
v 0.834554 -0.415705 0.974068
v 0.833485 -0.384746 0.943086
v 0.850058 -0.380170 0.921941
v 0.848221 -0.642050 1.021063
v 0.860239 -0.612686 1.022765
v 0.870900 -0.584892 1.026212
v 0.879139 -0.557015 1.025159
v 0.883528 -0.526937 1.025248
v 0.884672 -0.491926 1.000449
v 0.868639 -0.462547 0.987908
v 0.897115 -0.488543 0.976210
v 0.887001 -0.456285 0.956900
v 0.874593 -0.420588 0.935036
v 0.903796 -0.447031 0.923531
v 0.886274 -0.414487 0.913737
v 0.458439 -0.209955 0.893637
v 0.450994 -0.191070 0.885158
v 0.488551 -0.213482 0.895135
v 0.477938 -0.183844 0.880547
v 0.494578 -0.159986 0.863647
v 0.502533 -0.150508 0.847408
v 0.512893 -0.141654 0.829057
v 0.533732 -0.220790 0.897991
v 0.544402 -0.195119 0.881659
v 0.552631 -0.179193 0.872337
v 0.561115 -0.169917 0.857406
v 0.572889 -0.160880 0.837459
v 0.597098 -0.237085 0.901982
v 0.603191 -0.211549 0.887393
v 0.586452 -0.191990 0.876842
v 0.624715 -0.210445 0.884433
v 0.624728 -0.190758 0.865788
v 0.623479 -0.178007 0.845421
v 0.656710 -0.263272 0.901579
v 0.637371 -0.233652 0.893719
v 0.677812 -0.262112 0.895146
v 0.665885 -0.234621 0.887574
v 0.684349 -0.213859 0.869209
v 0.723114 -0.301572 0.921628
v 0.726831 -0.284790 0.906156
v 0.733926 -0.264697 0.882486
v 0.742232 -0.247207 0.864606
v 0.780861 -0.331365 0.929483
v 0.783853 -0.317744 0.905241
v 0.795611 -0.288073 0.880212
v 0.786688 -0.269933 0.866407
v 0.816006 -0.354459 0.927933
v 0.834911 -0.349946 0.907034
v 0.837032 -0.322367 0.871072
v 0.879507 -0.371907 0.881183
v 0.863386 -0.341929 0.869561
v 0.452844 -0.730434 0.796087
v 0.460250 -0.684640 0.811404
v 0.464801 -0.638855 0.824107
v 0.449511 -0.747835 0.755406
v 0.447003 -0.748174 0.705739
v 0.442315 -0.753441 0.652700
v 0.436894 -0.759541 0.598767
v 0.431840 -0.757734 0.544955
v 0.425546 -0.760369 0.488570
v 0.420175 -0.781182 0.434016
v 0.506797 -0.729347 0.827283
v 0.501797 -0.678552 0.838246
v 0.499010 -0.646450 0.841676
v 0.501878 -0.749559 0.768141
v 0.497445 -0.755657 0.715872
v 0.492507 -0.760364 0.661925
v 0.487289 -0.759843 0.608147
v 0.482080 -0.754961 0.553782
v 0.475765 -0.756082 0.496355
v 0.468923 -0.769070 0.438481
v 0.562585 -0.724303 0.838221
v 0.554888 -0.740588 0.782117
v 0.548047 -0.756639 0.725596
v 0.542674 -0.762137 0.671000
v 0.537856 -0.758394 0.617214
v 0.532765 -0.752745 0.561568
v 0.526322 -0.753064 0.503323
v 0.518308 -0.764127 0.444024
v 0.617008 -0.720249 0.853028
v 0.609168 -0.728644 0.795269
v 0.599364 -0.755951 0.734431
v 0.592697 -0.762515 0.678470
v 0.586813 -0.762834 0.622513
v 0.581019 -0.760829 0.565545
v 0.574926 -0.758314 0.508288
v 0.566598 -0.764712 0.448976
v 0.669642 -0.722548 0.862566
v 0.662077 -0.727982 0.803368
v 0.650420 -0.754911 0.741177
v 0.642778 -0.761252 0.684556
v 0.636090 -0.760927 0.628384
v 0.627677 -0.767041 0.568385
v 0.620226 -0.767695 0.510455
v 0.612976 -0.765697 0.452585
v 0.719322 -0.727084 0.865147
v 0.711053 -0.736679 0.804901
v 0.698334 -0.761184 0.743298
v 0.689950 -0.768036 0.685961
v 0.682005 -0.771524 0.628097
v 0.676032 -0.763417 0.573063
v 0.667843 -0.762902 0.514248
v 0.659377 -0.765736 0.454806
v 0.763420 -0.737330 0.859744
v 0.752134 -0.757267 0.800133
v 0.742290 -0.769670 0.741614
v 0.734952 -0.770746 0.685616
v 0.726626 -0.777667 0.627314
v 0.720014 -0.774965 0.570820
v 0.712854 -0.772270 0.513328
v 0.706231 -0.763310 0.456336
v 0.799574 -0.753393 0.850481
v 0.791157 -0.766240 0.794062
v 0.783643 -0.772870 0.737992
v 0.776214 -0.778242 0.680875
v 0.769209 -0.781295 0.624271
v 0.763027 -0.777947 0.568749
v 0.756038 -0.778212 0.511364
v 0.749223 -0.774985 0.454380
v 0.524891 -0.133868 0.808470
v 0.536059 -0.127636 0.790841
v 0.550018 -0.121051 0.769713
v 0.561976 -0.116287 0.751610
v 0.576004 -0.110860 0.731108
v 0.590665 -0.102300 0.715461
v 0.605447 -0.091996 0.701467
v 0.620348 -0.083432 0.684643
v 0.635272 -0.074598 0.666384
v 0.585789 -0.153021 0.819991
v 0.599369 -0.146658 0.802556
v 0.615554 -0.140562 0.783333
v 0.629870 -0.135853 0.767057
v 0.647313 -0.130767 0.746866
v 0.662424 -0.126364 0.728535
v 0.676843 -0.120170 0.710873
v 0.692751 -0.109574 0.694983
v 0.706846 -0.094980 0.684428
v 0.664282 -0.194289 0.849525
v 0.650671 -0.178931 0.832996
v 0.662739 -0.168043 0.811749
v 0.679045 -0.162099 0.794324
v 0.695357 -0.157361 0.777290
v 0.713775 -0.151870 0.758778
v 0.730077 -0.146905 0.741583
v 0.750772 -0.138864 0.720329
v 0.741794 -0.125796 0.702420
v 0.784165 -0.136994 0.708994
v 0.772695 -0.123636 0.692384
v 0.694356 -0.207003 0.852509
v 0.713530 -0.197660 0.830628
v 0.706830 -0.185039 0.815968
v 0.745293 -0.198538 0.819389
v 0.737639 -0.185978 0.804139
v 0.755490 -0.177717 0.783144
v 0.772482 -0.171276 0.765473
v 0.789034 -0.164333 0.747703
v 0.804660 -0.152661 0.726487
v 0.829980 -0.149423 0.710232
v 0.796489 -0.140102 0.710298
v 0.824757 -0.135638 0.695928
v 0.750377 -0.233652 0.855930
v 0.765345 -0.218041 0.835705
v 0.777037 -0.209863 0.820376
v 0.797530 -0.201832 0.797378
v 0.795766 -0.191321 0.783575
v 0.824702 -0.202448 0.779698
v 0.819972 -0.190495 0.767300
v 0.834214 -0.179705 0.743694
v 0.845942 -0.170303 0.724145
v 0.856980 -0.160182 0.703365
v 0.866273 -0.147477 0.681093
v 0.817350 -0.286033 0.864893
v 0.804295 -0.266543 0.853140
v 0.813707 -0.240515 0.829592
v 0.821453 -0.230506 0.814906
v 0.833562 -0.220800 0.793026
v 0.844268 -0.213030 0.773131
v 0.856246 -0.202931 0.748526
v 0.854966 -0.190367 0.736565
v 0.871728 -0.200649 0.727352
v 0.871090 -0.185533 0.713114
v 0.871256 -0.168484 0.696692
v 0.888030 -0.177244 0.682693
v 0.885632 -0.159408 0.669590
v 0.898029 -0.147367 0.639285
v 0.840165 -0.304238 0.857845
v 0.851305 -0.281344 0.831857
v 0.847134 -0.261956 0.818807
v 0.868999 -0.277642 0.809821
v 0.860762 -0.258853 0.802125
v 0.867619 -0.241261 0.777810
v 0.880305 -0.230988 0.750156
v 0.877816 -0.218281 0.738421
v 0.896783 -0.229429 0.723593
v 0.892473 -0.214129 0.712127
v 0.888388 -0.196584 0.700264
v 0.910047 -0.204320 0.668453
v 0.900726 -0.185544 0.669382
v 0.900174 -0.169234 0.655340
v 0.917040 -0.196760 0.639221
v 0.915391 -0.180348 0.626680
v 0.907879 -0.154023 0.625117
v 0.920318 -0.164029 0.577198
v 0.915791 -0.144824 0.582951
v 0.921621 -0.154970 0.549934
v 0.920232 -0.135956 0.534143
v 0.891998 -0.364736 0.858816
v 0.881410 -0.334128 0.839726
v 0.874104 -0.298988 0.820865
v 0.899224 -0.323782 0.808102
v 0.892390 -0.294109 0.793928
v 0.888197 -0.267699 0.778811
v 0.885800 -0.252038 0.767061
v 0.909446 -0.286886 0.762817
v 0.909573 -0.267808 0.747575
v 0.897733 -0.246898 0.745087
v 0.918521 -0.257760 0.715208
v 0.912810 -0.240452 0.706863
v 0.906948 -0.224122 0.698059
v 0.924663 -0.233023 0.659762
v 0.916794 -0.217033 0.665034
v 0.930423 -0.223077 0.609780
v 0.924067 -0.204919 0.617596
v 0.921533 -0.188105 0.605677
v 0.931789 -0.216998 0.583389
v 0.929519 -0.200178 0.567218
v 0.923844 -0.178139 0.571217
v 0.928970 -0.184192 0.522207
v 0.925389 -0.164547 0.518702
v 0.922454 -0.142544 0.515395
v 0.416197 -0.796237 0.382243
v 0.412892 -0.799615 0.330715
v 0.408690 -0.810517 0.279675
v 0.403937 -0.824981 0.226191
v 0.406117 -0.817785 0.250468
v 0.400543 -0.831698 0.182392
v 0.397355 -0.828999 0.134815
v 0.394686 -0.829885 0.085957
v 0.392630 -0.837241 0.037557
v 0.463343 -0.792062 0.384893
v 0.458918 -0.803749 0.333043
v 0.454585 -0.812574 0.282173
v 0.449319 -0.822935 0.230389
v 0.451901 -0.818002 0.255082
v 0.445332 -0.825970 0.183980
v 0.441933 -0.825460 0.135712
v 0.438591 -0.825009 0.086231
v 0.435617 -0.832737 0.037351
v 0.510662 -0.784987 0.387650
v 0.504755 -0.803297 0.334977
v 0.499863 -0.813520 0.284275
v 0.484138 -0.819954 0.224786
v 0.498648 -0.818134 0.239004
v 0.485784 -0.821689 0.185214
v 0.508509 -0.819542 0.185836
v 0.473206 -0.822975 0.136198
v 0.495640 -0.819395 0.136545
v 0.467204 -0.822126 0.086632
v 0.489558 -0.819242 0.087081
v 0.473955 -0.826060 0.037763
v 0.496125 -0.821530 0.038344
v 0.558082 -0.777427 0.390492
v 0.550942 -0.799742 0.336871
v 0.545479 -0.810952 0.285732
v 0.540770 -0.815058 0.236048
v 0.536209 -0.815946 0.186519
v 0.531809 -0.814649 0.137062
v 0.527573 -0.816456 0.087661
v 0.523317 -0.816710 0.039004
v 0.604705 -0.776902 0.393599
v 0.597168 -0.795307 0.338014
v 0.591219 -0.809846 0.286515
v 0.606439 -0.817768 0.213155
v 0.590241 -0.815752 0.232515
v 0.606305 -0.817800 0.211913
v 0.586334 -0.815239 0.191977
v 0.576575 -0.813906 0.137645
v 0.571661 -0.812458 0.088307
v 0.567151 -0.810175 0.039349
v 0.650758 -0.776011 0.395291
v 0.642724 -0.793612 0.338717
v 0.636035 -0.811313 0.287013
v 0.607724 -0.817863 0.213183
v 0.626575 -0.817652 0.232742
v 0.607584 -0.817895 0.211922
v 0.622407 -0.818367 0.192084
v 0.620411 -0.813637 0.138071
v 0.615284 -0.805519 0.088971
v 0.610628 -0.802222 0.039375
v 0.696743 -0.773153 0.395774
v 0.687776 -0.793351 0.339358
v 0.680487 -0.808856 0.287442
v 0.674427 -0.813522 0.237363
v 0.669005 -0.812351 0.187713
v 0.664101 -0.810020 0.137965
v 0.659073 -0.801477 0.088745
v 0.654224 -0.796619 0.039074
v 0.741300 -0.776007 0.395665
v 0.732400 -0.793958 0.339766
v 0.725124 -0.804423 0.287528
v 0.719023 -0.807477 0.237436
v 0.713451 -0.805658 0.187694
v 0.708073 -0.801172 0.137943
v 0.702877 -0.796522 0.088364
v 0.697483 -0.791223 0.039048
v 0.921105 -0.117370 0.493011
v 0.924657 -0.150788 0.465093
v 0.922443 -0.124929 0.472895
v 0.920920 -0.136497 0.413822
v 0.919916 -0.118413 0.422310
v 0.917169 -0.130423 0.385371
v 0.912965 -0.115493 0.371679
v 0.903308 -0.102939 0.317078
v 0.894033 -0.091636 0.264157
v 0.860812 -0.701848 1.018543
v 0.868104 -0.678625 1.022196
v 0.844224 -0.730649 0.986032
v 0.848752 -0.712517 1.014297
v 0.855512 -0.677303 1.020224
v 0.841310 -0.738256 0.947661
v 0.838854 -0.744408 0.896602
v 0.876570 -0.705790 1.018114
v 0.886475 -0.678692 1.023137
v 0.869635 -0.724828 0.976295
v 0.871444 -0.720567 0.998806
v 0.867607 -0.732307 0.939260
v 0.866049 -0.742688 0.887204
v 0.898719 -0.698501 1.007861
v 0.907472 -0.677700 1.016227
v 0.890836 -0.719315 0.959195
v 0.892849 -0.714628 0.984069
v 0.890470 -0.722806 0.930871
v 0.890748 -0.732659 0.878270
v 0.911939 -0.690537 0.995264
v 0.922963 -0.675796 0.996149
v 0.901821 -0.716766 0.947631
v 0.913361 -0.704450 0.966793
v 0.933145 -0.675172 0.979041
v 0.903489 -0.719639 0.922873
v 0.914073 -0.717586 0.914688
v 0.907595 -0.727672 0.869970
v 0.918735 -0.726477 0.863228
v 0.938018 -0.699268 0.938502
v 0.948005 -0.677841 0.955161
v 0.933758 -0.714633 0.901306
v 0.936024 -0.725359 0.852282
v 0.957397 -0.698355 0.916819
v 0.974280 -0.685700 0.918306
v 0.964015 -0.708472 0.884003
v 0.978389 -0.695856 0.893105
v 0.968684 -0.719407 0.832315
v 0.982730 -0.704413 0.817592
v 0.990200 -0.681633 0.901023
v 0.978584 -0.704904 0.861715
v 0.987919 -0.691549 0.877003
v 0.979355 -0.707081 0.844250
v 0.986743 -0.695380 0.832108
v 0.883904 -0.650285 1.025209
v 0.893007 -0.636860 1.023794
v 0.871896 -0.648373 1.023588
v 0.888466 -0.624812 1.022696
v 0.899266 -0.597806 1.019887
v 0.909598 -0.574397 1.014483
v 0.918613 -0.547742 1.006478
v 0.920692 -0.528449 0.982845
v 0.921575 -0.512261 0.959437
v 0.923771 -0.487623 0.932996
v 0.924105 -0.465660 0.912277
v 0.922919 -0.432224 0.882396
v 0.898178 -0.651617 1.023739
v 0.906436 -0.635290 1.019974
v 0.913066 -0.623567 1.016445
v 0.924117 -0.605794 1.012231
v 0.936563 -0.585066 1.004382
v 0.944663 -0.560218 0.981760
v 0.935708 -0.542592 0.970904
v 0.952503 -0.555365 0.955707
v 0.946799 -0.535217 0.934714
v 0.942261 -0.505948 0.917660
v 0.960847 -0.522442 0.899765
v 0.957994 -0.490725 0.882151
v 0.952051 -0.456643 0.865263
v 0.920029 -0.653226 1.014435
v 0.934992 -0.631935 1.007264
v 0.952549 -0.623802 1.002294
v 0.932482 -0.623414 1.009337
v 0.949058 -0.614601 1.004674
v 0.965682 -0.591153 0.980957
v 0.963552 -0.576159 0.968240
v 0.976990 -0.585029 0.951681
v 0.974201 -0.568339 0.933259
v 0.968816 -0.550632 0.911079
v 0.986253 -0.558623 0.893888
v 0.980508 -0.540164 0.882153
v 0.986343 -0.504516 0.854565
v 0.943592 -0.657108 0.995363
v 0.958069 -0.637781 0.995546
v 0.958884 -0.625591 0.999364
v 0.945345 -0.664543 0.980968
v 0.970487 -0.633874 0.987836
v 0.974178 -0.620289 0.987581
v 0.982715 -0.603308 0.958376
v 0.987288 -0.591998 0.934820
v 0.994028 -0.579053 0.907528
v 1.000751 -0.564581 0.880391
v 1.007875 -0.539532 0.848575
v 1.003824 -0.514301 0.840737
v 0.960639 -0.653895 0.982576
v 0.967895 -0.646788 0.983144
v 0.963111 -0.660559 0.969700
v 0.980439 -0.642425 0.964699
v 0.991696 -0.625058 0.941737
v 0.992578 -0.610215 0.940779
v 1.003085 -0.620101 0.915328
v 1.005762 -0.602673 0.901982
v 1.007222 -0.585534 0.887294
v 1.021421 -0.593807 0.865598
v 1.025769 -0.572793 0.850424
v 1.025887 -0.549935 0.832609
v 0.990179 -0.666393 0.923804
v 0.995743 -0.645494 0.925868
v 0.998013 -0.635039 0.921700
v 1.002597 -0.662920 0.897402
v 1.010131 -0.647041 0.886693
v 1.011041 -0.626881 0.892466
v 1.019048 -0.610591 0.875448
v 1.022291 -0.640379 0.847290
v 1.029867 -0.623292 0.833842
v 1.037098 -0.600558 0.841120
v 1.045705 -0.578390 0.825100
v 0.994321 -0.676117 0.901749
v 1.003441 -0.670182 0.880129
v 1.013724 -0.654775 0.867450
v 1.004767 -0.672198 0.833391
v 1.020346 -0.648293 0.833263
v 1.030014 -0.629301 0.817831
v 0.909133 -0.399717 0.870452
v 0.833369 -0.758722 0.841640
v 0.828301 -0.766143 0.787733
v 0.823318 -0.768329 0.733009
v 0.816653 -0.779278 0.675205
v 0.810835 -0.780633 0.620239
v 0.804859 -0.780221 0.564729
v 0.798363 -0.778946 0.508679
v 0.791640 -0.777502 0.452127
v 0.863992 -0.757200 0.832631
v 0.862462 -0.764265 0.779183
v 0.860093 -0.767387 0.724821
v 0.855150 -0.779378 0.668128
v 0.850023 -0.783859 0.613530
v 0.845137 -0.782406 0.559454
v 0.839751 -0.776273 0.505415
v 0.833764 -0.774602 0.449167
v 0.891798 -0.749611 0.823035
v 0.893412 -0.760125 0.769274
v 0.893946 -0.766429 0.715626
v 0.892174 -0.772855 0.661505
v 0.890795 -0.775880 0.611125
v 0.902288 -0.770468 0.595005
v 0.876251 -0.777295 0.556095
v 0.896187 -0.769528 0.553868
v 0.863485 -0.769837 0.503597
v 0.882326 -0.762482 0.500708
v 0.856228 -0.772871 0.446635
v 0.875913 -0.771366 0.443414
v 0.912631 -0.743206 0.814444
v 0.924941 -0.740214 0.809471
v 0.915726 -0.754798 0.761776
v 0.929340 -0.751003 0.757886
v 0.915287 -0.764351 0.710129
v 0.931879 -0.759870 0.705936
v 0.911027 -0.768090 0.659206
v 0.934040 -0.755012 0.653157
v 0.945925 -0.734014 0.637212
v 0.907144 -0.769781 0.629469
v 0.918936 -0.759281 0.608861
v 0.941039 -0.727170 0.608529
v 0.913434 -0.752220 0.552896
v 0.935347 -0.716051 0.554279
v 0.906329 -0.746435 0.497276
v 0.927142 -0.718581 0.496391
v 0.918627 -0.758198 0.438653
v 0.929832 -0.719525 0.455412
v 0.943051 -0.735460 0.801505
v 0.955291 -0.739448 0.748077
v 0.969445 -0.721382 0.733026
v 0.953210 -0.743803 0.702276
v 0.973675 -0.716073 0.699390
v 0.950865 -0.741792 0.667090
v 0.963281 -0.721791 0.652398
v 0.957774 -0.710717 0.606682
v 0.952677 -0.703438 0.571966
v 0.933887 -0.745241 0.414063
v 0.932475 -0.721295 0.424886
v 0.968936 -0.726022 0.789942
v 0.985047 -0.700245 0.795156
v 0.969195 -0.726102 0.760642
v 0.977760 -0.709081 0.748280
v 0.981228 -0.704424 0.713378
v 0.991273 -0.689128 0.812190
v 0.934447 -0.420023 0.856494
v 0.973007 -0.471555 0.849320
v 0.960791 -0.443017 0.843020
v 0.987860 -0.481242 0.837639
v 0.987098 -0.445955 0.809941
v 0.994677 -0.429147 0.782404
v 1.020780 -0.523646 0.825197
v 1.017116 -0.492859 0.809737
v 1.010039 -0.459943 0.792855
v 1.027652 -0.470083 0.775802
v 1.018480 -0.438672 0.760537
v 1.025860 -0.418166 0.726800
v 0.946823 -0.697352 0.534854
v 0.940756 -0.696810 0.497653
v 0.938585 -0.700498 0.467586
v 1.042529 -0.557380 0.815634
v 1.039970 -0.532130 0.801828
v 1.035534 -0.499705 0.787370
v 1.050881 -0.511979 0.765963
v 1.044558 -0.480115 0.753911
v 1.035772 -0.446912 0.740714
v 0.985746 -0.699846 0.679823
v 1.052441 -0.459534 0.717773
v 1.043501 -0.427791 0.706555
v 0.987500 -0.694485 0.651240
v 1.049785 -0.407689 0.659374
v 0.983976 -0.683209 0.606320
v 0.996323 -0.657010 0.591329
v 1.040598 -0.399050 0.592358
v 0.962598 -0.684518 0.552817
v 0.987137 -0.645493 0.552134
v 1.032625 -0.396655 0.552662
v 0.953311 -0.676672 0.498743
v 0.980442 -0.641684 0.497463
v 1.026673 -0.392433 0.518893
v 0.946585 -0.684582 0.446377
v 0.975389 -0.635170 0.445892
v 0.985987 -0.617159 0.429966
v 1.003125 -0.676325 0.781401
v 1.018556 -0.658417 0.771136
v 1.044754 -0.611747 0.810323
v 1.058633 -0.596323 0.807099
v 1.060784 -0.565194 0.794341
v 1.055240 -0.539581 0.781300
v 0.996422 -0.679344 0.749688
v 1.023643 -0.651315 0.747563
v 1.041812 -0.622851 0.733864
v 1.056262 -0.591068 0.726676
v 1.068306 -0.559563 0.740134
v 1.062290 -0.520969 0.747173
v 1.056481 -0.490593 0.732807
v 0.993748 -0.687284 0.697021
v 1.009745 -0.651761 0.703580
v 1.038133 -0.621774 0.696578
v 1.051543 -0.588305 0.697208
v 1.060667 -0.552650 0.696731
v 1.066697 -0.513031 0.695708
v 1.061620 -0.469622 0.700004
v 1.056274 -0.438602 0.686114
v 0.997688 -0.678026 0.650247
v 1.007865 -0.652097 0.652048
v 1.032213 -0.618799 0.647843
v 1.044103 -0.582777 0.648981
v 1.052695 -0.545023 0.649228
v 1.058019 -0.505273 0.648955
v 1.058648 -0.464115 0.648974
v 1.054298 -0.418959 0.645723
v 0.997614 -0.670573 0.624243
v 1.004313 -0.647593 0.605209
v 1.020322 -0.613728 0.600306
v 1.034907 -0.576701 0.599645
v 1.043656 -0.537806 0.599968
v 1.049636 -0.497377 0.600076
v 1.050528 -0.456859 0.600709
v 1.048643 -0.412637 0.605061
v 0.999484 -0.627776 0.550191
v 1.011722 -0.609382 0.548408
v 1.023430 -0.570956 0.549204
v 1.031494 -0.531510 0.550103
v 1.038168 -0.490786 0.550436
v 1.042037 -0.450071 0.550475
v 1.041579 -0.412136 0.551039
v 0.995755 -0.623746 0.496129
v 1.005329 -0.605679 0.495662
v 1.013266 -0.566060 0.497128
v 1.018673 -0.526231 0.498712
v 1.022005 -0.485332 0.500516
v 1.027870 -0.444723 0.500529
v 1.033161 -0.401216 0.500659
v 0.991296 -0.621362 0.464907
v 0.997160 -0.604803 0.445652
v 1.006437 -0.562075 0.444411
v 1.011996 -0.521856 0.445587
v 1.014534 -0.480621 0.447258
v 1.020036 -0.439535 0.448090
v 1.024722 -0.398948 0.448655
v 1.004066 -0.674588 0.802342
v 1.023085 -0.649683 0.787150
v 1.039460 -0.621425 0.794709
v 1.062886 -0.594443 0.783195
v 1.068634 -0.575770 0.773944
v 1.030283 -0.640814 0.765192
v 1.042186 -0.623311 0.756637
v 1.059720 -0.592485 0.749226
v 1.067426 -0.574040 0.754665
v 0.923379 -0.386391 0.839198
v 0.913066 -0.354766 0.821550
v 0.936863 -0.370923 0.805750
v 0.924731 -0.343523 0.795420
v 0.923811 -0.316978 0.767907
v 0.926470 -0.299660 0.742051
v 0.920981 -0.278129 0.732805
v 0.940976 -0.290626 0.691202
v 0.929561 -0.268391 0.697292
v 0.925771 -0.252885 0.686556
v 0.943431 -0.287024 0.667010
v 0.938892 -0.270124 0.651207
v 0.931065 -0.247394 0.654466
v 0.940356 -0.256693 0.595432
v 0.934712 -0.238231 0.603215
v 0.941558 -0.248923 0.562439
v 0.936291 -0.228809 0.555164
v 0.932628 -0.207272 0.548439
v 0.936333 -0.215081 0.496400
v 0.931283 -0.191784 0.502289
v 0.927729 -0.174316 0.487592
v 0.956093 -0.407108 0.814214
v 0.954891 -0.383409 0.790772
v 0.950477 -0.352222 0.763690
v 0.938866 -0.328660 0.756323
v 0.960139 -0.336658 0.727735
v 0.946383 -0.321319 0.732824
v 0.962987 -0.330795 0.681155
v 0.950417 -0.312188 0.685733
v 0.961498 -0.327200 0.651726
v 0.951337 -0.304202 0.641399
v 0.945151 -0.281464 0.632624
v 0.954197 -0.292355 0.581401
v 0.945687 -0.273880 0.588616
v 0.955237 -0.283987 0.543957
v 0.945085 -0.264417 0.534504
v 0.942130 -0.239894 0.527337
v 0.946099 -0.251317 0.481722
v 0.941273 -0.230571 0.489866
v 0.975814 -0.419885 0.797963
v 0.983474 -0.400411 0.764863
v 0.972715 -0.370984 0.748218
v 0.991560 -0.379130 0.730069
v 0.981993 -0.359197 0.719558
v 0.978332 -0.347425 0.675488
v 0.973158 -0.336049 0.625850
v 0.964917 -0.318541 0.613475
v 0.980613 -0.323434 0.578167
v 0.971092 -0.310306 0.567949
v 0.966420 -0.291055 0.521525
v 0.956818 -0.274781 0.508642
v 0.968894 -0.279776 0.469793
v 0.957287 -0.266518 0.475400
v 1.007479 -0.410111 0.744391
v 1.013011 -0.390787 0.713348
v 0.998144 -0.367244 0.699545
v 1.009128 -0.379324 0.664376
v 0.995341 -0.364348 0.669443
v 1.003657 -0.374114 0.612147
v 0.990480 -0.356919 0.616389
v 1.004844 -0.364318 0.573539
v 0.997565 -0.332853 0.559343
v 0.982394 -0.315516 0.542245
v 0.996601 -0.321359 0.510067
v 0.983319 -0.309241 0.514769
v 0.996354 -0.311659 0.458399
v 0.984133 -0.297021 0.463246
v 1.033410 -0.403673 0.695680
v 1.037563 -0.397796 0.650157
v 1.030829 -0.394876 0.609172
v 1.012237 -0.380825 0.552989
v 1.011813 -0.346734 0.539050
v 1.017917 -0.372428 0.500528
v 1.013640 -0.337144 0.505168
v 1.024124 -0.352066 0.458267
v 1.014285 -0.330789 0.448021
v 1.046987 -0.402007 0.628322
v 1.046481 -0.401574 0.625043
v 1.023842 -0.380821 0.483964
v 1.024795 -0.361225 0.444533
v 1.023089 -0.339987 0.425311
v 0.784259 -0.778863 0.394518
v 0.776374 -0.792598 0.339156
v 0.769509 -0.802342 0.286934
v 0.763675 -0.806383 0.236788
v 0.758056 -0.803186 0.187370
v 0.752228 -0.798310 0.137542
v 0.746550 -0.794493 0.087905
v 0.740761 -0.786725 0.038980
v 0.827056 -0.777651 0.392148
v 0.819948 -0.789756 0.337488
v 0.813306 -0.797604 0.285474
v 0.807525 -0.806844 0.235744
v 0.801935 -0.803418 0.186740
v 0.795518 -0.790122 0.138172
v 0.789736 -0.785662 0.088193
v 0.779446 -0.776804 0.044757
v 0.788451 -0.761686 0.032532
v 0.865993 -0.777081 0.390107
v 0.878478 -0.773476 0.407401
v 0.863341 -0.789959 0.335403
v 0.857185 -0.797781 0.284355
v 0.851253 -0.802656 0.234851
v 0.845776 -0.799483 0.186129
v 0.839530 -0.783970 0.138281
v 0.830240 -0.778258 0.092382
v 0.840547 -0.767577 0.078971
v 0.808868 -0.773651 0.064643
v 0.820509 -0.748825 0.047820
v 0.832414 -0.705186 0.029037
v 0.908358 -0.781528 0.366809
v 0.911034 -0.773236 0.394315
v 0.905623 -0.789555 0.332591
v 0.899923 -0.798388 0.282890
v 0.894226 -0.798069 0.234184
v 0.889133 -0.793718 0.185396
v 0.881559 -0.782088 0.138031
v 0.892185 -0.774428 0.122664
v 0.862767 -0.776634 0.111465
v 0.875214 -0.757810 0.091514
v 0.884416 -0.717421 0.076237
v 0.853923 -0.735659 0.064771
v 0.867433 -0.703517 0.057306
v 0.928352 -0.781521 0.355592
v 0.946474 -0.760844 0.374008
v 0.951048 -0.729281 0.372491
v 0.942845 -0.789627 0.327053
v 0.956974 -0.774307 0.342063
v 0.963340 -0.720655 0.348223
v 0.942895 -0.798502 0.281644
v 0.938956 -0.792762 0.233632
v 0.950754 -0.778640 0.218579
v 0.920819 -0.787661 0.185375
v 0.943430 -0.764769 0.185637
v 0.942150 -0.720460 0.177029
v 0.909867 -0.783183 0.152885
v 0.920651 -0.765244 0.134518
v 0.930030 -0.717825 0.137996
v 0.906014 -0.747268 0.105068
v 0.905472 -0.709174 0.089253
v 0.890100 -0.687454 0.068882
v 0.965701 -0.745313 0.350952
v 0.965455 -0.747277 0.351354
v 0.963288 -0.786746 0.307277
v 0.972718 -0.764699 0.327618
v 0.973866 -0.731367 0.332434
v 0.961630 -0.787622 0.281189
v 0.971736 -0.768868 0.281588
v 0.976753 -0.725945 0.282717
v 0.956705 -0.785561 0.250584
v 0.960079 -0.766763 0.234181
v 0.961567 -0.724041 0.236075
v 0.951029 -0.751158 0.204230
v 0.950120 -0.722367 0.201674
v 0.837681 -0.677958 0.021413
v 0.844812 -0.382952 0.028204
v 0.849114 -0.357501 0.039210
v 0.931794 -0.360149 0.179517
v 0.906587 -0.439917 0.124906
v 0.909885 -0.412360 0.137109
v 0.919439 -0.371928 0.155636
v 0.886083 -0.524879 0.074431
v 0.888719 -0.489265 0.084030
v 0.893158 -0.449476 0.098335
v 0.889766 -0.406862 0.097853
v 0.890943 -0.366549 0.100834
v 0.861651 -0.662913 0.037247
v 0.872478 -0.615280 0.030870
v 0.876136 -0.571431 0.032778
v 0.873078 -0.532847 0.045841
v 0.866254 -0.482785 0.041345
v 0.863777 -0.439918 0.043432
v 0.858880 -0.398887 0.044753
v 0.866449 -0.361441 0.064393
v 0.950692 -0.681565 0.383825
v 0.966659 -0.633450 0.384616
v 0.980637 -0.615302 0.402916
v 0.962988 -0.683545 0.345846
v 0.965816 -0.646567 0.349618
v 0.992291 -0.368824 0.279839
v 0.956934 -0.581962 0.217312
v 0.959172 -0.548099 0.222222
v 0.962620 -0.505914 0.229080
v 0.966772 -0.464419 0.234406
v 0.968518 -0.424102 0.242407
v 0.975590 -0.382180 0.256748
v 0.943443 -0.677138 0.178667
v 0.943743 -0.633170 0.185224
v 0.947244 -0.592880 0.195156
v 0.946754 -0.545519 0.191931
v 0.946412 -0.502792 0.194385
v 0.946609 -0.460993 0.196668
v 0.943159 -0.420106 0.200670
v 0.938048 -0.377590 0.200681
v 0.930052 -0.673794 0.138110
v 0.929525 -0.629408 0.137974
v 0.923261 -0.585288 0.140100
v 0.920313 -0.540748 0.142088
v 0.920238 -0.497210 0.143801
v 0.917547 -0.455637 0.142991
v 0.923123 -0.415656 0.162636
v 0.925980 -0.386600 0.174946
v 0.914133 -0.669467 0.087245
v 0.914892 -0.624468 0.087712
v 0.904378 -0.580244 0.089476
v 0.895287 -0.539445 0.091199
v 0.901333 -0.492905 0.110005
v 0.903466 -0.466769 0.117083
v 0.892551 -0.664940 0.062739
v 0.895802 -0.619874 0.052728
v 0.889522 -0.576117 0.058040
v 0.886481 -0.554521 0.065239
v 0.975054 -0.617658 0.365163
v 0.987376 -0.601236 0.387288
v 0.999537 -0.558639 0.392052
v 1.004726 -0.517948 0.393455
v 1.007794 -0.476511 0.394922
v 1.012691 -0.435275 0.396221
v 1.016584 -0.394724 0.397659
v 0.975630 -0.683998 0.322822
v 0.972546 -0.635394 0.334586
v 0.984857 -0.597212 0.338078
v 0.991745 -0.555711 0.340401
v 0.996053 -0.514244 0.342155
v 1.001041 -0.472592 0.343473
v 1.005422 -0.431481 0.345134
v 1.009100 -0.390949 0.347275
v 0.978703 -0.682957 0.284119
v 0.978492 -0.639123 0.285955
v 0.979176 -0.595491 0.288272
v 0.983880 -0.552874 0.290144
v 0.987787 -0.510612 0.291869
v 0.992990 -0.468727 0.293407
v 0.998036 -0.427664 0.295132
v 1.001031 -0.384034 0.294050
v 0.963888 -0.680740 0.236986
v 0.964054 -0.636669 0.238247
v 0.963158 -0.595654 0.235679
v 0.968815 -0.549861 0.246520
v 0.973217 -0.507678 0.253328
v 0.980746 -0.466002 0.257675
v 0.986739 -0.425447 0.263974
v 0.990052 -0.394449 0.271282
v 0.952024 -0.678807 0.204042
v 0.953357 -0.634887 0.210603
v 0.954770 -0.611133 0.214639
v 0.934499 -0.206096 0.460285
v 0.929209 -0.188737 0.448702
v 0.925817 -0.166085 0.458970
v 0.924891 -0.173965 0.397835
v 0.922050 -0.151722 0.407138
v 0.917790 -0.163466 0.346093
v 0.915013 -0.140116 0.359867
v 0.911049 -0.124987 0.351019
v 0.908327 -0.154802 0.294083
v 0.904875 -0.136963 0.301588
v 0.903164 -0.118023 0.310138
v 0.900300 -0.148714 0.255219
v 0.894859 -0.132774 0.244308
v 0.893543 -0.106866 0.257451
v 0.884370 -0.121641 0.195637
v 0.883101 -0.095202 0.205606
v 0.865829 -0.131672 0.121554
v 0.870811 -0.118113 0.142630
v 0.868174 -0.087621 0.154457
v 0.848559 -0.136470 0.089240
v 0.844943 -0.112336 0.096410
v 0.845308 -0.087805 0.102155
v 0.944970 -0.238005 0.429820
v 0.937993 -0.215363 0.437574
v 0.932041 -0.197419 0.425239
v 0.942759 -0.231755 0.400901
v 0.935846 -0.214012 0.386091
v 0.928462 -0.189714 0.391549
v 0.927276 -0.200881 0.331937
v 0.921397 -0.179270 0.339776
v 0.917995 -0.192878 0.280207
v 0.911952 -0.170860 0.287888
v 0.908446 -0.184875 0.228913
v 0.899667 -0.159638 0.234730
v 0.892715 -0.143088 0.220502
v 0.897646 -0.178919 0.178390
v 0.889487 -0.156315 0.185018
v 0.885965 -0.138152 0.190267
v 0.871142 -0.203609 0.106252
v 0.879432 -0.183002 0.126529
v 0.874594 -0.146133 0.134841
v 0.877022 -0.133257 0.154437
v 0.845548 -0.234706 0.049806
v 0.854323 -0.212032 0.071464
v 0.852815 -0.178414 0.079211
v 0.851201 -0.152874 0.084874
v 0.965769 -0.270973 0.417956
v 0.953586 -0.255889 0.423206
v 0.962004 -0.266441 0.385880
v 0.948730 -0.247095 0.375589
v 0.938743 -0.225070 0.366398
v 0.942859 -0.237333 0.319932
v 0.933204 -0.218042 0.326195
v 0.934914 -0.229737 0.269297
v 0.925113 -0.209562 0.274849
v 0.926639 -0.225044 0.218750
v 0.915975 -0.201242 0.224420
v 0.900316 -0.275681 0.138395
v 0.905234 -0.258393 0.152872
v 0.910283 -0.227709 0.174483
v 0.903245 -0.195374 0.174659
v 0.876272 -0.313194 0.087312
v 0.885400 -0.287078 0.109210
v 0.884217 -0.254389 0.116182
v 0.880963 -0.217799 0.121208
v 0.888223 -0.196699 0.140340
v 0.858973 -0.321512 0.058001
v 0.856202 -0.284422 0.060839
v 0.855323 -0.248464 0.065226
v 0.863553 -0.225258 0.085756
v 0.994416 -0.306582 0.425444
v 0.982609 -0.290594 0.411998
v 0.969735 -0.276668 0.363657
v 0.956889 -0.261870 0.351195
v 0.966509 -0.271890 0.310827
v 0.951158 -0.257026 0.314785
v 0.958530 -0.292275 0.241917
v 0.962126 -0.269104 0.259173
v 0.943611 -0.248546 0.265709
v 0.937419 -0.337832 0.188335
v 0.944593 -0.301659 0.210547
v 0.937909 -0.265051 0.213879
v 0.932654 -0.243223 0.216097
v 0.919400 -0.334417 0.155522
v 0.912969 -0.292681 0.156076
v 0.918555 -0.261097 0.177548
v 0.921986 -0.244451 0.192116
v 0.887924 -0.328145 0.103821
v 0.895112 -0.298912 0.123151
v 0.871191 -0.336965 0.075297
v 1.005337 -0.316887 0.404706
v 0.991512 -0.301635 0.391547
v 1.006539 -0.310784 0.352898
v 0.988015 -0.296313 0.356838
v 0.995125 -0.347791 0.291184
v 0.994816 -0.314157 0.308733
v 0.980769 -0.288584 0.307712
v 0.970514 -0.346080 0.257896
v 0.966789 -0.307013 0.258368
v 0.972092 -0.285933 0.273806
v 0.948508 -0.340867 0.214541
v 0.953704 -0.315725 0.226958
v 1.019450 -0.354721 0.399385
v 1.020524 -0.336323 0.399940
v 1.012794 -0.350824 0.349396
v 1.013533 -0.331450 0.350465
v 1.005847 -0.348618 0.313684
v 1.007748 -0.330840 0.325780
v 0.107541 0.036545 0.544563
v 0.030019 -0.842849 -0.011918
v 0.029096 -0.841188 -0.057247
v 0.028626 -0.837161 -0.091091
v 0.028491 -0.833673 -0.114063
v 0.028267 -0.830078 -0.148749
v 0.027754 -0.830797 -0.194964
v 0.027091 -0.828379 -0.240485
v 0.026470 -0.826227 -0.285983
v 0.025910 -0.825096 -0.331702
v 0.075564 -0.838303 -0.010854
v 0.074645 -0.837552 -0.056860
v 0.074297 -0.837054 -0.085099
v 0.074103 -0.833653 -0.107956
v 0.073504 -0.828817 -0.148500
v 0.072694 -0.829405 -0.194580
v 0.071913 -0.827688 -0.240165
v 0.071207 -0.824252 -0.285747
v 0.070648 -0.822925 -0.331412
v 0.120936 -0.835485 -0.010117
v 0.119563 -0.833065 -0.056292
v 0.133955 -0.832734 -0.071252
v 0.103768 -0.834112 -0.081084
v 0.118644 -0.829889 -0.098239
v 0.118121 -0.828627 -0.148146
v 0.117059 -0.826423 -0.194059
v 0.116089 -0.822607 -0.239706
v 0.115380 -0.819852 -0.285537
v 0.115013 -0.818758 -0.331258
v 0.169236 -0.833790 -0.012034
v 0.186023 -0.832170 -0.028858
v 0.155943 -0.833729 -0.040799
v 0.168326 -0.833298 -0.055813
v 0.163730 -0.827549 -0.101209
v 0.162549 -0.824786 -0.147596
v 0.161122 -0.819082 -0.193392
v 0.160564 -0.817270 -0.239592
v 0.160010 -0.814231 -0.285654
v 0.159751 -0.812806 -0.331425
v 0.189786 -0.831651 0.002001
v 0.207426 -0.830078 -0.011971
v 0.210176 -0.829982 -0.055388
v 0.208983 -0.822052 -0.100415
v 0.207599 -0.814790 -0.146382
v 0.206354 -0.811785 -0.192973
v 0.205498 -0.808275 -0.239500
v 0.205186 -0.805694 -0.286055
v 0.205352 -0.806052 -0.331906
v 0.257171 -0.826090 -0.009367
v 0.255689 -0.827056 -0.055090
v 0.254524 -0.823018 -0.100561
v 0.253345 -0.816179 -0.146310
v 0.251940 -0.807088 -0.192316
v 0.250709 -0.801287 -0.239450
v 0.250374 -0.804309 -0.286915
v 0.250450 -0.811900 -0.332675
v 0.313153 -0.831088 -0.008693
v 0.290231 -0.827954 -0.008992
v 0.315625 -0.831200 -0.042089
v 0.300291 -0.828251 -0.056357
v 0.299604 -0.822391 -0.100197
v 0.298040 -0.817906 -0.146094
v 0.296747 -0.807018 -0.191901
v 0.295515 -0.796459 -0.239212
v 0.294633 -0.799405 -0.287765
v 0.294309 -0.812040 -0.333535
v 0.348473 -0.832073 -0.008658
v 0.344290 -0.832518 -0.055799
v 0.327212 -0.828870 -0.072249
v 0.356855 -0.828505 -0.082833
v 0.342269 -0.824497 -0.099106
v 0.342126 -0.818786 -0.145970
v 0.340813 -0.807586 -0.191923
v 0.339875 -0.797238 -0.239415
v 0.338822 -0.798282 -0.287843
v 0.337743 -0.807908 -0.333874
v 0.025293 -0.824352 -0.377287
v 0.024673 -0.822274 -0.422832
v 0.024477 -0.823905 -0.468328
v 0.024520 -0.824370 -0.512977
v 0.024646 -0.817907 -0.556263
v 0.025034 -0.807919 -0.589527
v 0.025549 -0.788756 -0.609883
v 0.026398 -0.766540 -0.619388
v 0.026958 -0.736395 -0.630016
v 0.070021 -0.820054 -0.376907
v 0.069441 -0.817188 -0.422589
v 0.069029 -0.816883 -0.468235
v 0.068619 -0.816841 -0.512772
v 0.068655 -0.815144 -0.556460
v 0.069021 -0.808223 -0.590595
v 0.069319 -0.792346 -0.611130
v 0.069981 -0.771074 -0.627035
v 0.070975 -0.736512 -0.639194
v 0.114626 -0.815689 -0.376795
v 0.114339 -0.813168 -0.422551
v 0.114095 -0.813341 -0.468131
v 0.113563 -0.812903 -0.512484
v 0.116991 -0.808955 -0.560561
v 0.132461 -0.794955 -0.574296
v 0.103907 -0.803318 -0.585124
v 0.115486 -0.786109 -0.596362
v 0.113252 -0.765136 -0.625742
v 0.114385 -0.736324 -0.643517
v 0.159500 -0.810371 -0.376956
v 0.159279 -0.809411 -0.422685
v 0.159067 -0.811463 -0.468090
v 0.158602 -0.809813 -0.512166
v 0.157976 -0.803205 -0.548105
v 0.156144 -0.788606 -0.566433
v 0.156141 -0.770643 -0.595428
v 0.157023 -0.757339 -0.621168
v 0.157829 -0.736743 -0.640315
v 0.205229 -0.806146 -0.377056
v 0.204639 -0.806532 -0.422598
v 0.203879 -0.806273 -0.467753
v 0.203340 -0.805228 -0.511856
v 0.202467 -0.797834 -0.537752
v 0.201430 -0.784494 -0.557618
v 0.197233 -0.764257 -0.597807
v 0.211620 -0.735382 -0.614143
v 0.179281 -0.754296 -0.617895
v 0.190139 -0.735913 -0.627388
v 0.250313 -0.812656 -0.377205
v 0.249677 -0.805918 -0.422058
v 0.248712 -0.806664 -0.467452
v 0.247492 -0.800224 -0.513497
v 0.260778 -0.792652 -0.527015
v 0.231770 -0.794993 -0.533031
v 0.246407 -0.783997 -0.550424
v 0.245261 -0.760515 -0.581170
v 0.243811 -0.735215 -0.593629
v 0.294061 -0.817268 -0.377394
v 0.293571 -0.807185 -0.421513
v 0.292649 -0.800807 -0.466470
v 0.291625 -0.799239 -0.501238
v 0.290438 -0.790092 -0.521626
v 0.285424 -0.767868 -0.551518
v 0.291496 -0.734282 -0.560265
v 0.265554 -0.754327 -0.572000
v 0.269845 -0.735071 -0.575238
v 0.337221 -0.815812 -0.377602
v 0.336686 -0.807445 -0.421434
v 0.338102 -0.797392 -0.468606
v 0.351934 -0.791557 -0.482812
v 0.325050 -0.795512 -0.492552
v 0.337958 -0.780716 -0.511094
v 0.347151 -0.732584 -0.523415
v 0.318638 -0.761629 -0.533973
v 0.325667 -0.733474 -0.538903
v 0.027120 -0.692566 -0.645722
v 0.027314 -0.659199 -0.656222
v 0.027390 -0.637126 -0.663073
v 0.027553 -0.603725 -0.669766
v 0.027217 -0.559080 -0.680132
v 0.026300 -0.514208 -0.692189
v 0.025411 -0.480214 -0.704290
v 0.072889 -0.688485 -0.651620
v 0.058975 -0.666433 -0.657503
v 0.088414 -0.671521 -0.658918
v 0.072831 -0.650274 -0.664547
v 0.071554 -0.603792 -0.675303
v 0.070579 -0.560118 -0.684675
v 0.069332 -0.516166 -0.691971
v 0.063719 -0.467649 -0.695929
v 0.069094 -0.427135 -0.694776
v 0.073000 -0.382187 -0.696049
v 0.115019 -0.697479 -0.655246
v 0.115240 -0.675635 -0.661485
v 0.114794 -0.648300 -0.669347
v 0.114345 -0.605193 -0.681586
v 0.113793 -0.561443 -0.684154
v 0.111820 -0.517285 -0.676533
v 0.110808 -0.472131 -0.670938
v 0.111357 -0.426498 -0.672598
v 0.112556 -0.381373 -0.678232
v 0.156611 -0.691316 -0.656206
v 0.169520 -0.649565 -0.659671
v 0.168974 -0.606416 -0.655531
v 0.163062 -0.562800 -0.650682
v 0.157055 -0.517993 -0.645445
v 0.154612 -0.472036 -0.642386
v 0.156542 -0.425740 -0.642156
v 0.163938 -0.380147 -0.647706
v 0.142675 -0.675606 -0.660993
v 0.149005 -0.649197 -0.667282
v 0.149041 -0.605763 -0.669334
v 0.142162 -0.562428 -0.666098
v 0.135693 -0.517925 -0.661850
v 0.132337 -0.472184 -0.658537
v 0.134913 -0.426079 -0.659702
v 0.142226 -0.380734 -0.663846
v 0.218858 -0.710597 -0.614809
v 0.219433 -0.586986 -0.614464
v 0.216570 -0.561962 -0.611890
v 0.210706 -0.517146 -0.606537
v 0.204127 -0.471799 -0.599081
v 0.205923 -0.425258 -0.599738
v 0.211697 -0.378939 -0.602855
v 0.202953 -0.695063 -0.631818
v 0.198019 -0.649446 -0.638521
v 0.200771 -0.603746 -0.629219
v 0.194177 -0.562342 -0.628466
v 0.188418 -0.517457 -0.623924
v 0.182186 -0.471939 -0.618026
v 0.183002 -0.425386 -0.618681
v 0.190427 -0.379622 -0.624953
v 0.261193 -0.508027 -0.564124
v 0.258812 -0.470181 -0.561171
v 0.259738 -0.424607 -0.561067
v 0.262227 -0.378705 -0.560519
v 0.237768 -0.694489 -0.601877
v 0.246087 -0.648660 -0.602699
v 0.239845 -0.602815 -0.603575
v 0.242505 -0.561563 -0.591834
v 0.244408 -0.521006 -0.579501
v 0.235126 -0.471057 -0.576587
v 0.236087 -0.424911 -0.576521
v 0.238068 -0.378487 -0.578143
v 0.221213 -0.682594 -0.616729
v 0.223838 -0.649217 -0.618714
v 0.222886 -0.615950 -0.617401
v 0.297600 -0.691005 -0.563658
v 0.299439 -0.647148 -0.563477
v 0.298050 -0.603576 -0.562250
v 0.291814 -0.559784 -0.556803
v 0.283231 -0.519413 -0.551550
v 0.289361 -0.468933 -0.542946
v 0.291252 -0.423832 -0.542759
v 0.290621 -0.378162 -0.540022
v 0.275376 -0.691395 -0.578295
v 0.279301 -0.647815 -0.582594
v 0.275762 -0.604504 -0.578054
v 0.269443 -0.560811 -0.571975
v 0.265498 -0.538461 -0.568605
v 0.349900 -0.689301 -0.524306
v 0.350834 -0.644991 -0.524597
v 0.350712 -0.600749 -0.523609
v 0.346932 -0.556313 -0.519150
v 0.344127 -0.510943 -0.515207
v 0.347707 -0.465747 -0.517732
v 0.351121 -0.421334 -0.517267
v 0.354799 -0.377102 -0.517512
v 0.328777 -0.690159 -0.541489
v 0.328331 -0.646044 -0.540320
v 0.328995 -0.602064 -0.540108
v 0.325550 -0.557836 -0.535249
v 0.322002 -0.512686 -0.527843
v 0.325204 -0.467155 -0.527491
v 0.329007 -0.422525 -0.526743
v 0.331407 -0.377582 -0.523880
v 0.078843 -0.337230 -0.696989
v 0.087595 -0.292753 -0.699330
v 0.092561 -0.268366 -0.700605
v 0.113803 -0.336626 -0.685047
v 0.115087 -0.292570 -0.692737
v 0.112440 -0.251803 -0.696641
v 0.120650 -0.204849 -0.693806
v 0.121827 -0.160677 -0.694520
v 0.120672 -0.115898 -0.692031
v 0.126832 -0.070689 -0.694246
v 0.172172 -0.334634 -0.652435
v 0.178735 -0.310346 -0.656729
v 0.151945 -0.335908 -0.668109
v 0.164008 -0.295181 -0.672967
v 0.160689 -0.248693 -0.678741
v 0.160860 -0.204808 -0.676665
v 0.161895 -0.160487 -0.677077
v 0.162418 -0.115983 -0.675930
v 0.161836 -0.071069 -0.674470
v 0.219240 -0.346178 -0.608753
v 0.203872 -0.332888 -0.629249
v 0.202200 -0.293907 -0.646599
v 0.212006 -0.247616 -0.646828
v 0.212591 -0.204372 -0.645066
v 0.214345 -0.160174 -0.645162
v 0.216491 -0.115847 -0.646058
v 0.218448 -0.071513 -0.646947
v 0.186698 -0.282031 -0.661416
v 0.190061 -0.248325 -0.661969
v 0.190662 -0.204706 -0.660164
v 0.191960 -0.160342 -0.659615
v 0.193865 -0.115966 -0.659284
v 0.195216 -0.071449 -0.657738
v 0.267192 -0.351316 -0.564201
v 0.246050 -0.333360 -0.589023
v 0.255987 -0.288359 -0.599235
v 0.266966 -0.253244 -0.607723
v 0.225915 -0.315975 -0.613821
v 0.234407 -0.289609 -0.619761
v 0.251452 -0.242576 -0.622100
v 0.251474 -0.203856 -0.625295
v 0.252531 -0.159985 -0.625440
v 0.253567 -0.115873 -0.625790
v 0.254043 -0.071712 -0.625596
v 0.291025 -0.334348 -0.551718
v 0.308037 -0.287976 -0.558468
v 0.315118 -0.262167 -0.562860
v 0.276000 -0.321031 -0.571147
v 0.285493 -0.288575 -0.578264
v 0.294731 -0.243752 -0.589478
v 0.298767 -0.202699 -0.597261
v 0.301216 -0.159796 -0.597347
v 0.300941 -0.116369 -0.593407
v 0.302015 -0.072364 -0.592290
v 0.272862 -0.224859 -0.610375
v 0.275693 -0.203217 -0.611169
v 0.278257 -0.159900 -0.610996
v 0.278227 -0.116120 -0.609355
v 0.279182 -0.072020 -0.609781
v 0.358494 -0.343498 -0.516675
v 0.340370 -0.329542 -0.523444
v 0.338342 -0.286958 -0.535442
v 0.339308 -0.246130 -0.551527
v 0.353533 -0.201678 -0.555446
v 0.358138 -0.159106 -0.557045
v 0.360474 -0.116026 -0.557259
v 0.359696 -0.072843 -0.554217
v 0.324604 -0.233774 -0.570100
v 0.331359 -0.202116 -0.574259
v 0.335410 -0.159445 -0.574220
v 0.337476 -0.116253 -0.571849
v 0.335416 -0.072836 -0.567006
v 0.024566 -0.457992 -0.708959
v 0.023098 -0.426410 -0.710449
v 0.022894 -0.382655 -0.713250
v 0.045611 -0.449660 -0.702777
v 0.046794 -0.427103 -0.703129
v 0.050515 -0.382575 -0.704577
v 0.023763 -0.338174 -0.716889
v 0.024618 -0.293595 -0.720094
v 0.025403 -0.249151 -0.723028
v 0.026012 -0.204925 -0.725871
v 0.025704 -0.160419 -0.725122
v 0.025873 -0.115216 -0.728555
v 0.023433 -0.070415 -0.737699
v 0.006122 -0.055729 -0.746084
v 0.056126 -0.337691 -0.704820
v 0.064866 -0.293113 -0.706751
v 0.074849 -0.251821 -0.707283
v 0.071185 -0.204827 -0.711738
v 0.071698 -0.160754 -0.711772
v 0.071069 -0.115474 -0.708387
v 0.071784 -0.070117 -0.715527
v 0.095147 -0.239038 -0.701458
v 0.098287 -0.204805 -0.702522
v 0.099176 -0.160818 -0.702223
v 0.097826 -0.115763 -0.698756
v 0.104108 -0.070322 -0.702400
v 0.390854 -0.844459 -0.009263
v 0.389447 -0.842661 -0.054621
v 0.391609 -0.831577 -0.098984
v 0.378915 -0.826296 -0.114045
v 0.407105 -0.827638 -0.122582
v 0.389545 -0.820327 -0.141005
v 0.384271 -0.809765 -0.192894
v 0.383581 -0.802591 -0.240404
v 0.382814 -0.800587 -0.287505
v 0.381202 -0.806143 -0.333070
v 0.433092 -0.839406 -0.009755
v 0.431603 -0.845495 -0.055378
v 0.430111 -0.835507 -0.100499
v 0.429390 -0.827688 -0.123572
v 0.428442 -0.816060 -0.145858
v 0.427243 -0.806640 -0.193496
v 0.426670 -0.803604 -0.241169
v 0.425616 -0.806222 -0.287074
v 0.423893 -0.800800 -0.331913
v 0.480270 -0.828235 -0.004938
v 0.499052 -0.822039 0.014336
v 0.473421 -0.832373 -0.055841
v 0.471115 -0.829686 -0.100941
v 0.483939 -0.824039 -0.115707
v 0.455837 -0.826217 -0.123725
v 0.469563 -0.814152 -0.141709
v 0.469102 -0.802087 -0.194203
v 0.468317 -0.806564 -0.241899
v 0.467399 -0.805368 -0.287093
v 0.468233 -0.792431 -0.334451
v 0.481497 -0.783753 -0.349653
v 0.498504 -0.822640 -0.017384
v 0.516291 -0.816645 -0.004411
v 0.498635 -0.823524 -0.056312
v 0.520432 -0.816992 -0.056428
v 0.496828 -0.824079 -0.086388
v 0.512121 -0.818031 -0.101659
v 0.512544 -0.807919 -0.147645
v 0.510567 -0.797179 -0.194920
v 0.509569 -0.796857 -0.242261
v 0.511495 -0.793271 -0.289446
v 0.523381 -0.780286 -0.303297
v 0.497974 -0.788534 -0.322036
v 0.509275 -0.769117 -0.334721
v 0.518824 -0.733284 -0.345949
v 0.563165 -0.808253 -0.009135
v 0.559783 -0.808229 -0.056626
v 0.556993 -0.805447 -0.102892
v 0.554649 -0.796782 -0.148691
v 0.554784 -0.783700 -0.198205
v 0.569004 -0.772506 -0.214420
v 0.536074 -0.775103 -0.239836
v 0.556449 -0.763194 -0.238000
v 0.528856 -0.780600 -0.274720
v 0.540226 -0.753329 -0.284041
v 0.559844 -0.726767 -0.300278
v 0.530725 -0.748687 -0.315635
v 0.544014 -0.715938 -0.330259
v 0.606534 -0.801301 -0.009370
v 0.602825 -0.799168 -0.056918
v 0.599316 -0.792595 -0.103563
v 0.596972 -0.786032 -0.149921
v 0.594912 -0.778042 -0.187241
v 0.592822 -0.769388 -0.208887
v 0.592325 -0.748196 -0.243735
v 0.604166 -0.724512 -0.259698
v 0.576731 -0.734825 -0.270762
v 0.587465 -0.711858 -0.285745
v 0.569168 -0.697818 -0.314152
v 0.649572 -0.793983 -0.009626
v 0.645530 -0.790694 -0.057356
v 0.640860 -0.779785 -0.104076
v 0.639255 -0.777759 -0.151577
v 0.650510 -0.768501 -0.166216
v 0.624428 -0.774750 -0.179748
v 0.638954 -0.756697 -0.200525
v 0.646962 -0.722787 -0.215959
v 0.624116 -0.739622 -0.231765
v 0.629231 -0.709255 -0.242258
v 0.608521 -0.694620 -0.267490
v 0.692086 -0.786233 -0.009667
v 0.688098 -0.782461 -0.058072
v 0.680969 -0.773474 -0.099513
v 0.691660 -0.761896 -0.111999
v 0.663257 -0.772675 -0.136580
v 0.676998 -0.751158 -0.151044
v 0.683656 -0.708443 -0.162481
v 0.659555 -0.737900 -0.187659
v 0.665576 -0.700059 -0.195864
v 0.648128 -0.692541 -0.222048
v 0.551975 -0.667870 -0.340893
v 0.556144 -0.621904 -0.347561
v 0.552944 -0.574171 -0.344883
v 0.555255 -0.545573 -0.347593
v 0.590410 -0.661294 -0.295129
v 0.592613 -0.612739 -0.301968
v 0.592638 -0.581569 -0.303679
v 0.570893 -0.664786 -0.319224
v 0.574888 -0.617936 -0.326967
v 0.574489 -0.567118 -0.318254
v 0.578097 -0.521955 -0.340915
v 0.592909 -0.489195 -0.349746
v 0.629748 -0.655351 -0.250218
v 0.629987 -0.602973 -0.257529
v 0.632807 -0.574839 -0.264059
v 0.609057 -0.658282 -0.273112
v 0.610699 -0.607653 -0.279292
v 0.616937 -0.560617 -0.290641
v 0.627821 -0.523568 -0.307170
v 0.600436 -0.545500 -0.308840
v 0.614677 -0.511538 -0.321256
v 0.614969 -0.471104 -0.342718
v 0.618635 -0.425695 -0.338063
v 0.619707 -0.383268 -0.335313
v 0.622608 -0.341959 -0.332335
v 0.669579 -0.649814 -0.203213
v 0.669950 -0.606249 -0.212106
v 0.648681 -0.652528 -0.228250
v 0.653908 -0.593074 -0.232834
v 0.654255 -0.549954 -0.256759
v 0.668820 -0.519185 -0.268983
v 0.644804 -0.539880 -0.278132
v 0.656165 -0.508158 -0.297025
v 0.657010 -0.458076 -0.302919
v 0.656691 -0.413736 -0.301886
v 0.657772 -0.370509 -0.298473
v 0.663596 -0.329972 -0.295538
v 0.638379 -0.493443 -0.317207
v 0.639548 -0.462916 -0.319383
v 0.637499 -0.419109 -0.316640
v 0.639491 -0.376093 -0.314226
v 0.644686 -0.334927 -0.310625
v 0.649957 -0.096380 -0.327076
v 0.650683 -0.074883 -0.322856
v 0.653484 -0.034687 -0.316225
v 0.709231 -0.063588 -0.227278
v 0.712411 -0.042991 -0.208398
v 0.694851 -0.101178 -0.280256
v 0.698836 -0.075419 -0.261658
v 0.692912 -0.038649 -0.256054
v 0.628116 -0.302126 -0.328443
v 0.637656 -0.263712 -0.325926
v 0.647049 -0.226308 -0.322397
v 0.657972 -0.189098 -0.320325
v 0.667082 -0.151588 -0.315512
v 0.673294 -0.110832 -0.309549
v 0.674010 -0.075098 -0.302962
v 0.673640 -0.035620 -0.294628
v 0.813379 -0.090755 0.035364
v 0.819930 -0.074853 0.055660
v 0.796358 -0.091247 -0.007159
v 0.797146 -0.063209 -0.001741
v 0.770629 -0.112213 -0.080464
v 0.775383 -0.095139 -0.060113
v 0.775603 -0.056663 -0.054431
v 0.758057 -0.115602 -0.116020
v 0.755583 -0.087752 -0.111354
v 0.750194 -0.048775 -0.108013
v 0.737366 -0.141896 -0.182669
v 0.740466 -0.122613 -0.164810
v 0.735430 -0.083822 -0.161683
v 0.732481 -0.053412 -0.158082
v 0.722883 -0.170663 -0.244550
v 0.725254 -0.152713 -0.224421
v 0.722199 -0.117366 -0.215467
v 0.716514 -0.078681 -0.211691
v 0.719806 -0.057770 -0.193523
v 0.671766 -0.292192 -0.291029
v 0.682161 -0.256230 -0.285889
v 0.694115 -0.221496 -0.281796
v 0.709898 -0.183093 -0.269258
v 0.707242 -0.151720 -0.266060
v 0.703257 -0.114380 -0.265402
v 0.705770 -0.087711 -0.249360
v 0.652296 -0.296092 -0.306240
v 0.662703 -0.259107 -0.303432
v 0.673866 -0.223281 -0.301029
v 0.682650 -0.187644 -0.297427
v 0.688283 -0.151444 -0.291614
v 0.691875 -0.125795 -0.287027
v 0.379780 -0.805746 -0.377252
v 0.379413 -0.801246 -0.421598
v 0.377986 -0.795085 -0.452914
v 0.380904 -0.778407 -0.476646
v 0.393706 -0.744897 -0.481087
v 0.367831 -0.767243 -0.496129
v 0.377684 -0.731781 -0.498187
v 0.422531 -0.794866 -0.376848
v 0.416568 -0.791412 -0.415491
v 0.431863 -0.771886 -0.431366
v 0.437642 -0.746441 -0.437648
v 0.398831 -0.790561 -0.441685
v 0.410055 -0.773067 -0.452664
v 0.418110 -0.731929 -0.461993
v 0.397419 -0.717107 -0.483769
v 0.451477 -0.787742 -0.374997
v 0.474640 -0.771418 -0.379207
v 0.479397 -0.741325 -0.393105
v 0.441281 -0.787115 -0.397031
v 0.452866 -0.770570 -0.409593
v 0.461588 -0.729728 -0.419305
v 0.443579 -0.718189 -0.442034
v 0.493380 -0.756563 -0.365245
v 0.501898 -0.722697 -0.374252
v 0.485837 -0.712530 -0.400687
v 0.527401 -0.703953 -0.356657
v 0.373435 -0.688088 -0.505330
v 0.373680 -0.643639 -0.506482
v 0.374486 -0.599053 -0.505216
v 0.375126 -0.553955 -0.500493
v 0.376939 -0.508555 -0.499780
v 0.379039 -0.463832 -0.502610
v 0.380717 -0.419729 -0.505583
v 0.383699 -0.376172 -0.510906
v 0.420995 -0.684567 -0.467522
v 0.422987 -0.640124 -0.469511
v 0.423861 -0.595109 -0.469804
v 0.422718 -0.548965 -0.466510
v 0.429941 -0.504061 -0.472998
v 0.434491 -0.459930 -0.474142
v 0.437971 -0.416096 -0.473847
v 0.441592 -0.372580 -0.473634
v 0.399372 -0.686362 -0.484526
v 0.400913 -0.641723 -0.484288
v 0.402139 -0.596872 -0.484786
v 0.401819 -0.551224 -0.480606
v 0.409030 -0.506044 -0.484612
v 0.413940 -0.461583 -0.485822
v 0.417359 -0.417525 -0.486764
v 0.420973 -0.373932 -0.488182
v 0.471160 -0.680123 -0.430098
v 0.473093 -0.635722 -0.432099
v 0.470738 -0.590400 -0.429424
v 0.469044 -0.543004 -0.426119
v 0.477189 -0.507303 -0.433434
v 0.449436 -0.682045 -0.445944
v 0.452316 -0.637734 -0.448218
v 0.450894 -0.592644 -0.447984
v 0.449801 -0.545985 -0.445316
v 0.463529 -0.497266 -0.449153
v 0.462257 -0.456968 -0.453693
v 0.464613 -0.413732 -0.456334
v 0.467023 -0.370650 -0.457357
v 0.512482 -0.674423 -0.385382
v 0.515123 -0.629674 -0.389649
v 0.513046 -0.583776 -0.387890
v 0.510352 -0.534198 -0.382178
v 0.518162 -0.508713 -0.389637
v 0.492826 -0.677518 -0.408426
v 0.495249 -0.632857 -0.410335
v 0.493458 -0.587223 -0.407871
v 0.490906 -0.538860 -0.402556
v 0.501506 -0.494092 -0.415766
v 0.506183 -0.450552 -0.423091
v 0.510157 -0.408163 -0.422539
v 0.513761 -0.365663 -0.421375
v 0.482747 -0.477739 -0.436029
v 0.485139 -0.453635 -0.435258
v 0.489100 -0.410551 -0.434768
v 0.493444 -0.367894 -0.436315
v 0.532724 -0.671372 -0.363586
v 0.536616 -0.625861 -0.368092
v 0.535268 -0.579241 -0.365154
v 0.539388 -0.530762 -0.363546
v 0.543219 -0.488133 -0.385721
v 0.560122 -0.449475 -0.392228
v 0.562903 -0.391824 -0.390438
v 0.561966 -0.358219 -0.385067
v 0.533669 -0.479587 -0.399913
v 0.546754 -0.441000 -0.402036
v 0.548731 -0.406000 -0.402495
v 0.543452 -0.361588 -0.401750
v 0.568055 -0.511653 -0.356742
v 0.580851 -0.478495 -0.365920
v 0.578103 -0.434847 -0.382184
v 0.578706 -0.399840 -0.378738
v 0.584025 -0.352990 -0.363763
v 0.563379 -0.422243 -0.392526
v 0.563423 -0.419441 -0.392591
v 0.602383 -0.461113 -0.358499
v 0.604337 -0.431357 -0.359967
v 0.603540 -0.389390 -0.355187
v 0.605503 -0.347515 -0.349924
v 0.381066 -0.329880 -0.512674
v 0.392500 -0.287738 -0.512775
v 0.402719 -0.244242 -0.515469
v 0.409097 -0.201504 -0.517240
v 0.411925 -0.158734 -0.516693
v 0.413237 -0.135159 -0.516246
v 0.417131 -0.058707 -0.513752
v 0.363847 -0.313351 -0.518700
v 0.369861 -0.287444 -0.520827
v 0.380198 -0.244052 -0.527316
v 0.385877 -0.201400 -0.531163
v 0.387804 -0.158809 -0.531375
v 0.395263 -0.118893 -0.529492
v 0.398467 -0.072910 -0.529069
v 0.445209 -0.329295 -0.473363
v 0.448091 -0.297391 -0.473118
v 0.424748 -0.330410 -0.489388
v 0.432938 -0.284892 -0.488003
v 0.430786 -0.243860 -0.494136
v 0.432532 -0.201201 -0.496568
v 0.434984 -0.158435 -0.497310
v 0.433063 -0.118533 -0.501114
v 0.436027 -0.072696 -0.500527
v 0.415235 -0.106385 -0.515911
v 0.416313 -0.087240 -0.515445
v 0.469089 -0.327759 -0.456569
v 0.467511 -0.283423 -0.459359
v 0.476045 -0.242439 -0.455785
v 0.481019 -0.199987 -0.455339
v 0.485692 -0.157512 -0.454852
v 0.490191 -0.114998 -0.454489
v 0.494446 -0.072535 -0.454201
v 0.451282 -0.268748 -0.474034
v 0.453925 -0.243315 -0.474355
v 0.458106 -0.200639 -0.474200
v 0.462385 -0.157946 -0.474041
v 0.466686 -0.115164 -0.473822
v 0.470650 -0.072444 -0.473511
v 0.517368 -0.323248 -0.419515
v 0.521356 -0.281176 -0.417369
v 0.526284 -0.239490 -0.415727
v 0.530880 -0.197970 -0.413213
v 0.535679 -0.156344 -0.411054
v 0.541393 -0.114754 -0.410781
v 0.544841 -0.073273 -0.407945
v 0.496951 -0.325405 -0.436131
v 0.500087 -0.283061 -0.434240
v 0.504439 -0.240944 -0.433313
v 0.508586 -0.198978 -0.432092
v 0.512999 -0.156926 -0.431058
v 0.517661 -0.114870 -0.430603
v 0.521221 -0.072847 -0.430022
v 0.563681 -0.316212 -0.380146
v 0.569561 -0.275204 -0.378469
v 0.575963 -0.234932 -0.375591
v 0.582688 -0.194741 -0.373383
v 0.588939 -0.154530 -0.370896
v 0.595466 -0.114218 -0.369925
v 0.599426 -0.073740 -0.366779
v 0.601589 -0.032858 -0.362607
v 0.544454 -0.319589 -0.397841
v 0.549302 -0.278022 -0.395187
v 0.554761 -0.237090 -0.392798
v 0.560846 -0.196274 -0.390900
v 0.566192 -0.155351 -0.388003
v 0.572429 -0.114409 -0.387851
v 0.575339 -0.073539 -0.384517
v 0.576519 -0.032326 -0.380932
v 0.589468 -0.310950 -0.357929
v 0.597808 -0.270938 -0.358616
v 0.604379 -0.231679 -0.354739
v 0.611727 -0.192513 -0.352666
v 0.618808 -0.153347 -0.351058
v 0.630197 -0.111073 -0.344062
v 0.627522 -0.074270 -0.342578
v 0.629309 -0.033645 -0.339363
v 0.608887 -0.306670 -0.343258
v 0.618058 -0.267307 -0.341802
v 0.626429 -0.228875 -0.337997
v 0.636074 -0.190642 -0.336278
v 0.643917 -0.152422 -0.333728
v 0.648151 -0.122131 -0.330809
v 0.733489 -0.777301 -0.005298
v 0.743075 -0.762968 -0.017542
v 0.711240 -0.773356 -0.057100
v 0.729463 -0.746570 -0.056229
v 0.736602 -0.715265 -0.072450
v 0.702592 -0.768642 -0.080066
v 0.706839 -0.745829 -0.098935
v 0.725447 -0.698573 -0.105052
v 0.696612 -0.727912 -0.131679
v 0.698207 -0.694227 -0.149311
v 0.686948 -0.675947 -0.175066
v 0.757458 -0.771068 0.015289
v 0.768917 -0.745075 -0.000027
v 0.780417 -0.708054 -0.016673
v 0.748791 -0.729049 -0.038941
v 0.760193 -0.695009 -0.051784
v 0.740493 -0.682158 -0.089218
v 0.799256 -0.728864 0.016822
v 0.801694 -0.696861 -0.002149
v 0.786647 -0.675861 -0.030880
v 0.726504 -0.661900 -0.121087
v 0.713065 -0.645993 -0.151002
v 0.714432 -0.594033 -0.168664
v 0.715205 -0.565097 -0.176997
v 0.688984 -0.647889 -0.181267
v 0.687740 -0.589730 -0.198890
v 0.702653 -0.545338 -0.204697
v 0.706304 -0.509082 -0.223821
v 0.673894 -0.569947 -0.222968
v 0.679082 -0.542754 -0.235374
v 0.691002 -0.498912 -0.253045
v 0.696931 -0.449099 -0.260522
v 0.697802 -0.404576 -0.261157
v 0.702713 -0.361387 -0.255528
v 0.712742 -0.321896 -0.255458
v 0.677149 -0.490282 -0.280986
v 0.677104 -0.452816 -0.282729
v 0.678314 -0.408239 -0.282512
v 0.681536 -0.364997 -0.279674
v 0.690332 -0.324695 -0.276057
v 0.769152 -0.648447 -0.064784
v 0.771316 -0.616078 -0.076462
v 0.784445 -0.325132 -0.072548
v 0.740488 -0.645042 -0.104760
v 0.758284 -0.596762 -0.107639
v 0.761358 -0.557646 -0.126557
v 0.757930 -0.400262 -0.128842
v 0.759176 -0.369837 -0.116558
v 0.769196 -0.333094 -0.098911
v 0.729229 -0.627573 -0.134431
v 0.733221 -0.594485 -0.146246
v 0.739978 -0.544597 -0.157817
v 0.742475 -0.495260 -0.160593
v 0.740239 -0.449716 -0.160535
v 0.743940 -0.409205 -0.154641
v 0.738872 -0.364397 -0.156263
v 0.740414 -0.325337 -0.152236
v 0.719517 -0.531728 -0.192865
v 0.723160 -0.494671 -0.210910
v 0.725563 -0.447170 -0.209213
v 0.719275 -0.402902 -0.206740
v 0.718296 -0.360748 -0.204908
v 0.714263 -0.321068 -0.198698
v 0.708911 -0.478373 -0.233903
v 0.710412 -0.447424 -0.239430
v 0.708892 -0.403065 -0.239692
v 0.709293 -0.360372 -0.232978
v 0.712355 -0.320228 -0.230773
v 0.819226 -0.657072 -0.004508
v 0.821939 -0.605020 -0.024653
v 0.824538 -0.581019 -0.032793
v 0.822463 -0.456034 -0.030019
v 0.823423 -0.428982 -0.020200
v 0.827942 -0.391041 -0.001361
v 0.823803 -0.350916 0.000232
v 0.789948 -0.651185 -0.040583
v 0.793564 -0.601545 -0.059322
v 0.811378 -0.559765 -0.058275
v 0.806857 -0.508792 -0.066836
v 0.808318 -0.465691 -0.056818
v 0.800660 -0.421662 -0.058558
v 0.795637 -0.380537 -0.055431
v 0.793109 -0.341024 -0.054711
v 0.775905 -0.582766 -0.092873
v 0.777341 -0.546235 -0.111555
v 0.777736 -0.502232 -0.110200
v 0.772935 -0.456640 -0.109648
v 0.769992 -0.415124 -0.111688
v 0.773429 -0.374142 -0.091197
v 0.778171 -0.349227 -0.080808
v 0.761010 -0.525515 -0.135710
v 0.758213 -0.498496 -0.137298
v 0.755454 -0.452596 -0.136566
v 0.756756 -0.427986 -0.135500
v 0.840651 -0.645752 0.012838
v 0.843019 -0.609256 0.001233
v 0.844035 -0.567558 -0.015541
v 0.844192 -0.518923 -0.010462
v 0.835804 -0.473875 -0.012101
v 0.838853 -0.433689 0.005631
v 0.841566 -0.408252 0.016275
v 0.826624 -0.550930 -0.041571
v 0.824873 -0.513257 -0.042242
v 0.823092 -0.484238 -0.038031
v 0.820443 -0.161809 0.018790
v 0.824737 -0.142337 0.038783
v 0.821089 -0.104932 0.048007
v 0.829337 -0.090663 0.072695
v 0.793012 -0.189593 -0.041661
v 0.801379 -0.168494 -0.021249
v 0.800310 -0.132916 -0.015783
v 0.798161 -0.108513 -0.010780
v 0.770471 -0.212631 -0.104527
v 0.776887 -0.196670 -0.082251
v 0.777819 -0.162336 -0.073097
v 0.778262 -0.126272 -0.066104
v 0.783492 -0.110036 -0.045100
v 0.761533 -0.214270 -0.135079
v 0.761678 -0.191767 -0.130436
v 0.759642 -0.158165 -0.123577
v 0.758725 -0.133290 -0.118999
v 0.750057 -0.215767 -0.184359
v 0.748191 -0.188933 -0.179101
v 0.743949 -0.154719 -0.170153
v 0.748314 -0.137112 -0.148982
v 0.722506 -0.286425 -0.256248
v 0.731974 -0.252846 -0.246638
v 0.740599 -0.220946 -0.229877
v 0.732246 -0.183893 -0.229555
v 0.731231 -0.164330 -0.214324
v 0.701079 -0.288153 -0.271255
v 0.709361 -0.253942 -0.265928
v 0.717693 -0.220306 -0.261704
v 0.723078 -0.192212 -0.254676
v 0.809076 -0.292837 -0.017543
v 0.814910 -0.274891 -0.005651
v 0.827163 -0.242573 0.017743
v 0.826899 -0.207247 0.022093
v 0.828107 -0.174194 0.031665
v 0.836650 -0.157222 0.055026
v 0.795252 -0.301528 -0.050256
v 0.798452 -0.269564 -0.042050
v 0.799548 -0.235566 -0.035338
v 0.800532 -0.202507 -0.027332
v 0.810557 -0.182535 -0.005696
v 0.775651 -0.296325 -0.098697
v 0.777097 -0.262876 -0.092839
v 0.776464 -0.227262 -0.088323
v 0.782731 -0.209933 -0.068943
v 0.753104 -0.289712 -0.148509
v 0.759948 -0.257184 -0.143258
v 0.761031 -0.230650 -0.138427
v 0.743055 -0.285878 -0.197781
v 0.750160 -0.253527 -0.192040
v 0.750424 -0.231997 -0.187853
v 0.737546 -0.285661 -0.237641
v 0.745378 -0.252454 -0.226098
v 0.747838 -0.233488 -0.215611
v 0.820390 -0.310229 0.001398
v 0.830016 -0.278872 0.020614
v 0.837364 -0.256977 0.034214
v 0.801276 -0.314562 -0.036013
v -0.801159 -0.035127 0.073580
v -0.800169 -0.034065 0.041917
v -0.798992 -0.033541 0.003478
v -0.458769 0.025236 0.479149
v -0.396647 0.047473 0.520948
v -0.424270 0.038292 0.505273
v -0.354808 0.058519 0.538261
v -0.777994 -0.036624 0.209059
v -0.787623 -0.037325 0.169879
v -0.795978 -0.036988 0.123656
v -0.800565 -0.036012 0.094012
v -0.748088 -0.034743 0.240895
v -0.676339 -0.029275 0.261120
v -0.708821 -0.032303 0.247671
v -0.619378 -0.022131 0.316548
v -0.530822 -0.001637 0.403332
v -0.571707 -0.012616 0.365111
v -0.491102 0.012071 0.444528
v -0.299423 0.068000 0.562558
v -0.324364 0.064369 0.550366
v -0.235097 0.081746 0.590727
v -0.252816 0.069138 0.583463
v -0.216576 0.069756 0.595578
v -0.169895 0.070454 0.607259
v -0.125637 0.062821 0.612143
v -0.082961 0.060378 0.601055
v -0.034557 0.052674 0.584306
v -0.012458 0.055525 0.558860
v -0.806344 0.002695 0.071172
v -0.806784 0.041995 0.071296
v -0.802245 0.081886 0.075702
v -0.796548 0.107863 0.079522
v -0.806067 0.004265 0.042363
v -0.807755 0.043477 0.045598
v -0.803729 0.083054 0.051929
v -0.791771 0.121825 0.061835
v -0.778089 0.143281 0.055292
v -0.804209 0.005666 0.004703
v -0.804844 0.045021 0.007885
v -0.801256 0.084247 0.013580
v -0.787740 0.122173 0.021406
v -0.773812 0.151472 0.030368
v -0.459287 0.071880 0.492978
v -0.455235 0.114450 0.495805
v -0.450428 0.140278 0.493113
v -0.395401 0.094399 0.529711
v -0.392485 0.123967 0.531123
v -0.423487 0.085781 0.517215
v -0.412912 0.130580 0.519761
v -0.417059 0.154783 0.501700
v -0.357544 0.103125 0.544465
v -0.361093 0.137224 0.537384
v -0.362381 0.152010 0.523012
v -0.363968 0.162882 0.501358
v -0.784963 0.001403 0.205837
v -0.786574 0.040494 0.206855
v -0.783685 0.068036 0.209308
v -0.793503 0.000481 0.170073
v -0.795737 0.039763 0.174122
v -0.788146 0.079671 0.184902
v -0.778264 0.106557 0.178213
v -0.801469 0.000516 0.123125
v -0.803167 0.039802 0.126339
v -0.797344 0.079409 0.133178
v -0.782981 0.121626 0.148732
v -0.760862 0.145687 0.142434
v -0.805056 0.001575 0.091173
v -0.805149 0.040950 0.091224
v -0.800071 0.080772 0.095465
v -0.789941 0.120009 0.098161
v -0.753520 0.158590 0.113315
v -0.730025 0.181130 0.108104
v -0.786226 0.133446 0.078593
v -0.759443 0.156359 0.073029
v -0.722926 0.189097 0.085589
v -0.744320 0.166718 0.034720
v -0.713322 0.201340 0.049151
v -0.698534 0.229746 0.046917
v -0.725141 0.061077 0.269231
v -0.724249 0.065022 0.270656
v -0.758962 0.004161 0.243045
v -0.754786 0.045331 0.251556
v -0.757159 0.081555 0.248024
v -0.736937 0.103890 0.237481
v -0.773971 0.092447 0.208060
v -0.746101 0.115707 0.197549
v -0.716231 0.136681 0.188391
v -0.752484 0.131804 0.170445
v -0.720914 0.154693 0.162893
v -0.687210 0.176032 0.154622
v -0.723469 0.172807 0.136726
v -0.701056 0.186796 0.131308
v -0.691423 0.211868 0.098513
v -0.666615 0.226201 0.090694
v -0.698791 0.218015 0.071691
v -0.667648 0.241304 0.063481
v -0.635499 0.261990 0.053058
v -0.685125 0.010877 0.269504
v -0.697995 0.049571 0.273032
v -0.684758 0.081323 0.291171
v -0.655985 0.106593 0.312550
v -0.719072 0.007281 0.252769
v -0.725390 0.035866 0.261159
v -0.703581 0.090508 0.282043
v -0.683704 0.112988 0.279170
v -0.683075 0.124970 0.230158
v -0.677295 0.139832 0.208499
v -0.667001 0.161860 0.185265
v -0.657209 0.177977 0.166529
v -0.638025 0.199400 0.143279
v -0.606080 0.217593 0.136134
v -0.644395 0.213382 0.120446
v -0.620369 0.227406 0.111758
v -0.612584 0.254175 0.086369
v -0.604628 0.267315 0.067519
v -0.622524 0.019816 0.336875
v -0.620560 0.060167 0.353605
v -0.617572 0.097560 0.355906
v -0.616098 0.119199 0.343708
v -0.616560 0.134138 0.307533
v -0.589835 0.148767 0.297921
v -0.637885 0.135780 0.262688
v -0.609952 0.151643 0.254867
v -0.600908 0.171602 0.219397
v -0.593584 0.185770 0.197277
v -0.582234 0.204336 0.168248
v -0.573925 0.223021 0.150565
v -0.561629 0.246629 0.125211
v -0.535127 0.259922 0.113767
v -0.573000 0.257430 0.101133
v -0.549481 0.268439 0.089622
v -0.537329 0.041579 0.421278
v -0.538398 0.081944 0.429794
v -0.526486 0.124014 0.435516
v -0.510132 0.142516 0.429990
v -0.577801 0.029853 0.382804
v -0.577843 0.070541 0.395959
v -0.563032 0.112701 0.407981
v -0.538084 0.141239 0.395490
v -0.543330 0.152469 0.354224
v -0.542550 0.162225 0.327087
v -0.538683 0.174108 0.276486
v -0.513627 0.187076 0.263203
v -0.558129 0.178558 0.241645
v -0.529445 0.193532 0.229554
v -0.518407 0.212526 0.194309
v -0.512460 0.231497 0.175465
v -0.504353 0.250487 0.147015
v -0.499101 0.262411 0.125922
v -0.492195 0.279334 0.099431
v -0.492206 0.058103 0.463351
v -0.486920 0.101170 0.471502
v -0.473627 0.142505 0.470573
v -0.476771 0.157894 0.445476
v -0.481330 0.168505 0.407809
v -0.462304 0.178606 0.387553
v -0.503663 0.164555 0.373121
v -0.479556 0.177770 0.355614
v -0.471943 0.188471 0.308727
v -0.468107 0.197352 0.281601
v -0.461547 0.211485 0.237141
v -0.438339 0.225355 0.223452
v -0.478586 0.217813 0.208806
v -0.453934 0.236217 0.198701
v -0.445731 0.255682 0.164262
v -0.441663 0.265255 0.141805
v -0.434555 0.289422 0.106971
v -0.418689 0.165664 0.478443
v -0.419561 0.173042 0.452968
v -0.419560 0.179537 0.417572
v -0.418350 0.185521 0.389830
v -0.415183 0.193697 0.354699
v -0.411198 0.200826 0.321501
v -0.407181 0.208460 0.294341
v -0.401050 0.220517 0.256210
v -0.397138 0.230282 0.232694
v -0.392246 0.244996 0.203274
v -0.387553 0.255316 0.173474
v -0.383849 0.265633 0.152011
v -0.377753 0.284150 0.116793
v -0.365004 0.173468 0.473655
v -0.364665 0.181820 0.449573
v -0.363056 0.187268 0.413029
v -0.361139 0.189757 0.384380
v -0.357276 0.195885 0.347820
v -0.353222 0.202670 0.318347
v -0.349314 0.210766 0.293054
v -0.343886 0.224971 0.260322
v -0.340430 0.234498 0.238523
v -0.330363 0.252429 0.203263
v -0.306287 0.263196 0.187056
v -0.342504 0.259084 0.181426
v -0.323616 0.271152 0.167746
v -0.321533 0.291799 0.130598
v -0.413071 0.302506 0.093783
v -0.374167 0.297538 0.095342
v -0.318768 0.305504 0.109266
v -0.294104 0.111323 0.565822
v -0.284192 0.126833 0.555602
v -0.318707 0.109205 0.557673
v -0.305415 0.144579 0.538854
v -0.291883 0.159380 0.517090
v -0.325663 0.157469 0.520209
v -0.310246 0.167699 0.501339
v -0.234899 0.092084 0.590371
v -0.255606 0.109294 0.577890
v -0.259379 0.125409 0.553355
v -0.260458 0.144533 0.528434
v -0.276759 0.158635 0.514330
v -0.243348 0.154602 0.506792
v -0.259890 0.167044 0.492336
v -0.211952 0.093706 0.593583
v -0.213215 0.111317 0.566337
v -0.231044 0.122681 0.550089
v -0.198677 0.119715 0.546672
v -0.213457 0.132045 0.529513
v -0.210351 0.148552 0.497954
v -0.208938 0.158869 0.472189
v -0.167409 0.090386 0.591213
v -0.165879 0.106762 0.561046
v -0.149427 0.112386 0.539664
v -0.180737 0.117801 0.544411
v -0.162865 0.123162 0.521403
v -0.158918 0.135323 0.481949
v -0.156822 0.145078 0.455061
v -0.124042 0.082772 0.585969
v -0.118925 0.097568 0.552654
v -0.131150 0.108315 0.535704
v -0.099609 0.100040 0.526923
v -0.112868 0.111020 0.510087
v -0.108088 0.123282 0.468480
v -0.105040 0.132746 0.441458
v -0.078641 0.071879 0.576038
v -0.073387 0.082028 0.547479
v -0.067713 0.091303 0.517754
v -0.062743 0.099709 0.491110
v -0.056965 0.110905 0.455944
v -0.053175 0.120762 0.429642
v -0.047618 0.064065 0.568073
v -0.024663 0.066053 0.541346
v -0.015552 0.078007 0.504621
v -0.010129 0.087208 0.478385
v -0.004264 0.099236 0.445895
v -0.000340 0.110163 0.419942
v -0.311305 0.179600 0.467980
v -0.310239 0.186339 0.442977
v -0.307590 0.191563 0.405144
v -0.304858 0.194166 0.377107
v -0.303218 0.201713 0.336189
v -0.284306 0.209732 0.315002
v -0.321213 0.206549 0.317186
v -0.297553 0.215159 0.296355
v -0.288971 0.227446 0.258540
v -0.286274 0.234766 0.237163
v -0.281559 0.248675 0.205211
v -0.277624 0.263868 0.186889
v -0.273594 0.280898 0.167950
v -0.269336 0.298251 0.140533
v -0.258852 0.178814 0.457770
v -0.257298 0.182626 0.431727
v -0.254066 0.186594 0.391981
v -0.250584 0.192887 0.364726
v -0.246331 0.202952 0.333460
v -0.243291 0.210119 0.309661
v -0.240328 0.217492 0.284409
v -0.236698 0.228510 0.253644
v -0.234073 0.236858 0.233641
v -0.229493 0.251457 0.203700
v -0.226069 0.265608 0.184364
v -0.222715 0.283392 0.164503
v -0.219575 0.300698 0.140179
v -0.206654 0.168465 0.440928
v -0.204621 0.171869 0.413462
v -0.201362 0.178648 0.377157
v -0.198076 0.190206 0.352223
v -0.194673 0.202665 0.324597
v -0.192395 0.209134 0.301463
v -0.189955 0.217800 0.277685
v -0.186696 0.229415 0.248039
v -0.183486 0.237994 0.226475
v -0.179283 0.254303 0.199925
v -0.176593 0.269855 0.181180
v -0.175906 0.294136 0.157325
v -0.190866 0.305101 0.140199
v -0.154021 0.155096 0.423145
v -0.151619 0.163102 0.397202
v -0.149248 0.171479 0.363132
v -0.147292 0.182576 0.339076
v -0.145117 0.196826 0.313839
v -0.143414 0.207768 0.293021
v -0.141340 0.218570 0.271483
v -0.138309 0.231175 0.242863
v -0.135621 0.247132 0.224018
v -0.133091 0.266975 0.202472
v -0.131128 0.281088 0.182563
v -0.129363 0.299809 0.156820
v -0.101811 0.144201 0.409134
v -0.099745 0.151649 0.382700
v -0.097916 0.160170 0.348549
v -0.096822 0.170775 0.325204
v -0.097626 0.192267 0.300559
v -0.114639 0.206134 0.287524
v -0.081573 0.204584 0.282633
v -0.095458 0.214518 0.267610
v -0.090884 0.235292 0.239237
v -0.089043 0.253069 0.219820
v -0.087270 0.271331 0.197808
v -0.086129 0.286356 0.178402
v -0.084776 0.304263 0.149509
v -0.049685 0.133469 0.398453
v -0.047520 0.144398 0.373763
v -0.045780 0.158050 0.345872
v -0.045110 0.172156 0.324874
v -0.044892 0.189051 0.301714
v -0.044585 0.202564 0.278739
v -0.043800 0.216741 0.256782
v -0.042790 0.237722 0.235392
v -0.041572 0.255668 0.213821
v -0.040714 0.275530 0.194017
v -0.039972 0.290055 0.173465
v -0.039247 0.308897 0.145125
v 0.002469 0.125063 0.393434
v 0.004098 0.140951 0.371351
v 0.005255 0.157714 0.348016
v 0.005851 0.173466 0.327693
v 0.005974 0.192923 0.296369
v 0.023237 0.201393 0.278167
v -0.011069 0.201795 0.277456
v 0.006322 0.213319 0.258095
v 0.006413 0.238819 0.233141
v 0.008905 0.264722 0.208788
v 0.026580 0.281338 0.192118
v -0.005223 0.279708 0.193412
v 0.009126 0.293818 0.175408
v 0.006654 0.316791 0.145513
v 0.042719 0.321312 0.146276
v -0.267059 0.311658 0.119132
v -0.217835 0.314934 0.119450
v -0.160904 0.311135 0.140289
v -0.173745 0.321717 0.122375
v -0.128696 0.316462 0.137390
v -0.128322 0.333048 0.112921
v -0.083708 0.315320 0.125964
v -0.080022 0.334112 0.092850
v -0.064348 0.359004 0.074674
v -0.039015 0.324864 0.123244
v -0.040084 0.348419 0.097469
v -0.041135 0.366296 0.075198
v 0.006066 0.333733 0.123655
v 0.004987 0.354211 0.094616
v 0.003922 0.369440 0.070833
v -0.896558 -0.028424 -0.364607
v -0.860890 -0.025850 -0.227616
v -0.871937 -0.041483 -0.245681
v -0.884153 -0.044843 -0.294903
v -0.889582 -0.043363 -0.345763
v -0.817243 -0.023231 -0.182975
v -0.838423 -0.038402 -0.209436
v -0.858276 -0.052766 -0.232682
v -0.792940 -0.034583 -0.086789
v -0.795304 -0.035783 -0.117025
v -0.804585 -0.036558 -0.166076
v -0.813568 -0.051168 -0.189942
v -0.795119 -0.033748 -0.035099
v -0.792823 -0.034217 -0.066216
v -0.949457 -0.046648 -0.558360
v -0.963397 -0.046279 -0.601313
v -0.972421 -0.045265 -0.650310
v -0.980700 -0.044795 -0.694317
v -0.971508 -0.043934 -0.736311
v -0.898775 -0.043750 -0.395036
v -0.910558 -0.046662 -0.445560
v -0.927506 -0.046848 -0.498685
v -0.940067 -0.046745 -0.532614
v -0.893586 -0.055754 -0.378767
v -0.950995 -0.043700 -0.754152
v -0.927270 -0.043075 -0.763289
v -0.881489 -0.042052 -0.775432
v -0.849236 -0.041115 -0.783043
v -0.826123 -0.040380 -0.787899
v -0.789383 -0.039331 -0.794023
v -0.743132 -0.038116 -0.799037
v -0.696724 -0.036863 -0.803745
v -0.650310 -0.038731 -0.805190
v -0.635308 -0.025812 -0.814254
v -0.624244 -0.054762 -0.804476
v -0.606285 -0.036705 -0.815640
v -0.555710 -0.031116 -0.826551
v -0.511976 -0.032761 -0.839889
v -0.499162 -0.020416 -0.849282
v -0.485262 -0.048870 -0.844646
v -0.471155 -0.033589 -0.853831
v -0.423582 -0.030729 -0.831734
v -0.444977 -0.030676 -0.846589
v -0.379334 -0.029806 -0.817695
v -0.330244 -0.028449 -0.821026
v -0.282701 -0.026728 -0.833132
v -0.266191 -0.011208 -0.840353
v -0.251614 -0.039959 -0.836131
v -0.239020 -0.026074 -0.842713
v -0.191326 -0.026694 -0.834547
v -0.212130 -0.026816 -0.842844
v -0.155713 -0.026737 -0.819286
v -0.093067 -0.033886 -0.788617
v -0.108998 -0.022087 -0.798120
v -0.069746 -0.021833 -0.779509
v -0.087607 -0.004090 -0.791255
v -0.019224 -0.026155 -0.757928
v -0.899846 0.041470 -0.305080
v -0.900912 0.071345 -0.294149
v -0.900500 0.108986 -0.281096
v -0.897740 0.146780 -0.267333
v -0.895696 0.185232 -0.250480
v -0.896170 0.223336 -0.238620
v -0.897642 0.261514 -0.234526
v -0.901013 -0.006240 -0.351806
v -0.905654 0.029695 -0.331708
v -0.909092 0.069801 -0.329665
v -0.909389 0.106860 -0.320226
v -0.907096 0.144082 -0.308131
v -0.906177 0.182049 -0.294618
v -0.910242 0.220752 -0.282249
v -0.912963 0.259297 -0.273934
v -0.862189 -0.002403 -0.223566
v -0.861867 0.036909 -0.217434
v -0.858487 0.076192 -0.211369
v -0.857738 0.115807 -0.200730
v -0.859986 0.154941 -0.185941
v -0.859650 0.192724 -0.173444
v -0.855714 0.215758 -0.169550
v -0.879658 -0.003590 -0.243853
v -0.879393 0.035812 -0.239032
v -0.877548 0.074828 -0.232711
v -0.878783 0.113583 -0.223116
v -0.881128 0.152047 -0.211575
v -0.880424 0.189953 -0.200435
v -0.869336 0.226776 -0.188782
v -0.861441 0.259135 -0.191806
v -0.888802 -0.005032 -0.291875
v -0.893738 0.031097 -0.289720
v -0.895039 0.072631 -0.270447
v -0.895083 0.110766 -0.257747
v -0.893043 0.148863 -0.244543
v -0.892293 0.187075 -0.228625
v -0.889589 0.224457 -0.217481
v -0.874910 0.268876 -0.205224
v -0.894889 -0.005772 -0.326388
v -0.897750 0.015952 -0.313969
v -0.822654 0.001292 -0.173379
v -0.825979 0.040690 -0.162190
v -0.823163 0.079897 -0.156559
v -0.822868 0.119717 -0.149015
v -0.823016 0.158993 -0.139531
v -0.819966 0.197219 -0.131639
v -0.809792 0.219587 -0.131231
v -0.841586 -0.000755 -0.203236
v -0.842047 0.038372 -0.197153
v -0.840240 0.077690 -0.190453
v -0.841208 0.117639 -0.179131
v -0.842900 0.156939 -0.165354
v -0.842142 0.195080 -0.152194
v -0.824102 0.229154 -0.152221
v -0.800593 0.246806 -0.162217
v -0.836534 0.236393 -0.175625
v -0.820705 0.262011 -0.185277
v -0.841180 0.278691 -0.200797
v -0.804195 0.017844 -0.048641
v -0.805940 0.045746 -0.042931
v -0.804763 0.084886 -0.036405
v -0.800539 0.110728 -0.033850
v -0.801662 0.005084 -0.070164
v -0.806207 0.045180 -0.068304
v -0.803361 0.083912 -0.062328
v -0.795470 0.122933 -0.057677
v -0.780783 0.140215 -0.071021
v -0.807168 0.004342 -0.113122
v -0.811773 0.043566 -0.108546
v -0.807795 0.082322 -0.102794
v -0.793098 0.120323 -0.098018
v -0.782303 0.155921 -0.091229
v -0.773099 0.200039 -0.092822
v -0.762518 0.240425 -0.084937
v -0.755952 0.261663 -0.081791
v -0.815661 0.002567 -0.149474
v -0.819193 0.042001 -0.139604
v -0.814891 0.080919 -0.134419
v -0.810973 0.120498 -0.127910
v -0.807883 0.160141 -0.118246
v -0.796924 0.198750 -0.112723
v -0.785016 0.235632 -0.111869
v -0.761266 0.269245 -0.099030
v -0.793182 0.242576 -0.134944
v -0.768237 0.271861 -0.134767
v -0.774272 0.268735 -0.172400
v -0.802952 0.005202 -0.035203
v -0.805119 0.045699 -0.023948
v -0.804573 0.085047 -0.017455
v -0.795473 0.123395 -0.017521
v -0.766275 0.164483 -0.004111
v -0.739992 0.191248 -0.009645
v -0.799640 -0.008647 -0.055982
v -0.790062 0.135379 -0.044443
v -0.771343 0.156834 -0.050926
v -0.737551 0.203935 -0.033943
v -0.730406 0.244174 -0.033024
v -0.720357 0.269297 -0.033671
v -0.766370 0.166774 -0.074039
v -0.755456 0.201397 -0.070938
v -0.747621 0.242465 -0.063818
v -0.730754 0.279937 -0.060233
v -0.740660 0.289761 -0.093068
v -0.741635 0.292734 -0.112346
v -0.894015 0.282809 -0.237821
v -0.903979 0.290659 -0.267537
v -0.866426 0.287063 -0.225052
v -0.861237 0.300467 -0.270397
v -0.842981 0.310308 -0.289746
v -0.808212 0.282222 -0.193946
v -0.820147 0.290281 -0.212269
v -0.810108 0.305790 -0.252462
v -0.807627 0.314390 -0.278102
v -0.743135 0.292261 -0.136880
v -0.756346 0.283725 -0.178736
v -0.757272 0.304889 -0.215019
v -0.731095 0.318754 -0.231242
v -0.773715 0.311980 -0.240834
v -0.746695 0.323419 -0.258937
v -0.704202 0.300590 -0.067776
v -0.710023 0.307441 -0.089048
v -0.712496 0.312077 -0.120521
v -0.683612 0.339495 -0.126651
v -0.706446 0.306172 -0.167845
v -0.675058 0.337026 -0.159277
v -0.709200 0.307362 -0.202938
v -0.679889 0.337309 -0.208106
v -0.665368 0.378905 -0.205822
v -0.691783 0.342227 -0.260120
v -0.674029 0.389764 -0.238084
v -0.654795 0.417993 -0.251248
v -1.006314 0.166004 -0.635083
v -1.008643 0.185707 -0.636630
v -1.011634 0.225140 -0.636614
v -1.013751 0.265442 -0.637340
v -1.001043 0.084939 -0.662228
v -1.007304 0.110901 -0.663174
v -1.013065 0.152270 -0.662076
v -1.020270 0.187669 -0.679882
v -1.024783 0.227377 -0.693524
v -1.028890 0.267788 -0.701361
v -0.998547 0.046705 -0.692443
v -1.004550 0.073110 -0.687666
v -1.010203 0.111586 -0.707555
v -1.023493 0.149978 -0.728515
v -1.036447 0.191291 -0.748357
v -1.041847 0.231131 -0.765901
v -1.047376 0.272362 -0.777493
v -0.999988 0.046798 -0.707187
v -1.004713 0.074123 -0.718255
v -1.003731 0.098128 -0.723124
v -1.020313 0.164202 -0.762084
v -1.031991 0.193534 -0.786422
v -1.038015 0.233497 -0.806599
v -1.039960 0.274047 -0.816398
v -0.937736 0.268169 -0.367537
v -0.945686 0.047574 -0.475689
v -0.947841 0.068255 -0.470082
v -0.950568 0.105168 -0.460092
v -0.952137 0.142021 -0.451405
v -0.951134 0.179712 -0.443203
v -0.950028 0.218801 -0.429874
v -0.948076 0.256812 -0.408475
v -0.947595 -0.000675 -0.520616
v -0.952107 0.033552 -0.505543
v -0.960613 0.068738 -0.509476
v -0.966909 0.105971 -0.511457
v -0.970755 0.143246 -0.511615
v -0.972067 0.181398 -0.511045
v -0.976335 0.220870 -0.509337
v -0.980206 0.261150 -0.507883
v -0.955242 -0.011063 -0.551202
v -0.968600 0.031841 -0.564718
v -0.978052 0.070114 -0.573193
v -0.987109 0.107821 -0.581699
v -0.994846 0.149582 -0.599343
v -0.997341 0.184146 -0.593734
v -1.000725 0.223538 -0.589614
v -1.002287 0.263746 -0.587690
v -0.971099 -0.005997 -0.610774
v -0.980492 0.033615 -0.622199
v -0.992063 0.071937 -0.637415
v -0.998534 0.109834 -0.632505
v -1.002796 0.140783 -0.633177
v -0.981795 -0.004745 -0.660613
v -0.992120 0.033720 -0.672462
v -0.996971 0.059925 -0.665338
v -1.005518 0.124267 -0.728155
v -1.008433 0.136195 -0.734745
v -0.986987 -0.003789 -0.705335
v -0.994812 0.034435 -0.717570
v -0.995543 0.074535 -0.740041
v -0.992657 0.111867 -0.746558
v -0.991704 0.149477 -0.771443
v -1.002227 0.194031 -0.803684
v -1.006969 0.233821 -0.821891
v -1.010910 0.274347 -0.832389
v -0.969979 -0.002593 -0.746089
v -0.975539 0.037724 -0.761679
v -0.967499 0.071814 -0.772734
v -0.964630 0.112524 -0.773044
v -0.965310 0.135069 -0.779692
v -0.910424 -0.007003 -0.392067
v -0.918873 0.031059 -0.389732
v -0.923651 0.068342 -0.385113
v -0.925841 0.105209 -0.377737
v -0.925287 0.142053 -0.367368
v -0.922830 0.179734 -0.355414
v -0.925041 0.218671 -0.343809
v -0.929960 0.255697 -0.341004
v -0.923255 -0.007511 -0.446436
v -0.934814 0.033291 -0.452009
v -0.938014 0.068033 -0.438351
v -0.940340 0.104916 -0.426081
v -0.940382 0.141706 -0.415205
v -0.938642 0.179302 -0.404232
v -0.937805 0.218334 -0.388434
v -0.937802 0.242139 -0.377544
v -0.938273 -0.011178 -0.501410
v -0.942201 0.022517 -0.484623
v -0.943556 -0.026748 -0.527858
v -0.968488 0.162560 -0.792144
v -0.970881 0.193994 -0.807193
v -0.974609 0.234504 -0.825264
v -0.971654 0.275239 -0.834402
v -0.950877 0.082719 -0.788665
v -0.940219 0.116290 -0.795207
v -0.948219 0.150723 -0.793858
v -0.945820 0.194285 -0.808938
v -0.949552 0.235664 -0.825848
v -0.946588 0.277228 -0.833274
v -0.910328 0.131134 -0.804629
v -0.896017 0.155206 -0.801813
v -0.903043 0.197665 -0.813350
v -0.907376 0.238746 -0.823424
v -0.910330 0.280203 -0.827967
v -0.867175 0.172190 -0.805827
v -0.862055 0.201130 -0.811414
v -0.851514 0.244632 -0.815456
v -0.855792 0.284594 -0.814146
v -0.825138 0.261579 -0.811280
v -0.816915 0.288878 -0.807435
v -1.013504 0.290128 -0.644915
v -1.027311 0.298689 -0.701251
v -1.043065 0.307116 -0.780505
v -1.037401 0.300583 -0.814607
v -0.938516 0.284074 -0.366839
v -0.950063 0.298623 -0.408136
v -0.947345 0.323151 -0.433007
v -0.978632 0.302102 -0.504738
v -0.962464 0.331242 -0.499883
v -1.001533 0.302950 -0.607047
v -0.978738 0.333719 -0.595457
v -1.014999 0.320150 -0.697416
v -0.987711 0.329143 -0.689303
v -1.013465 0.320147 -0.774599
v -0.988541 0.326064 -0.768004
v -1.011488 0.317982 -0.823889
v -0.986902 0.330387 -0.799012
v -0.922902 0.301765 -0.327582
v -0.901899 0.318911 -0.346887
v -0.936016 0.310098 -0.377874
v -0.920057 0.329982 -0.401923
v -0.921916 0.351946 -0.492246
v -0.904440 0.361311 -0.518607
v -0.929223 0.347619 -0.571781
v -0.905261 0.360471 -0.531931
v -0.946851 0.338823 -0.674446
v -0.954568 0.338271 -0.756182
v -0.959173 0.316373 -0.828807
v -0.960643 0.343492 -0.803308
v -0.939093 0.303133 -0.829532
v -0.875567 0.308741 -0.300888
v -0.860549 0.318521 -0.321286
v -0.864742 0.339617 -0.398502
v -0.869519 0.355511 -0.451774
v -0.874390 0.365853 -0.493010
v -0.900441 0.356136 -0.586236
v -0.880787 0.368205 -0.557944
v -0.902007 0.357527 -0.656519
v -0.873320 0.371616 -0.643968
v -0.908829 0.363162 -0.733843
v -0.879719 0.378871 -0.717921
v -0.927382 0.331214 -0.821912
v -0.910145 0.367602 -0.798015
v -0.884704 0.389383 -0.759179
v -0.910880 0.320591 -0.821754
v -0.891149 0.350147 -0.805311
v -0.806635 0.328779 -0.317599
v -0.814850 0.348138 -0.389853
v -0.801462 0.357460 -0.413867
v -0.840960 0.354727 -0.434022
v -0.821368 0.367396 -0.460148
v -0.827060 0.390510 -0.546051
v -0.833486 0.387982 -0.625811
v -0.843475 0.400948 -0.695450
v -0.868399 0.380333 -0.783497
v -0.851205 0.403639 -0.757095
v -0.855956 0.326721 -0.805108
v -0.852431 0.368383 -0.787061
v -0.832426 0.393283 -0.769051
v -0.741875 0.340765 -0.308651
v -0.713653 0.350209 -0.322153
v -0.768690 0.348185 -0.359863
v -0.746764 0.357366 -0.379057
v -0.758737 0.380550 -0.450535
v -0.767921 0.404519 -0.528362
v -0.750408 0.419239 -0.546476
v -0.789930 0.409642 -0.604767
v -0.762152 0.429780 -0.590205
v -0.797247 0.422238 -0.668076
v -0.766176 0.433670 -0.650416
v -0.789400 0.417921 -0.714275
v -0.762484 0.429802 -0.676368
v -0.798908 0.331004 -0.792547
v -0.799946 0.374732 -0.773460
v -0.798030 0.400462 -0.756084
v -0.698245 0.348031 -0.284983
v -0.688291 0.377150 -0.294442
v -0.662239 0.435264 -0.289939
v -0.648124 0.458670 -0.308887
v -0.678898 0.375599 -0.358418
v -0.657146 0.428481 -0.340904
v -0.648292 0.458969 -0.317104
v -0.701100 0.391581 -0.434505
v -0.660864 0.400502 -0.419217
v -0.723126 0.407842 -0.491452
v -0.707396 0.422417 -0.507603
v -0.714602 0.455652 -0.574244
v -0.694458 0.475078 -0.588795
v -0.721355 0.462025 -0.622545
v -0.694110 0.475449 -0.589281
v -0.737557 0.426456 -0.701042
v -0.732029 0.441256 -0.670229
v -0.763238 0.347028 -0.779989
v -0.745033 0.378474 -0.763152
v -0.742344 0.409094 -0.733963
v -0.953213 -0.001792 -0.765757
v -0.956408 0.038487 -0.779594
v -0.954664 0.057354 -0.783626
v -0.930165 -0.001253 -0.774281
v -0.933949 0.039476 -0.787743
v -0.936150 0.074303 -0.795720
v -0.923983 0.106180 -0.805028
v -0.883090 -0.000557 -0.781755
v -0.886000 0.040388 -0.792251
v -0.889802 0.080017 -0.804163
v -0.893866 0.119349 -0.807665
v -0.878601 0.141962 -0.800536
v -0.848132 0.000410 -0.789678
v -0.846415 0.041809 -0.798298
v -0.839637 0.081231 -0.807728
v -0.845223 0.120381 -0.806017
v -0.848216 0.159372 -0.802015
v -0.836195 0.203728 -0.809701
v -0.831050 0.233423 -0.811899
v -0.824909 0.001135 -0.794622
v -0.822849 0.042502 -0.801461
v -0.820712 0.068063 -0.805856
v -0.809181 0.094587 -0.807665
v -0.794776 0.121436 -0.804076
v -0.797238 0.164541 -0.800298
v -0.799913 0.207460 -0.807335
v -0.804293 0.249221 -0.808236
v -0.789697 0.291606 -0.802752
v -0.790777 0.002226 -0.800199
v -0.792549 0.043460 -0.804054
v -0.793357 0.082971 -0.806167
v -0.777253 0.107576 -0.804989
v -0.760359 0.135865 -0.801327
v -0.745777 0.173568 -0.801763
v -0.748253 0.211875 -0.802964
v -0.749202 0.254262 -0.803829
v -0.748992 0.296196 -0.798737
v -0.743959 0.003515 -0.803242
v -0.745028 0.044978 -0.804962
v -0.746111 0.086258 -0.804929
v -0.744753 0.124837 -0.802144
v -0.728257 0.163703 -0.802779
v -0.778987 0.317794 -0.793822
v -0.746418 0.335835 -0.783765
v -0.726944 0.365448 -0.768606
v -0.744228 0.176810 0.012893
v -0.728252 0.203551 0.006209
v -0.701195 0.245233 0.018763
v -0.680603 0.266808 0.009640
v -0.725979 0.219843 -0.013824
v -0.717607 0.244329 -0.011310
v -0.687588 0.282832 -0.016019
v -0.691720 0.293458 -0.041953
v -0.669210 0.255147 0.036320
v -0.646398 0.270091 0.027509
v -0.637388 0.290197 -0.000804
v -0.594653 0.291478 0.039861
v -0.605420 0.298809 0.015131
v -0.540679 0.292748 0.057879
v -0.485446 0.295155 0.072467
v -0.449379 0.298966 0.083548
v -0.657901 0.299915 -0.028656
v -0.671056 0.306285 -0.051205
v -0.668137 0.328219 -0.081445
v -0.648765 0.346312 -0.088527
v -0.681173 0.333593 -0.104079
v -0.655730 0.358277 -0.111892
v -0.626075 0.381608 -0.123436
v -0.649243 0.356848 -0.156620
v -0.622036 0.381124 -0.153204
v -0.656543 0.364031 -0.178851
v -0.628703 0.390343 -0.191322
v -0.608039 0.415632 -0.203630
v -0.644924 0.405024 -0.220128
v -0.621669 0.431216 -0.236706
v -0.605497 0.464663 -0.253018
v -0.630243 0.303215 -0.018994
v -0.623004 0.326733 -0.042703
v -0.601945 0.344213 -0.052275
v -0.634695 0.336615 -0.063721
v -0.607772 0.359055 -0.076162
v -0.581593 0.381164 -0.090421
v -0.613446 0.373518 -0.099393
v -0.594045 0.390371 -0.109764
v -0.591031 0.412248 -0.143671
v -0.574535 0.426113 -0.155024
v -0.602092 0.411486 -0.170822
v -0.581090 0.438444 -0.187088
v -0.560924 0.464654 -0.208224
v -0.588580 0.450481 -0.220095
v -0.573644 0.484738 -0.239026
v -0.557239 0.506513 -0.267033
v -0.571412 0.304534 0.028683
v -0.581756 0.312016 0.003617
v -0.572344 0.335033 -0.023777
v -0.566636 0.351023 -0.041867
v -0.558845 0.369400 -0.066587
v -0.553195 0.386367 -0.085243
v -0.549249 0.409931 -0.110054
v -0.532313 0.427233 -0.124113
v -0.561444 0.418423 -0.130146
v -0.541203 0.434582 -0.146114
v -0.534033 0.455946 -0.180103
v -0.533177 0.471279 -0.203039
v -0.533750 0.495285 -0.239634
v -0.535462 0.511115 -0.266206
v -0.534645 0.305808 0.037835
v -0.524088 0.329036 0.007925
v -0.500897 0.343379 -0.005662
v -0.534790 0.337730 -0.015413
v -0.514537 0.353408 -0.028221
v -0.509594 0.377165 -0.056913
v -0.504901 0.394908 -0.077563
v -0.500701 0.416626 -0.100469
v -0.497876 0.433962 -0.120706
v -0.495044 0.456512 -0.155715
v -0.480637 0.471869 -0.174227
v -0.508156 0.464453 -0.176444
v -0.493288 0.479223 -0.195809
v -0.492899 0.501988 -0.243792
v -0.494885 0.517276 -0.269622
v -0.480792 0.307382 0.051184
v -0.474533 0.331379 0.022372
v -0.470258 0.346300 0.000806
v -0.463170 0.368731 -0.030004
v -0.443410 0.387528 -0.045953
v -0.475217 0.382693 -0.050612
v -0.453905 0.406412 -0.070590
v -0.434263 0.431732 -0.091830
v -0.464448 0.424669 -0.095965
v -0.450442 0.441164 -0.111746
v -0.451715 0.464614 -0.150093
v -0.451435 0.478660 -0.173314
v -0.451785 0.494944 -0.206563
v -0.453097 0.511651 -0.246907
v -0.454939 0.523967 -0.272972
v -0.427886 0.310864 0.071033
v -0.421267 0.329023 0.027788
v -0.418354 0.343739 0.004372
v -0.415349 0.368135 -0.021509
v -0.413545 0.392576 -0.041828
v -0.411978 0.415846 -0.064583
v -0.410587 0.438075 -0.089459
v -0.406128 0.460121 -0.122772
v -0.390104 0.480473 -0.143377
v -0.417762 0.471329 -0.148418
v -0.406699 0.485406 -0.165198
v -0.411792 0.507286 -0.213639
v -0.413607 0.521037 -0.249785
v -0.415181 0.531258 -0.276480
v -0.370591 0.310743 0.071419
v -0.366955 0.332827 0.038275
v -0.365368 0.348882 0.014711
v -0.364329 0.370506 -0.017712
v -0.364522 0.388849 -0.044304
v -0.365151 0.411830 -0.070983
v -0.365969 0.438809 -0.095029
v -0.367113 0.467307 -0.116135
v -0.367996 0.487798 -0.141607
v -0.368682 0.498257 -0.171106
v -0.370294 0.510985 -0.222612
v -0.372486 0.524089 -0.254474
v -0.374515 0.537898 -0.280681
v -0.312999 0.328072 0.075423
v -0.293508 0.344135 0.057549
v -0.326947 0.339380 0.049855
v -0.311883 0.355394 0.033678
v -0.315080 0.379289 -0.009598
v -0.316320 0.394048 -0.037343
v -0.318715 0.418595 -0.069996
v -0.321226 0.442378 -0.096565
v -0.323754 0.467973 -0.121704
v -0.326014 0.492418 -0.146235
v -0.327651 0.508892 -0.176673
v -0.332209 0.527934 -0.228474
v -0.320733 0.538363 -0.248348
v -0.348343 0.530292 -0.253885
v -0.334996 0.545304 -0.277146
v -0.638988 0.449082 -0.273875
v -0.622596 0.480166 -0.288139
v -0.605560 0.509796 -0.306866
v -0.639975 0.443362 -0.352362
v -0.624171 0.483880 -0.340403
v -0.609584 0.513837 -0.329445
v -0.627608 0.434918 -0.407154
v -0.611444 0.475407 -0.382060
v -0.649247 0.439381 -0.487612
v -0.661759 0.464093 -0.540397
v -0.666028 0.482528 -0.568480
v -0.688787 0.474340 -0.622278
v -0.670537 0.491784 -0.602020
v -0.703074 0.436805 -0.695596
v -0.679828 0.464786 -0.664965
v -0.654737 0.491732 -0.633307
v -0.705469 0.394558 -0.750573
v -0.686247 0.422174 -0.720593
v -0.667722 0.451961 -0.692470
v -0.585176 0.500016 -0.272941
v -0.575184 0.513840 -0.291238
v -0.601724 0.506387 -0.362698
v -0.590171 0.529815 -0.347903
v -0.607734 0.458886 -0.428573
v -0.597165 0.490880 -0.400401
v -0.578142 0.525004 -0.399646
v -0.607782 0.451650 -0.472999
v -0.584305 0.491484 -0.462425
v -0.573374 0.521248 -0.438814
v -0.626370 0.466239 -0.517475
v -0.606600 0.488615 -0.535253
v -0.619816 0.524339 -0.587015
v -0.603527 0.541374 -0.598953
v -0.641788 0.482726 -0.664379
v -0.617611 0.512219 -0.640297
v -0.605856 0.544324 -0.628896
v -0.645617 0.439026 -0.721696
v -0.627326 0.468577 -0.694240
v -0.604780 0.505771 -0.662027
v -0.537147 0.523105 -0.296261
v -0.543135 0.548720 -0.349612
v -0.549448 0.551961 -0.404017
v -0.571513 0.517754 -0.483780
v -0.557502 0.537286 -0.462593
v -0.574285 0.511676 -0.531013
v -0.556178 0.525248 -0.527333
v -0.588005 0.523900 -0.564226
v -0.575103 0.546660 -0.582602
v -0.595974 0.536878 -0.655262
v -0.582625 0.574551 -0.639473
v -0.556259 0.589001 -0.648787
v -0.584287 0.485274 -0.697828
v -0.584798 0.526439 -0.677905
v -0.568060 0.569437 -0.667453
v -0.555324 0.587722 -0.654869
v -0.497410 0.532168 -0.303488
v -0.505234 0.560027 -0.359223
v -0.494308 0.570315 -0.381270
v -0.509265 0.564778 -0.404853
v -0.494864 0.571003 -0.388731
v -0.511453 0.547116 -0.460746
v -0.517845 0.540085 -0.525065
v -0.528227 0.569523 -0.588149
v -0.515076 0.584734 -0.608523
v -0.547368 0.583476 -0.618066
v -0.533116 0.591454 -0.632715
v -0.551486 0.498063 -0.695693
v -0.555077 0.531659 -0.705943
v -0.538031 0.571074 -0.684692
v -0.532882 0.592594 -0.657300
v -0.457994 0.541778 -0.311111
v -0.462548 0.564219 -0.356160
v -0.465151 0.576266 -0.381905
v -0.479989 0.569115 -0.423659
v -0.465859 0.577639 -0.412446
v -0.473166 0.560109 -0.464134
v -0.448796 0.575923 -0.471020
v -0.480610 0.565602 -0.525754
v -0.457823 0.594149 -0.528822
v -0.493352 0.575914 -0.570848
v -0.473299 0.605186 -0.589618
v -0.463157 0.640042 -0.603506
v -0.485550 0.613634 -0.631881
v -0.470161 0.647543 -0.631355
v -0.499380 0.584507 -0.684076
v -0.485301 0.615292 -0.673398
v -0.469047 0.646301 -0.658626
v -0.418332 0.549679 -0.319792
v -0.422044 0.569945 -0.359008
v -0.424425 0.584758 -0.384480
v -0.426542 0.597359 -0.424173
v -0.429153 0.618196 -0.478799
v -0.415791 0.636243 -0.500943
v -0.443414 0.624808 -0.529586
v -0.423964 0.641284 -0.531680
v -0.452764 0.631604 -0.568634
v -0.443558 0.651265 -0.583993
v -0.446613 0.666822 -0.632270
v -0.459740 0.632017 -0.687254
v -0.444951 0.659698 -0.674252
v -0.378240 0.560699 -0.327264
v -0.381121 0.577213 -0.360267
v -0.383750 0.593791 -0.385653
v -0.387851 0.617034 -0.431255
v -0.390482 0.630162 -0.468403
v -0.392898 0.638757 -0.494098
v -0.396064 0.648389 -0.534297
v -0.399822 0.662650 -0.585597
v -0.401133 0.680260 -0.638161
v -0.410788 0.682782 -0.675838
v -0.339953 0.574739 -0.336284
v -0.329440 0.588536 -0.357763
v -0.356713 0.582376 -0.359570
v -0.344017 0.598974 -0.381733
v -0.348408 0.627823 -0.439769
v -0.336775 0.638089 -0.459441
v -0.364984 0.633813 -0.463522
v -0.351859 0.643708 -0.483642
v -0.354380 0.659958 -0.537478
v -0.353874 0.678187 -0.592484
v -0.367462 0.684414 -0.625976
v -0.386852 0.689063 -0.657193
v -0.390240 0.691636 -0.678479
v -0.338074 0.689304 -0.612586
v -0.356842 0.691278 -0.639889
v -0.363326 0.699049 -0.681095
v -0.722685 0.192529 -0.802705
v -0.717653 0.214356 -0.801966
v -0.707738 0.257705 -0.799182
v -0.694123 0.302129 -0.793780
v -0.696710 0.005067 -0.806296
v -0.697113 0.046755 -0.807159
v -0.697629 0.088665 -0.805871
v -0.697911 0.130861 -0.804225
v -0.703268 0.177224 -0.803833
v -0.692929 0.216239 -0.801343
v -0.682659 0.259796 -0.797532
v -0.675816 0.290309 -0.794205
v -0.668935 0.319088 -0.790515
v -0.663095 0.006405 -0.811059
v -0.656470 0.048441 -0.813369
v -0.645184 0.087241 -0.810672
v -0.649940 0.133972 -0.807900
v -0.649745 0.176755 -0.806024
v -0.649075 0.219381 -0.801745
v -0.648156 0.262464 -0.796956
v -0.650672 0.306203 -0.792114
v -0.639711 0.007425 -0.819157
v -0.632791 0.049120 -0.817586
v -0.626397 0.071053 -0.815183
v -0.618399 0.100083 -0.812177
v -0.611660 0.136009 -0.811595
v -0.599251 0.182094 -0.810213
v -0.600933 0.222763 -0.806095
v -0.599880 0.266230 -0.801026
v -0.598889 0.309966 -0.796685
v -0.603472 0.008779 -0.828920
v -0.602457 0.050290 -0.822012
v -0.601864 0.089104 -0.816237
v -0.587550 0.137239 -0.816665
v -0.581811 0.170263 -0.814583
v -0.576166 0.199423 -0.812526
v -0.571301 0.224688 -0.810617
v -0.563139 0.268778 -0.806277
v -0.556005 0.313065 -0.802713
v -0.554782 0.010498 -0.833335
v -0.553815 0.052008 -0.830088
v -0.553587 0.095148 -0.827678
v -0.554393 0.138551 -0.825436
v -0.558009 0.184317 -0.818315
v -0.547699 0.226288 -0.815495
v -0.539240 0.270442 -0.811306
v -0.531994 0.314725 -0.807843
v -0.526254 0.011836 -0.846859
v -0.524021 0.053946 -0.845385
v -0.517607 0.097340 -0.846413
v -0.507066 0.137082 -0.842069
v -0.509469 0.184845 -0.830100
v -0.507841 0.229206 -0.826262
v -0.505850 0.272983 -0.821610
v -0.504423 0.316796 -0.817369
v -0.505645 0.012410 -0.856408
v -0.504310 0.055070 -0.856660
v -0.497189 0.098500 -0.855499
v -0.489906 0.118668 -0.847265
v -0.452356 0.071803 -0.837505
v -0.460611 0.097627 -0.833646
v -0.470461 0.136123 -0.828156
v -0.464246 0.187100 -0.832724
v -0.463221 0.231825 -0.834848
v -0.462665 0.275908 -0.835681
v -0.461948 0.320048 -0.833555
v -0.469507 0.012766 -0.861670
v -0.466375 0.057768 -0.857462
v -0.481309 0.098568 -0.852777
v -0.490026 0.118804 -0.847255
v -0.424972 0.012880 -0.826134
v -0.430784 0.058025 -0.825908
v -0.423087 0.101035 -0.828338
v -0.421021 0.145374 -0.839699
v -0.419551 0.189415 -0.838297
v -0.418972 0.233468 -0.838687
v -0.418487 0.277438 -0.836635
v -0.417311 0.321671 -0.831238
v -0.446392 0.012477 -0.844874
v -0.448914 0.043711 -0.842133
v -0.377962 0.014356 -0.822516
v -0.376856 0.058866 -0.827326
v -0.375903 0.103119 -0.833988
v -0.375255 0.147017 -0.838653
v -0.377466 0.187132 -0.840318
v -0.377184 0.232391 -0.839632
v -0.373994 0.278657 -0.834421
v -0.373110 0.323454 -0.829178
v -0.364281 0.199811 -0.840366
v -0.364092 0.216724 -0.840339
v -0.695041 0.342645 -0.780985
v -0.690157 0.382923 -0.758222
v -0.669447 0.408089 -0.742047
v -0.659348 0.346767 -0.783652
v -0.640222 0.388399 -0.766258
v -0.633952 0.428347 -0.736472
v -0.612373 0.453809 -0.720602
v -0.635025 0.349653 -0.786032
v -0.623846 0.376170 -0.779089
v -0.608940 0.404638 -0.767411
v -0.589648 0.432474 -0.745836
v -0.587766 0.462559 -0.718952
v -0.597097 0.353233 -0.789184
v -0.595246 0.394486 -0.779201
v -0.577110 0.421939 -0.768863
v -0.543902 0.453011 -0.750370
v -0.539107 0.482000 -0.716552
v -0.532714 0.533266 -0.711247
v -0.526385 0.558321 -0.702048
v -0.545205 0.354828 -0.797174
v -0.548500 0.400232 -0.789539
v -0.548432 0.436517 -0.775829
v -0.527314 0.340118 -0.804586
v -0.520052 0.461556 -0.753441
v -0.497302 0.484269 -0.733851
v -0.490770 0.530282 -0.706222
v -0.484697 0.571758 -0.692085
v -0.468461 0.601539 -0.693450
v -0.521902 0.369767 -0.800968
v -0.516710 0.402866 -0.798860
v -0.505204 0.451957 -0.785366
v -0.487624 0.473245 -0.763394
v -0.505337 0.357977 -0.809271
v -0.493964 0.405001 -0.806921
v -0.486016 0.437811 -0.802590
v -0.464711 0.504190 -0.738989
v -0.456507 0.534692 -0.731540
v -0.443413 0.580421 -0.722917
v -0.445515 0.621565 -0.703534
v -0.430496 0.653834 -0.698629
v -0.474521 0.465545 -0.796295
v -0.454045 0.491544 -0.774153
v -0.433125 0.535917 -0.751584
v -0.427728 0.566545 -0.744703
v -0.460526 0.364207 -0.827569
v -0.459139 0.408304 -0.820893
v -0.461035 0.453787 -0.811275
v -0.446948 0.483009 -0.804644
v -0.420442 0.596459 -0.736031
v -0.411537 0.626894 -0.726209
v -0.399667 0.666760 -0.712434
v -0.422311 0.509536 -0.785497
v -0.408016 0.536749 -0.770989
v -0.400154 0.581361 -0.759421
v -0.388352 0.625534 -0.743648
v -0.382675 0.652677 -0.734716
v -0.416225 0.366252 -0.830055
v -0.415323 0.410507 -0.827943
v -0.413856 0.454387 -0.820935
v -0.412065 0.498790 -0.806935
v -0.388956 0.539251 -0.788383
v -0.381960 0.566967 -0.781106
v -0.361026 0.678018 -0.726974
v -0.373981 0.594762 -0.772353
v -0.362210 0.623458 -0.762265
v -0.362846 0.662706 -0.742305
v -0.372607 0.368281 -0.833524
v -0.371952 0.412360 -0.829879
v -0.370610 0.456894 -0.821910
v -0.369017 0.501422 -0.821349
v -0.366621 0.542179 -0.810824
v -0.363188 0.582113 -0.784993
v -0.349378 0.607259 -0.773702
v -0.385622 0.684152 -0.699968
v -0.360940 0.689513 -0.707983
v -0.265226 0.332038 0.083564
v -0.265148 0.345613 0.059725
v -0.265766 0.362018 0.030918
v -0.267497 0.382694 -0.006391
v -0.269420 0.398809 -0.033996
v -0.272794 0.424196 -0.069842
v -0.275850 0.445598 -0.097944
v -0.279389 0.469801 -0.129676
v -0.282191 0.488727 -0.157106
v -0.284801 0.509756 -0.184993
v -0.288021 0.533770 -0.220921
v -0.289759 0.544901 -0.246469
v -0.292708 0.561206 -0.287333
v -0.216503 0.334238 0.084614
v -0.216966 0.349257 0.061331
v -0.218672 0.368798 0.027666
v -0.221175 0.386945 -0.005358
v -0.224004 0.404615 -0.032327
v -0.228249 0.429936 -0.070093
v -0.231672 0.451326 -0.098832
v -0.235577 0.477798 -0.128489
v -0.238867 0.499572 -0.155013
v -0.242425 0.519938 -0.189767
v -0.245384 0.536589 -0.222888
v -0.247725 0.550987 -0.247530
v -0.251234 0.571590 -0.292905
v -0.171580 0.343607 0.087424
v -0.172383 0.357870 0.064104
v -0.172760 0.385085 0.018448
v -0.158345 0.394298 -0.007623
v -0.187076 0.394089 -0.003545
v -0.176801 0.408182 -0.026094
v -0.184744 0.432932 -0.073884
v -0.188884 0.455136 -0.102368
v -0.193245 0.482161 -0.131172
v -0.196720 0.503622 -0.158514
v -0.200560 0.528082 -0.194730
v -0.202836 0.542648 -0.223379
v -0.204948 0.556439 -0.248753
v -0.209210 0.581986 -0.301949
v -0.196608 0.595275 -0.322507
v -0.128620 0.350180 0.081147
v -0.128944 0.358140 0.053602
v -0.130553 0.374744 0.010062
v -0.132836 0.392927 -0.014228
v -0.136133 0.413485 -0.039563
v -0.141234 0.438756 -0.077881
v -0.145372 0.453055 -0.107356
v -0.151267 0.475376 -0.145375
v -0.154883 0.501140 -0.169368
v -0.162707 0.534393 -0.202384
v -0.153033 0.549397 -0.225508
v -0.181197 0.544418 -0.224725
v -0.166103 0.559930 -0.246340
v -0.165761 0.584859 -0.296093
v -0.167671 0.598963 -0.320667
v -0.092863 0.342380 0.066491
v -0.080167 0.361213 0.048209
v -0.086555 0.389682 0.013705
v -0.089337 0.406787 -0.010302
v -0.093457 0.429085 -0.045896
v -0.097182 0.446985 -0.077576
v -0.100426 0.458415 -0.103894
v -0.106277 0.482006 -0.149881
v -0.110370 0.499149 -0.178340
v -0.113750 0.531586 -0.209486
v -0.129973 0.551461 -0.227508
v -0.101101 0.549249 -0.234300
v -0.118174 0.565833 -0.251823
v -0.122569 0.591795 -0.294245
v -0.123621 0.604448 -0.319563
v -0.038892 0.390125 0.039792
v -0.023602 0.406240 0.016682
v -0.052008 0.403338 0.018377
v -0.042217 0.416335 -0.001568
v -0.054891 0.443526 -0.052906
v -0.045035 0.457944 -0.071579
v -0.074333 0.450697 -0.075778
v -0.059459 0.466366 -0.099287
v -0.060455 0.490261 -0.147806
v -0.064071 0.505726 -0.174197
v -0.068924 0.528643 -0.210260
v -0.072731 0.547514 -0.239081
v -0.075107 0.567133 -0.266485
v -0.076758 0.590871 -0.297201
v -0.076451 0.609699 -0.324268
v 0.001492 0.391715 0.039236
v -0.000641 0.408785 0.015559
v -0.003268 0.428517 -0.012262
v -0.006444 0.449676 -0.043394
v -0.009196 0.465259 -0.067438
v -0.013137 0.490198 -0.112941
v 0.000037 0.505727 -0.133655
v -0.029425 0.498282 -0.141347
v -0.017429 0.514116 -0.161373
v -0.026453 0.540228 -0.213258
v -0.015409 0.558560 -0.231449
v -0.047494 0.550374 -0.239296
v -0.032588 0.576771 -0.264949
v -0.019358 0.609043 -0.285787
v -0.049263 0.596755 -0.293521
v -0.038755 0.629797 -0.312698
v -0.027456 0.658526 -0.334092
v 0.017624 0.454468 -0.040982
v 0.010895 0.548386 -0.197598
v -0.296064 0.579379 -0.330805
v -0.298297 0.591815 -0.357334
v -0.301302 0.611264 -0.391839
v -0.304790 0.633122 -0.430996
v -0.306699 0.643047 -0.455500
v -0.308986 0.654377 -0.490745
v -0.312268 0.671954 -0.540051
v -0.314876 0.686042 -0.581817
v -0.253644 0.586013 -0.328309
v -0.255386 0.596187 -0.355218
v -0.259254 0.620260 -0.396090
v -0.262113 0.637789 -0.427831
v -0.264009 0.646971 -0.451774
v -0.266730 0.661508 -0.493702
v -0.269472 0.677730 -0.543228
v -0.271191 0.689044 -0.573039
v -0.225238 0.591031 -0.325091
v -0.212668 0.604073 -0.345778
v -0.216126 0.633213 -0.402837
v -0.202339 0.644006 -0.423110
v -0.231400 0.641090 -0.425701
v -0.218986 0.649689 -0.444378
v -0.223184 0.667291 -0.496203
v -0.228475 0.685174 -0.547700
v -0.246163 0.691056 -0.569394
v -0.170217 0.616143 -0.352254
v -0.172592 0.635392 -0.398222
v -0.173066 0.644875 -0.423469
v -0.173800 0.654586 -0.452054
v -0.176108 0.670513 -0.500793
v -0.178206 0.682618 -0.535494
v -0.120679 0.621305 -0.366008
v -0.105585 0.648138 -0.384053
v -0.135384 0.633273 -0.397395
v -0.118817 0.660778 -0.416228
v -0.131849 0.674470 -0.455464
v -0.145773 0.685095 -0.500933
v -0.152180 0.686645 -0.526622
v -0.142470 0.687219 -0.673776
v -0.078942 0.638000 -0.349937
v -0.081541 0.661646 -0.372782
v -0.083312 0.685705 -0.399660
v -0.092851 0.646595 -0.672188
v -0.108021 0.671600 -0.664197
v -0.056294 0.648698 -0.340686
v -0.042484 0.676186 -0.362139
v -0.057471 0.694175 -0.392428
v -0.064833 0.637705 -0.667765
v -0.063821 0.671269 -0.647163
v -0.007773 0.684747 -0.625471
v -0.006379 0.600023 -0.679299
v -0.020420 0.626781 -0.664575
v -0.020695 0.671146 -0.636921
v -0.316152 0.692035 -0.606280
v -0.318016 0.700273 -0.637093
v -0.320118 0.708583 -0.680970
v -0.272467 0.696694 -0.596774
v -0.274379 0.707204 -0.638596
v -0.276503 0.714904 -0.680428
v -0.216414 0.694496 -0.565652
v -0.230965 0.701307 -0.587822
v -0.230701 0.714460 -0.639510
v -0.233228 0.719773 -0.677165
v -0.179510 0.691036 -0.558691
v -0.181543 0.701836 -0.595600
v -0.184865 0.715255 -0.639760
v -0.190835 0.719050 -0.673208
v -0.107252 0.698479 -0.430657
v -0.115051 0.705218 -0.453404
v -0.125327 0.707382 -0.499883
v -0.138386 0.709837 -0.543150
v -0.133734 0.729110 -0.597889
v -0.118584 0.736847 -0.610703
v -0.146131 0.728647 -0.632344
v -0.127258 0.731286 -0.624861
v -0.151372 0.711184 -0.661702
v -0.130357 0.722444 -0.637100
v -0.084484 0.708383 -0.423856
v -0.087056 0.731279 -0.452682
v -0.073580 0.754073 -0.466364
v -0.090919 0.725659 -0.501162
v -0.072484 0.750986 -0.500834
v -0.095454 0.730340 -0.548245
v -0.071189 0.740906 -0.546815
v -0.105426 0.737696 -0.585005
v -0.091974 0.741174 -0.595651
v -0.093606 0.719887 -0.624223
v -0.104080 0.730198 -0.618636
v -0.109049 0.708704 -0.638945
v -0.121539 0.721352 -0.634195
v -0.029071 0.703701 -0.382901
v -0.045536 0.722748 -0.412738
v -0.033768 0.749976 -0.432669
v -0.061375 0.741971 -0.439705
v -0.046528 0.769300 -0.458059
v -0.027303 0.790440 -0.480129
v -0.050597 0.776185 -0.501478
v -0.030103 0.788848 -0.499330
v -0.038929 0.765909 -0.545368
v -0.023854 0.779531 -0.527730
v -0.048982 0.751573 -0.584462
v -0.062367 0.715678 -0.618358
v -0.058352 0.734929 -0.604027
v -0.063613 0.697780 -0.630029
v -0.019509 0.770416 -0.552429
v -0.020325 0.709583 -0.612775
v -0.038698 0.692725 -0.627251
v -0.329574 0.015582 -0.826159
v -0.329237 0.060077 -0.829851
v -0.327106 0.106572 -0.836879
v -0.327416 0.148877 -0.838588
v -0.332000 0.187849 -0.838491
v -0.331559 0.233281 -0.836136
v -0.328850 0.279795 -0.830275
v -0.328250 0.324852 -0.828107
v -0.309741 0.122664 -0.838483
v -0.309851 0.134984 -0.838204
v -0.348444 0.200150 -0.839873
v -0.348319 0.216998 -0.839386
v -0.293455 0.016207 -0.835013
v -0.297846 0.060390 -0.833646
v -0.302970 0.093812 -0.837873
v -0.305388 0.164091 -0.837252
v -0.287915 0.191556 -0.834633
v -0.284281 0.236140 -0.831309
v -0.283718 0.281138 -0.829757
v -0.283101 0.326011 -0.827570
v -0.271254 0.016576 -0.844098
v -0.274778 0.060490 -0.840181
v -0.286023 0.106541 -0.842943
v -0.286795 0.148309 -0.837899
v -0.274470 0.176280 -0.836125
v -0.239403 0.205304 -0.835458
v -0.239080 0.236763 -0.827581
v -0.238333 0.282447 -0.827569
v -0.237281 0.327331 -0.824816
v -0.241109 0.016694 -0.855130
v -0.240317 0.060870 -0.853568
v -0.240030 0.104536 -0.853736
v -0.239750 0.148144 -0.849523
v -0.239452 0.182894 -0.840905
v -0.183723 0.018207 -0.834624
v -0.178678 0.041500 -0.837248
v -0.175412 0.168564 -0.834774
v -0.191428 0.194446 -0.834134
v -0.193246 0.237865 -0.824484
v -0.191882 0.283992 -0.823203
v -0.188833 0.328709 -0.829857
v -0.204016 0.017740 -0.844919
v -0.194077 0.057917 -0.848059
v -0.197067 0.105025 -0.850514
v -0.193177 0.151157 -0.841202
v -0.204946 0.179790 -0.838917
v -0.172188 0.343717 -0.835420
v -0.156243 0.018244 -0.822311
v -0.156288 0.058873 -0.830476
v -0.144169 0.106430 -0.833389
v -0.152883 0.153128 -0.834023
v -0.150729 0.194643 -0.830615
v -0.149199 0.239572 -0.826144
v -0.149326 0.282543 -0.832443
v -0.163760 0.314492 -0.834003
v -0.170982 0.070644 -0.840794
v -0.165979 0.105748 -0.842168
v -0.168277 0.139363 -0.838035
v -0.135799 0.296797 -0.837217
v -0.149121 0.329356 -0.839381
v -0.110315 0.018168 -0.803335
v -0.110839 0.062765 -0.807719
v -0.110686 0.106868 -0.812489
v -0.109804 0.151443 -0.816909
v -0.106769 0.195957 -0.827133
v -0.107122 0.240655 -0.825931
v -0.108941 0.282487 -0.830530
v -0.102215 0.329508 -0.830050
v -0.124393 0.296793 -0.837646
v -0.123152 0.329682 -0.838623
v -0.061412 0.018113 -0.782305
v -0.056317 0.062261 -0.784067
v -0.054634 0.106240 -0.783180
v -0.054652 0.151082 -0.781287
v -0.052318 0.196993 -0.780765
v -0.045909 0.231309 -0.786824
v -0.042908 0.299796 -0.787963
v -0.044828 0.328355 -0.786444
v -0.084419 0.018107 -0.792935
v -0.079757 0.062372 -0.794166
v -0.077922 0.106597 -0.795245
v -0.078728 0.151752 -0.794775
v -0.075096 0.197100 -0.798185
v -0.060487 0.243602 -0.803412
v -0.061550 0.285279 -0.798264
v -0.067632 0.328839 -0.803761
v -0.019125 0.018346 -0.761802
v -0.017869 0.150445 -0.766077
v -0.018688 0.195949 -0.765269
v -0.023916 0.244090 -0.773300
v -0.021609 0.285581 -0.780312
v -0.017882 0.328701 -0.773748
v -0.040357 0.260222 -0.791339
v -0.040478 0.270901 -0.790654
v -0.323276 0.683279 -0.731447
v -0.307896 0.605871 -0.775768
v -0.322311 0.625455 -0.766822
v -0.325151 0.665134 -0.746785
v -0.327952 0.369431 -0.829820
v -0.327350 0.413593 -0.824457
v -0.326496 0.458833 -0.817722
v -0.326401 0.503780 -0.822827
v -0.325346 0.543694 -0.810459
v -0.322138 0.588879 -0.785307
v -0.332746 0.608466 -0.775091
v -0.281452 0.683747 -0.729373
v -0.285035 0.600420 -0.773773
v -0.284601 0.629438 -0.757978
v -0.283109 0.660619 -0.740775
v -0.282509 0.370484 -0.824800
v -0.281663 0.415105 -0.820592
v -0.281325 0.460076 -0.818154
v -0.282420 0.504029 -0.820622
v -0.283863 0.544545 -0.802411
v -0.284639 0.579610 -0.783896
v -0.223745 0.650466 -0.727848
v -0.237768 0.674317 -0.722937
v -0.221673 0.562119 -0.773738
v -0.238678 0.584307 -0.766701
v -0.239553 0.632834 -0.741950
v -0.251855 0.657786 -0.734708
v -0.236422 0.371959 -0.824543
v -0.235814 0.416669 -0.823498
v -0.236492 0.460562 -0.823962
v -0.238133 0.502261 -0.813279
v -0.237208 0.546565 -0.787754
v -0.250976 0.569982 -0.778187
v -0.197763 0.642346 -0.721025
v -0.196625 0.675247 -0.705986
v -0.197585 0.557787 -0.769599
v -0.198318 0.584111 -0.751407
v -0.198208 0.619178 -0.732306
v -0.197177 0.373323 -0.829189
v -0.197438 0.417582 -0.830363
v -0.190583 0.457581 -0.832021
v -0.194604 0.501049 -0.806921
v -0.196420 0.537382 -0.783765
v -0.175385 0.373860 -0.835390
v -0.176153 0.418071 -0.837120
v -0.173774 0.440315 -0.835568
v -0.140815 0.603065 -0.716924
v -0.154897 0.626380 -0.710168
v -0.156370 0.673608 -0.687676
v -0.135067 0.519006 -0.775009
v -0.152061 0.542736 -0.764794
v -0.155524 0.586775 -0.733131
v -0.168403 0.609881 -0.724437
v -0.141829 0.424335 -0.832977
v -0.153453 0.456852 -0.826329
v -0.149418 0.504368 -0.794827
v -0.163469 0.529903 -0.780061
v -0.148241 0.374027 -0.840846
v -0.152557 0.413465 -0.837469
v -0.169199 0.439772 -0.835161
v -0.113292 0.594711 -0.711186
v -0.110421 0.629985 -0.688925
v -0.122996 0.658173 -0.679201
v -0.089341 0.475056 -0.785176
v -0.107117 0.504397 -0.774040
v -0.111757 0.542458 -0.748221
v -0.113416 0.573131 -0.725623
v -0.106011 0.372969 -0.824638
v -0.113128 0.412460 -0.819498
v -0.104531 0.461222 -0.802667
v -0.119521 0.492407 -0.789220
v -0.126320 0.373506 -0.836889
v -0.129618 0.395630 -0.834813
v -0.056241 0.551161 -0.721037
v -0.070398 0.582179 -0.704703
v -0.066155 0.615642 -0.681733
v -0.050281 0.372196 -0.782581
v -0.057382 0.416774 -0.777341
v -0.065261 0.461740 -0.777340
v -0.063740 0.503494 -0.756815
v -0.069193 0.539791 -0.733742
v -0.088522 0.565231 -0.721881
v -0.072983 0.372504 -0.800405
v -0.080172 0.416719 -0.794002
v -0.083209 0.446975 -0.791659
v -0.023625 0.542422 -0.716513
v -0.020658 0.586726 -0.690340
v -0.038509 0.609384 -0.679233
v -0.017358 0.372483 -0.765513
v -0.015561 0.415644 -0.753047
v -0.026740 0.461658 -0.751265
v -0.035497 0.504843 -0.743306
v -0.042033 0.524810 -0.734585
v -0.320159 0.697018 -0.712052
v -0.277858 0.702578 -0.709761
v -0.235719 0.705810 -0.705464
v -0.194874 0.702183 -0.693950
v -0.171111 0.695266 -0.685500
v -0.793710 -0.059370 0.071280
v -0.772771 -0.098861 0.030813
v -0.785745 -0.071732 0.043205
v -0.758157 -0.146365 -0.006002
v -0.772653 -0.113543 0.005986
v -0.789503 -0.073082 0.003688
v -0.341348 -0.437868 0.370293
v -0.348200 -0.404288 0.379949
v -0.355151 -0.357819 0.389692
v -0.442390 -0.114941 0.404883
v -0.450865 -0.075874 0.428170
v -0.456027 -0.024403 0.456202
v -0.382227 -0.144497 0.440203
v -0.383924 -0.114292 0.452100
v -0.387030 -0.058137 0.475619
v -0.394480 -0.004071 0.502605
v -0.386471 -0.290465 0.371866
v -0.390602 -0.265841 0.378626
v -0.397114 -0.219080 0.391303
v -0.400517 -0.167823 0.413289
v -0.414796 -0.124699 0.419618
v -0.417544 -0.066311 0.457090
v -0.422805 -0.012851 0.484691
v -0.339178 -0.298498 0.420934
v -0.344271 -0.261158 0.428162
v -0.349041 -0.213517 0.435547
v -0.360386 -0.160601 0.447844
v -0.356561 -0.107929 0.472666
v -0.354430 -0.049469 0.499429
v -0.354124 0.006995 0.523904
v -0.361255 -0.310353 0.394194
v -0.369489 -0.263646 0.402895
v -0.374144 -0.216229 0.415264
v -0.378551 -0.178418 0.427580
v -0.531668 -0.797620 0.001119
v -0.544373 -0.782396 0.012491
v -0.543496 -0.737864 0.010372
v -0.485017 -0.798643 0.089925
v -0.492337 -0.782424 0.096329
v -0.485325 -0.752903 0.091367
v -0.493577 -0.802445 0.068318
v -0.510710 -0.782744 0.069474
v -0.495956 -0.738811 0.063889
v -0.510404 -0.803838 0.019792
v -0.529755 -0.782743 0.035779
v -0.519358 -0.738819 0.031939
v -0.444705 -0.802445 0.139649
v -0.447890 -0.780767 0.142832
v -0.443138 -0.737893 0.140715
v -0.461420 -0.803913 0.108774
v -0.474766 -0.782052 0.118721
v -0.466260 -0.738502 0.106483
v -0.465217 -0.809874 0.069792
v -0.478659 -0.723518 0.082619
v -0.465372 -0.816607 0.024744
v -0.400774 -0.807016 0.185596
v -0.402978 -0.778896 0.188752
v -0.400723 -0.734471 0.191578
v -0.419223 -0.815252 0.158575
v -0.426652 -0.780008 0.165313
v -0.425385 -0.736353 0.164393
v -0.396920 -0.837764 0.094337
v -0.412898 -0.824200 0.110760
v -0.400164 -0.840150 0.071170
v -0.420839 -0.826512 0.070385
v -0.405865 -0.843485 0.026053
v -0.426652 -0.830414 0.025218
v -0.343952 -0.716738 0.318305
v -0.348897 -0.763538 0.286753
v -0.350276 -0.731144 0.298562
v -0.350550 -0.803328 0.236366
v -0.348760 -0.774166 0.248333
v -0.364309 -0.730399 0.248592
v -0.354644 -0.838754 0.187039
v -0.371182 -0.822495 0.202892
v -0.378217 -0.776810 0.211093
v -0.379359 -0.732228 0.214534
v -0.361524 -0.841022 0.162213
v -0.383629 -0.836778 0.161299
v -0.377337 -0.844105 0.113266
v -0.389066 -0.836779 0.124200
v -0.378186 -0.847829 0.072053
v -0.378509 -0.851630 0.026874
v -0.630418 -0.401417 -0.006271
v -0.634639 -0.375450 -0.003138
v -0.587165 -0.408053 0.042691
v -0.594096 -0.373753 0.049221
v -0.581127 -0.545097 -0.003317
v -0.588458 -0.511145 0.002757
v -0.597334 -0.465930 0.010677
v -0.606583 -0.419885 0.015815
v -0.616584 -0.374715 0.019665
v -0.539843 -0.347164 0.180126
v -0.549686 -0.358593 0.158159
v -0.534276 -0.440681 0.087194
v -0.536725 -0.414972 0.096921
v -0.550687 -0.371895 0.113468
v -0.530547 -0.584421 0.041507
v -0.534474 -0.555732 0.045411
v -0.540942 -0.509770 0.050821
v -0.546852 -0.459546 0.063144
v -0.566714 -0.420377 0.059855
v -0.573083 -0.371348 0.072595
v -0.546776 -0.693981 0.010143
v -0.547850 -0.647823 0.011503
v -0.546007 -0.600872 0.019214
v -0.559602 -0.558340 0.012552
v -0.564381 -0.510115 0.024302
v -0.574723 -0.464904 0.032928
v -0.581213 -0.438223 0.037932
v -0.490693 -0.397997 0.234530
v -0.494444 -0.367056 0.241719
v -0.483694 -0.435586 0.186422
v -0.498120 -0.413711 0.204256
v -0.519610 -0.363903 0.199348
v -0.485225 -0.495146 0.137188
v -0.484648 -0.454455 0.153807
v -0.509120 -0.412330 0.158174
v -0.535511 -0.381245 0.159399
v -0.483441 -0.629977 0.092311
v -0.490917 -0.599809 0.101107
v -0.496170 -0.554998 0.107708
v -0.496632 -0.510445 0.114899
v -0.513833 -0.457737 0.105872
v -0.522029 -0.412865 0.121139
v -0.534898 -0.390349 0.133972
v -0.497685 -0.693311 0.057342
v -0.497757 -0.646239 0.065135
v -0.514570 -0.599531 0.059593
v -0.517132 -0.555302 0.068979
v -0.522240 -0.509622 0.075120
v -0.527680 -0.472170 0.080634
v -0.521797 -0.693695 0.032340
v -0.525134 -0.647065 0.035313
v -0.528301 -0.614853 0.038615
v -0.441035 -0.485462 0.276624
v -0.447191 -0.457526 0.281285
v -0.455025 -0.412293 0.286618
v -0.462259 -0.366554 0.290467
v -0.443666 -0.494111 0.252515
v -0.458992 -0.457400 0.252373
v -0.476906 -0.412800 0.250540
v -0.481682 -0.366380 0.263545
v -0.438276 -0.622893 0.182746
v -0.440769 -0.597497 0.186602
v -0.441350 -0.551104 0.194608
v -0.445905 -0.506853 0.208737
v -0.469391 -0.453309 0.203530
v -0.483482 -0.427969 0.218314
v -0.439142 -0.690648 0.139737
v -0.443212 -0.639573 0.154485
v -0.457803 -0.598124 0.157433
v -0.463419 -0.553113 0.157251
v -0.472881 -0.508710 0.155078
v -0.473720 -0.467945 0.168510
v -0.457782 -0.691786 0.109379
v -0.464086 -0.643235 0.106246
v -0.478593 -0.599249 0.124591
v -0.479926 -0.554190 0.129788
v -0.482865 -0.526715 0.133304
v -0.478362 -0.692764 0.082013
v -0.479064 -0.661565 0.083568
v -0.388947 -0.438289 0.313861
v -0.392761 -0.407431 0.318675
v -0.398362 -0.361267 0.328588
v -0.390899 -0.623760 0.279710
v -0.397278 -0.594676 0.286099
v -0.406331 -0.549129 0.291292
v -0.423144 -0.503341 0.294718
v -0.411145 -0.455798 0.301666
v -0.420909 -0.409972 0.303377
v -0.425838 -0.363830 0.307577
v -0.391751 -0.670477 0.235366
v -0.393639 -0.638954 0.250126
v -0.404329 -0.594371 0.250159
v -0.418896 -0.548509 0.250997
v -0.432325 -0.516830 0.251764
v -0.397506 -0.686390 0.202598
v -0.420558 -0.639202 0.200846
v -0.422712 -0.595999 0.209121
v -0.426714 -0.549120 0.218319
v -0.433702 -0.524014 0.227471
v -0.424200 -0.689235 0.162357
v -0.428378 -0.652340 0.168460
v -0.349844 -0.684266 0.323241
v -0.356964 -0.638856 0.327838
v -0.359212 -0.593458 0.328493
v -0.358613 -0.547367 0.328920
v -0.358566 -0.500321 0.331909
v -0.361404 -0.453839 0.337415
v -0.370064 -0.405805 0.346767
v -0.377505 -0.359682 0.356492
v -0.364590 -0.684573 0.296000
v -0.381364 -0.639389 0.295623
v -0.384523 -0.594431 0.307565
v -0.383357 -0.548281 0.309509
v -0.383569 -0.501573 0.310028
v -0.385164 -0.470115 0.311122
v -0.380944 -0.685566 0.250989
v -0.384353 -0.653256 0.266109
v -0.383338 -0.701380 0.220610
v -0.749660 -0.094063 0.202262
v -0.764092 -0.073679 0.208320
v -0.750971 -0.102410 0.177109
v -0.774431 -0.073757 0.173450
v -0.733160 -0.136485 0.128802
v -0.752459 -0.114274 0.137655
v -0.783958 -0.073286 0.127482
v -0.728706 -0.143809 0.093353
v -0.756148 -0.109756 0.088687
v -0.786925 -0.072251 0.085688
v -0.712050 -0.186846 0.042770
v -0.728282 -0.154697 0.052628
v -0.760917 -0.111085 0.045483
v -0.777459 -0.083887 0.057887
v -0.691312 -0.268732 -0.007732
v -0.701784 -0.240449 0.000962
v -0.719138 -0.200318 0.012262
v -0.745876 -0.156992 0.006915
v -0.759835 -0.126145 0.020460
v -0.691869 -0.141270 0.219015
v -0.721842 -0.109396 0.223118
v -0.736456 -0.073456 0.242265
v -0.673780 -0.177774 0.179815
v -0.696119 -0.151744 0.188980
v -0.731421 -0.120915 0.179921
v -0.659893 -0.219066 0.132978
v -0.676408 -0.192340 0.145170
v -0.717013 -0.149401 0.143000
v -0.732806 -0.128112 0.157240
v -0.656545 -0.224260 0.102305
v -0.684856 -0.190727 0.098572
v -0.710723 -0.163946 0.095686
v -0.650702 -0.272953 0.046782
v -0.666326 -0.239477 0.059050
v -0.697693 -0.197667 0.056772
v -0.711820 -0.170839 0.072629
v -0.647248 -0.329490 0.005390
v -0.664957 -0.285687 0.012863
v -0.688114 -0.239181 0.023544
v -0.699082 -0.216315 0.030901
v -0.664469 -0.057873 0.260302
v -0.611881 -0.215326 0.224213
v -0.630099 -0.191511 0.230715
v -0.658397 -0.154595 0.238825
v -0.665845 -0.109978 0.254413
v -0.680471 -0.071422 0.256053
v -0.603012 -0.258434 0.178471
v -0.616264 -0.230956 0.194170
v -0.653023 -0.190972 0.195060
v -0.669774 -0.166915 0.208888
v -0.595843 -0.307005 0.136059
v -0.607421 -0.276095 0.150662
v -0.641829 -0.234118 0.149996
v -0.656561 -0.206873 0.162086
v -0.600050 -0.314525 0.110786
v -0.622252 -0.281153 0.108464
v -0.642905 -0.247707 0.105169
v -0.604368 -0.327404 0.063176
v -0.632677 -0.284947 0.062434
v -0.643211 -0.254595 0.078385
v -0.629742 -0.328912 0.028946
v -0.637719 -0.303559 0.034780
v -0.554727 -0.215760 0.271750
v -0.564905 -0.189794 0.273609
v -0.580098 -0.148189 0.276954
v -0.595366 -0.106413 0.285832
v -0.616797 -0.066513 0.291587
v -0.554569 -0.261488 0.236124
v -0.577804 -0.231270 0.248910
v -0.595446 -0.190885 0.256654
v -0.611488 -0.149263 0.258574
v -0.630298 -0.108946 0.261215
v -0.642058 -0.084345 0.263181
v -0.546975 -0.322823 0.185518
v -0.567801 -0.273192 0.196868
v -0.592667 -0.243231 0.209569
v -0.574175 -0.322596 0.153364
v -0.586259 -0.288491 0.164259
v -0.583563 -0.335830 0.111090
v -0.581139 -0.341226 0.081164
v -0.503422 -0.131430 0.340540
v -0.512850 -0.092894 0.357960
v -0.523869 -0.046947 0.382054
v -0.497966 -0.309417 0.278546
v -0.509759 -0.275783 0.284845
v -0.526813 -0.230319 0.286909
v -0.526988 -0.188036 0.301073
v -0.526633 -0.147552 0.316745
v -0.548977 -0.100088 0.328521
v -0.561931 -0.056138 0.346073
v -0.504209 -0.323441 0.253850
v -0.533499 -0.276549 0.252354
v -0.545564 -0.244367 0.268363
v -0.528109 -0.322056 0.209690
v -0.536768 -0.291353 0.219026
v -0.444404 -0.261438 0.326838
v -0.453732 -0.225790 0.337798
v -0.462694 -0.180983 0.350710
v -0.469085 -0.139879 0.365710
v -0.480890 -0.084657 0.394340
v -0.488241 -0.035946 0.420775
v -0.471897 -0.322637 0.292808
v -0.463339 -0.275864 0.306889
v -0.482179 -0.228589 0.314668
v -0.493014 -0.184897 0.325002
v -0.497537 -0.162375 0.330759
v -0.487628 -0.339811 0.270359
v -0.401886 -0.310409 0.346156
v -0.419646 -0.272297 0.344759
v -0.425189 -0.222661 0.364227
v -0.432403 -0.176604 0.378170
v -0.436034 -0.148939 0.388278
v -0.432664 -0.317216 0.314467
v -0.437836 -0.292302 0.319608
v -0.382612 -0.322012 0.364663
v -0.298081 -0.753799 0.360501
v -0.302038 -0.729166 0.363429
v -0.260484 -0.838111 0.371323
v -0.270571 -0.818999 0.380530
v -0.277708 -0.770062 0.377191
v -0.275863 -0.728589 0.383858
v -0.202162 -0.705608 0.463963
v -0.213870 -0.833734 0.412786
v -0.220975 -0.815001 0.418086
v -0.219064 -0.769325 0.417692
v -0.211044 -0.722502 0.427178
v -0.233151 -0.838167 0.388044
v -0.247087 -0.817714 0.402232
v -0.249725 -0.772470 0.404255
v -0.247791 -0.727103 0.403251
v -0.164330 -0.755759 0.504237
v -0.173011 -0.718133 0.511597
v -0.169067 -0.834234 0.462221
v -0.176870 -0.813733 0.473726
v -0.181253 -0.771532 0.486058
v -0.195045 -0.720812 0.479908
v -0.186806 -0.837419 0.433147
v -0.194669 -0.812832 0.440828
v -0.195318 -0.767293 0.445555
v -0.198217 -0.737878 0.451143
v -0.192508 -0.838775 0.393996
v -0.116026 -0.693341 0.546197
v -0.132169 -0.792886 0.506771
v -0.141889 -0.765999 0.511637
v -0.134372 -0.712677 0.534467
v -0.144547 -0.835179 0.468773
v -0.147229 -0.811954 0.494179
v -0.159162 -0.784737 0.498657
v -0.146279 -0.842087 0.440461
v -0.147481 -0.835688 0.396827
v -0.075145 -0.743648 0.549026
v -0.090361 -0.709267 0.552228
v -0.096409 -0.800729 0.521087
v -0.092259 -0.759849 0.539564
v -0.105681 -0.724256 0.542946
v -0.099398 -0.829153 0.473399
v -0.097634 -0.820482 0.494011
v -0.100791 -0.833216 0.442632
v -0.105571 -0.829164 0.398896
v -0.092500 -0.823896 0.384340
v -0.032581 -0.781069 0.553364
v -0.046245 -0.756158 0.555021
v -0.043827 -0.708095 0.570126
v -0.051665 -0.803726 0.538651
v -0.062962 -0.772073 0.546192
v -0.053544 -0.824181 0.472713
v -0.052012 -0.820921 0.493341
v -0.054252 -0.826032 0.444880
v -0.054347 -0.825722 0.413033
v -0.054034 -0.822933 0.390294
v -0.030367 -0.820831 0.469314
v -0.027937 -0.822224 0.446134
v -0.027215 -0.823906 0.417793
v -0.288738 -0.375283 0.459874
v -0.290437 -0.350560 0.463705
v -0.295095 -0.527364 0.416438
v -0.299368 -0.494074 0.424340
v -0.302871 -0.447264 0.430777
v -0.301904 -0.395477 0.439056
v -0.310543 -0.352859 0.436678
v -0.303655 -0.682944 0.364411
v -0.304237 -0.635714 0.367345
v -0.305520 -0.588890 0.376008
v -0.305609 -0.543537 0.389291
v -0.316202 -0.496014 0.387539
v -0.326538 -0.451274 0.386838
v -0.331833 -0.402775 0.403407
v -0.334349 -0.355505 0.411468
v -0.245993 -0.477282 0.504530
v -0.247242 -0.440249 0.508632
v -0.248198 -0.392894 0.512112
v -0.249791 -0.345661 0.513701
v -0.244425 -0.604029 0.456742
v -0.249789 -0.581913 0.465132
v -0.255241 -0.535639 0.475265
v -0.258108 -0.492429 0.483454
v -0.268098 -0.443277 0.481062
v -0.273466 -0.392242 0.477119
v -0.273115 -0.348507 0.486765
v -0.245740 -0.660526 0.406454
v -0.250437 -0.623586 0.427328
v -0.271845 -0.585302 0.435092
v -0.283727 -0.540823 0.433122
v -0.286202 -0.492584 0.447037
v -0.287450 -0.445700 0.453250
v -0.287710 -0.407294 0.456613
v -0.268358 -0.680321 0.388502
v -0.277028 -0.632134 0.389757
v -0.287909 -0.586733 0.401930
v -0.291615 -0.558429 0.408177
v -0.203972 -0.521174 0.546870
v -0.203191 -0.482036 0.546969
v -0.207901 -0.434380 0.553866
v -0.206957 -0.386948 0.555472
v -0.199117 -0.339492 0.551858
v -0.208168 -0.659795 0.509071
v -0.216785 -0.627047 0.518039
v -0.225322 -0.581106 0.526674
v -0.225758 -0.537448 0.534277
v -0.232821 -0.489552 0.523660
v -0.231623 -0.437915 0.533051
v -0.230947 -0.390397 0.535825
v -0.223939 -0.342731 0.534904
v -0.209761 -0.674969 0.480680
v -0.229260 -0.621846 0.475269
v -0.239400 -0.581099 0.487641
v -0.242852 -0.534679 0.497850
v -0.244224 -0.508876 0.500993
v -0.225459 -0.674308 0.423906
v -0.232123 -0.633525 0.441129
v -0.247009 -0.695359 0.403814
v -0.150945 -0.356635 0.593860
v -0.151217 -0.342813 0.595529
v -0.164598 -0.605175 0.544426
v -0.174269 -0.575133 0.546552
v -0.185423 -0.532310 0.551889
v -0.179099 -0.478877 0.561496
v -0.177997 -0.430053 0.572191
v -0.170854 -0.378499 0.580352
v -0.168616 -0.331518 0.580829
v -0.188750 -0.674798 0.522814
v -0.180952 -0.622743 0.537082
v -0.195575 -0.576544 0.540968
v -0.201893 -0.552118 0.543622
v -0.200205 -0.690489 0.495083
v -0.111222 -0.451083 0.593143
v -0.118282 -0.419160 0.599512
v -0.128645 -0.369371 0.603391
v -0.131125 -0.321432 0.610414
v -0.123001 -0.667110 0.548500
v -0.137494 -0.619529 0.551146
v -0.134477 -0.571733 0.560225
v -0.133389 -0.522531 0.569408
v -0.129484 -0.471503 0.580225
v -0.143240 -0.424174 0.586596
v -0.147501 -0.388323 0.589162
v -0.149390 -0.309381 0.597076
v -0.146135 -0.668590 0.539344
v -0.154683 -0.636056 0.541821
v -0.061730 -0.390442 0.644444
v -0.069178 -0.354983 0.652049
v -0.079093 -0.302758 0.664580
v -0.066007 -0.548881 0.597033
v -0.071047 -0.513740 0.599785
v -0.083122 -0.463593 0.604513
v -0.079406 -0.412111 0.625995
v -0.092744 -0.362553 0.632183
v -0.099481 -0.311471 0.639204
v -0.089649 -0.664181 0.563037
v -0.088718 -0.616062 0.574884
v -0.084395 -0.567445 0.583774
v -0.095769 -0.517695 0.585225
v -0.101929 -0.484344 0.588305
v -0.014312 -0.372861 0.693338
v -0.022576 -0.338542 0.701602
v -0.035934 -0.285389 0.714095
v -0.012570 -0.480540 0.644966
v -0.018829 -0.449990 0.650355
v -0.032414 -0.398963 0.664307
v -0.044217 -0.346311 0.676860
v -0.057493 -0.293909 0.689494
v -0.022725 -0.640826 0.599572
v -0.029720 -0.608853 0.603111
v -0.040623 -0.560945 0.606885
v -0.032369 -0.504362 0.626558
v -0.043217 -0.455903 0.630569
v -0.052195 -0.423613 0.636840
v -0.040779 -0.659345 0.587034
v -0.054041 -0.612131 0.591133
v -0.059826 -0.581536 0.593097
v 0.001053 -0.330570 0.726273
v -0.014112 -0.277359 0.737762
v -0.003671 -0.408022 0.684687
v -0.004958 -0.514932 0.640212
v -0.012988 -0.672222 0.595863
v -0.292129 -0.303988 0.468498
v -0.289687 -0.257527 0.467579
v -0.289567 -0.206588 0.473806
v -0.291502 -0.151281 0.489023
v -0.295674 -0.093591 0.511212
v -0.300474 -0.036013 0.534748
v -0.301580 0.018901 0.552985
v -0.320212 -0.310309 0.436781
v -0.316818 -0.259012 0.451454
v -0.314073 -0.209438 0.460089
v -0.315298 -0.155833 0.474886
v -0.319027 -0.098884 0.496563
v -0.323888 -0.041531 0.520430
v -0.325518 0.013818 0.539736
v -0.335918 -0.330130 0.415379
v -0.248592 -0.299026 0.514217
v -0.244678 -0.272136 0.513656
v -0.272865 -0.301716 0.493118
v -0.256863 -0.258819 0.486415
v -0.261192 -0.203045 0.486484
v -0.260400 -0.144881 0.506489
v -0.259592 -0.085741 0.531328
v -0.259083 -0.027912 0.555809
v -0.256950 0.025995 0.572279
v -0.196169 -0.297863 0.553883
v -0.212042 -0.289752 0.538207
v -0.214779 -0.250136 0.528054
v -0.196624 -0.192080 0.527538
v -0.204426 -0.131405 0.549097
v -0.208820 -0.074786 0.567908
v -0.209143 -0.020615 0.582138
v -0.209904 0.029195 0.591501
v -0.224241 -0.242107 0.500279
v -0.220856 -0.195986 0.510865
v -0.225119 -0.136563 0.532253
v -0.229153 -0.079230 0.552470
v -0.230067 -0.023387 0.569429
v -0.231305 0.028612 0.581497
v -0.233245 0.053550 0.586681
v -0.178333 -0.280298 0.573542
v -0.167940 -0.231963 0.578293
v -0.150081 -0.207868 0.566656
v -0.194306 -0.266282 0.556509
v -0.188030 -0.238854 0.557692
v -0.164430 -0.190639 0.547981
v -0.176881 -0.124275 0.569473
v -0.177496 -0.068064 0.589811
v -0.175265 -0.016849 0.601843
v -0.172708 0.029296 0.609777
v -0.124771 -0.269969 0.618382
v -0.121478 -0.230964 0.622032
v -0.146361 -0.277428 0.598517
v -0.134454 -0.221023 0.602988
v -0.123380 -0.178838 0.581450
v -0.125576 -0.109877 0.607017
v -0.131726 -0.058296 0.621552
v -0.128326 -0.012946 0.627122
v -0.119174 0.027453 0.626242
v -0.111117 0.045369 0.621614
v -0.141819 -0.164588 0.570085
v -0.147921 -0.116428 0.589299
v -0.152545 -0.062710 0.607180
v -0.148742 -0.014621 0.614541
v -0.140121 0.028262 0.618626
v -0.083377 -0.249073 0.671090
v -0.074765 -0.209535 0.666493
v -0.103680 -0.258441 0.647750
v -0.091116 -0.200958 0.644470
v -0.089146 -0.144453 0.654063
v -0.089114 -0.091368 0.664048
v -0.086631 -0.046240 0.668141
v -0.081019 -0.006807 0.665610
v -0.074708 0.011412 0.659754
v -0.106470 -0.194976 0.616289
v -0.104270 -0.157461 0.620906
v -0.106781 -0.100863 0.634389
v -0.104695 -0.051997 0.642954
v -0.099012 -0.009575 0.647223
v -0.088751 0.025359 0.643825
v -0.087111 0.046007 0.623709
v -0.035067 -0.230748 0.715770
v -0.033618 -0.172702 0.718704
v -0.038083 -0.117906 0.726061
v -0.039319 -0.080125 0.730014
v -0.058082 -0.239849 0.693038
v -0.056650 -0.181590 0.688802
v -0.056167 -0.125471 0.703210
v -0.053610 -0.072967 0.715155
v -0.054501 -0.036642 0.710405
v -0.044373 -0.015131 0.700943
v -0.073040 -0.167918 0.672096
v -0.074774 -0.135108 0.677805
v -0.075741 -0.084816 0.685320
v -0.073630 -0.041608 0.689639
v -0.057064 -0.004678 0.682505
v -0.052380 0.013752 0.661461
v -0.047341 0.028693 0.641134
v -0.041453 0.040756 0.617861
v -0.014298 -0.222314 0.738963
v -0.015768 -0.165305 0.740752
v -0.020095 -0.112270 0.746071
v -0.038646 -0.054322 0.730704
v -0.308849 -0.802513 0.330296
v -0.312520 -0.770494 0.341828
v -0.329265 -0.731016 0.336823
v -0.317302 -0.808891 0.297561
v -0.340912 -0.777125 0.300248
v -0.341818 -0.746239 0.314346
v -0.310625 -0.838368 0.234811
v -0.328004 -0.820464 0.252280
v -0.341036 -0.789902 0.268146
v -0.328067 -0.840899 0.205062
v -0.340169 -0.834068 0.216423
v -0.331112 -0.837688 0.162885
v -0.316347 -0.833969 0.147805
v -0.342433 -0.840357 0.118455
v -0.320455 -0.834325 0.119239
v -0.334189 -0.839451 0.069909
v -0.319021 -0.833538 0.084179
v -0.334791 -0.847324 0.027222
v -0.262704 -0.837879 0.345748
v -0.290544 -0.820445 0.347001
v -0.294658 -0.782091 0.356592
v -0.263362 -0.833124 0.300395
v -0.284064 -0.826732 0.298550
v -0.281428 -0.839016 0.252593
v -0.291857 -0.832162 0.265310
v -0.285873 -0.845364 0.209988
v -0.286364 -0.839095 0.172883
v -0.286888 -0.832130 0.150878
v -0.287498 -0.827108 0.120238
v -0.309094 -0.836393 0.053168
v -0.290928 -0.829734 0.070774
v -0.290879 -0.838867 0.023759
v -0.276475 -0.835249 0.035648
v -0.238782 -0.840233 0.347485
v -0.239396 -0.837070 0.302020
v -0.240125 -0.838081 0.255692
v -0.240523 -0.842103 0.210880
v -0.241316 -0.839443 0.164618
v -0.257086 -0.832641 0.149004
v -0.227476 -0.836913 0.120635
v -0.250713 -0.827845 0.121046
v -0.227860 -0.839834 0.073796
v -0.251783 -0.829095 0.073785
v -0.240479 -0.839879 0.024019
v -0.258764 -0.834592 0.035721
v -0.194077 -0.833818 0.349393
v -0.194754 -0.833557 0.303197
v -0.195096 -0.835433 0.256795
v -0.195142 -0.839689 0.211279
v -0.194813 -0.843785 0.166198
v -0.194400 -0.844931 0.120337
v -0.194633 -0.851762 0.074199
v -0.194880 -0.857791 0.028643
v -0.153186 -0.828235 0.355631
v -0.140865 -0.825164 0.343063
v -0.168376 -0.830709 0.303785
v -0.145071 -0.827338 0.304288
v -0.150918 -0.831635 0.254082
v -0.136393 -0.829217 0.267487
v -0.149390 -0.835861 0.211651
v -0.149573 -0.841907 0.166407
v -0.149961 -0.844971 0.120763
v -0.150565 -0.851652 0.074615
v -0.151203 -0.859501 0.029140
v -0.124411 -0.826734 0.375381
v -0.105575 -0.821300 0.357028
v -0.101690 -0.821898 0.305534
v -0.116250 -0.831271 0.237054
v -0.101144 -0.827730 0.255279
v -0.101629 -0.834226 0.216681
v -0.084934 -0.830507 0.235087
v -0.103518 -0.839626 0.167167
v -0.104240 -0.842935 0.121711
v -0.105343 -0.844831 0.075363
v -0.106239 -0.856996 0.030178
v -0.054008 -0.820883 0.353930
v -0.054539 -0.822137 0.307044
v -0.055375 -0.825670 0.260269
v -0.056385 -0.833529 0.212742
v -0.055937 -0.829298 0.235883
v -0.057201 -0.839516 0.168226
v -0.058034 -0.843086 0.122803
v -0.059173 -0.844178 0.076924
v -0.060515 -0.849700 0.031329
v -0.022161 -0.826626 0.261295
v -0.031998 -0.829359 0.237261
v -0.328230 -0.684042 0.345642
v -0.329750 -0.637805 0.348933
v -0.331854 -0.591881 0.350893
v -0.332558 -0.545413 0.353334
v -0.335185 -0.498455 0.358423
v -0.337381 -0.469786 0.362511
v -0.759698 -0.777291 -0.307030
v -0.755185 -0.741960 -0.307471
v -0.759471 -0.801186 -0.348546
v -0.765984 -0.786534 -0.337269
v -0.775711 -0.742024 -0.342583
v -0.712488 -0.764905 -0.183136
v -0.713357 -0.740044 -0.180850
v -0.718967 -0.804775 -0.220653
v -0.725192 -0.782707 -0.204201
v -0.726657 -0.740951 -0.205388
v -0.728886 -0.812904 -0.247138
v -0.741657 -0.784898 -0.248586
v -0.737013 -0.741273 -0.251426
v -0.735878 -0.813592 -0.292111
v -0.754395 -0.788431 -0.291760
v -0.746723 -0.741762 -0.283852
v -0.744361 -0.811784 -0.333955
v -0.754904 -0.800445 -0.319579
v -0.805246 -0.368070 -0.273403
v -0.804997 -0.414383 -0.309773
v -0.808779 -0.383457 -0.295832
v -0.802278 -0.457531 -0.356396
v -0.807365 -0.428553 -0.341646
v -0.817746 -0.384798 -0.342551
v -0.758084 -0.503677 -0.227757
v -0.762746 -0.471967 -0.225090
v -0.769389 -0.427478 -0.221924
v -0.775367 -0.383131 -0.218676
v -0.753468 -0.629172 -0.272555
v -0.753641 -0.606231 -0.268239
v -0.758192 -0.561281 -0.259089
v -0.763216 -0.517672 -0.248425
v -0.772992 -0.471599 -0.252413
v -0.784006 -0.427171 -0.253296
v -0.795808 -0.382690 -0.257159
v -0.754844 -0.697569 -0.307620
v -0.757227 -0.647607 -0.294182
v -0.760137 -0.606697 -0.295667
v -0.768500 -0.561705 -0.295350
v -0.776292 -0.516707 -0.295759
v -0.784695 -0.471610 -0.296573
v -0.797727 -0.428253 -0.295679
v -0.801949 -0.396757 -0.280805
v -0.769958 -0.698464 -0.343786
v -0.768024 -0.653046 -0.343355
v -0.770708 -0.607675 -0.341934
v -0.777002 -0.562297 -0.341042
v -0.783906 -0.516901 -0.341299
v -0.794043 -0.472153 -0.341105
v -0.799130 -0.443409 -0.325476
v -0.715962 -0.695877 -0.178001
v -0.717940 -0.650795 -0.176305
v -0.720326 -0.605624 -0.174281
v -0.724223 -0.560982 -0.170772
v -0.728431 -0.516931 -0.168555
v -0.723606 -0.472335 -0.173846
v -0.725544 -0.426856 -0.172585
v -0.728613 -0.381658 -0.170922
v -0.729466 -0.696249 -0.205304
v -0.733657 -0.650987 -0.205880
v -0.740535 -0.606171 -0.205821
v -0.745576 -0.561482 -0.206527
v -0.750837 -0.518250 -0.210191
v -0.748257 -0.472366 -0.203723
v -0.747861 -0.427194 -0.202661
v -0.752360 -0.382335 -0.199581
v -0.739452 -0.696485 -0.250708
v -0.747947 -0.646862 -0.254726
v -0.749831 -0.606145 -0.245891
v -0.752391 -0.561261 -0.237093
v -0.754509 -0.533476 -0.231717
v -0.748970 -0.696975 -0.283769
v -0.752741 -0.659262 -0.277912
v -0.857194 -0.152969 -0.272165
v -0.863212 -0.125066 -0.264807
v -0.870552 -0.084181 -0.256331
v -0.853087 -0.192803 -0.314043
v -0.858424 -0.167261 -0.298614
v -0.870302 -0.125924 -0.297800
v -0.879162 -0.085240 -0.296726
v -0.850691 -0.237119 -0.362123
v -0.857133 -0.208987 -0.345688
v -0.867012 -0.168430 -0.344643
v -0.876842 -0.127258 -0.344020
v -0.883609 -0.086368 -0.343297
v -0.815569 -0.239780 -0.228856
v -0.821330 -0.208160 -0.225084
v -0.828131 -0.165903 -0.220820
v -0.833162 -0.123932 -0.217411
v -0.835923 -0.082378 -0.215129
v -0.808553 -0.340063 -0.269319
v -0.813917 -0.296049 -0.262129
v -0.820174 -0.253698 -0.251103
v -0.835857 -0.208762 -0.253747
v -0.848216 -0.166735 -0.256312
v -0.853009 -0.124555 -0.243720
v -0.856451 -0.083154 -0.236748
v -0.813145 -0.340489 -0.297683
v -0.820126 -0.296422 -0.298181
v -0.830076 -0.252305 -0.298492
v -0.843892 -0.207347 -0.299032
v -0.851660 -0.180743 -0.283917
v -0.822031 -0.341227 -0.343252
v -0.829092 -0.297093 -0.343718
v -0.839540 -0.251804 -0.345856
v -0.845646 -0.221170 -0.331478
v -0.787601 -0.056062 -0.095990
v -0.775763 -0.141430 -0.142745
v -0.779736 -0.119903 -0.136492
v -0.786873 -0.073462 -0.118821
v -0.767099 -0.279072 -0.186822
v -0.772055 -0.249143 -0.182212
v -0.774454 -0.205926 -0.179314
v -0.777469 -0.158745 -0.168315
v -0.788104 -0.120920 -0.168602
v -0.796199 -0.079353 -0.165164
v -0.780209 -0.338885 -0.215361
v -0.779757 -0.294355 -0.209719
v -0.797752 -0.252390 -0.213947
v -0.799489 -0.207252 -0.205940
v -0.805324 -0.164973 -0.201224
v -0.809539 -0.123000 -0.197162
v -0.811397 -0.081235 -0.193829
v -0.800332 -0.339595 -0.247985
v -0.804123 -0.295065 -0.241964
v -0.807957 -0.268672 -0.236557
v -0.737009 -0.229036 -0.051474
v -0.746232 -0.199801 -0.042859
v -0.760327 -0.160306 -0.031290
v -0.776901 -0.115194 -0.035628
v -0.786088 -0.074178 -0.035809
v -0.731246 -0.274950 -0.087483
v -0.739891 -0.244883 -0.074552
v -0.755152 -0.202067 -0.076141
v -0.764883 -0.159259 -0.076807
v -0.774662 -0.117344 -0.076505
v -0.782412 -0.071919 -0.079951
v -0.718035 -0.322274 -0.137455
v -0.731914 -0.290218 -0.119944
v -0.750260 -0.247007 -0.119477
v -0.759456 -0.204243 -0.119714
v -0.770142 -0.157719 -0.123969
v -0.775644 -0.119089 -0.113516
v -0.781239 -0.084289 -0.104104
v -0.731093 -0.338023 -0.164718
v -0.750440 -0.291932 -0.170190
v -0.758859 -0.248281 -0.157861
v -0.764220 -0.205578 -0.152297
v -0.770250 -0.170058 -0.147374
v -0.758791 -0.337807 -0.195105
v -0.763011 -0.309104 -0.191888
v -0.843951 -0.727208 -0.455882
v -0.850573 -0.763925 -0.482139
v -0.855160 -0.741174 -0.471031
v -0.848553 -0.761884 -0.496074
v -0.856246 -0.737217 -0.513184
v -0.847542 -0.717737 -0.532906
v -0.808786 -0.770857 -0.398817
v -0.810886 -0.742108 -0.396116
v -0.802455 -0.799897 -0.450846
v -0.816290 -0.784060 -0.434333
v -0.834479 -0.741000 -0.437196
v -0.803071 -0.799966 -0.452933
v -0.827425 -0.783979 -0.467433
v -0.845306 -0.753246 -0.456070
v -0.825616 -0.771917 -0.511600
v -0.837134 -0.747599 -0.523010
v -0.807783 -0.760480 -0.531986
v -0.824122 -0.734321 -0.537316
v -0.766788 -0.804794 -0.384616
v -0.789239 -0.783772 -0.384159
v -0.794261 -0.742058 -0.374446
v -0.783286 -0.808173 -0.432669
v -0.796283 -0.796654 -0.422470
v -0.787353 -0.809674 -0.468047
v -0.802126 -0.800816 -0.479673
v -0.774055 -0.804474 -0.496768
v -0.787421 -0.791379 -0.512196
v -0.784629 -0.766784 -0.536396
v -0.783360 -0.735799 -0.548484
v -0.741195 -0.818209 -0.382538
v -0.740888 -0.822713 -0.427531
v -0.740664 -0.822543 -0.470533
v -0.740049 -0.809266 -0.503733
v -0.740039 -0.794708 -0.523587
v -0.740409 -0.773969 -0.539036
v -0.741966 -0.730974 -0.559048
v -0.728727 -0.713624 -0.576181
v -0.889873 -0.419665 -0.546828
v -0.889779 -0.387117 -0.546816
v -0.889856 -0.494641 -0.581132
v -0.895305 -0.474640 -0.574129
v -0.897342 -0.432642 -0.564844
v -0.905503 -0.386503 -0.570255
v -0.889718 -0.493674 -0.584803
v -0.897297 -0.474419 -0.594001
v -0.903104 -0.430749 -0.604050
v -0.907850 -0.388002 -0.613707
v -0.896089 -0.372000 -0.630921
v -0.843360 -0.717493 -0.456904
v -0.845928 -0.461374 -0.456365
v -0.850283 -0.429829 -0.450465
v -0.854879 -0.386278 -0.442727
v -0.854407 -0.700251 -0.473733
v -0.857537 -0.653981 -0.481779
v -0.854773 -0.609243 -0.484836
v -0.856671 -0.564338 -0.483612
v -0.857306 -0.519758 -0.482511
v -0.856660 -0.476203 -0.476532
v -0.864913 -0.430638 -0.480053
v -0.868792 -0.386854 -0.480592
v -0.873342 -0.698103 -0.517511
v -0.878159 -0.653731 -0.518043
v -0.877227 -0.609144 -0.518691
v -0.878272 -0.564028 -0.519863
v -0.877654 -0.519045 -0.522344
v -0.878359 -0.475020 -0.524666
v -0.881982 -0.433004 -0.528891
v -0.878679 -0.387028 -0.523664
v -0.852725 -0.695010 -0.539567
v -0.860125 -0.652473 -0.549214
v -0.858902 -0.608015 -0.552908
v -0.861828 -0.564851 -0.562761
v -0.884877 -0.513216 -0.564737
v -0.888463 -0.474486 -0.553367
v -0.887869 -0.448786 -0.548807
v -0.850376 -0.549775 -0.589671
v -0.869217 -0.513820 -0.602394
v -0.887905 -0.474590 -0.615272
v -0.886913 -0.429686 -0.620229
v -0.889628 -0.402949 -0.623849
v -0.855521 -0.504045 -0.630564
v -0.861587 -0.473319 -0.634707
v -0.865725 -0.429830 -0.638301
v -0.873984 -0.386477 -0.642129
v -0.804589 -0.699436 -0.402667
v -0.804789 -0.654324 -0.404641
v -0.801750 -0.609116 -0.408377
v -0.800864 -0.563231 -0.408359
v -0.804328 -0.517535 -0.401408
v -0.808461 -0.472759 -0.387553
v -0.821025 -0.428585 -0.389073
v -0.828378 -0.385082 -0.389807
v -0.828880 -0.701894 -0.440649
v -0.824273 -0.654475 -0.435315
v -0.821602 -0.609213 -0.436207
v -0.823699 -0.563857 -0.435827
v -0.826432 -0.518579 -0.436270
v -0.834035 -0.475022 -0.439068
v -0.836673 -0.429186 -0.428117
v -0.840514 -0.385466 -0.421111
v -0.842510 -0.688515 -0.459623
v -0.842177 -0.654472 -0.461396
v -0.840429 -0.609290 -0.463785
v -0.842867 -0.564239 -0.462008
v -0.843157 -0.519399 -0.461188
v -0.843672 -0.491614 -0.460121
v -0.824893 -0.692118 -0.557930
v -0.837933 -0.651348 -0.568860
v -0.840608 -0.606655 -0.572075
v -0.843192 -0.581230 -0.576275
v -0.810438 -0.677086 -0.581838
v -0.816713 -0.650820 -0.589604
v -0.815545 -0.603574 -0.599358
v -0.833588 -0.562381 -0.601209
v -0.843202 -0.532061 -0.619214
v -0.803934 -0.587691 -0.624707
v -0.813278 -0.560579 -0.633908
v -0.825408 -0.516328 -0.647088
v -0.832050 -0.473634 -0.655862
v -0.838358 -0.430059 -0.660697
v -0.843909 -0.385232 -0.665196
v -0.805510 -0.499418 -0.667539
v -0.810101 -0.473747 -0.670565
v -0.817075 -0.430202 -0.676248
v -0.822610 -0.385645 -0.680332
v -0.789968 -0.699182 -0.379378
v -0.789416 -0.654023 -0.381692
v -0.785288 -0.608682 -0.385248
v -0.785201 -0.562519 -0.384583
v -0.791078 -0.516844 -0.377306
v -0.796878 -0.487638 -0.369826
v -0.782734 -0.705512 -0.568026
v -0.782474 -0.684426 -0.591045
v -0.783762 -0.654141 -0.614511
v -0.795337 -0.617420 -0.615475
v -0.768681 -0.641427 -0.627342
v -0.782394 -0.603793 -0.635224
v -0.784153 -0.564753 -0.658153
v -0.797690 -0.528265 -0.663195
v -0.771290 -0.551912 -0.669931
v -0.784991 -0.515795 -0.675724
v -0.783933 -0.473835 -0.685233
v -0.783868 -0.430078 -0.693315
v -0.780096 -0.383076 -0.702200
v -0.758005 -0.710350 -0.571794
v -0.743918 -0.691394 -0.598986
v -0.758421 -0.668344 -0.619569
v -0.730820 -0.673545 -0.624292
v -0.743006 -0.653288 -0.634393
v -0.741137 -0.607332 -0.659312
v -0.741600 -0.574853 -0.662000
v -0.743069 -0.551033 -0.663379
v -0.742519 -0.517120 -0.683185
v -0.741677 -0.473384 -0.697782
v -0.741091 -0.429659 -0.704076
v -0.740756 -0.396831 -0.708078
v -0.944116 -0.079098 -0.564363
v -0.937243 -0.234935 -0.604474
v -0.940643 -0.212810 -0.602092
v -0.943285 -0.170533 -0.600174
v -0.946308 -0.128425 -0.596020
v -0.952341 -0.090679 -0.588951
v -0.947400 -0.288722 -0.630192
v -0.947382 -0.251420 -0.621314
v -0.956021 -0.212690 -0.626010
v -0.958539 -0.170556 -0.630633
v -0.960505 -0.128305 -0.636018
v -0.965536 -0.086459 -0.642290
v -0.945598 -0.286978 -0.652906
v -0.958033 -0.259491 -0.667812
v -0.968448 -0.212442 -0.667856
v -0.971207 -0.169703 -0.672615
v -0.973472 -0.127422 -0.678921
v -0.976126 -0.086090 -0.685984
v -0.949454 -0.246567 -0.691227
v -0.952717 -0.211035 -0.700785
v -0.956546 -0.169367 -0.715968
v -0.974218 -0.126825 -0.721905
v -0.977917 -0.085238 -0.729281
v -0.896211 -0.071630 -0.413081
v -0.894645 -0.155254 -0.461442
v -0.896979 -0.128764 -0.456020
v -0.900383 -0.086174 -0.442330
v -0.895570 -0.205112 -0.499079
v -0.899624 -0.169666 -0.486168
v -0.907564 -0.128654 -0.491221
v -0.917605 -0.087548 -0.494512
v -0.890198 -0.343305 -0.546263
v -0.894108 -0.299421 -0.542647
v -0.897121 -0.255494 -0.537506
v -0.902096 -0.216541 -0.529330
v -0.912845 -0.170001 -0.537581
v -0.923735 -0.128230 -0.541023
v -0.934017 -0.090418 -0.546047
v -0.905944 -0.342163 -0.574407
v -0.908075 -0.298256 -0.578711
v -0.918660 -0.251060 -0.586335
v -0.925004 -0.212419 -0.579346
v -0.930403 -0.170158 -0.576790
v -0.936735 -0.128140 -0.572329
v -0.940325 -0.106349 -0.568647
v -0.927032 -0.342579 -0.614028
v -0.937908 -0.302025 -0.615586
v -0.932463 -0.262896 -0.607415
v -0.905878 -0.338783 -0.641433
v -0.924198 -0.299248 -0.661523
v -0.938772 -0.271691 -0.677520
v -0.911890 -0.283602 -0.685505
v -0.922404 -0.254300 -0.703900
v -0.930549 -0.209807 -0.719220
v -0.938294 -0.183054 -0.726419
v -0.845745 -0.322968 -0.413507
v -0.846341 -0.297770 -0.409817
v -0.854097 -0.252883 -0.392169
v -0.869899 -0.211788 -0.390579
v -0.877265 -0.169851 -0.391499
v -0.882877 -0.128353 -0.392008
v -0.889918 -0.086035 -0.394353
v -0.855517 -0.339960 -0.432815
v -0.859904 -0.298860 -0.436566
v -0.865925 -0.254634 -0.437583
v -0.877651 -0.211976 -0.438220
v -0.886994 -0.169505 -0.442583
v -0.889530 -0.128780 -0.430976
v -0.892429 -0.099254 -0.423383
v -0.872848 -0.343232 -0.481207
v -0.876500 -0.299483 -0.482300
v -0.879361 -0.255377 -0.484276
v -0.888361 -0.216483 -0.483687
v -0.892131 -0.183026 -0.468069
v -0.883090 -0.343325 -0.521424
v -0.886797 -0.299567 -0.518125
v -0.889170 -0.255717 -0.512787
v -0.891906 -0.233692 -0.508459
v -0.873414 -0.341358 -0.660717
v -0.891218 -0.311870 -0.669810
v -0.860476 -0.328016 -0.674871
v -0.872848 -0.292615 -0.696086
v -0.884432 -0.261887 -0.716249
v -0.835560 -0.338902 -0.394986
v -0.838463 -0.297337 -0.386185
v -0.844250 -0.266495 -0.377416
v -0.844860 -0.352097 -0.416222
v -0.847846 -0.360096 -0.668291
v -0.830397 -0.342087 -0.684382
v -0.829169 -0.302968 -0.707877
v -0.792709 -0.340070 -0.707413
v -0.802744 -0.313778 -0.713447
v -0.763588 -0.366263 -0.712268
v -0.740674 -0.374034 -0.713430
v -0.946661 -0.154979 -0.735347
v -0.954196 -0.126002 -0.745199
v -0.955146 -0.085008 -0.750764
v -0.901170 -0.233716 -0.723120
v -0.909595 -0.209819 -0.728552
v -0.925263 -0.168715 -0.739177
v -0.925324 -0.125771 -0.754730
v -0.925651 -0.084625 -0.758993
v -0.854115 -0.273203 -0.718198
v -0.872822 -0.249937 -0.724911
v -0.877711 -0.210102 -0.736699
v -0.878430 -0.167261 -0.748400
v -0.879427 -0.125073 -0.759583
v -0.880369 -0.083611 -0.768734
v -0.830648 -0.281813 -0.720217
v -0.831773 -0.252653 -0.731861
v -0.832349 -0.209813 -0.745593
v -0.832608 -0.166806 -0.755154
v -0.831894 -0.125093 -0.767329
v -0.845372 -0.082591 -0.775698
v -0.815612 -0.111064 -0.774232
v -0.822395 -0.081917 -0.780726
v -0.771772 -0.340723 -0.716969
v -0.787660 -0.298361 -0.724618
v -0.786455 -0.252554 -0.740815
v -0.786954 -0.209523 -0.754152
v -0.789235 -0.169992 -0.764004
v -0.806037 -0.139335 -0.768655
v -0.775442 -0.157765 -0.769022
v -0.789760 -0.124354 -0.774953
v -0.788588 -0.081182 -0.786010
v -0.740906 -0.340498 -0.723278
v -0.740830 -0.296102 -0.734077
v -0.741159 -0.252228 -0.747855
v -0.744701 -0.211378 -0.757748
v -0.762829 -0.186139 -0.763272
v -0.731819 -0.198685 -0.763042
v -0.744856 -0.169126 -0.769341
v -0.741785 -0.122898 -0.782038
v -0.742390 -0.080215 -0.791121
v -0.672358 -0.767660 -0.133376
v -0.673363 -0.738684 -0.130007
v -0.675891 -0.800905 -0.176415
v -0.690373 -0.781434 -0.163320
v -0.695714 -0.739313 -0.159798
v -0.691984 -0.802529 -0.205834
v -0.705063 -0.792962 -0.191514
v -0.695843 -0.810526 -0.247526
v -0.695909 -0.814554 -0.291543
v -0.696061 -0.809428 -0.336350
v -0.632152 -0.768242 -0.083803
v -0.636005 -0.738113 -0.079845
v -0.629356 -0.797386 -0.134098
v -0.647918 -0.784628 -0.115875
v -0.657852 -0.738414 -0.106523
v -0.647134 -0.802155 -0.159449
v -0.659096 -0.796455 -0.145754
v -0.651623 -0.806580 -0.202401
v -0.651646 -0.811796 -0.247438
v -0.651363 -0.818650 -0.291431
v -0.651076 -0.814123 -0.335367
v -0.587964 -0.768098 -0.037098
v -0.591079 -0.737573 -0.035019
v -0.582157 -0.796285 -0.088669
v -0.602305 -0.783983 -0.069602
v -0.614807 -0.737736 -0.057637
v -0.600631 -0.797008 -0.115921
v -0.611843 -0.794090 -0.104577
v -0.606327 -0.799745 -0.156691
v -0.606981 -0.804567 -0.201873
v -0.607125 -0.809462 -0.247595
v -0.606608 -0.821922 -0.291698
v -0.605868 -0.822233 -0.335390
v -0.538077 -0.798973 -0.022538
v -0.564565 -0.783065 -0.020492
v -0.569096 -0.737797 -0.012188
v -0.556360 -0.800753 -0.070208
v -0.569869 -0.793744 -0.059411
v -0.558658 -0.800725 -0.110347
v -0.559552 -0.800126 -0.155362
v -0.560560 -0.803307 -0.200896
v -0.561431 -0.806882 -0.246816
v -0.562049 -0.817113 -0.291875
v -0.561738 -0.827259 -0.335751
v -0.511262 -0.807750 -0.020924
v -0.511481 -0.814085 -0.065321
v -0.511243 -0.813781 -0.109354
v -0.509658 -0.805869 -0.154145
v -0.509944 -0.803594 -0.199770
v -0.511931 -0.805938 -0.245424
v -0.514687 -0.811488 -0.290472
v -0.516394 -0.819399 -0.335351
v -0.465400 -0.823346 -0.020566
v -0.446764 -0.842612 -0.077346
v -0.463491 -0.833481 -0.063635
v -0.447618 -0.842735 -0.109032
v -0.469927 -0.832820 -0.109094
v -0.446846 -0.842617 -0.153869
v -0.469367 -0.833190 -0.153981
v -0.446875 -0.843480 -0.199012
v -0.468904 -0.832125 -0.199177
v -0.445505 -0.842972 -0.243740
v -0.466995 -0.829828 -0.244093
v -0.443920 -0.841605 -0.266674
v -0.462223 -0.829286 -0.284390
v -0.468520 -0.816616 -0.333176
v -0.412927 -0.844064 -0.019422
v -0.433803 -0.834161 -0.020410
v -0.425603 -0.849317 -0.062966
v -0.440667 -0.839402 -0.048108
v -0.423025 -0.851448 -0.108704
v -0.423362 -0.849442 -0.153569
v -0.423702 -0.848566 -0.198842
v -0.423881 -0.847395 -0.243745
v -0.421666 -0.844517 -0.284079
v -0.434379 -0.840640 -0.295726
v -0.405402 -0.842588 -0.314160
v -0.421278 -0.835997 -0.330332
v -0.378906 -0.852357 -0.018173
v -0.379666 -0.855558 -0.063240
v -0.380304 -0.856064 -0.108082
v -0.380756 -0.852606 -0.153093
v -0.380921 -0.850523 -0.198580
v -0.380694 -0.849571 -0.243822
v -0.380048 -0.848268 -0.288721
v -0.377701 -0.844849 -0.330910
v -0.390561 -0.840011 -0.343213
v -0.668543 -0.539154 -0.097049
v -0.668968 -0.515088 -0.096648
v -0.671508 -0.469738 -0.094175
v -0.675917 -0.424159 -0.089621
v -0.680952 -0.378101 -0.082428
v -0.674517 -0.695319 -0.128365
v -0.676321 -0.650071 -0.127322
v -0.679794 -0.604789 -0.124070
v -0.681459 -0.556641 -0.116106
v -0.685989 -0.515890 -0.120861
v -0.686664 -0.470693 -0.121258
v -0.694782 -0.425358 -0.119571
v -0.704303 -0.380380 -0.118329
v -0.697564 -0.695595 -0.157466
v -0.699786 -0.650508 -0.155540
v -0.703248 -0.605298 -0.152841
v -0.707596 -0.560672 -0.149005
v -0.710891 -0.516629 -0.146936
v -0.706729 -0.471866 -0.151550
v -0.711937 -0.426358 -0.148347
v -0.716257 -0.381372 -0.144957
v -0.623237 -0.586448 -0.051748
v -0.624148 -0.558229 -0.050938
v -0.630099 -0.512814 -0.044777
v -0.635466 -0.467590 -0.038015
v -0.640533 -0.419414 -0.026009
v -0.653787 -0.376668 -0.029247
v -0.637281 -0.694889 -0.079181
v -0.638651 -0.649485 -0.077059
v -0.639627 -0.602856 -0.069029
v -0.652881 -0.555915 -0.077739
v -0.654037 -0.514243 -0.072550
v -0.658399 -0.468941 -0.070639
v -0.662457 -0.423300 -0.066925
v -0.668845 -0.376967 -0.060372
v -0.658946 -0.695181 -0.105124
v -0.659813 -0.649835 -0.104375
v -0.664009 -0.604609 -0.100752
v -0.666984 -0.568816 -0.098263
v -0.592561 -0.694345 -0.035634
v -0.595977 -0.648767 -0.034017
v -0.605322 -0.602241 -0.034662
v -0.596888 -0.559556 -0.025077
v -0.611141 -0.511937 -0.021681
v -0.618983 -0.466624 -0.015604
v -0.625528 -0.431748 -0.010282
v -0.615033 -0.694530 -0.057740
v -0.618445 -0.649028 -0.055206
v -0.622153 -0.616523 -0.052228
v -0.569105 -0.694184 -0.012750
v -0.571566 -0.648430 -0.010993
v -0.574922 -0.603087 -0.008357
v -0.575792 -0.576234 -0.007932
v -0.689718 -0.322292 -0.042336
v -0.700393 -0.285455 -0.030201
v -0.722385 -0.242259 -0.035972
v -0.737536 -0.198077 -0.022485
v -0.746273 -0.174894 -0.015981
v -0.692307 -0.335211 -0.071568
v -0.720812 -0.288627 -0.073660
v -0.728994 -0.258060 -0.060184
v -0.707860 -0.335379 -0.121679
v -0.719837 -0.304158 -0.104716
v -0.717174 -0.355040 -0.144111
v -0.672507 -0.334647 -0.028437
v -0.680897 -0.298612 -0.015030
v -0.676375 -0.352340 -0.053876
v -0.697374 -0.811523 -0.382225
v -0.697918 -0.817742 -0.427688
v -0.697369 -0.825653 -0.470747
v -0.696659 -0.815562 -0.511105
v -0.695682 -0.799571 -0.528579
v -0.695272 -0.777990 -0.539153
v -0.694043 -0.739625 -0.557748
v -0.694255 -0.718857 -0.582274
v -0.651743 -0.808218 -0.380672
v -0.653090 -0.805516 -0.427322
v -0.652954 -0.817531 -0.470833
v -0.654703 -0.813488 -0.518032
v -0.670367 -0.800205 -0.529354
v -0.640782 -0.800466 -0.531423
v -0.653074 -0.783658 -0.541564
v -0.649408 -0.748625 -0.566232
v -0.649341 -0.726385 -0.590096
v -0.605429 -0.813878 -0.379662
v -0.606151 -0.809033 -0.425752
v -0.606983 -0.811077 -0.470442
v -0.606961 -0.811990 -0.514185
v -0.606474 -0.801373 -0.533356
v -0.602984 -0.775800 -0.556883
v -0.615104 -0.753745 -0.571068
v -0.585825 -0.756037 -0.573534
v -0.599530 -0.732996 -0.595957
v -0.584390 -0.713018 -0.618361
v -0.560953 -0.821661 -0.379944
v -0.560424 -0.816123 -0.425028
v -0.560786 -0.812687 -0.469644
v -0.561419 -0.808608 -0.513546
v -0.561418 -0.800610 -0.533741
v -0.561222 -0.783577 -0.556759
v -0.560762 -0.757904 -0.575125
v -0.563467 -0.729687 -0.601512
v -0.580554 -0.713241 -0.618182
v -0.516675 -0.821252 -0.380461
v -0.515995 -0.822123 -0.425252
v -0.515574 -0.818927 -0.469290
v -0.515679 -0.808455 -0.512537
v -0.515815 -0.800252 -0.533679
v -0.515866 -0.784718 -0.556274
v -0.515646 -0.759972 -0.576786
v -0.514259 -0.731089 -0.603582
v -0.498720 -0.714613 -0.616929
v -0.470867 -0.812259 -0.379454
v -0.471635 -0.823001 -0.425409
v -0.471362 -0.824003 -0.469752
v -0.470834 -0.813673 -0.512685
v -0.470607 -0.801762 -0.535467
v -0.470898 -0.785848 -0.557072
v -0.471489 -0.764533 -0.580137
v -0.476576 -0.733751 -0.604891
v -0.494746 -0.714987 -0.616789
v -0.422367 -0.810339 -0.375766
v -0.425710 -0.807251 -0.423887
v -0.426725 -0.813614 -0.469643
v -0.426169 -0.816847 -0.513651
v -0.426087 -0.805174 -0.538171
v -0.423099 -0.782202 -0.564702
v -0.407592 -0.756605 -0.570131
v -0.436783 -0.764958 -0.579642
v -0.425342 -0.739814 -0.582758
v -0.361416 -0.844032 -0.361065
v -0.376019 -0.833127 -0.375282
v -0.376915 -0.810471 -0.420916
v -0.379713 -0.808777 -0.468445
v -0.380860 -0.811691 -0.512935
v -0.381190 -0.801310 -0.534363
v -0.381574 -0.778234 -0.550482
v -0.382005 -0.752276 -0.565708
v -0.381691 -0.731049 -0.576599
v -0.694731 -0.698925 -0.606708
v -0.695422 -0.678698 -0.627173
v -0.696269 -0.649958 -0.643562
v -0.697521 -0.607110 -0.653277
v -0.703487 -0.560047 -0.650038
v -0.691236 -0.529488 -0.653058
v -0.722283 -0.541663 -0.657228
v -0.703803 -0.513736 -0.668317
v -0.698343 -0.472785 -0.696369
v -0.697837 -0.428862 -0.704499
v -0.697249 -0.403558 -0.708317
v -0.649698 -0.705266 -0.612863
v -0.650586 -0.685318 -0.629746
v -0.651472 -0.650824 -0.645873
v -0.652070 -0.607883 -0.647485
v -0.652417 -0.563409 -0.649548
v -0.653124 -0.524979 -0.652160
v -0.654043 -0.500514 -0.664102
v -0.653646 -0.471212 -0.685600
v -0.653264 -0.427838 -0.700896
v -0.652671 -0.401693 -0.706774
v -0.613419 -0.710788 -0.617724
v -0.602315 -0.697319 -0.631319
v -0.606589 -0.651068 -0.647929
v -0.606225 -0.607984 -0.651150
v -0.605611 -0.563088 -0.650586
v -0.605440 -0.526118 -0.653524
v -0.606366 -0.502390 -0.661705
v -0.607356 -0.471007 -0.677783
v -0.607626 -0.426894 -0.695037
v -0.607376 -0.398233 -0.704764
v -0.550631 -0.712777 -0.617079
v -0.564348 -0.698058 -0.627888
v -0.562112 -0.650353 -0.643647
v -0.561461 -0.607180 -0.653450
v -0.561413 -0.564825 -0.657650
v -0.576346 -0.532581 -0.658182
v -0.547222 -0.551271 -0.664406
v -0.561552 -0.517610 -0.666919
v -0.561333 -0.471605 -0.676270
v -0.561785 -0.426835 -0.692775
v -0.561935 -0.396505 -0.704184
v -0.528386 -0.713039 -0.616885
v -0.515249 -0.698414 -0.625145
v -0.517583 -0.649999 -0.638782
v -0.517177 -0.605985 -0.650736
v -0.516616 -0.574421 -0.660033
v -0.516384 -0.552758 -0.666368
v -0.516250 -0.518092 -0.670974
v -0.516134 -0.471601 -0.673697
v -0.516180 -0.427227 -0.692075
v -0.516423 -0.392777 -0.702848
v -0.466109 -0.705590 -0.614588
v -0.477502 -0.692807 -0.622254
v -0.472863 -0.649900 -0.633161
v -0.472289 -0.605052 -0.645427
v -0.471679 -0.566085 -0.656085
v -0.471247 -0.543639 -0.657685
v -0.470391 -0.515984 -0.660699
v -0.469871 -0.471565 -0.674845
v -0.469837 -0.426745 -0.689940
v -0.469936 -0.390591 -0.700829
v -0.430943 -0.689602 -0.602570
v -0.415266 -0.663487 -0.610326
v -0.447000 -0.675076 -0.616276
v -0.429248 -0.648905 -0.621993
v -0.426218 -0.604220 -0.642392
v -0.425445 -0.566498 -0.655916
v -0.424963 -0.544852 -0.663208
v -0.424378 -0.516428 -0.671465
v -0.423795 -0.471702 -0.683151
v -0.418860 -0.422165 -0.696140
v -0.431259 -0.395817 -0.701885
v -0.380889 -0.691994 -0.597769
v -0.380278 -0.663875 -0.612189
v -0.380156 -0.641810 -0.623728
v -0.380037 -0.603779 -0.643452
v -0.379776 -0.570856 -0.656962
v -0.379421 -0.548555 -0.663329
v -0.378845 -0.515079 -0.674144
v -0.378333 -0.471075 -0.689158
v -0.377568 -0.433157 -0.699212
v -0.696666 -0.380342 -0.714036
v -0.652002 -0.378639 -0.714449
v -0.606958 -0.375748 -0.715329
v -0.562108 -0.373790 -0.713649
v -0.516807 -0.369731 -0.709632
v -0.470033 -0.367871 -0.707913
v -0.400373 -0.404302 -0.704857
v -0.418742 -0.381153 -0.708855
v -0.377371 -0.410914 -0.706763
v -0.377631 -0.382151 -0.717472
v -0.696441 -0.340063 -0.729228
v -0.695882 -0.295535 -0.739097
v -0.698407 -0.250882 -0.753043
v -0.715244 -0.227401 -0.759218
v -0.684882 -0.235455 -0.760749
v -0.698075 -0.210807 -0.767071
v -0.695431 -0.165134 -0.780710
v -0.695756 -0.122306 -0.789779
v -0.696231 -0.079429 -0.797117
v -0.651340 -0.339031 -0.731317
v -0.650709 -0.295032 -0.744786
v -0.650359 -0.265878 -0.754009
v -0.650170 -0.243560 -0.762571
v -0.650380 -0.207568 -0.778000
v -0.650006 -0.164359 -0.789371
v -0.649715 -0.121510 -0.797209
v -0.650025 -0.078688 -0.802810
v -0.606430 -0.338481 -0.734452
v -0.608411 -0.292509 -0.750017
v -0.624656 -0.271400 -0.755112
v -0.595066 -0.276142 -0.755535
v -0.608113 -0.253969 -0.763514
v -0.605332 -0.206421 -0.781419
v -0.602599 -0.160315 -0.795367
v -0.618317 -0.120944 -0.803437
v -0.625289 -0.078099 -0.806435
v -0.585934 -0.143907 -0.803780
v -0.595524 -0.120412 -0.808564
v -0.601745 -0.077030 -0.809558
v -0.561923 -0.337856 -0.732951
v -0.561641 -0.299864 -0.749281
v -0.561326 -0.277958 -0.757459
v -0.561011 -0.249813 -0.766881
v -0.560498 -0.205189 -0.781591
v -0.559987 -0.169558 -0.796874
v -0.559430 -0.147956 -0.805879
v -0.558905 -0.119440 -0.815388
v -0.556903 -0.075280 -0.817373
v -0.516959 -0.336700 -0.724512
v -0.515290 -0.290374 -0.744916
v -0.498650 -0.268337 -0.750898
v -0.529269 -0.274713 -0.754946
v -0.514455 -0.252480 -0.762837
v -0.515179 -0.204262 -0.781704
v -0.514499 -0.172720 -0.794756
v -0.513911 -0.150927 -0.805550
v -0.512897 -0.117074 -0.819582
v -0.511728 -0.073771 -0.831516
v -0.470190 -0.336124 -0.719129
v -0.470263 -0.292614 -0.740629
v -0.470169 -0.267949 -0.750804
v -0.469968 -0.245315 -0.761242
v -0.469651 -0.204006 -0.784313
v -0.469277 -0.176070 -0.795755
v -0.469176 -0.154163 -0.807057
v -0.469110 -0.116411 -0.828036
v -0.470964 -0.074230 -0.845777
v -0.457954 -0.059868 -0.850310
v -0.423424 -0.336733 -0.722820
v -0.424235 -0.288549 -0.743035
v -0.439916 -0.268827 -0.750964
v -0.409538 -0.271241 -0.751431
v -0.424637 -0.250741 -0.757793
v -0.424506 -0.203071 -0.782684
v -0.424643 -0.177474 -0.796468
v -0.424966 -0.155942 -0.806907
v -0.425604 -0.116155 -0.823015
v -0.429038 -0.073696 -0.835361
v -0.445746 -0.059089 -0.846212
v -0.377546 -0.337203 -0.729278
v -0.377748 -0.294902 -0.742097
v -0.378143 -0.272714 -0.751083
v -0.378369 -0.247584 -0.760679
v -0.378605 -0.202790 -0.779293
v -0.379047 -0.172472 -0.793325
v -0.379533 -0.150817 -0.800635
v -0.380136 -0.115533 -0.808392
v -0.380203 -0.072835 -0.815214
v -0.335182 -0.847329 -0.017316
v -0.335874 -0.844440 -0.062163
v -0.334247 -0.841858 -0.102809
v -0.316611 -0.837812 -0.114095
v -0.347865 -0.841890 -0.152328
v -0.324085 -0.835302 -0.151812
v -0.352758 -0.841937 -0.198350
v -0.330021 -0.833309 -0.197850
v -0.349626 -0.844262 -0.244218
v -0.327661 -0.836264 -0.244375
v -0.336116 -0.844472 -0.291691
v -0.321878 -0.839089 -0.278572
v -0.335508 -0.846486 -0.334188
v -0.287926 -0.838586 -0.016781
v -0.287767 -0.835251 -0.061330
v -0.283925 -0.836518 -0.101786
v -0.298068 -0.836375 -0.113724
v -0.265477 -0.838596 -0.128579
v -0.284835 -0.834027 -0.146845
v -0.289972 -0.824755 -0.196537
v -0.291601 -0.822001 -0.243583
v -0.313164 -0.841341 -0.308905
v -0.295938 -0.830388 -0.292530
v -0.302618 -0.843086 -0.335232
v -0.280294 -0.836869 -0.335769
v -0.239149 -0.845214 -0.016642
v -0.239693 -0.847626 -0.061090
v -0.240506 -0.847939 -0.105675
v -0.238549 -0.841896 -0.145767
v -0.253096 -0.836006 -0.158209
v -0.221749 -0.838755 -0.175169
v -0.239246 -0.829415 -0.192574
v -0.242929 -0.825419 -0.242345
v -0.244152 -0.825873 -0.288985
v -0.245731 -0.829872 -0.335085
v -0.195461 -0.862689 -0.016145
v -0.195816 -0.861492 -0.060652
v -0.196290 -0.857195 -0.105224
v -0.196642 -0.852226 -0.150266
v -0.194297 -0.844274 -0.192783
v -0.207000 -0.834471 -0.205879
v -0.177907 -0.841171 -0.227411
v -0.194254 -0.834814 -0.242360
v -0.197599 -0.833442 -0.287635
v -0.198956 -0.830315 -0.333304
v -0.151792 -0.862740 -0.015552
v -0.152291 -0.861723 -0.059975
v -0.152631 -0.857694 -0.104765
v -0.152778 -0.852509 -0.150004
v -0.152725 -0.847402 -0.195393
v -0.153364 -0.842393 -0.242071
v -0.168158 -0.838604 -0.258022
v -0.139595 -0.841346 -0.273967
v -0.153594 -0.837411 -0.288335
v -0.153466 -0.833711 -0.332183
v -0.107209 -0.858719 -0.014825
v -0.107788 -0.857983 -0.059486
v -0.108201 -0.854403 -0.104325
v -0.108700 -0.849230 -0.149697
v -0.109119 -0.844707 -0.195324
v -0.107502 -0.841586 -0.240082
v -0.091752 -0.838256 -0.254512
v -0.120987 -0.841940 -0.274072
v -0.107447 -0.839179 -0.288308
v -0.109111 -0.836418 -0.332063
v -0.061690 -0.850974 -0.013941
v -0.062538 -0.850795 -0.058783
v -0.063236 -0.848205 -0.103632
v -0.064496 -0.841411 -0.147596
v -0.049651 -0.834294 -0.161970
v -0.080603 -0.838553 -0.195104
v -0.057529 -0.833640 -0.195220
v -0.085147 -0.838547 -0.224236
v -0.067549 -0.835865 -0.240116
v -0.064624 -0.831881 -0.286322
v -0.064702 -0.830458 -0.331995
v -0.032255 -0.837148 -0.130757
v -0.333097 -0.845867 -0.377189
v -0.345516 -0.840716 -0.389816
v -0.316938 -0.844079 -0.405840
v -0.331179 -0.833641 -0.420249
v -0.330708 -0.805571 -0.463812
v -0.335285 -0.816781 -0.513544
v -0.335734 -0.807085 -0.537794
v -0.335647 -0.781845 -0.554596
v -0.335163 -0.752438 -0.567406
v -0.334592 -0.730642 -0.580741
v -0.287147 -0.844858 -0.376241
v -0.270655 -0.840556 -0.360047
v -0.287565 -0.845466 -0.422057
v -0.299847 -0.841235 -0.434803
v -0.271348 -0.843855 -0.447624
v -0.286175 -0.832220 -0.463217
v -0.287476 -0.804246 -0.506681
v -0.289422 -0.800769 -0.531869
v -0.289823 -0.780777 -0.553937
v -0.289286 -0.754942 -0.569359
v -0.289027 -0.733207 -0.583988
v -0.260496 -0.842625 -0.389204
v -0.245874 -0.839599 -0.376594
v -0.252355 -0.843676 -0.424191
v -0.230364 -0.839654 -0.424436
v -0.254393 -0.844004 -0.448408
v -0.241074 -0.842563 -0.465275
v -0.242630 -0.821960 -0.508768
v -0.241935 -0.803903 -0.533867
v -0.245691 -0.776248 -0.557666
v -0.264226 -0.756649 -0.570867
v -0.232363 -0.760620 -0.571150
v -0.246635 -0.739439 -0.584749
v -0.200721 -0.829044 -0.378989
v -0.201509 -0.831762 -0.424545
v -0.200405 -0.838980 -0.468703
v -0.199223 -0.836290 -0.511676
v -0.194628 -0.816898 -0.556305
v -0.203854 -0.791060 -0.564694
v -0.174706 -0.801490 -0.571727
v -0.192180 -0.778039 -0.574206
v -0.197945 -0.736091 -0.594649
v -0.154289 -0.830815 -0.377800
v -0.155415 -0.825149 -0.423883
v -0.155813 -0.831854 -0.469292
v -0.155236 -0.833968 -0.512174
v -0.154701 -0.825142 -0.557144
v -0.153233 -0.805134 -0.575980
v -0.152838 -0.781990 -0.584026
v -0.152891 -0.736718 -0.601475
v -0.109171 -0.832966 -0.377392
v -0.109511 -0.825704 -0.423059
v -0.110290 -0.826044 -0.468866
v -0.110530 -0.828143 -0.512655
v -0.109979 -0.821911 -0.555752
v -0.109071 -0.809016 -0.581934
v -0.107995 -0.781297 -0.592795
v -0.111693 -0.735555 -0.608049
v -0.099371 -0.719884 -0.615192
v -0.064620 -0.829952 -0.377446
v -0.064555 -0.828438 -0.422942
v -0.064803 -0.827380 -0.468372
v -0.065130 -0.825789 -0.512748
v -0.065130 -0.818682 -0.555719
v -0.064589 -0.810042 -0.586422
v -0.059716 -0.777491 -0.606029
v -0.070910 -0.749652 -0.611062
v -0.041545 -0.759758 -0.614771
v -0.058726 -0.736082 -0.618367
v -0.334469 -0.688734 -0.606006
v -0.349526 -0.667737 -0.614957
v -0.319493 -0.671832 -0.616840
v -0.334574 -0.651227 -0.624820
v -0.334585 -0.603583 -0.645687
v -0.334631 -0.573721 -0.657331
v -0.334351 -0.551395 -0.664721
v -0.333753 -0.514529 -0.678546
v -0.331417 -0.467306 -0.697040
v -0.344834 -0.442683 -0.702884
v -0.289015 -0.696853 -0.607105
v -0.289138 -0.675048 -0.618030
v -0.289471 -0.648312 -0.629299
v -0.289658 -0.603576 -0.646341
v -0.289652 -0.575276 -0.657535
v -0.289299 -0.552640 -0.666108
v -0.288799 -0.514112 -0.682925
v -0.288411 -0.476784 -0.699066
v -0.243913 -0.701247 -0.610054
v -0.244085 -0.679438 -0.619490
v -0.244144 -0.648004 -0.629602
v -0.244123 -0.603022 -0.644611
v -0.244072 -0.574849 -0.655917
v -0.243924 -0.552539 -0.666997
v -0.243806 -0.513777 -0.685499
v -0.243824 -0.480535 -0.700891
v -0.198611 -0.705728 -0.611606
v -0.198849 -0.684197 -0.621305
v -0.198622 -0.648035 -0.633348
v -0.196223 -0.599265 -0.649994
v -0.210041 -0.577097 -0.656919
v -0.179604 -0.581790 -0.659459
v -0.196257 -0.560450 -0.666614
v -0.198639 -0.514155 -0.688136
v -0.198696 -0.480206 -0.699187
v -0.153445 -0.711303 -0.613467
v -0.153802 -0.689597 -0.622860
v -0.153785 -0.648338 -0.638883
v -0.153550 -0.608789 -0.652924
v -0.153465 -0.586306 -0.662146
v -0.153480 -0.558320 -0.672752
v -0.153441 -0.513913 -0.689094
v -0.153137 -0.481493 -0.698839
v -0.130010 -0.714437 -0.614323
v -0.112270 -0.696762 -0.621401
v -0.108641 -0.647994 -0.639558
v -0.108822 -0.610296 -0.653054
v -0.108946 -0.587760 -0.661811
v -0.108926 -0.558031 -0.672794
v -0.108604 -0.513744 -0.691069
v -0.108065 -0.485258 -0.701263
v -0.062672 -0.692912 -0.629884
v -0.062727 -0.647981 -0.642311
v -0.062823 -0.611499 -0.652415
v -0.063162 -0.589085 -0.660077
v -0.063473 -0.557813 -0.671017
v -0.063473 -0.512052 -0.687514
v -0.063384 -0.486287 -0.700976
v -0.029455 -0.618824 -0.656372
v -0.314981 -0.450307 -0.705707
v -0.330958 -0.427260 -0.710527
v -0.332597 -0.382043 -0.724779
v -0.288242 -0.455005 -0.708292
v -0.288111 -0.426287 -0.717024
v -0.287527 -0.380981 -0.727013
v -0.243767 -0.458645 -0.709800
v -0.243360 -0.425734 -0.719220
v -0.242695 -0.380862 -0.731699
v -0.198473 -0.457705 -0.707021
v -0.197935 -0.424975 -0.720606
v -0.197114 -0.380161 -0.735298
v -0.152657 -0.458586 -0.707644
v -0.152391 -0.424616 -0.725734
v -0.154378 -0.378738 -0.742110
v -0.141548 -0.363785 -0.750329
v -0.107565 -0.462229 -0.710881
v -0.107685 -0.424515 -0.731226
v -0.107964 -0.387642 -0.745076
v -0.108535 -0.366482 -0.752160
v -0.063495 -0.464987 -0.714939
v -0.063931 -0.425779 -0.735232
v -0.067540 -0.380256 -0.744521
v -0.084673 -0.364025 -0.748857
v -0.332265 -0.337370 -0.737387
v -0.331895 -0.304187 -0.746194
v -0.331658 -0.281370 -0.752021
v -0.331202 -0.246267 -0.761694
v -0.331730 -0.202573 -0.781105
v -0.332241 -0.173874 -0.791914
v -0.332450 -0.151890 -0.796325
v -0.332319 -0.115717 -0.807792
v -0.331591 -0.072290 -0.817648
v -0.289500 -0.334973 -0.744703
v -0.305222 -0.313020 -0.749043
v -0.275676 -0.318114 -0.751107
v -0.288710 -0.295394 -0.756348
v -0.286365 -0.247431 -0.774149
v -0.288977 -0.201776 -0.791374
v -0.305274 -0.180226 -0.793910
v -0.275595 -0.185500 -0.794634
v -0.288689 -0.162644 -0.797368
v -0.285856 -0.114687 -0.811489
v -0.284980 -0.070864 -0.823174
v -0.242393 -0.344833 -0.744414
v -0.242164 -0.322097 -0.751014
v -0.241922 -0.290904 -0.761625
v -0.242215 -0.247789 -0.781844
v -0.242214 -0.212158 -0.791787
v -0.242248 -0.190079 -0.795660
v -0.241792 -0.158206 -0.801111
v -0.241480 -0.114160 -0.818467
v -0.239372 -0.068271 -0.834479
v -0.223793 -0.051800 -0.840159
v -0.196907 -0.351510 -0.746447
v -0.196868 -0.329032 -0.752190
v -0.197249 -0.291263 -0.764790
v -0.197894 -0.247786 -0.782137
v -0.198149 -0.212275 -0.790585
v -0.198129 -0.189927 -0.794523
v -0.198166 -0.158271 -0.802493
v -0.198308 -0.114349 -0.819477
v -0.201218 -0.068611 -0.833758
v -0.217395 -0.051960 -0.840137
v -0.170850 -0.356524 -0.747980
v -0.155042 -0.340365 -0.756826
v -0.153240 -0.292672 -0.769624
v -0.154020 -0.248385 -0.779237
v -0.156637 -0.201846 -0.787822
v -0.143745 -0.171463 -0.790617
v -0.172532 -0.185298 -0.793770
v -0.156714 -0.157383 -0.798130
v -0.154928 -0.114771 -0.808801
v -0.155880 -0.070824 -0.814373
v -0.109289 -0.337929 -0.757491
v -0.110267 -0.293227 -0.762389
v -0.110492 -0.248923 -0.769220
v -0.110679 -0.204228 -0.774359
v -0.113705 -0.157904 -0.783180
v -0.102784 -0.115324 -0.786425
v -0.097229 -0.071101 -0.787640
v -0.130519 -0.141773 -0.794172
v -0.125088 -0.115215 -0.797306
v -0.119746 -0.071178 -0.798853
v -0.060869 -0.338762 -0.741571
v -0.056517 -0.293904 -0.741338
v -0.048543 -0.249111 -0.744862
v -0.043914 -0.223081 -0.746435
v -0.083147 -0.338401 -0.748453
v -0.079685 -0.293591 -0.748531
v -0.071949 -0.248886 -0.752398
v -0.062085 -0.206568 -0.754572
v -0.066406 -0.159457 -0.761105
v -0.065805 -0.115153 -0.768463
v -0.065303 -0.070908 -0.773221
v -0.040607 -0.193409 -0.748165
v -0.036795 -0.159583 -0.747693
v -0.027920 -0.115030 -0.751911
vn 0.7600 0.4868 -0.4307
vn 0.7631 0.4496 -0.4643
vn 0.7678 0.4010 -0.4997
vn 0.7402 0.4514 -0.4984
vn 0.7627 0.4558 -0.4589
vn 0.7661 0.4668 -0.4418
vn 0.7313 0.4502 -0.5123
vn 0.6746 0.3262 -0.6622
vn 0.6506 0.3358 -0.6811
vn 0.7021 0.4319 -0.5662
vn 0.6934 0.3877 -0.6074
vn 0.6603 0.2881 -0.6935
vn 0.6269 0.2552 -0.7361
vn 0.7147 0.3745 -0.5908
vn 0.7506 0.4527 -0.4812
vn 0.7124 0.4185 -0.5633
vn 0.7365 0.4066 -0.5407
vn 0.7670 0.4073 -0.4958
vn 0.7601 0.4114 -0.5030
vn 0.7357 0.4216 -0.5300
vn 0.7497 0.4178 -0.5132
vn 0.7856 0.4105 -0.4630
vn 0.7799 0.3962 -0.4846
vn 0.6029 0.2563 -0.7555
vn 0.6247 0.2478 -0.7405
vn 0.6355 0.3200 -0.7027
vn 0.5862 0.2271 -0.7777
vn 0.5983 0.1866 -0.7792
vn 0.6916 0.4386 -0.5739
vn 0.6747 0.4183 -0.6081
vn 0.6974 0.4344 -0.5701
vn 0.7135 0.4315 -0.5520
vn 0.6766 0.4153 -0.6081
vn 0.6499 0.3731 -0.6622
vn 0.7121 0.4245 -0.5592
vn 0.6774 0.4644 -0.5705
vn 0.6860 0.4628 -0.5614
vn 0.7221 0.4328 -0.5397
vn 0.6973 0.4923 -0.5211
vn 0.6628 0.5347 -0.5241
vn 0.6556 0.5947 -0.4653
vn 0.7116 0.5672 -0.4147
vn 0.7410 0.4208 -0.5233
vn 0.7378 0.1893 -0.6480
vn 0.7482 0.1403 -0.6485
vn 0.8264 0.2445 -0.5072
vn 0.8228 0.2934 -0.4868
vn 0.6923 0.1724 -0.7007
vn 0.6761 0.1021 -0.7297
vn 0.8001 0.2624 -0.5393
vn 0.6655 0.1517 -0.7308
vn 0.6391 0.1321 -0.7577
vn 0.7415 0.1601 -0.6516
vn 0.1528 0.9104 0.3844
vn 0.2178 0.9032 0.3699
vn 0.2137 0.9148 0.3428
vn 0.1618 0.9350 0.3157
vn 0.1224 0.8847 0.4497
vn 0.2065 0.8914 0.4034
vn 0.7282 0.0567 -0.6830
vn 0.6854 0.1113 -0.7196
vn 0.7322 0.1417 -0.6662
vn 0.7103 0.0555 -0.7017
vn 0.7073 0.0398 -0.7058
vn 0.6629 0.0817 -0.7443
vn 0.7002 0.0325 -0.7132
vn 0.0858 0.8562 0.5095
vn 0.1749 0.8737 0.4539
vn 0.0582 0.8234 0.5644
vn 0.1344 0.8417 0.5229
vn 0.8044 0.2800 -0.5239
vn 0.7665 0.2719 -0.5818
vn 0.8139 0.3105 -0.4912
vn 0.8326 0.2930 -0.4700
vn 0.7875 0.2372 -0.5688
vn 0.7318 0.2192 -0.6453
vn 0.8410 0.2824 -0.4616
vn 0.6320 0.1159 -0.7663
vn 0.6252 0.1352 -0.7687
vn 0.6013 0.1381 -0.7870
vn 0.6611 0.0709 -0.7470
vn 0.6347 0.1036 -0.7658
vn 0.6845 0.0278 -0.7285
vn 0.6465 0.0427 -0.7617
vn 0.6867 0.0032 -0.7270
vn 0.6503 0.0008 -0.7596
vn 0.6741 0.0279 -0.7381
vn 0.7431 0.3729 -0.5556
vn 0.7004 0.3520 -0.6209
vn 0.7568 0.4431 -0.4805
vn 0.7674 0.4145 -0.4891
vn 0.7438 0.2563 -0.6173
vn 0.6846 0.2273 -0.6925
vn 0.7830 0.3142 -0.5368
vn 0.7108 0.2193 -0.6683
vn 0.6716 0.1802 -0.7187
vn 0.6815 0.2104 -0.7009
vn 0.6374 0.1777 -0.7497
vn 0.7587 0.4515 -0.4696
vn 0.7692 0.4076 -0.4922
vn 0.8004 0.3417 -0.4925
vn 0.6137 0.0828 -0.7851
vn 0.5977 0.0707 -0.7986
vn 0.6394 0.1149 -0.7603
vn 0.6001 0.0428 -0.7988
vn 0.5751 0.0346 -0.8174
vn 0.6029 0.0135 -0.7977
vn 0.5840 0.0331 -0.8111
vn 0.6219 0.2759 -0.7329
vn 0.6255 0.2544 -0.7376
vn 0.6613 0.3191 -0.6789
vn 0.6183 0.2140 -0.7563
vn 0.5991 0.2001 -0.7753
vn 0.6228 0.1712 -0.7634
vn 0.5996 0.1834 -0.7790
vn 0.6254 0.1559 -0.7645
vn 0.6214 0.1689 -0.7650
vn 0.6404 0.1323 -0.7566
vn 0.7373 0.3930 -0.5494
vn 0.6154 0.1833 -0.7666
vn 0.5974 0.1986 -0.7770
vn 0.6185 0.2083 -0.7577
vn 0.6038 0.1825 -0.7760
vn 0.5863 0.1729 -0.7914
vn 0.5993 0.1830 -0.7794
vn 0.5824 0.1754 -0.7937
vn 0.6066 0.1287 -0.7845
vn 0.5693 0.1181 -0.8136
vn 0.5633 0.0525 -0.8246
vn 0.5766 0.0420 -0.8159
vn 0.5946 0.0493 -0.8025
vn 0.6190 0.2193 -0.7541
vn 0.5502 0.1636 -0.8189
vn 0.5548 0.1529 -0.8178
vn 0.5631 0.1675 -0.8093
vn 0.5502 0.1674 -0.8181
vn 0.5425 0.1624 -0.8242
vn 0.5539 0.1106 -0.8252
vn 0.5404 0.1241 -0.8322
vn 0.5515 0.0521 -0.8325
vn 0.5563 0.0517 -0.8294
vn 0.5493 0.0473 -0.8343
vn 0.5550 0.0335 -0.8311
vn 0.5544 0.0609 -0.8300
vn 0.5348 0.0558 -0.8431
vn 0.5826 0.2172 -0.7832
vn 0.5677 0.2188 -0.7936
vn 0.5654 0.2049 -0.7990
vn 0.8320 0.4832 -0.2726
vn 0.8099 0.5115 -0.2872
vn 0.7917 0.5780 -0.1978
vn 0.8210 0.5073 -0.2618
vn 0.8599 0.3907 -0.3286
vn 0.8271 0.4404 -0.3492
vn 0.8626 0.3947 -0.3164
vn 0.7430 0.6578 -0.1232
vn 0.7902 0.5770 -0.2064
vn 0.8424 0.4401 -0.3109
vn 0.6810 0.7320 -0.0193
vn 0.7391 0.6639 -0.1139
vn 0.8107 0.5272 -0.2545
vn 0.4937 0.8344 0.2451
vn 0.6739 0.7383 0.0276
vn 0.7750 0.6181 -0.1317
vn 0.4327 0.8454 0.3133
vn 0.6314 0.7653 0.1249
vn 0.6934 0.7189 0.0478
vn 0.7459 0.4866 -0.4549
vn 0.7499 0.4571 -0.4782
vn 0.7656 0.5320 -0.3618
vn 0.8252 0.5450 -0.1485
vn 0.7516 0.4474 -0.4847
vn 0.7255 0.4462 -0.5239
vn 0.7852 0.4769 -0.3949
vn 0.7671 0.4216 -0.4835
vn 0.7279 0.4463 -0.5206
vn 0.8073 0.4146 -0.4200
vn 0.7750 0.5660 -0.2811
vn 0.7848 0.5702 -0.2428
vn 0.7475 0.6559 -0.1052
vn 0.7537 0.6415 -0.1425
vn 0.6864 0.7239 0.0697
vn 0.7087 0.7055 -0.0028
vn 0.7554 0.6462 -0.1085
vn 0.5401 0.8001 0.2608
vn 0.6601 0.7482 0.0659
vn 0.6701 0.7421 0.0161
vn 0.5629 0.8076 0.1760
vn 0.3826 0.8530 0.3550
vn 0.5138 0.8574 0.0310
vn 0.2609 0.8534 0.4513
vn 0.4662 0.8403 0.2769
vn 0.2274 0.8422 0.4889
vn 0.2319 0.8651 0.4448
vn 0.7545 0.4063 -0.5155
vn 0.7709 0.4044 -0.4920
vn 0.7780 0.4644 -0.4231
vn 0.7919 0.4401 -0.4232
vn 0.7993 0.5078 -0.3213
vn 0.7790 0.5428 -0.3139
vn 0.7718 0.6008 -0.2083
vn 0.7669 0.6116 -0.1945
vn 0.6743 0.7371 0.0442
vn 0.7311 0.6798 -0.0575
vn 0.4329 0.8135 0.3883
vn 0.6201 0.7829 0.0502
vn 0.3270 0.8148 0.4787
vn 0.5558 0.7721 0.3082
vn 0.2935 0.8024 0.5195
vn 0.2452 0.8076 0.5364
vn 0.3861 0.8284 0.4059
vn 0.1928 0.8152 0.5462
vn 0.1714 0.8350 0.5228
vn 0.1604 0.8395 0.5191
vn 0.1624 0.8553 0.4920
vn 0.7525 0.5295 -0.3916
vn 0.7043 0.6912 -0.1620
vn 0.7471 0.6252 -0.2256
vn 0.7718 0.4293 -0.4691
vn 0.7968 0.5081 -0.3269
vn 0.6518 0.7577 0.0308
vn 0.6894 0.7224 -0.0538
vn 0.5673 0.7838 0.2526
vn 0.5178 0.8533 -0.0611
vn 0.4309 0.7361 0.5219
vn 0.4122 0.7927 0.4491
vn 0.2983 0.7506 0.5896
vn 0.2086 0.7859 0.5822
vn 0.1654 0.7851 0.5968
vn 0.1580 0.7842 0.6000
vn 0.1605 0.8050 0.5712
vn 0.1695 0.8335 0.5259
vn 0.1712 0.8387 0.5170
vn 0.1581 0.8439 0.5126
vn 0.9497 0.3099 -0.0461
vn 0.6794 0.6103 -0.4074
vn 0.7216 0.6656 -0.1902
vn 0.7159 0.6875 -0.1215
vn 0.7429 0.6687 -0.0307
vn 0.7099 0.7024 -0.0510
vn 0.6659 0.7045 0.2453
vn 0.7218 0.6892 0.0632
vn 0.6764 0.7284 0.1093
vn 0.4569 0.7734 0.4395
vn 0.3272 0.8166 0.4756
vn 0.5305 0.8025 0.2730
vn 0.2245 0.7855 0.5767
vn 0.4493 0.7497 0.4858
vn 0.2305 0.7098 0.6656
vn 0.2254 0.7055 0.6719
vn 0.1760 0.7247 0.6662
vn 0.1264 0.7652 0.6312
vn 0.1280 0.7942 0.5940
vn 0.1571 0.8101 0.5648
vn 0.1608 0.8288 0.5359
vn 0.1548 0.8314 0.5337
vn 0.1691 0.8307 0.5304
vn 0.8979 0.2107 -0.3865
vn 0.9189 0.1733 -0.3544
vn 0.9106 0.2096 -0.3561
vn 0.9068 0.2165 -0.3617
vn 0.0742 0.8983 0.4331
vn 0.1141 0.9335 0.3398
vn 0.0326 0.8648 0.5011
vn 0.8952 0.1901 -0.4031
vn 0.9085 0.1816 -0.3764
vn 0.0054 0.8416 0.5401
vn 0.8755 0.1616 -0.4554
vn 0.8932 0.1174 -0.4341
vn -0.0045 0.8212 0.5706
vn 0.8967 0.1628 -0.4116
vn 0.8843 0.1759 -0.4325
vn 0.9107 0.1985 -0.3623
vn 0.9121 0.1775 -0.3696
vn 0.9116 0.1080 -0.3967
vn 0.0559 0.9141 0.4016
vn 0.1372 0.9436 0.3014
vn 0.0963 0.9312 0.3515
vn 0.8768 0.2455 -0.4135
vn 0.8750 0.3028 -0.3777
vn 0.9034 0.2444 -0.3523
vn 0.8604 0.1716 -0.4799
vn 0.9100 0.1897 -0.3686
vn 0.0061 0.8722 0.4891
vn -0.0235 0.8457 0.5332
vn 0.8876 0.2705 -0.3729
vn 0.9003 0.2231 -0.3738
vn 0.9092 0.1963 -0.3672
vn -0.0276 0.8399 0.5420
vn 0.8912 0.2271 -0.3927
vn 0.8744 0.2729 -0.4012
vn 0.8702 0.2421 -0.4292
vn 0.8784 0.1914 -0.4380
vn 0.9039 0.1752 -0.3903
vn 0.9216 0.1652 -0.3513
vn -0.0139 0.8388 0.5443
vn 0.8496 0.2436 -0.4678
vn 0.8532 0.2800 -0.4401
vn 0.8709 0.3149 -0.3774
vn 0.8873 0.2459 -0.3903
vn 0.9107 0.1335 -0.3908
vn 0.9254 0.1087 -0.3632
vn 0.9299 0.1404 -0.3399
vn 0.9327 0.1468 -0.3294
vn 0.9075 0.2613 -0.3289
vn 0.9313 0.1950 -0.3077
vn 0.9397 0.1152 -0.3219
vn 0.9292 0.1166 -0.3507
vn 0.9155 0.1713 -0.3639
vn 0.9180 0.1909 -0.3477
vn 0.9072 0.1772 -0.3815
vn 0.8971 0.1654 -0.4098
vn 0.9060 0.1781 -0.3839
vn 0.8882 0.2511 -0.3848
vn 0.8873 0.2256 -0.4021
vn 0.8984 0.2307 -0.3738
vn 0.8962 0.2451 -0.3699
vn 0.9074 0.2076 -0.3653
vn 0.8588 0.3009 -0.4146
vn 0.8631 0.2930 -0.4112
vn 0.8601 0.2995 -0.4129
vn 0.8571 0.3216 -0.4024
vn 0.8637 0.2796 -0.4192
vn 0.8613 0.2722 -0.4291
vn 0.8703 0.2444 -0.4276
vn 0.8638 0.2679 -0.4268
vn 0.8583 0.2941 -0.4205
vn 0.8737 0.2513 -0.4166
vn 0.8608 0.2898 -0.4183
vn 0.8664 0.3206 -0.3828
vn 0.8687 0.3319 -0.3676
vn 0.8633 0.3805 -0.3316
vn 0.8697 0.3539 -0.3440
vn 0.8689 0.3354 -0.3641
vn 0.8526 0.3591 -0.3796
vn 0.8595 0.3520 -0.3706
vn 0.8791 0.3167 -0.3563
vn 0.8318 0.3373 -0.4409
vn 0.8494 0.3148 -0.4236
vn 0.8882 0.2226 -0.4019
vn 0.8354 0.3904 -0.3869
vn 0.8343 0.4028 -0.3765
vn 0.8146 0.5351 -0.2237
vn 0.8512 0.4387 -0.2881
vn 0.8897 0.3004 -0.3438
vn 0.9109 0.1597 -0.3806
vn 0.8035 0.5801 -0.1336
vn 0.8455 0.5096 -0.1598
vn 0.9121 0.3201 -0.2561
vn 0.9179 0.2036 -0.3405
vn 0.8086 0.3430 -0.4780
vn 0.7783 0.4080 -0.4772
vn 0.8175 0.3619 -0.4479
vn 0.7975 0.3196 -0.5116
vn 0.8496 0.2851 -0.4437
vn 0.8084 0.3881 -0.4426
vn 0.8363 0.3635 -0.4104
vn 0.8552 0.3406 -0.3906
vn 0.8657 0.2936 -0.4054
vn 0.8729 0.3467 -0.3433
vn 0.8706 0.3563 -0.3393
vn 0.8540 0.3610 -0.3747
vn 0.7436 0.4369 -0.5061
vn 0.4878 0.2440 -0.8381
vn 0.5149 0.2227 -0.8278
vn 0.4799 0.2166 -0.8502
vn 0.5357 0.2024 -0.8198
vn 0.5485 0.1896 -0.8144
vn 0.5034 0.2145 -0.8370
vn 0.6191 0.1395 -0.7728
vn 0.6286 0.0897 -0.7725
vn 0.5459 0.1680 -0.8208
vn 0.6232 0.0750 -0.7784
vn 0.6337 0.0065 -0.7735
vn 0.6393 0.0109 -0.7689
vn 0.5606 0.0687 -0.8252
vn 0.4834 0.2038 -0.8514
vn 0.4878 0.2164 -0.8457
vn 0.5418 0.0751 -0.8372
vn 0.3734 0.3438 -0.8616
vn 0.2663 0.4356 -0.8599
vn 0.2864 0.4390 -0.8516
vn 0.4208 0.2584 -0.8696
vn 0.4981 0.2351 -0.8346
vn 0.4787 0.1879 -0.8577
vn 0.4637 0.3094 -0.8302
vn 0.5227 0.2008 -0.8285
vn 0.5170 0.1870 -0.8353
vn 0.4622 0.1531 -0.8734
vn 0.4747 0.1019 -0.8742
vn 0.4857 0.1019 -0.8682
vn 0.5071 0.1427 -0.8500
vn 0.4613 0.1708 -0.8706
vn 0.4292 0.1560 -0.8896
vn 0.5267 0.1931 -0.8279
vn 0.4881 0.1137 -0.8653
vn 0.4191 0.1243 -0.8994
vn 0.5522 0.0988 -0.8278
vn 0.4862 0.0247 -0.8735
vn 0.4144 0.0013 -0.9101
vn 0.5372 0.0610 -0.8413
vn 0.4418 -0.0126 -0.8970
vn 0.3954 -0.0498 -0.9172
vn 0.5048 0.0149 -0.8631
vn 0.4082 -0.0477 -0.9116
vn 0.3855 -0.0511 -0.9213
vn 0.5002 -0.0508 -0.8644
vn 0.3840 -0.1100 -0.9167
vn 0.3881 -0.1123 -0.9147
vn 0.4772 -0.0941 -0.8737
vn 0.5491 0.0229 -0.8354
vn 0.6343 -0.0703 -0.7699
vn 0.5041 0.0808 -0.8599
vn 0.5395 0.0266 -0.8416
vn 0.4581 0.1299 -0.8793
vn 0.4275 0.1216 -0.8958
vn 0.4160 -0.0088 -0.9093
vn 0.4037 -0.0689 -0.9123
vn 0.3850 -0.0556 -0.9212
vn 0.3722 -0.1034 -0.9224
vn 0.5961 -0.0951 -0.7973
vn 0.5646 -0.0664 -0.8227
vn 0.4684 0.0724 -0.8806
vn 0.4028 0.0972 -0.9101
vn 0.3948 -0.0037 -0.9188
vn 0.3594 0.0134 -0.9331
vn 0.3903 -0.0786 -0.9173
vn 0.3762 -0.0736 -0.9236
vn 0.3560 -0.0774 -0.9313
vn 0.3317 -0.0929 -0.9388
vn 0.8026 0.5349 -0.2640
vn 0.8285 0.5120 -0.2269
vn 0.4909 0.7897 0.3679
vn 0.7249 0.6848 -0.0748
vn 0.8487 0.3804 -0.3674
vn 0.8505 0.3692 -0.3746
vn 0.7694 0.5533 -0.3193
vn 0.1836 0.8264 0.5324
vn 0.5215 0.8342 0.1793
vn 0.4583 0.8666 0.1971
vn 0.8137 0.2424 -0.5284
vn 0.6600 0.3563 -0.6614
vn 0.7938 0.3131 -0.5213
vn 0.8353 0.2918 -0.4660
vn 0.8100 0.2616 -0.5248
vn 0.7616 0.2550 -0.5958
vn 0.8207 0.2856 -0.4949
vn 0.8410 0.4033 -0.3606
vn 0.7778 0.4404 -0.4485
vn 0.7984 0.5847 -0.1440
vn 0.8152 0.5192 -0.2568
vn 0.8481 0.3894 -0.3594
vn 0.8490 0.3229 -0.4182
vn 0.3885 0.8300 0.4002
vn 0.6950 0.7182 0.0334
vn 0.0677 0.7858 0.6148
vn 0.4153 0.8043 0.4251
vn 0.0074 0.7511 0.6602
vn 0.0112 0.7577 0.6525
vn 0.5226 0.3927 -0.7568
vn 0.3701 0.4642 -0.8047
vn 0.3997 0.4480 -0.7997
vn 0.6076 0.3669 -0.7044
vn 0.4297 0.4570 -0.7788
vn 0.4356 0.5511 -0.7118
vn 0.2634 0.6310 -0.7297
vn 0.3378 0.8748 -0.3473
vn 0.5764 0.6875 -0.4417
vn 0.5396 0.4435 -0.7156
vn 0.3201 0.4891 -0.8114
vn 0.1616 0.9486 0.2720
vn 0.5019 0.8633 -0.0528
vn -0.0566 0.7872 0.6141
vn 0.3125 0.8238 0.4729
vn -0.0644 0.7435 0.6656
vn -0.0409 0.7605 0.6480
vn -0.0402 0.7602 0.6485
vn -0.0307 0.7582 0.6513
vn 0.2985 0.4878 -0.8203
vn 0.2662 0.5303 -0.8049
vn 0.2560 0.5366 -0.8041
vn 0.3093 0.5086 -0.8036
vn 0.3371 0.5034 -0.7956
vn 0.1801 0.7735 -0.6076
vn 0.1029 0.8152 -0.5699
vn -0.0050 0.9937 -0.1116
vn 0.1927 0.9466 -0.2587
vn 0.1714 0.6382 -0.7505
vn 0.0055 0.9828 0.1848
vn 0.1077 0.9836 0.1450
vn -0.1081 0.8744 0.4730
vn -0.0813 0.7654 0.6385
vn -0.1175 0.7569 0.6429
vn -0.1185 0.7483 0.6527
vn -0.1274 0.7455 0.6542
vn -0.1197 0.7691 0.6278
vn 0.3138 0.5245 -0.7915
vn 0.2759 0.5289 -0.8026
vn 0.2910 0.5278 -0.7980
vn 0.3395 0.5202 -0.7837
vn 0.2668 0.5389 -0.7990
vn 0.1871 0.6327 -0.7515
vn 0.0936 0.7029 -0.7051
vn -0.1221 0.8370 -0.5334
vn 0.2324 0.5893 -0.7737
vn -0.1211 0.8506 -0.5117
vn -0.1603 0.9636 -0.2140
vn -0.2844 0.9584 -0.0259
vn -0.1750 0.9628 0.2061
vn -0.2204 0.8668 0.4472
vn -0.1923 0.7568 0.6247
vn -0.1556 0.7560 0.6358
vn -0.1846 0.7475 0.6381
vn -0.1578 0.7372 0.6570
vn -0.1616 0.7522 0.6388
vn -0.1337 0.7760 0.6164
vn 0.2472 0.5594 -0.7912
vn 0.1838 0.5932 -0.7838
vn 0.0170 0.7831 -0.6217
vn -0.0529 0.7967 -0.6021
vn -0.2359 0.8669 -0.4391
vn -0.2841 0.9519 -0.1150
vn -0.2403 0.8985 0.3674
vn -0.2088 0.7587 0.6170
vn -0.2269 0.7276 0.6474
vn -0.2530 0.7258 0.6397
vn -0.1973 0.7408 0.6422
vn -0.2702 0.7333 0.6239
vn -0.2951 0.7115 0.6377
vn -0.1845 0.7538 0.6307
vn -0.2205 0.7196 0.6585
vn 0.6703 0.3690 -0.6439
vn 0.7006 0.3498 -0.6219
vn 0.6907 0.4038 -0.5999
vn 0.6512 0.3318 -0.6825
vn 0.6701 0.2888 -0.6838
vn 0.6479 0.2094 -0.7324
vn 0.6397 0.1549 -0.7528
vn 0.6697 0.4573 -0.5851
vn 0.7036 0.4425 -0.5560
vn 0.6767 0.4864 -0.5527
vn 0.6390 0.5356 -0.5521
vn 0.6983 0.5036 -0.5087
vn 0.6853 0.5403 -0.4884
vn 0.6593 0.5613 -0.5002
vn 0.6453 0.5161 -0.5632
vn 0.6847 0.5007 -0.5296
vn 0.7017 0.5626 -0.4371
vn 0.6908 0.2972 -0.6592
vn 0.6731 0.2643 -0.6907
vn 0.7142 0.3272 -0.6188
vn 0.6756 0.2456 -0.6951
vn 0.6354 0.2112 -0.7427
vn 0.6508 0.1837 -0.7367
vn 0.6241 0.1653 -0.7637
vn 0.6360 0.1569 -0.7555
vn 0.6236 0.1592 -0.7654
vn 0.7643 0.3974 -0.5079
vn 0.7542 0.4049 -0.5169
vn 0.7879 0.4356 -0.4353
vn 0.7609 0.4539 -0.4636
vn 0.7366 0.3840 -0.5568
vn 0.7409 0.3345 -0.5825
vn 0.7579 0.4919 -0.4285
vn 0.7703 0.4709 -0.4299
vn 0.7728 0.4832 -0.4114
vn 0.7547 0.4517 -0.4758
vn 0.8054 0.4269 -0.4112
vn 0.7939 0.3828 -0.4725
vn 0.7278 0.4815 -0.4883
vn 0.7363 0.5414 -0.4058
vn 0.6856 0.7142 -0.1409
vn 0.7316 0.5877 -0.3454
vn 0.6300 0.2241 -0.7436
vn 0.6451 0.2129 -0.7338
vn 0.6619 0.2107 -0.7193
vn 0.6236 0.1928 -0.7576
vn 0.6559 0.1826 -0.7324
vn 0.6208 0.1633 -0.7667
vn 0.6446 0.1574 -0.7481
vn 0.6275 0.1666 -0.7606
vn 0.6224 0.1602 -0.7661
vn 0.7072 0.4485 -0.5466
vn 0.7267 0.4055 -0.5545
vn 0.7381 0.4174 -0.5301
vn 0.7406 0.4507 -0.4984
vn 0.7229 0.3765 -0.5793
vn 0.7025 0.3516 -0.6188
vn 0.7203 0.2899 -0.6302
vn 0.6886 0.2435 -0.6831
vn 0.8056 0.3316 -0.4909
vn 0.8381 0.3236 -0.4392
vn 0.7898 0.3791 -0.4823
vn 0.7789 0.3485 -0.5214
vn 0.8087 0.3982 -0.4328
vn 0.6411 0.2216 -0.7348
vn 0.6085 0.2064 -0.7662
vn 0.6417 0.2398 -0.7285
vn 0.6284 0.1612 -0.7610
vn 0.5639 0.1403 -0.8139
vn 0.6045 0.1323 -0.7855
vn 0.5590 0.1156 -0.8210
vn 0.5745 0.1288 -0.8083
vn 0.5585 0.1095 -0.8223
vn 0.7801 0.3259 -0.5341
vn 0.6941 0.3476 -0.6304
vn 0.7812 0.2909 -0.5523
vn 0.7861 0.3175 -0.5304
vn 0.7461 0.3528 -0.5646
vn 0.6844 -0.3916 -0.6151
vn 0.6972 0.2929 -0.6544
vn 0.6730 0.2170 -0.7071
vn 0.6529 0.2016 -0.7301
vn 0.6409 0.1831 -0.7454
vn 0.5614 0.1190 -0.8190
vn 0.5704 0.1131 -0.8136
vn 0.5455 0.1223 -0.8291
vn 0.5695 0.1105 -0.8145
vn 0.5521 0.1083 -0.8267
vn 0.6070 0.3720 -0.7023
vn 0.4916 0.4445 -0.7488
vn 0.5274 0.4234 -0.7366
vn 0.6410 0.2959 -0.7082
vn 0.5593 0.3411 -0.7555
vn 0.6620 0.1782 -0.7280
vn 0.6282 0.1706 -0.7591
vn 0.6446 0.1676 -0.7459
vn 0.6118 0.1309 -0.7801
vn 0.5698 0.1558 -0.8069
vn 0.5461 0.1357 -0.8267
vn 0.5079 0.2814 -0.8142
vn 0.4250 0.3876 -0.8180
vn 0.4520 0.4430 -0.7742
vn 0.5306 0.1715 -0.8301
vn 0.4498 0.2029 -0.8698
vn 0.5606 0.1242 -0.8188
vn 0.4982 0.1599 -0.8522
vn 0.5866 0.1516 -0.7955
vn 0.5916 0.1291 -0.7958
vn 0.4019 0.4919 -0.7723
vn 0.3735 0.5106 -0.7745
vn 0.3284 0.5087 -0.7959
vn 0.2421 0.5276 -0.8143
vn 0.2900 0.5464 -0.7857
vn 0.2113 0.5350 -0.8180
vn -0.3081 0.6535 0.6913
vn 0.5376 0.1066 -0.8365
vn 0.5707 0.1161 -0.8129
vn 0.5435 0.1503 -0.8258
vn 0.5648 0.0709 -0.8222
vn 0.5819 0.0925 -0.8079
vn 0.5925 0.0342 -0.8049
vn 0.5951 0.0536 -0.8018
vn 0.5870 0.0329 -0.8089
vn 0.6045 0.0199 -0.7963
vn 0.6232 0.1731 -0.7627
vn 0.5985 0.2047 -0.7745
vn 0.6169 0.1729 -0.7678
vn 0.5742 0.1919 -0.7959
vn 0.5865 0.1673 -0.7925
vn 0.5730 0.1399 -0.8076
vn 0.5624 0.1480 -0.8135
vn 0.5845 0.0382 -0.8105
vn 0.5795 0.0480 -0.8135
vn 0.5872 0.0810 -0.8053
vn 0.5805 0.0161 -0.8141
vn 0.5540 0.0003 -0.8325
vn 0.6352 0.1560 -0.7565
vn 0.6318 0.1520 -0.7601
vn 0.6243 0.1405 -0.7685
vn 0.6138 0.1442 -0.7762
vn 0.6183 0.1264 -0.7757
vn 0.6016 0.1375 -0.7868
vn 0.6130 0.1381 -0.7779
vn 0.5935 0.1281 -0.7946
vn 0.6132 0.1182 -0.7811
vn 0.6033 0.0997 -0.7913
vn 0.5921 0.0950 -0.8003
vn 0.5964 0.1121 -0.7948
vn 0.5659 0.1303 -0.8141
vn 0.6032 0.1453 -0.7843
vn 0.5981 0.1184 -0.7927
vn 0.5747 0.1338 -0.8074
vn 0.5933 0.1340 -0.7938
vn 0.5818 0.1229 -0.8040
vn 0.5929 0.1155 -0.7970
vn 0.5749 0.1173 -0.8097
vn 0.5966 0.0942 -0.7970
vn 0.5782 0.0997 -0.8098
vn 0.5937 0.0852 -0.8002
vn 0.5673 0.0704 -0.8205
vn 0.5287 0.0151 -0.8487
vn 0.4858 -0.0238 -0.8737
vn 0.5861 0.1058 -0.8033
vn 0.5590 0.1362 -0.8179
vn 0.5706 0.1370 -0.8097
vn 0.5760 0.1101 -0.8100
vn 0.5603 0.0991 -0.8223
vn 0.5650 0.0990 -0.8192
vn 0.5452 0.0866 -0.8338
vn 0.5433 0.0417 -0.8385
vn 0.5350 0.0224 -0.8445
vn 0.4955 -0.0289 -0.8681
vn 0.5332 -0.0554 -0.8442
vn 0.4539 -0.0463 -0.8898
vn 0.5158 -0.0714 -0.8538
vn 0.5509 0.1336 -0.8238
vn 0.5528 0.1558 -0.8186
vn 0.5607 0.1228 -0.8188
vn 0.5321 0.1037 -0.8403
vn 0.5424 0.1598 -0.8248
vn 0.0261 0.8127 0.5822
vn -0.0067 0.7879 0.6157
vn -0.0103 0.7918 0.6107
vn -0.1088 0.7904 0.6029
vn 0.7294 0.6048 -0.3197
vn 0.4737 0.8498 0.2310
vn 0.2272 0.8092 0.5419
vn 0.1379 0.7329 0.6662
vn 0.0552 0.7210 0.6908
vn 0.0114 0.7716 0.6360
vn -0.0172 0.7278 0.6855
vn 0.0210 0.6905 0.7230
vn 0.0610 0.6958 0.7157
vn 0.1193 0.7682 0.6290
vn 0.1658 0.8219 0.5449
vn 0.1603 0.8235 0.5443
vn 0.1713 0.8184 0.5486
vn 0.1428 0.8197 0.5548
vn 0.1936 0.8255 0.5302
vn 0.4831 0.8350 0.2635
vn 0.0761 0.7724 0.6306
vn 0.0371 0.7775 0.6278
vn 0.0585 0.7400 0.6700
vn 0.1666 0.7270 0.6662
vn 0.1523 0.7243 0.6724
vn -0.0558 0.7373 0.6732
vn 0.1521 0.7533 0.6398
vn 0.1265 0.7176 0.6849
vn 0.2052 0.7461 0.6334
vn 0.2215 0.7944 0.5656
vn 0.2078 0.8185 0.5356
vn 0.1739 0.8105 0.5593
vn 0.2042 0.8251 0.5268
vn 0.1446 0.7907 0.5949
vn 0.1234 0.8001 0.5870
vn 0.0199 0.8142 0.5803
vn 0.0651 0.7808 0.6214
vn 0.1024 0.7795 0.6180
vn 0.1115 0.7772 0.6193
vn 0.0941 0.7765 0.6230
vn 0.0790 0.7609 0.6441
vn 0.3548 0.7674 0.5340
vn 0.0886 0.7285 0.6792
vn 0.0997 0.7372 0.6682
vn 0.3098 0.7215 0.6193
vn 0.1149 0.7452 0.6569
vn 0.1165 0.7774 0.6181
vn 0.2445 0.7901 0.5621
vn 0.0990 0.7956 0.5977
vn 0.0913 0.7992 0.5941
vn 0.0999 0.7850 0.6114
vn 0.1158 0.7920 0.5995
vn -0.0170 0.8225 0.5685
vn -0.0079 0.8116 0.5841
vn 0.0215 0.7916 0.6107
vn 0.0322 0.7599 0.6493
vn 0.1006 0.7771 0.6213
vn -0.0015 0.7386 0.6742
vn -0.0627 0.7253 0.6856
vn -0.0738 0.7199 0.6901
vn -0.0559 0.7420 0.6680
vn -0.0109 0.7691 0.6390
vn 0.0421 0.7910 0.6103
vn 0.0722 0.7962 0.6007
vn 0.0737 0.7937 0.6038
vn 0.0852 0.8038 0.5888
vn 0.1155 0.8020 0.5861
vn -0.0132 0.8099 0.5865
vn -0.0453 0.8048 0.5918
vn -0.0829 0.7803 0.6199
vn -0.0433 0.7512 0.6587
vn -0.1054 0.7079 0.6984
vn -0.0383 0.7060 0.7072
vn -0.0836 0.7246 0.6841
vn -0.0399 0.7785 0.6264
vn 0.0117 0.8133 0.5817
vn 0.0535 0.8259 0.5613
vn 0.0772 0.8086 0.5832
vn 0.0836 0.7924 0.6043
vn 0.0862 0.8159 0.5718
vn 0.0847 0.8203 0.5656
vn -0.1495 0.7573 0.6357
vn -0.2161 0.7319 0.6463
vn -0.2688 0.7229 0.6365
vn -0.2945 0.6947 0.6563
vn -0.1484 0.7309 0.6661
vn -0.2748 0.6895 0.6701
vn -0.2002 0.7319 0.6513
vn -0.1543 0.6979 0.6994
vn -0.0884 0.7986 0.5953
vn -0.0352 0.8115 0.5832
vn 0.0050 0.8381 0.5455
vn 0.0128 0.8355 0.5493
vn 0.0037 0.8037 0.5950
vn 0.0006 0.7965 0.6046
vn 0.0192 0.8270 0.5619
vn 0.0283 0.8112 0.5841
vn -0.2869 0.6760 0.6787
vn -0.3231 0.6505 0.6873
vn -0.4055 0.6507 0.6420
vn -0.3207 0.7084 0.6288
vn -0.2584 0.7493 0.6097
vn -0.1821 0.7946 0.5791
vn -0.1268 0.8395 0.5283
vn -0.0965 0.8521 0.5143
vn -0.0011 0.8505 0.5259
vn -0.0736 0.8453 0.5292
vn -0.0630 0.8220 0.5659
vn -0.0670 0.7864 0.6140
vn -0.0583 0.8081 0.5862
vn -0.0407 0.8397 0.5416
vn -0.0313 0.7884 0.6143
vn -0.3007 0.6323 0.7140
vn -0.3162 0.6213 0.7169
vn -0.2990 0.6514 0.6973
vn -0.3016 0.6959 0.6518
vn -0.2848 0.6959 0.6593
vn -0.2879 0.7647 0.5765
vn -0.2059 0.7981 0.5663
vn -0.2429 0.8183 0.5210
vn -0.2097 0.8358 0.5073
vn -0.1914 0.8433 0.5023
vn -0.1803 0.8330 0.5230
vn -0.1479 0.8076 0.5709
vn -0.1508 0.7905 0.5937
vn -0.1203 0.8112 0.5723
vn -0.1281 0.8269 0.5476
vn -0.1337 0.7936 0.5935
vn 0.0322 0.8694 0.4930
vn 0.0771 0.9085 0.4108
vn -0.0139 0.8499 0.5267
vn -0.0197 0.8299 0.5576
vn -0.0024 0.8138 0.5811
vn -0.0184 0.8514 0.5242
vn 0.0026 0.8638 0.5038
vn 0.0035 0.8553 0.5182
vn 0.0417 0.8921 0.4499
vn -0.0197 0.8203 0.5716
vn 0.0020 0.8360 0.5488
vn 0.0048 0.8577 0.5141
vn 0.0320 0.8684 0.4948
vn 0.0430 0.8682 0.4943
vn -0.0229 0.8503 0.5258
vn -0.0000 0.8719 0.4896
vn -0.0083 0.8482 0.5296
vn 0.0403 0.8726 0.4867
vn 0.0737 0.8802 0.4688
vn 0.0768 0.8690 0.4889
vn 0.0501 0.8441 0.5338
vn 0.0445 0.8386 0.5429
vn 0.0691 0.8609 0.5040
vn 0.0954 0.8905 0.4448
vn 0.1069 0.8962 0.4306
vn 0.0957 0.8721 0.4799
vn 0.0998 0.8441 0.5268
vn 0.0895 0.8232 0.5607
vn 0.1039 0.8525 0.5123
vn 0.1103 0.8772 0.4673
vn 0.1170 0.8989 0.4223
vn 0.0956 0.8768 0.4712
vn 0.0501 0.8040 0.5925
vn 0.1047 0.8046 0.5845
vn 0.0522 0.7852 0.6171
vn 0.0893 0.7833 0.6152
vn 0.0452 0.7396 0.6715
vn 0.0674 0.7582 0.6485
vn 0.0438 0.7519 0.6578
vn 0.0344 0.7776 0.6279
vn 0.0501 0.8393 0.5414
vn 0.0131 0.8607 0.5089
vn 0.0438 0.8740 0.4840
vn 0.0035 0.8835 0.4684
vn 0.0340 0.8043 0.5932
vn 0.0107 0.7888 0.6145
vn 0.0402 0.7154 0.6975
vn 0.0274 0.6942 0.7192
vn 0.0531 0.7120 0.7002
vn 0.0398 0.7011 0.7119
vn 0.0587 0.7318 0.6790
vn 0.0385 0.7381 0.6735
vn 0.0545 0.7262 0.6854
vn 0.0144 0.7456 0.6662
vn 0.0021 0.8167 0.5771
vn 0.0042 0.7956 0.6058
vn 0.0059 0.7536 0.6573
vn 0.0364 0.7709 0.6359
vn 0.0737 0.8355 0.5445
vn 0.0775 0.8593 0.5056
vn 0.0560 0.8081 0.5863
vn 0.0441 0.7338 0.6779
vn 0.0463 0.7225 0.6899
vn 0.0573 0.7348 0.6758
vn 0.0398 0.7371 0.6746
vn 0.0539 0.7288 0.6826
vn 0.0075 0.8372 0.5469
vn 0.0188 0.8131 0.5818
vn 0.0331 0.7869 0.6162
vn 0.0638 0.8040 0.5912
vn 0.0875 0.8395 0.5362
vn 0.0832 0.8449 0.5285
vn 0.0585 0.8021 0.5943
vn 0.0394 0.7419 0.6693
vn 0.0382 0.7204 0.6925
vn 0.0392 0.7318 0.6804
vn 0.0356 0.7244 0.6884
vn 0.0213 0.8628 0.5051
vn 0.0371 0.8447 0.5340
vn 0.0578 0.8252 0.5618
vn 0.0785 0.8257 0.5586
vn 0.0871 0.8373 0.5397
vn 0.0820 0.8349 0.5443
vn 0.0600 0.7954 0.6031
vn 0.0404 0.7451 0.6657
vn 0.0391 0.7275 0.6850
vn 0.0461 0.7330 0.6787
vn 0.0467 0.7305 0.6813
vn 0.0496 0.7171 0.6952
vn 0.0387 0.7045 0.7087
vn 0.0392 0.8755 0.4816
vn 0.0454 0.8715 0.4883
vn 0.0549 0.8570 0.5124
vn 0.0637 0.8430 0.5342
vn 0.0703 0.8365 0.5434
vn 0.0754 0.8323 0.5492
vn 0.0633 0.8317 0.5516
vn 0.0533 0.7980 0.6003
vn 0.0348 0.7493 0.6613
vn 0.0394 0.7393 0.6722
vn 0.0500 0.7415 0.6691
vn 0.0537 0.7329 0.6783
vn 0.0599 0.7303 0.6805
vn 0.0725 0.8670 0.4930
vn 0.0691 0.8731 0.4827
vn 0.0648 0.8699 0.4889
vn 0.0629 0.8577 0.5103
vn 0.0635 0.8458 0.5298
vn 0.0597 0.8325 0.5508
vn 0.0439 0.7949 0.6051
vn 0.0357 0.7593 0.6497
vn 0.0399 0.7507 0.6595
vn 0.0463 0.7502 0.6596
vn 0.0455 0.7376 0.6737
vn 0.0550 0.7421 0.6680
vn 0.0827 0.8547 0.5124
vn 0.0832 0.8622 0.4997
vn 0.0839 0.8680 0.4893
vn 0.0781 0.8622 0.5006
vn 0.0742 0.8528 0.5169
vn 0.0716 0.8386 0.5400
vn 0.0595 0.8051 0.5902
vn 0.0482 0.7705 0.6357
vn 0.0462 0.7578 0.6509
vn 0.0433 0.7505 0.6595
vn 0.0454 0.7464 0.6640
vn 0.0634 0.7605 0.6462
vn 0.0757 0.8519 0.5182
vn 0.0907 0.8651 0.4934
vn 0.1058 0.8697 0.4820
vn 0.1005 0.8579 0.5039
vn 0.0959 0.8556 0.5086
vn 0.0936 0.8484 0.5210
vn 0.0828 0.8175 0.5699
vn 0.0648 0.7762 0.6272
vn 0.0554 0.7593 0.6484
vn 0.0553 0.7555 0.6528
vn 0.0651 0.7608 0.6457
vn 0.0899 0.7867 0.6108
vn 0.0328 0.7256 0.6873
vn 0.0198 0.7393 0.6730
vn -0.0034 0.7347 0.6784
vn -0.0396 0.7691 0.6379
vn -0.0294 0.7451 0.6663
vn -0.0998 0.7701 0.6301
vn -0.0210 0.7345 0.6783
vn 0.0504 0.6981 0.7142
vn 0.0260 0.6995 0.7142
vn 0.0164 0.7477 0.6638
vn 0.0369 0.6897 0.7232
vn 0.0508 0.6924 0.7198
vn 0.0723 0.7584 0.6478
vn 0.0847 0.7366 0.6710
vn 0.1000 0.7625 0.6392
vn 0.1312 0.7855 0.6048
vn 0.0825 0.7603 0.6443
vn 0.1111 0.7963 0.5946
vn 0.0803 0.7786 0.6224
vn 0.1062 0.8096 0.5773
vn 0.0972 0.8000 0.5921
vn 0.1229 0.8229 0.5548
vn 0.1260 0.8238 0.5527
vn 0.1487 0.8314 0.5355
vn 0.1018 0.8569 0.5054
vn 0.0852 0.8443 0.5291
vn 0.1094 0.8522 0.5116
vn 0.1272 0.8647 0.4859
vn 0.1258 0.8930 0.4322
vn 0.1482 0.8765 0.4580
vn 0.1157 0.8623 0.4931
vn 0.1417 0.8319 0.5366
vn 0.1477 0.7980 0.5843
vn 0.1392 0.8437 0.5184
vn 0.1375 0.8557 0.4989
vn 0.1386 0.8720 0.4694
vn 0.1170 0.8416 0.5273
vn 0.2119 0.7896 0.5758
vn 0.2057 0.7685 0.6058
vn 0.2008 0.8074 0.5548
vn 0.1856 0.8259 0.5324
vn 0.1561 0.8498 0.5034
vn 0.1352 0.8363 0.5314
vn 0.3561 0.7139 0.6030
vn 0.3387 0.7075 0.6202
vn 0.3546 0.7343 0.5788
vn 0.3426 0.7514 0.5639
vn 0.2358 0.8082 0.5396
vn 0.3067 0.7874 0.5348
vn 0.4075 0.7227 0.5583
vn 0.5805 0.6042 0.5458
vn 0.5544 0.6090 0.5672
vn 0.4947 0.6625 0.5624
vn 0.6613 0.5604 0.4985
vn 0.5899 0.6235 0.5132
vn 0.4786 0.6931 0.5390
vn 0.6861 0.5701 0.4521
vn 0.6148 0.6383 0.4633
vn 0.7592 0.4699 0.4505
vn 0.6809 0.5207 0.5150
vn 0.8309 0.4225 0.3621
vn 0.8081 0.4597 0.3683
vn 0.9179 0.3162 0.2398
vn 0.8728 0.3876 0.2966
vn 0.8222 0.4585 0.3373
vn 0.9338 0.2703 0.2344
vn 0.8971 0.3175 0.3073
vn 0.9640 0.2131 0.1590
vn 0.9556 0.2321 0.1817
vn 0.0801 0.8412 0.5348
vn 0.0877 0.8712 0.4831
vn 0.1004 0.8840 0.4566
vn 0.0994 0.8626 0.4960
vn 0.0950 0.8508 0.5168
vn 0.0845 0.8470 0.5248
vn 0.0690 0.8230 0.5639
vn 0.0514 0.7762 0.6284
vn 0.0531 0.7623 0.6450
vn 0.0695 0.7702 0.6341
vn 0.0878 0.7774 0.6228
vn 0.1095 0.8058 0.5819
vn 0.1034 0.8201 0.5628
vn 0.0976 0.8532 0.5123
vn 0.0800 0.8845 0.4597
vn 0.0671 0.8770 0.4758
vn 0.0685 0.8521 0.5189
vn 0.0605 0.8330 0.5499
vn 0.0438 0.8181 0.5733
vn 0.0413 0.7888 0.6133
vn 0.0577 0.7763 0.6277
vn 0.0826 0.7908 0.6064
vn 0.1097 0.7989 0.5914
vn 0.1324 0.8191 0.5582
vn 0.1434 0.8145 0.5622
vn 0.1540 0.8281 0.5391
vn 0.1464 0.8584 0.4917
vn 0.1330 0.8710 0.4729
vn 0.1297 0.8417 0.5241
vn 0.1288 0.8299 0.5429
vn 0.1276 0.8202 0.5577
vn 0.1347 0.8202 0.5560
vn 0.1606 0.8153 0.5563
vn 0.1851 0.8207 0.5406
vn 0.1965 0.8268 0.5270
vn 0.2157 0.8439 0.4911
vn 0.3161 0.7846 0.5333
vn 0.3334 0.7874 0.5185
vn 0.3426 0.8041 0.4859
vn 0.3365 0.8205 0.4622
vn 0.3865 0.8090 0.4429
vn 0.3579 0.8139 0.4578
vn 0.3930 0.8081 0.4388
vn 0.4127 0.8129 0.4109
vn 0.4167 0.8206 0.3912
vn 0.4261 0.8192 0.3839
vn 0.4281 0.8244 0.3704
vn 0.4352 0.8348 0.3371
vn 0.4392 0.8420 0.3133
vn 0.2567 0.8714 0.4180
vn 0.6257 0.6389 0.4476
vn 0.6261 0.6451 0.4380
vn 0.6118 0.6706 0.4194
vn 0.6008 0.6918 0.4006
vn 0.6044 0.7169 0.3476
vn 0.6288 0.7153 0.3048
vn 0.6515 0.7142 0.2559
vn 0.5832 0.7711 0.2556
vn 0.6603 0.7270 0.1884
vn 0.8039 0.5947 -0.0075
vn 0.6901 0.7078 0.1511
vn 0.6213 0.7549 0.2099
vn 0.8376 0.5438 -0.0517
vn 0.7961 0.6049 0.0176
vn 0.6739 0.7110 0.2010
vn 0.9291 0.2896 0.2298
vn 0.8506 0.4191 0.3176
vn 0.8115 0.4759 0.3392
vn 0.9462 0.2479 0.2077
vn 0.9307 0.2884 0.2252
vn 0.8290 0.4666 0.3083
vn 0.7773 0.5481 0.3090
vn 0.9456 0.2680 0.1843
vn 0.9150 0.3703 0.1600
vn 0.7931 0.5569 0.2467
vn 0.9241 0.3808 0.0331
vn 0.8187 0.5591 0.1306
vn 0.7752 0.6192 0.1250
vn 0.9426 0.3015 -0.1435
vn 0.8778 0.4772 -0.0426
vn 0.8005 0.5977 0.0438
vn 0.9293 0.2377 -0.2826
vn 0.8938 0.4052 -0.1921
vn 0.8466 0.5229 -0.0990
vn 0.9062 0.2320 -0.3534
vn 0.9010 0.3100 -0.3033
vn 0.8962 0.3987 -0.1947
vn 0.8382 0.5408 -0.0706
vn 0.7707 0.6371 -0.0076
vn 0.7666 0.6416 -0.0253
vn 0.9928 0.1034 0.0604
vn 0.9730 0.1801 0.1446
vn 0.9992 0.0268 -0.0287
vn 0.9937 0.0861 0.0718
vn 0.9888 0.1109 0.0998
vn 0.9933 -0.0353 -0.1100
vn 0.9963 -0.0454 -0.0724
vn 0.9972 0.0704 0.0254
vn 0.9855 0.1673 0.0296
vn 0.9860 -0.0566 -0.1566
vn 0.9834 -0.0764 -0.1648
vn 0.9892 -0.0524 -0.1370
vn 0.9884 0.1329 -0.0729
vn 0.9728 -0.0468 -0.2271
vn 0.9712 -0.0099 -0.2382
vn 0.9695 0.1032 -0.2224
vn 0.9551 0.0597 -0.2902
vn 0.9467 0.0727 -0.3138
vn 0.9403 0.1190 -0.3188
vn 0.9317 0.1548 -0.3285
vn 0.9257 0.1527 -0.3461
vn 0.9165 0.1726 -0.3608
vn 0.9968 0.0414 -0.0681
vn 0.9974 0.0690 -0.0215
vn 0.9914 -0.0034 -0.1311
vn 0.9847 -0.0352 -0.1708
vn 0.9819 -0.0654 -0.1777
vn 0.9801 -0.0088 -0.1985
vn 0.9772 -0.0305 -0.2101
vn 0.9677 0.0500 -0.2469
vn 0.9624 0.0569 -0.2655
vn 0.9422 0.0877 -0.3235
vn 0.9430 0.1053 -0.3158
vn 0.9707 0.0611 -0.2325
vn 0.9377 0.1434 -0.3164
vn 0.9040 0.0761 -0.4206
vn 0.1352 0.8412 0.5236
vn 0.1578 0.8550 0.4941
vn 0.1872 0.8639 0.4675
vn 0.6676 -0.1658 -0.7259
vn 0.7313 -0.1827 -0.6571
vn 0.7280 -0.2993 -0.6167
vn 0.6999 -0.2904 -0.6525
vn 0.7346 -0.1965 -0.6494
vn 0.7303 -0.3376 -0.5938
vn 0.5655 -0.0479 -0.8233
vn 0.5911 -0.0447 -0.8053
vn 0.6042 -0.0613 -0.7944
vn 0.5499 -0.0533 -0.8335
vn 0.6077 -0.0651 -0.7915
vn 0.5454 -0.0648 -0.8357
vn 0.6300 -0.1612 -0.7597
vn 0.5559 -0.1413 -0.8192
vn 0.6532 -0.0872 -0.7522
vn 0.5820 -0.0653 -0.8106
vn 0.6765 -0.2576 -0.6899
vn 0.7024 -0.1068 -0.7037
vn 0.6395 0.0469 -0.7674
vn 0.5865 0.0315 -0.8093
vn 0.6812 0.0709 -0.7287
vn 0.6144 -0.0224 -0.7887
vn 0.5895 -0.0326 -0.8071
vn 0.6640 -0.0038 -0.7477
vn 0.6220 -0.1361 -0.7711
vn 0.6194 -0.0910 -0.7798
vn 0.6567 -0.2159 -0.7226
vn 0.6595 -0.2140 -0.7206
vn 0.3798 -0.0599 -0.9231
vn 0.3870 0.4705 -0.7930
vn 0.5034 -0.0691 -0.8613
vn 0.4111 -0.0757 -0.9085
vn 0.4729 -0.0661 -0.8786
vn 0.4295 -0.0674 -0.9006
vn 0.4927 -0.1066 -0.8636
vn 0.4683 -0.0495 -0.8822
vn 0.5503 -0.0250 -0.8346
vn 0.5424 0.0392 -0.8392
vn 0.5816 0.0312 -0.8129
vn 0.5982 0.0473 -0.8000
vn 0.5994 -0.0220 -0.8002
vn 0.6212 -0.0081 -0.7836
vn 0.6262 -0.0565 -0.7776
vn 0.6282 -0.0414 -0.7770
vn 0.6461 -0.1079 -0.7556
vn 0.6303 -0.1661 -0.7584
vn 0.2839 -0.0325 -0.9583
vn 0.3590 -0.0355 -0.9327
vn 0.4217 -0.0508 -0.9053
vn 0.4787 0.0137 -0.8778
vn 0.5481 0.1077 -0.8294
vn 0.5937 0.0647 -0.8021
vn 0.6081 0.0012 -0.7939
vn 0.6178 -0.0372 -0.7855
vn 0.6036 -0.1734 -0.7782
vn 0.7171 -0.3218 -0.6183
vn 0.7103 -0.4083 -0.5734
vn 0.7250 -0.4062 -0.5562
vn 0.7357 -0.3376 -0.5872
vn 0.7221 -0.4315 -0.5407
vn 0.6568 -0.5437 -0.5225
vn 0.6798 -0.5574 -0.4767
vn 0.5080 -0.7550 -0.4146
vn 0.6827 -0.2853 -0.6727
vn 0.6452 -0.5441 -0.5364
vn 0.6199 -0.5295 -0.5791
vn 0.4199 -0.8571 -0.2984
vn 0.3887 -0.8755 -0.2872
vn 0.3606 -0.8965 -0.2574
vn 0.2260 -0.9666 -0.1207
vn 0.2727 -0.9235 -0.2696
vn 0.1199 -0.9869 -0.1082
vn 0.6578 -0.2482 -0.7111
vn 0.6106 -0.5155 -0.6012
vn 0.5433 -0.5956 -0.5917
vn 0.4319 -0.8215 -0.3722
vn 0.3127 -0.8889 -0.3347
vn 0.2205 -0.9605 -0.1696
vn 0.1919 -0.9795 -0.0618
vn 0.0790 -0.9959 0.0434
vn 0.5851 -0.4104 -0.6995
vn 0.4440 -0.6334 -0.6338
vn 0.3631 -0.8200 -0.4424
vn 0.1651 -0.9566 -0.2401
vn 0.0915 -0.9791 -0.1815
vn 0.1002 -0.9945 -0.0308
vn 0.0637 -0.9855 0.1571
vn 0.8116 0.0346 -0.5832
vn 0.7234 0.0702 -0.6868
vn 0.8638 0.1002 -0.4938
vn 0.8946 0.1092 -0.4333
vn 0.7665 0.0149 -0.6421
vn 0.6802 -0.0249 -0.7326
vn 0.8548 0.1170 -0.5056
vn 0.7102 -0.0515 -0.7021
vn 0.6416 -0.0861 -0.7622
vn 0.7756 0.0721 -0.6271
vn 0.6731 -0.1238 -0.7291
vn 0.6303 -0.1118 -0.7683
vn 0.6743 -0.0860 -0.7334
vn 0.6628 -0.1246 -0.7383
vn 0.6480 -0.1064 -0.7542
vn 0.6339 -0.0961 -0.7675
vn 0.6617 -0.0798 -0.7456
vn 0.6668 -0.0670 -0.7422
vn 0.6110 -0.0604 -0.7893
vn 0.6706 -0.0304 -0.7412
vn 0.7017 0.0003 -0.7125
vn 0.6151 -0.0394 -0.7875
vn 0.9285 0.1484 -0.3405
vn 0.8935 0.1626 -0.4185
vn 0.9279 0.1682 -0.3327
vn 0.9338 0.1473 -0.3260
vn 0.9310 0.1492 -0.3332
vn 0.9197 0.1892 -0.3440
vn 0.8763 0.2301 -0.4234
vn 0.9324 0.1262 -0.3388
vn 0.9229 0.1634 -0.3487
vn 0.9300 0.1321 -0.3429
vn 0.9274 0.1474 -0.3438
vn 0.9308 0.1476 -0.3343
vn 0.9334 0.1663 -0.3180
vn 0.9161 0.1479 -0.3727
vn 0.9243 0.1343 -0.3573
vn 0.9281 0.1291 -0.3492
vn 0.9197 0.1230 -0.3727
vn 0.9240 0.1159 -0.3645
vn 0.9286 0.1352 -0.3456
vn 0.9242 0.1065 -0.3668
vn 0.9224 0.1053 -0.3716
vn 0.9069 0.0957 -0.4104
vn 0.9209 0.1177 -0.3716
vn 0.7017 0.1001 -0.7054
vn 0.8157 0.1356 -0.5623
vn 0.7607 0.1424 -0.6333
vn 0.6583 0.0965 -0.7465
vn 0.9032 0.1737 -0.3925
vn 0.6317 0.0960 -0.7692
vn 0.6814 0.0025 -0.7319
vn 0.7490 0.0185 -0.6623
vn 0.6323 -0.0039 -0.7747
vn 0.6822 0.0345 -0.7304
vn 0.7639 0.0249 -0.6448
vn 0.6495 0.0256 -0.7599
vn 0.6721 -0.0588 -0.7381
vn 0.6578 -0.2228 -0.7195
vn 0.6781 -0.0240 -0.7346
vn 0.6026 -0.2566 -0.7557
vn 0.5174 -0.4068 -0.7529
vn 0.6602 -0.3534 -0.6628
vn 0.4974 -0.4708 -0.7286
vn 0.6376 -0.5072 -0.5799
vn 0.6251 -0.3531 -0.6961
vn 0.6901 -0.5120 -0.5115
vn 0.6843 -0.4331 -0.5866
vn 0.7136 -0.3282 -0.6189
vn 0.7194 -0.2403 -0.6518
vn 0.7434 -0.1835 -0.6431
vn 0.7641 -0.1162 -0.6346
vn 0.7502 -0.1047 -0.6528
vn 0.7268 -0.1879 -0.6607
vn 0.7571 -0.1486 -0.6362
vn 0.7823 -0.1293 -0.6093
vn 0.7160 -0.2618 -0.6472
vn 0.7979 -0.2166 -0.5625
vn 0.5617 -0.4201 -0.7127
vn 0.5732 -0.4027 -0.7136
vn 0.5149 -0.3904 -0.7632
vn 0.6784 -0.1637 -0.7162
vn 0.6783 -0.1128 -0.7260
vn 0.7471 -0.1542 -0.6466
vn 0.7601 -0.0867 -0.6440
vn 0.7523 -0.1157 -0.6485
vn 0.7773 -0.1359 -0.6143
vn 0.7290 -0.1768 -0.6613
vn 0.6736 -0.4049 -0.6183
vn 0.6670 -0.2451 -0.7036
vn 0.7319 -0.0367 -0.6805
vn 0.7673 -0.0346 -0.6404
vn 0.7495 -0.0362 -0.6610
vn 0.7597 -0.1677 -0.6283
vn 0.7385 -0.1952 -0.6453
vn 0.7186 -0.2898 -0.6321
vn 0.7635 -0.2909 -0.5766
vn 0.7777 -0.3749 -0.5046
vn 0.5599 -0.6361 -0.5309
vn 0.8117 -0.2747 -0.5154
vn 0.7230 -0.4968 -0.4801
vn 0.5500 -0.7320 -0.4021
vn 0.4288 -0.8690 -0.2470
vn 0.3237 -0.9194 -0.2233
vn 0.7092 -0.5849 -0.3936
vn 0.4234 -0.8606 -0.2830
vn 0.2148 -0.9650 -0.1502
vn 0.2654 -0.9450 -0.1912
vn 0.1952 -0.9693 -0.1494
vn 0.1966 -0.9726 -0.1239
vn 0.1653 -0.9834 -0.0745
vn 0.1269 -0.9833 -0.1306
vn 0.1309 -0.9876 -0.0870
vn 0.5918 -0.4726 -0.6530
vn 0.5512 -0.5672 -0.6119
vn 0.4118 -0.7284 -0.5475
vn 0.2744 -0.8411 -0.4660
vn 0.2779 -0.8991 -0.3381
vn 0.2274 -0.9167 -0.3284
vn 0.2230 -0.9585 -0.1777
vn 0.2466 -0.9582 -0.1453
vn 0.2119 -0.9716 -0.1051
vn 0.1697 -0.9842 -0.0499
vn 0.1489 -0.9868 -0.0637
vn 0.6299 -0.5846 -0.5113
vn 0.4896 -0.7013 -0.5182
vn 0.6953 -0.6211 -0.3617
vn 0.4435 -0.7976 -0.4088
vn 0.2859 -0.8537 -0.4352
vn 0.3040 -0.9086 -0.2864
vn 0.2472 -0.9459 -0.2099
vn 0.2516 -0.9587 -0.1330
vn 0.2174 -0.9749 -0.0483
vn 0.1770 -0.9838 -0.0284
vn 0.1537 -0.9870 -0.0460
vn 0.7625 -0.4627 -0.4521
vn 0.7493 -0.5679 -0.3406
vn 0.6756 -0.7163 -0.1744
vn 0.5029 -0.8447 -0.1830
vn 0.5655 -0.7945 -0.2210
vn 0.3752 -0.9254 -0.0529
vn 0.2463 -0.9568 -0.1545
vn 0.2026 -0.9501 -0.2372
vn 0.2543 -0.9568 -0.1408
vn 0.2589 -0.9658 -0.0107
vn 0.2324 -0.9726 -0.0025
vn 0.1523 -0.9883 -0.0125
vn 0.4059 -0.8424 -0.3543
vn 0.1387 -0.9835 -0.1160
vn 0.1043 -0.9945 0.0056
vn 0.0984 -0.9905 -0.0959
vn 0.1263 -0.9440 -0.3049
vn 0.2114 -0.9410 -0.2644
vn 0.2903 -0.9552 -0.0584
vn 0.2134 -0.9587 -0.1881
vn 0.3037 -0.9528 -0.0022
vn 0.2712 -0.9624 -0.0183
vn 0.3076 -0.9512 0.0231
vn 0.2605 -0.9636 0.0607
vn 0.2426 -0.9698 0.0252
vn 0.1793 -0.9828 0.0443
vn -0.0014 -0.9990 -0.0439
vn -0.0151 -0.9997 -0.0169
vn 0.0507 -0.9906 -0.1268
vn 0.0651 -0.9430 -0.3264
vn 0.1138 -0.9199 -0.3752
vn 0.0306 -0.9297 -0.3669
vn 0.0402 -0.9725 -0.2293
vn 0.1047 -0.9925 -0.0630
vn 0.1511 -0.9841 0.0931
vn 0.1799 -0.9791 0.0954
vn 0.1392 -0.9819 0.1285
vn -0.0441 -0.9982 0.0405
vn -0.0578 -0.9957 -0.0721
vn -0.0067 -0.9843 -0.1764
vn -0.0187 -0.9698 -0.2430
vn -0.0539 -0.9452 -0.3221
vn -0.1238 -0.9655 -0.2292
vn -0.1316 -0.9857 -0.1052
vn -0.0762 -0.9949 0.0654
vn 0.0058 -0.9941 0.1080
vn -0.0079 -0.9941 0.1083
vn -0.0470 -0.9947 -0.0914
vn -0.0377 -0.9768 -0.2109
vn -0.0340 -0.9829 -0.1812
vn -0.1041 -0.9754 -0.1945
vn -0.0692 -0.9858 -0.1532
vn -0.1363 -0.9701 -0.2007
vn -0.1323 -0.9860 -0.1020
vn -0.1341 -0.9908 0.0201
vn -0.0832 -0.9960 0.0335
vn 0.3503 -0.1358 -0.9267
vn 0.3856 -0.1525 -0.9100
vn 0.4062 -0.0951 -0.9088
vn 0.3268 -0.0226 -0.9448
vn 0.3616 -0.0531 -0.9308
vn 0.3520 -0.0075 -0.9360
vn 0.3259 0.0337 -0.9448
vn 0.3232 0.0210 -0.9461
vn 0.3554 0.0194 -0.9345
vn 0.3253 -0.0246 -0.9453
vn 0.3073 -0.0310 -0.9511
vn 0.3571 -0.0091 -0.9340
vn 0.3027 -0.0460 -0.9520
vn 0.2976 -0.0696 -0.9522
vn 0.3185 -0.0441 -0.9469
vn 0.2693 -0.0789 -0.9598
vn 0.3822 -0.1387 -0.9136
vn 0.3758 -0.1087 -0.9203
vn 0.3210 -0.0231 -0.9468
vn 0.2949 -0.0300 -0.9551
vn 0.2939 -0.0717 -0.9532
vn 0.3122 -0.0917 -0.9456
vn 0.3077 -0.0682 -0.9490
vn 0.2859 -0.1077 -0.9522
vn 0.3296 -0.0787 -0.9408
vn 0.3291 -0.0687 -0.9418
vn 0.3301 -0.1033 -0.9383
vn 0.3295 -0.0593 -0.9423
vn 0.3335 -0.0610 -0.9408
vn 0.3852 -0.0956 -0.9179
vn 0.3395 -0.1055 -0.9347
vn 0.3654 -0.1027 -0.9252
vn 0.3727 -0.1303 -0.9188
vn 0.3709 -0.1413 -0.9178
vn 0.3531 -0.0713 -0.9329
vn 0.3166 -0.0531 -0.9471
vn 0.2791 -0.0837 -0.9566
vn 0.2634 -0.0523 -0.9633
vn 0.2825 -0.0397 -0.9585
vn 0.2997 -0.0651 -0.9518
vn 0.3212 -0.0426 -0.9461
vn 0.3017 -0.0882 -0.9493
vn 0.4023 -0.0531 -0.9140
vn 0.3081 -0.0634 -0.9493
vn 0.2262 -0.1939 -0.9546
vn 0.3333 -0.0672 -0.9404
vn 0.0968 -0.2747 -0.9567
vn 0.2365 -0.1978 -0.9513
vn 0.1035 -0.3900 -0.9150
vn 0.0009 -0.4384 -0.8988
vn 0.5490 0.0608 -0.8336
vn 0.5892 0.0215 -0.8077
vn 0.9001 0.0591 -0.4317
vn 0.5408 0.0490 -0.8397
vn 0.5564 0.0401 -0.8300
vn 0.5736 0.0115 -0.8190
vn 0.5756 -0.0196 -0.8175
vn 0.5408 0.0082 -0.8411
vn 0.6143 -0.0520 -0.7874
vn 0.6066 -0.1483 -0.7810
vn 0.5548 -0.1149 -0.8240
vn 0.6103 -0.1476 -0.7783
vn 0.6044 -0.2893 -0.7423
vn 0.5867 -0.2664 -0.7647
vn 0.5611 -0.2827 -0.7780
vn 0.6001 -0.3279 -0.7296
vn 0.4897 -0.2664 -0.8302
vn 0.5929 -0.2984 -0.7480
vn 0.3936 -0.1600 -0.9053
vn 0.5518 -0.2562 -0.7937
vn 0.3666 -0.0367 -0.9297
vn 0.4862 -0.0736 -0.8708
vn 0.2499 -0.0496 -0.9670
vn 0.5724 0.0003 -0.8200
vn 0.5306 -0.0127 -0.8476
vn 0.5507 0.0110 -0.8347
vn 0.5084 -0.0135 -0.8610
vn 0.5195 0.0029 -0.8545
vn 0.4863 -0.0152 -0.8736
vn 0.5229 -0.0772 -0.8489
vn 0.4909 -0.0341 -0.8705
vn 0.5527 -0.1462 -0.8205
vn 0.5619 -0.1552 -0.8125
vn 0.5900 -0.2715 -0.7603
vn 0.6002 -0.3207 -0.7328
vn 0.5955 -0.3172 -0.7381
vn 0.5952 -0.3293 -0.7330
vn 0.6201 -0.2970 -0.7261
vn 0.5908 -0.2698 -0.7604
vn 0.5761 -0.1229 -0.8081
vn 0.4746 -0.0201 -0.8800
vn 0.4881 -0.0224 -0.8725
vn 0.5012 -0.0227 -0.8650
vn 0.5192 -0.0065 -0.8546
vn 0.5677 -0.0776 -0.8196
vn 0.6230 -0.2778 -0.7313
vn 0.5975 -0.2421 -0.7645
vn 0.6529 -0.3003 -0.6953
vn 0.6361 -0.2747 -0.7211
vn 0.6698 -0.2711 -0.6912
vn 0.6221 -0.1686 -0.7646
vn 0.6680 -0.2030 -0.7159
vn 0.4519 -0.0135 -0.8920
vn 0.4701 -0.0383 -0.8818
vn 0.4831 -0.0032 -0.8755
vn 0.4371 0.0083 -0.8994
vn 0.5146 -0.0134 -0.8573
vn 0.4390 0.0023 -0.8985
vn 0.5269 0.0085 -0.8499
vn 0.4378 0.0044 -0.8991
vn 0.5402 -0.0297 -0.8410
vn 0.4259 -0.0237 -0.9045
vn 0.5502 -0.1551 -0.8205
vn 0.4687 -0.1761 -0.8656
vn 0.5677 -0.2894 -0.7707
vn 0.5910 -0.2488 -0.7673
vn 0.6537 -0.2131 -0.7261
vn 0.6155 -0.1987 -0.7627
vn 0.3187 -0.1231 -0.9398
vn 0.4961 -0.2066 -0.8433
vn 0.3627 -0.1513 -0.9195
vn 0.5196 -0.1700 -0.8373
vn 0.4204 -0.1257 -0.8986
vn 0.3755 0.0056 -0.9268
vn 0.4570 0.0099 -0.8894
vn 0.4259 -0.0147 -0.9046
vn 0.4702 0.0231 -0.8823
vn 0.4909 0.0798 -0.8676
vn 0.5167 0.1468 -0.8435
vn 0.5456 0.1571 -0.8232
vn 0.5364 0.1895 -0.8224
vn 0.5839 0.0785 -0.8081
vn 0.5856 0.1119 -0.8029
vn 0.5991 0.0083 -0.8006
vn 0.6157 0.0085 -0.7879
vn 0.5928 -0.0452 -0.8041
vn 0.5848 -0.0822 -0.8070
vn 0.5657 -0.1945 -0.8014
vn 0.5469 -0.2073 -0.8111
vn 0.5627 0.2118 -0.7991
vn 0.5894 0.1833 -0.7867
vn 0.5533 0.1409 -0.8210
vn 0.5629 0.2033 -0.8012
vn 0.5918 0.1919 -0.7829
vn 0.5790 0.1390 -0.8034
vn 0.5691 0.1341 -0.8113
vn 0.5860 -0.0040 -0.8103
vn 0.5669 -0.0195 -0.8235
vn 0.5640 -0.1110 -0.8182
vn 0.5766 -0.1134 -0.8091
vn 0.5519 -0.2116 -0.8066
vn 0.5077 -0.2739 -0.8168
vn 0.5418 -0.0108 -0.8405
vn 0.5369 0.0493 -0.8422
vn 0.5660 0.1016 -0.8181
vn 0.5805 0.1221 -0.8051
vn 0.5667 0.1480 -0.8105
vn 0.5989 -0.0061 -0.8008
vn 0.5818 -0.0049 -0.8133
vn 0.6272 -0.0947 -0.7731
vn 0.5470 -0.1660 -0.8205
vn 0.5910 -0.1515 -0.7923
vn 0.5906 -0.0408 -0.8059
vn 0.6419 -0.0794 -0.7627
vn 0.5835 0.0718 -0.8089
vn 0.6210 0.0837 -0.7793
vn 0.6085 0.1836 -0.7720
vn 0.5919 0.1614 -0.7896
vn 0.4944 -0.3733 -0.7850
vn 0.6587 -0.1061 -0.7449
vn 0.6334 -0.1107 -0.7659
vn 0.6377 0.0707 -0.7671
vn 0.6203 0.0417 -0.7832
vn 0.5973 0.1652 -0.7848
vn 0.5909 0.1392 -0.7947
vn 0.5832 0.1474 -0.7988
vn 0.5838 0.1572 -0.7966
vn 0.5675 0.1065 -0.8165
vn 0.4754 -0.0550 -0.8780
vn 0.2620 -0.2450 -0.9335
vn 0.4258 -0.4345 -0.7937
vn 0.2181 -0.4519 -0.8650
vn 0.5408 -0.1002 -0.8351
vn 0.4623 -0.0782 -0.8833
vn 0.5524 0.0339 -0.8329
vn 0.4708 0.0197 -0.8820
vn 0.5577 0.1323 -0.8195
vn 0.4139 0.0826 -0.9065
vn 0.5337 0.1313 -0.8354
vn 0.2722 0.0188 -0.9621
vn 0.4283 0.0186 -0.9035
vn 0.1147 -0.1272 -0.9852
vn 0.2490 -0.1489 -0.9570
vn 0.0009 -0.2425 -0.9701
vn 0.1038 -0.2472 -0.9634
vn -0.0486 -0.2776 -0.9595
vn -0.0461 -0.2829 -0.9581
vn 0.0117 -0.4032 -0.9150
vn 0.1751 -0.0838 -0.9810
vn -0.0088 -0.1394 -0.9902
vn -0.1041 -0.2041 -0.9734
vn -0.1119 -0.2746 -0.9550
vn -0.1171 -0.2972 -0.9476
vn -0.1205 -0.2894 -0.9496
vn -0.1133 -0.3274 -0.9381
vn -0.0288 -0.2614 -0.9648
vn -0.1057 -0.2333 -0.9667
vn -0.1295 -0.2201 -0.9668
vn -0.1428 -0.2606 -0.9548
vn -0.1047 -0.3084 -0.9455
vn -0.1436 -0.2916 -0.9457
vn -0.1390 -0.2945 -0.9455
vn -0.1423 -0.3077 -0.9408
vn -0.0562 -0.3524 -0.9342
vn -0.1015 -0.2722 -0.9569
vn -0.1522 -0.2575 -0.9542
vn -0.1804 -0.2456 -0.9525
vn -0.1835 -0.2597 -0.9481
vn -0.1606 -0.2827 -0.9457
vn -0.1329 -0.2914 -0.9473
vn 0.4855 -0.4324 -0.7598
vn 0.4143 -0.5667 -0.7122
vn 0.2525 -0.8107 -0.5281
vn 0.1987 -0.9366 -0.2885
vn 0.1499 -0.9527 -0.2643
vn 0.0678 -0.9921 -0.1057
vn 0.0076 -0.9874 -0.1582
vn -0.0100 -0.9990 -0.0440
vn 0.0317 -0.9856 0.1661
vn 0.4817 -0.4562 -0.7483
vn 0.3593 -0.6153 -0.7017
vn 0.2152 -0.8173 -0.5345
vn 0.1847 -0.8707 -0.4558
vn 0.1088 -0.9623 -0.2493
vn 0.0495 -0.9969 -0.0604
vn -0.0183 -0.9968 -0.0780
vn -0.0801 -0.9958 -0.0447
vn -0.0450 -0.9944 0.0956
vn 0.2584 -0.7524 -0.6059
vn 0.1642 -0.8307 -0.5319
vn 0.1289 -0.9057 -0.4037
vn 0.1445 -0.9025 -0.4058
vn 0.1021 -0.9818 -0.1599
vn 0.0629 -0.9978 -0.0229
vn 0.0264 -0.9996 -0.0128
vn -0.0011 -0.9997 -0.0233
vn 0.0256 -0.9996 0.0149
vn 0.2379 -0.7243 -0.6472
vn 0.1970 -0.7355 -0.6482
vn 0.2172 -0.8356 -0.5045
vn 0.2462 -0.8162 -0.5226
vn 0.1955 -0.9059 -0.3757
vn 0.1046 -0.9895 -0.0998
vn 0.0790 -0.9969 -0.0033
vn 0.0825 -0.9966 -0.0006
vn 0.1054 -0.9939 -0.0330
vn 0.1342 -0.9905 -0.0299
vn 0.1496 -0.6508 -0.7444
vn 0.2964 -0.7631 -0.5743
vn 0.3525 -0.7729 -0.5276
vn 0.2180 -0.9330 -0.2863
vn 0.0907 -0.9946 -0.0512
vn 0.0711 -0.9975 -0.0022
vn 0.0850 -0.9962 -0.0190
vn 0.1034 -0.9931 -0.0561
vn 0.1111 -0.9928 -0.0455
vn -0.0239 -0.5097 -0.8600
vn 0.0721 -0.6862 -0.7238
vn 0.2702 -0.8395 -0.4715
vn 0.0944 -0.8791 -0.4672
vn 0.0937 -0.9834 -0.1551
vn 0.1168 -0.9924 -0.0380
vn 0.1157 -0.9933 0.0023
vn 0.1039 -0.9942 -0.0259
vn 0.0913 -0.9943 -0.0552
vn 0.0776 -0.9962 -0.0403
vn -0.1196 -0.3719 -0.9205
vn -0.0718 -0.5906 -0.8037
vn -0.0218 -0.8752 -0.4833
vn 0.0264 -0.9809 -0.1925
vn 0.0720 -0.9951 -0.0675
vn 0.0974 -0.9952 0.0060
vn 0.0931 -0.9956 -0.0131
vn 0.0688 -0.9971 -0.0310
vn 0.0463 -0.9985 -0.0283
vn -0.1082 -0.3104 -0.9444
vn -0.0816 -0.5001 -0.8621
vn -0.0294 -0.8447 -0.5345
vn 0.0108 -0.9763 -0.2160
vn 0.0194 -0.9950 -0.0975
vn 0.0407 -0.9991 -0.0100
vn 0.0598 -0.9982 -0.0111
vn 0.0632 -0.9979 -0.0120
vn 0.0605 -0.9979 -0.0226
vn 0.0577 -0.9887 0.1386
vn 0.0383 -0.9967 -0.0720
vn 0.0014 -0.9780 -0.2084
vn -0.0190 -0.9853 -0.1696
vn -0.0306 -0.9918 -0.1241
vn -0.0728 -0.9859 -0.1508
vn -0.0665 -0.9947 -0.0782
vn -0.0946 -0.9948 -0.0391
vn -0.1020 -0.9948 0.0066
vn -0.1228 -0.9924 0.0067
vn 0.0526 -0.9944 0.0920
vn 0.0966 -0.9940 -0.0519
vn 0.0509 -0.9867 -0.1541
vn -0.0046 -0.9879 -0.1549
vn -0.0055 -0.9917 -0.1288
vn 0.0122 -0.9984 -0.0547
vn -0.1000 -0.9948 0.0208
vn 0.0118 -0.9995 0.0308
vn -0.1208 -0.9925 0.0196
vn 0.0118 -0.9998 0.0172
vn 0.1013 -0.9948 0.0042
vn 0.1474 -0.9876 -0.0543
vn 0.1338 -0.9862 -0.0972
vn 0.0932 -0.9880 -0.1231
vn 0.0666 -0.9882 -0.1379
vn 0.0702 -0.9951 -0.0699
vn 0.0938 -0.9954 0.0172
vn 0.1179 -0.9930 0.0020
vn 0.1518 -0.9876 -0.0414
vn 0.1581 -0.9855 -0.0619
vn 0.1587 -0.9843 -0.0771
vn 0.1382 -0.9868 -0.0848
vn 0.0956 -0.9895 -0.1087
vn 0.0583 -0.9957 -0.0724
vn 0.0807 -0.9967 -0.0038
vn 0.1272 -0.9919 0.0032
vn 0.0728 -0.9971 -0.0239
vn 0.1534 -0.9880 -0.0191
vn 0.1151 -0.9925 -0.0424
vn 0.1134 -0.9924 -0.0472
vn 0.1154 -0.9912 -0.0645
vn 0.0986 -0.9935 -0.0577
vn 0.0708 -0.9960 -0.0549
vn 0.0685 -0.9938 -0.0877
vn 0.0365 -0.9958 -0.0834
vn 0.0238 -0.9994 -0.0267
vn 0.0541 -0.9977 -0.0412
vn 0.0585 -0.9966 -0.0572
vn 0.0720 -0.9956 -0.0592
vn 0.0700 -0.9965 -0.0463
vn 0.0630 -0.9962 -0.0596
vn 0.0453 -0.9986 -0.0280
vn 0.0347 -0.9983 -0.0462
vn 0.0506 -0.9919 -0.1166
vn 0.0971 -0.9921 -0.0798
vn 0.0718 -0.9926 -0.0980
vn 0.0796 -0.9960 -0.0393
vn 0.0665 -0.9967 -0.0475
vn 0.0408 -0.9975 -0.0575
vn 0.0424 -0.9980 -0.0464
vn 0.0340 -0.9985 -0.0438
vn 0.0242 -0.9996 -0.0163
vn 0.0329 -0.9978 -0.0581
vn 0.0495 -0.9898 -0.1335
vn 0.0603 -0.9903 -0.1248
vn 0.0777 -0.9948 -0.0655
vn 0.0760 -0.9970 -0.0154
vn 0.0476 -0.9982 -0.0360
vn 0.0653 -0.9964 -0.0534
vn 0.0642 -0.9975 -0.0281
vn 0.0542 -0.9984 -0.0132
vn 0.0888 -0.9908 -0.1026
vn 0.0850 -0.9862 -0.1424
vn 0.1272 -0.9825 -0.1360
vn 0.1086 -0.9917 -0.0690
vn 0.0943 -0.9955 -0.0014
vn 0.0642 -0.9979 0.0086
vn 0.7152 -0.0054 -0.6989
vn 0.7240 -0.0214 -0.6895
vn 0.7009 0.0856 -0.7081
vn 0.7015 0.0696 -0.7092
vn 0.7175 -0.1190 -0.6863
vn 0.6553 -0.1617 -0.7379
vn 0.6232 -0.2937 -0.7248
vn 0.5821 -0.4322 -0.6887
vn 0.6247 -0.1228 -0.7712
vn 0.5980 -0.0788 -0.7976
vn 0.5174 -0.1078 -0.8489
vn 0.5878 -0.0577 -0.8069
vn 0.5067 -0.0264 -0.8617
vn 0.6035 -0.0477 -0.7959
vn 0.5634 -0.0083 -0.8261
vn 0.7356 -0.2009 -0.6469
vn 0.7305 -0.0329 -0.6821
vn 0.9823 0.0250 -0.1856
vn 0.6940 0.0349 -0.7192
vn 0.9857 0.0315 -0.1655
vn 0.5836 -0.2597 -0.7694
vn 0.9862 0.0838 -0.1425
vn 0.9935 0.0805 -0.0803
vn 0.5328 -0.4030 -0.7441
vn 0.9961 0.0879 0.0036
vn 0.9916 0.1119 0.0651
vn 0.5426 -0.3491 -0.7640
vn 0.5206 -0.1323 -0.8435
vn 0.5578 -0.2329 -0.7966
vn 0.5414 0.0256 -0.8404
vn 0.5937 0.0545 -0.8028
vn 0.6538 0.0919 -0.7510
vn 0.6288 0.1102 -0.7697
vn 0.5325 -0.4202 -0.7347
vn 0.5571 -0.3539 -0.7513
vn 0.5960 -0.0885 -0.7981
vn 0.6232 0.0942 -0.7764
vn 0.6332 0.1019 -0.7673
vn 0.5665 -0.0151 -0.8239
vn 0.5867 0.0280 -0.8093
vn 0.6659 -0.2118 -0.7153
vn 0.7206 -0.0207 -0.6930
vn 0.7015 0.0777 -0.7084
vn 0.6458 0.0583 -0.7612
vn 0.3640 -0.0730 -0.9285
vn 0.3136 -0.1458 -0.9383
vn 0.3716 -0.1804 -0.9107
vn 0.4400 -0.1345 -0.8878
vn 0.9834 0.1520 0.0992
vn 0.4726 -0.1985 -0.8586
vn 0.5216 -0.1374 -0.8421
vn 0.5461 -0.1031 -0.8313
vn 0.5748 -0.0724 -0.8151
vn 0.5833 -0.0487 -0.8108
vn 0.5883 -0.0369 -0.8078
vn 0.5917 -0.0280 -0.8057
vn 0.5928 -0.0372 -0.8045
vn 0.5766 0.0333 -0.8163
vn 0.6027 0.0464 -0.7966
vn 0.5557 -0.0680 -0.8286
vn 0.5961 -0.0498 -0.8014
vn 0.5919 -0.1000 -0.7998
vn 0.6205 -0.0687 -0.7812
vn 0.6214 -0.0965 -0.7775
vn 0.6473 -0.0654 -0.7595
vn 0.6448 -0.0466 -0.7629
vn 0.6251 -0.0383 -0.7796
vn 0.6079 0.0057 -0.7940
vn 0.6013 -0.0286 -0.7985
vn 0.6036 -0.0082 -0.7973
vn 0.5896 -0.0284 -0.8072
vn 0.6158 -0.0529 -0.7862
vn 0.6418 -0.0809 -0.7626
vn 0.6451 -0.0692 -0.7610
vn 0.6309 -0.0594 -0.7735
vn 0.6452 -0.0615 -0.7615
vn 0.6392 -0.0583 -0.7668
vn 0.6402 -0.0573 -0.7661
vn 0.6441 -0.0602 -0.7626
vn 0.6319 -0.0519 -0.7733
vn 0.6461 -0.0583 -0.7610
vn 0.6195 -0.0209 -0.7847
vn 0.6486 -0.0332 -0.7604
vn 0.6127 -0.0247 -0.7900
vn 0.6124 -0.0096 -0.7905
vn 0.6180 -0.0331 -0.7855
vn 0.6260 -0.0310 -0.7792
vn 0.6282 -0.0463 -0.7767
vn 0.6266 -0.0387 -0.7784
vn 0.6440 -0.0461 -0.7636
vn 0.6274 -0.0350 -0.7779
vn 0.6529 -0.0589 -0.7551
vn 0.6260 -0.0555 -0.7778
vn 0.6576 -0.0546 -0.7514
vn 0.6289 -0.0430 -0.7763
vn 0.6719 -0.0244 -0.7402
vn 0.6462 0.0037 -0.7632
vn 0.6366 0.0054 -0.7712
vn 0.6575 -0.0108 -0.7534
vn 0.6379 -0.0387 -0.7691
vn 0.6274 -0.0570 -0.7766
vn 0.6262 -0.0446 -0.7784
vn 0.6099 -0.0470 -0.7910
vn 0.6147 -0.0399 -0.7878
vn 0.6007 -0.0519 -0.7978
vn 0.6051 -0.0570 -0.7941
vn 0.5917 -0.0566 -0.8042
vn 0.6032 -0.0352 -0.7968
vn 0.6020 -0.0211 -0.7982
vn 0.6057 0.0272 -0.7952
vn 0.6158 0.0353 -0.7871
vn 0.6206 0.0649 -0.7815
vn 0.6214 0.0793 -0.7795
vn 0.6171 -0.0286 -0.7864
vn 0.6155 -0.0762 -0.7844
vn 0.5983 -0.0544 -0.7994
vn 0.5767 -0.0676 -0.8141
vn 0.5723 -0.0466 -0.8187
vn 0.6060 0.0251 -0.7951
vn 0.6329 0.0675 -0.7713
vn 0.6616 0.0796 -0.7456
vn 0.6296 -0.0419 -0.7758
vn 0.6278 -0.0869 -0.7735
vn 0.6069 -0.0811 -0.7906
vn 0.5877 -0.0857 -0.8046
vn 0.5950 -0.0332 -0.8030
vn 0.6132 0.0234 -0.7896
vn 0.4385 -0.8448 -0.3065
vn 0.2137 -0.9523 -0.2179
vn 0.5511 -0.7724 -0.3158
vn 0.9622 0.2094 0.1741
vn 0.7590 -0.4754 -0.4448
vn 0.6971 -0.5567 -0.4519
vn 0.8887 0.3217 0.3267
vn 0.7803 0.4310 0.4532
vn 0.6176 -0.7001 -0.3584
vn 0.7813 -0.4501 -0.4324
vn 0.8102 -0.3158 -0.4938
vn 0.7943 -0.3872 -0.4680
vn 0.8100 -0.3339 -0.4821
vn 0.8043 -0.2806 -0.5238
vn 0.7119 0.4847 0.5082
vn 0.5347 0.6236 0.5702
vn 0.7855 -0.2264 -0.5760
vn 0.4907 -0.7542 -0.4363
vn 0.3803 -0.8326 -0.4028
vn 0.6361 -0.5263 -0.5642
vn 0.5057 -0.6496 -0.5678
vn 0.7392 -0.4421 -0.5080
vn 0.7477 -0.3708 -0.5508
vn 0.6751 -0.4344 -0.5962
vn 0.2811 0.7483 0.6009
vn 0.8050 -0.2850 -0.5203
vn 0.5873 -0.4683 -0.6601
vn 0.5186 -0.5532 -0.6519
vn 0.6470 -0.3923 -0.6538
vn 0.5969 -0.3799 -0.7067
vn 0.7032 -0.3544 -0.6163
vn 0.1635 0.7551 0.6349
vn 0.7922 -0.2401 -0.5610
vn 0.8252 -0.2501 -0.5065
vn 0.7558 -0.1940 -0.6254
vn 0.7224 -0.2560 -0.6424
vn 0.7454 -0.2368 -0.6232
vn 0.1271 0.7205 0.6817
vn 0.7240 -0.3550 -0.5914
vn 0.7332 -0.2910 -0.6146
vn 0.6941 -0.3415 -0.6336
vn 0.7062 -0.4026 -0.5825
vn 0.7755 -0.3033 -0.5537
vn 0.7484 -0.3395 -0.5698
vn 0.0854 0.8152 0.5728
vn 0.7625 -0.2125 -0.6111
vn 0.7376 -0.0500 -0.6734
vn 0.8145 -0.0740 -0.5755
vn 0.7030 0.0010 -0.7112
vn 0.8240 -0.0068 -0.5665
vn 0.0872 0.8488 0.5215
vn 0.6795 -0.0387 -0.7326
vn 0.8734 -0.0812 -0.4802
vn 0.6393 -0.0910 -0.7635
vn 0.7846 -0.3962 -0.4769
vn 0.8065 -0.2726 -0.5247
vn 0.7457 -0.2934 -0.5982
vn 0.7689 -0.3179 -0.5547
vn 0.7425 -0.3214 -0.5877
vn 0.8034 -0.2735 -0.5289
vn 0.7686 -0.2670 -0.5814
vn 0.7873 -0.2099 -0.5798
vn 0.7648 -0.2541 -0.5921
vn 0.8913 0.0548 -0.4501
vn 0.8951 0.0632 -0.4413
vn 0.8808 0.0683 -0.4686
vn 0.8688 0.1156 -0.4815
vn 0.8868 -0.1571 -0.4347
vn 0.8844 -0.0788 -0.4601
vn 0.7907 -0.3003 -0.5334
vn 0.8603 -0.1662 -0.4820
vn 0.8668 -0.0368 -0.4974
vn 0.9209 0.0241 -0.3891
vn 0.8981 -0.0034 -0.4399
vn 0.9308 0.0638 -0.3600
vn 0.9432 0.0540 -0.3279
vn 0.9274 -0.2521 -0.2764
vn 0.8275 -0.1576 -0.5390
vn 0.8744 -0.0350 -0.4839
vn 0.9205 0.0302 -0.3895
vn 0.9702 -0.0260 -0.2407
vn 0.9338 -0.3168 -0.1665
vn 0.6886 -0.2980 -0.6611
vn 0.6391 -0.2880 -0.7132
vn 0.8549 0.1194 -0.5048
vn 0.8577 0.0831 -0.5074
vn 0.8314 0.0817 -0.5497
vn 0.8575 0.1228 -0.4996
vn 0.7087 -0.3002 -0.6384
vn 0.7295 -0.3101 -0.6096
vn 0.7230 -0.2823 -0.6306
vn 0.7792 -0.1746 -0.6020
vn 0.7357 -0.2691 -0.6216
vn 0.8413 0.1164 -0.5280
vn 0.8484 0.1270 -0.5139
vn 0.8593 0.1412 -0.4915
vn 0.8821 0.1525 -0.4457
vn 0.8543 0.1017 -0.5096
vn 0.8802 0.0352 -0.4732
vn 0.7478 -0.3406 -0.5699
vn 0.8005 -0.1536 -0.5794
vn 0.8612 0.0424 -0.5065
vn 0.8226 0.0493 -0.5664
vn 0.8779 0.0587 -0.4753
vn 0.8598 0.1012 -0.5005
vn 0.8695 0.0916 -0.4854
vn 0.8707 0.0006 -0.4919
vn 0.8950 -0.0654 -0.4412
vn 0.7953 -0.0539 -0.6038
vn 0.8179 0.0286 -0.5746
vn 0.8403 0.0330 -0.5411
vn 0.8528 0.0326 -0.5212
vn 0.6712 -0.2586 -0.6947
vn 0.6302 -0.2606 -0.7314
vn 0.7205 -0.2330 -0.6531
vn 0.7184 -0.1401 -0.6813
vn 0.8102 -0.0870 -0.5797
vn 0.8418 0.0701 -0.5352
vn 0.8674 0.1028 -0.4868
vn 0.8859 0.1308 -0.4451
vn 0.8640 0.1328 -0.4857
vn 0.8805 0.0926 -0.4649
vn 0.8292 0.1612 -0.5352
vn 0.8646 0.1000 -0.4925
vn 0.8456 0.1383 -0.5156
vn 0.8469 0.0806 -0.5255
vn 0.8008 -0.0736 -0.5944
vn 0.8611 0.0604 -0.5048
vn 0.8626 0.1498 -0.4832
vn 0.8925 0.1877 -0.4101
vn 0.9019 0.1699 -0.3971
vn 0.8720 0.2150 -0.4397
vn 0.8660 0.2313 -0.4434
vn 0.8898 0.1124 -0.4423
vn 0.8924 0.1179 -0.4357
vn 0.9040 0.0837 -0.4193
vn 0.9095 0.1408 -0.3911
vn 0.8956 0.1337 -0.4243
vn 0.9117 0.1653 -0.3762
vn 0.9379 0.0627 -0.3411
vn 0.9286 0.0730 -0.3637
vn 0.9126 0.0573 -0.4048
vn 0.9240 0.1151 -0.3648
vn 0.9134 0.1595 -0.3744
vn 0.9632 0.0553 -0.2630
vn 0.9547 0.0922 -0.2831
vn 0.9530 0.0461 -0.2993
vn 0.9431 0.1079 -0.3146
vn 0.9344 0.1017 -0.3413
vn 0.9666 0.1198 -0.2265
vn 0.9504 0.1582 -0.2678
vn 0.9375 0.1677 -0.3049
vn 0.9355 0.1228 -0.3313
vn 0.8860 0.1673 -0.4325
vn 0.9118 0.1951 -0.3614
vn 0.9260 0.2265 -0.3020
vn 0.6031 -0.0584 -0.7955
vn 0.7594 -0.1650 -0.6293
vn 0.6382 -0.0255 -0.7694
vn 0.7682 0.0138 -0.6401
vn 0.7333 0.0059 -0.6799
vn 0.8199 0.1202 -0.5598
vn 0.8760 0.0523 -0.4794
vn 0.8803 0.0909 -0.4657
vn 0.8763 0.1160 -0.4677
vn 0.8677 0.0755 -0.4913
vn 0.8860 0.1347 -0.4438
vn 0.8762 0.1522 -0.4572
vn 0.8765 0.1942 -0.4404
vn 0.8712 0.1977 -0.4494
vn 0.9135 -0.0045 -0.4068
vn 0.9154 0.0217 -0.4019
vn 0.8874 0.0225 -0.4604
vn 0.9000 0.0231 -0.4353
vn 0.9059 0.0575 -0.4195
vn 0.8985 0.0693 -0.4334
vn 0.8909 0.0798 -0.4471
vn 0.9082 -0.0881 -0.4093
vn 0.9320 0.0154 -0.3622
vn 0.9379 0.0541 -0.3428
vn 0.9234 0.0669 -0.3779
vn 0.9091 -0.2233 -0.3516
vn 0.9603 -0.0418 -0.2759
vn 0.0602 0.8538 0.5172
vn 0.9659 0.0358 -0.2566
vn 0.9097 -0.3622 -0.2032
vn 0.9815 -0.0924 -0.1675
vn 0.9814 0.0624 -0.1815
vn 0.0322 0.8855 0.4635
vn 0.9112 -0.3163 -0.2637
vn 0.9462 -0.0430 -0.3207
vn 0.0759 0.9105 0.4064
vn 0.9650 0.0851 -0.2479
vn 0.8633 0.0647 -0.5006
vn 0.8304 0.0519 -0.5548
vn 0.8465 0.0658 -0.5282
vn 0.8481 0.0962 -0.5211
vn 0.1153 0.9291 0.3514
vn 0.8491 0.0449 -0.5264
vn 0.8655 0.0924 -0.4923
vn 0.8957 0.0440 -0.4424
vn 0.1261 0.9448 0.3023
vn 0.1493 0.9482 0.2804
vn 0.4949 0.8658 0.0743
vn 0.1533 0.9473 0.2812
vn 0.2018 0.9270 0.3161
vn 0.1536 0.9444 0.2907
vn 0.9350 0.2111 -0.2850
vn 0.8699 0.3585 -0.3387
vn 0.8637 0.4969 -0.0847
vn 0.9643 0.2181 -0.1505
vn 0.9466 0.0756 -0.3134
vn 0.8582 0.1606 -0.4876
vn 0.9852 -0.0432 -0.1657
vn 0.9418 0.0069 -0.3361
vn 0.8312 0.1336 -0.5397
vn 0.9851 -0.0743 -0.1553
vn 0.7702 0.6367 0.0378
vn 0.9599 0.2739 -0.0591
vn 0.9895 -0.0492 -0.1357
vn 0.9861 -0.0751 -0.1484
vn 0.8486 0.5222 0.0850
vn 0.9489 0.3151 -0.0181
vn 0.9933 0.1143 -0.0145
vn 0.9918 -0.0253 -0.1256
vn 0.9064 0.0647 -0.4175
vn 0.8869 0.1295 -0.4434
vn 0.8943 0.1361 -0.4262
vn 0.8922 0.1406 -0.4293
vn 0.8979 0.0195 -0.4397
vn 0.8991 0.0172 -0.4374
vn 0.8494 0.1107 -0.5159
vn 0.8872 0.0039 -0.4613
vn 0.9039 -0.0786 -0.4203
vn 0.8143 0.0916 -0.5731
vn 0.8935 0.3542 -0.2759
vn 0.8632 0.4367 -0.2533
vn 0.7755 0.6307 -0.0268
vn 0.8303 0.5360 -0.1527
vn 0.7634 0.6458 -0.0097
vn 0.7324 0.6805 -0.0220
vn 0.7637 0.6450 0.0270
vn 0.7222 0.6906 0.0394
vn 0.7609 0.6469 0.0497
vn 0.7477 0.6579 0.0901
vn 0.8264 0.1004 -0.5540
vn 0.8508 0.1051 -0.5149
vn 0.8564 0.0954 -0.5074
vn 0.8381 0.0792 -0.5398
vn 0.8628 0.0492 -0.5032
vn 0.8589 0.1271 -0.4961
vn 0.8594 0.1211 -0.4968
vn 0.8644 0.1415 -0.4825
vn 0.8782 0.1494 -0.4544
vn 0.8760 0.0830 -0.4751
vn 0.8960 -0.0082 -0.4440
vn 0.8814 0.2400 -0.4069
vn 0.8930 0.2189 -0.3933
vn 0.9067 0.3599 -0.2198
vn 0.8848 0.3578 -0.2985
vn 0.8748 0.1827 -0.4488
vn 0.8722 0.1584 -0.4628
vn 0.8700 0.2883 -0.4001
vn 0.9001 0.4255 -0.0939
vn 0.8526 0.5089 -0.1190
vn 0.8961 0.4405 -0.0535
vn 0.8196 0.5721 -0.0302
vn 0.8766 0.4806 -0.0259
vn 0.8128 0.5820 -0.0248
vn 0.7905 0.6124 -0.0111
vn 0.7783 0.6271 0.0319
vn 0.7713 0.6261 0.1146
vn 0.7614 0.6397 0.1056
vn 0.8771 0.1211 -0.4648
vn 0.8775 0.1244 -0.4631
vn 0.8780 0.1342 -0.4594
vn 0.8675 0.1356 -0.4787
vn 0.8878 0.2001 -0.4144
vn 0.8906 0.1937 -0.4116
vn 0.9107 0.3355 -0.2412
vn 0.9031 0.2937 -0.3132
vn 0.9136 0.3819 -0.1395
vn 0.9040 0.3974 -0.1580
vn 0.9254 0.3619 -0.1121
vn 0.9003 0.4248 -0.0953
vn 0.9387 0.3327 -0.0897
vn 0.9117 0.4056 -0.0647
vn 0.9436 0.3277 -0.0461
vn 0.9226 0.3831 -0.0459
vn 0.9307 0.3654 -0.0184
vn 0.9282 0.3716 0.0194
vn 0.8461 0.5318 0.0361
vn 0.9239 0.3750 0.0764
vn 0.8155 0.5673 0.1144
vn 0.8710 0.2462 -0.4252
vn 0.9132 0.2203 -0.3428
vn 0.9480 0.2043 -0.2440
vn 0.9206 0.1996 -0.3357
vn 0.9650 0.1617 -0.2066
vn 0.9577 0.2054 -0.2014
vn 0.9373 0.2770 -0.2114
vn 0.9694 0.1792 -0.1677
vn 0.9614 0.2118 -0.1759
vn 0.9427 0.2932 -0.1590
vn 0.9557 0.2466 -0.1608
vn 0.9574 0.2482 -0.1475
vn 0.9467 0.2911 -0.1379
vn 0.9661 0.2305 -0.1163
vn 0.9546 0.2798 -0.1025
vn 0.9754 0.2124 -0.0593
vn 0.9588 0.2790 -0.0530
vn 0.9738 0.2267 -0.0146
vn 0.9569 0.2898 -0.0172
vn 0.9557 0.2942 0.0035
vn 0.9601 0.2796 0.0088
vn 0.9652 0.2595 0.0315
vn 0.9666 0.2530 0.0399
vn 0.9348 0.1294 -0.3308
vn 0.9697 0.1089 -0.2188
vn 0.9807 0.0959 -0.1704
vn 0.9805 0.1129 -0.1607
vn 0.9699 0.1888 -0.1539
vn 0.9783 0.1336 -0.1581
vn 0.9767 0.1680 -0.1337
vn 0.9841 0.1282 -0.1228
vn 0.9908 0.1082 -0.0811
vn 0.9885 0.1316 -0.0748
vn 0.9943 0.1058 -0.0142
vn 0.9903 0.1365 -0.0261
vn 0.9855 0.1626 0.0480
vn 0.9872 0.1597 -0.0044
vn 0.9785 0.2054 0.0170
vn 0.9320 -0.0080 -0.3624
vn 0.9260 0.0167 -0.3772
vn 0.9286 -0.0231 -0.3703
vn 0.9421 -0.0246 -0.3343
vn 0.9363 0.0134 -0.3509
vn 0.9424 0.0377 -0.3325
vn 0.9462 0.0071 -0.3235
vn 0.9433 -0.0014 -0.3318
vn 0.9496 0.0069 -0.3133
vn 0.9476 -0.0117 -0.3192
vn 0.9467 -0.0220 -0.3215
vn 0.9429 -0.0416 -0.3304
vn 0.9519 -0.0366 -0.3043
vn 0.8489 0.0489 -0.5263
vn 0.8680 -0.0060 -0.4965
vn 0.8246 0.0664 -0.5618
vn 0.9634 -0.0813 -0.2555
vn 0.8965 -0.0625 -0.4387
vn 0.8687 0.0099 -0.4953
vn 0.9613 -0.1082 -0.2534
vn 0.9202 -0.0674 -0.3857
vn 0.9050 -0.0218 -0.4248
vn 0.9620 -0.0952 -0.2560
vn 0.9366 -0.0433 -0.3478
vn 0.9238 -0.0113 -0.3826
vn 0.9672 -0.0861 -0.2392
vn 0.9787 -0.0893 -0.1850
vn 0.9923 -0.0280 -0.1203
vn 0.9938 -0.0110 -0.1108
vn 0.9905 -0.0549 -0.1259
vn 0.9840 -0.0934 -0.1518
vn 0.9823 -0.1040 -0.1561
vn 0.9817 -0.1001 -0.1623
vn 0.9803 -0.1343 -0.1450
vn 0.9710 -0.2314 -0.0599
vn 0.9725 -0.1901 0.1345
vn 0.9670 -0.0079 0.2546
vn 0.9618 -0.0065 0.2738
vn 0.9837 -0.1029 -0.1477
vn 0.9850 -0.0948 -0.1443
vn 0.9841 -0.0961 -0.1494
vn 0.9747 -0.1699 -0.1456
vn 0.9205 -0.3742 -0.1128
vn 0.9024 -0.4304 0.0223
vn 0.9405 -0.2232 0.2561
vn 0.9066 -0.4220 0.0037
vn 0.9214 -0.0652 0.3831
vn 0.8887 0.0555 0.4550
vn 0.9811 -0.1175 -0.1535
vn 0.9851 -0.0956 -0.1430
vn 0.9858 -0.0956 -0.1381
vn 0.9738 -0.1734 -0.1472
vn 0.9054 -0.3891 -0.1697
vn 0.8248 -0.5461 -0.1464
vn 0.8125 -0.5566 -0.1733
vn 0.8899 0.2022 -0.4089
vn 0.8967 0.0912 -0.4331
vn 0.8989 0.1221 -0.4208
vn 0.8661 0.1812 -0.4658
vn 0.9048 0.1909 -0.3808
vn 0.7939 -0.0165 -0.6078
vn 0.9126 0.0716 -0.4026
vn 0.6917 -0.2031 -0.6930
vn 0.8380 -0.0998 -0.5364
vn 0.6302 -0.2604 -0.7315
vn 0.5795 -0.3427 -0.7394
vn 0.7463 -0.2319 -0.6239
vn 0.8828 0.0468 -0.4673
vn 0.8854 0.0674 -0.4599
vn 0.8845 0.0684 -0.4615
vn 0.8816 0.0666 -0.4672
vn 0.8896 0.0508 -0.4539
vn 0.8936 0.0622 -0.4446
vn 0.8725 0.0420 -0.4868
vn 0.9119 0.0722 -0.4040
vn 0.9248 0.1113 -0.3638
vn 0.9492 0.0713 -0.3065
vn 0.9466 -0.0232 -0.3216
vn 0.9182 -0.0926 -0.3852
vn 0.9081 -0.0043 -0.4188
vn 0.8949 0.0784 -0.4393
vn 0.8943 0.0482 -0.4449
vn 0.8624 0.0954 -0.4972
vn 0.8827 0.0577 -0.4664
vn 0.8954 0.0165 -0.4450
vn 0.9068 0.0142 -0.4213
vn 0.9556 -0.2403 0.1708
vn 0.9163 -0.0785 0.3926
vn 0.8335 -0.5391 -0.1213
vn 0.9025 -0.4302 0.0180
vn 0.9420 -0.2535 0.2197
vn 0.8767 0.0572 -0.4776
vn 0.9439 -0.0707 -0.3225
vn 0.8536 -0.3784 -0.3580
vn 0.9195 -0.2669 -0.2887
vn 0.7679 -0.4778 -0.4267
vn 0.9592 -0.2560 -0.1202
vn 0.6784 -0.6865 -0.2618
vn 0.4198 -0.8850 -0.2015
vn 0.7004 -0.6985 -0.1467
vn 0.2439 -0.9696 0.0223
vn 0.8953 -0.3678 0.2512
vn 0.6752 -0.7362 0.0447
vn 0.3017 -0.9075 0.2923
vn 0.8631 0.0179 0.5048
vn 0.8458 -0.2383 0.4774
vn 0.6456 -0.6324 0.4281
vn 0.7197 -0.5271 0.4520
vn 0.5479 -0.3518 -0.7589
vn 0.6676 -0.3928 -0.6325
vn 0.4496 -0.6124 -0.6503
vn 0.6878 -0.4654 -0.5571
vn 0.3528 -0.7807 -0.5158
vn 0.3850 -0.8666 -0.3173
vn 0.1812 -0.9245 -0.3353
vn 0.4068 -0.8762 -0.2585
vn 0.1209 -0.9759 -0.1816
vn 0.0922 -0.9939 -0.0606
vn 0.0312 -0.9965 0.0778
vn 0.0303 -0.9773 0.2098
vn 0.2774 -0.8925 0.3557
vn 0.1581 -0.9467 0.2806
vn 0.8619 -0.3941 0.3190
vn 0.3339 -0.9007 0.2779
vn 0.6435 -0.7269 0.2398
vn 0.5222 -0.4516 -0.7235
vn 0.3953 -0.6661 -0.6325
vn 0.2133 -0.9092 -0.3576
vn 0.2629 -0.9051 -0.3341
vn 0.1102 -0.9677 -0.2268
vn 0.0993 -0.9773 -0.1874
vn 0.0767 -0.9970 0.0037
vn 0.0256 -0.9923 0.1209
vn 0.0116 -0.9816 0.1908
vn 0.0466 -0.9833 0.1757
vn 0.1345 -0.9774 0.1631
vn 0.2430 -0.9613 0.1297
vn 0.3598 -0.8175 -0.4497
vn 0.2092 -0.9600 -0.1861
vn 0.1380 -0.9739 -0.1801
vn 0.0685 -0.9847 -0.1602
vn 0.0472 -0.9985 0.0289
vn 0.0496 -0.9887 0.1416
vn 0.0402 -0.9815 0.1871
vn 0.0407 -0.9900 0.1351
vn 0.1404 -0.9887 0.0523
vn 0.0829 -0.9965 0.0131
vn 0.1392 -0.9806 -0.1377
vn 0.1011 -0.9876 -0.1203
vn 0.0459 -0.9934 -0.1047
vn 0.0288 -0.9994 0.0169
vn 0.0544 -0.9894 0.1345
vn 0.0437 -0.9767 0.2099
vn 0.0079 -0.9903 0.1389
vn 0.0034 -1.0000 -0.0027
vn 0.1002 -0.9872 -0.1238
vn 0.1102 -0.9884 -0.1048
vn 0.1032 -0.9921 -0.0715
vn 0.0834 -0.9965 0.0071
vn 0.0570 -0.9886 0.1396
vn 0.0074 -0.9665 0.2566
vn -0.0699 -0.9798 0.1873
vn -0.1177 -0.9930 0.0044
vn 0.9662 0.2254 0.1247
vn 0.9454 0.3063 0.1116
vn 0.9756 0.2134 0.0514
vn 0.9777 0.1877 -0.0945
vn 0.8135 0.5802 0.0401
vn 0.6164 0.7663 -0.1810
vn 0.6270 0.7789 -0.0154
vn 0.6563 0.7501 0.0816
vn 0.7043 0.6793 -0.2060
vn 0.9328 0.3398 -0.1198
vn 0.6856 0.7271 0.0361
vn 0.9501 0.3120 -0.0020
vn 0.8438 0.5172 0.1431
vn 0.7239 0.6730 0.1517
vn 0.8860 0.4443 0.1327
vn 0.8214 0.5335 0.2017
vn 0.9209 0.3387 0.1931
vn 0.8331 0.5408 0.1162
vn 0.7611 0.6483 -0.0236
vn 0.8660 0.4640 0.1864
vn 0.7590 0.6478 0.0659
vn 0.6950 0.7172 0.0516
vn 0.7575 0.5843 0.2910
vn 0.6957 0.6634 0.2753
vn 0.8166 0.4559 0.3540
vn 0.7272 0.5177 0.4507
vn 0.7701 0.6143 0.1719
vn 0.7326 0.6605 0.1645
vn 0.7556 0.6326 0.1700
vn 0.7032 0.6881 0.1792
vn 0.7335 0.6303 0.2541
vn 0.7823 0.5989 0.1715
vn 0.8019 0.5778 0.1521
vn 0.7230 0.6861 0.0809
vn 0.7508 0.6588 0.0473
vn 0.7175 0.6257 0.3060
vn 0.7238 0.6776 0.1302
vn 0.6851 0.5718 0.4514
vn 0.6937 0.5369 0.4802
vn 0.6758 0.5545 0.4856
vn 0.7241 0.4921 0.4833
vn 0.6772 0.5371 0.5030
vn 0.9248 0.3661 0.1033
vn 0.8042 0.5713 0.1637
vn 0.8357 0.5357 0.1208
vn 0.8614 0.4901 0.1338
vn 0.8999 0.4184 0.1226
vn 0.8034 0.5594 0.2040
vn 0.8141 0.5719 0.1008
vn 0.7896 0.6049 0.1032
vn 0.7664 0.5746 0.2872
vn 0.7484 0.4993 0.4367
vn 0.7160 0.5287 0.4560
vn 0.7249 0.5037 0.4700
vn 0.7099 0.5024 0.4936
vn 0.7002 0.5214 0.4878
vn 0.7001 0.4862 0.5229
vn 0.7092 0.4647 0.5301
vn 0.9725 0.2219 0.0707
vn 0.9712 0.2310 0.0585
vn 0.9710 0.2292 0.0681
vn 0.9590 0.2711 0.0827
vn 0.9438 0.3211 0.0786
vn 0.9381 0.3223 0.1271
vn 0.9427 0.3209 0.0914
vn 0.9249 0.3592 0.1246
vn 0.8909 0.4046 0.2066
vn 0.8685 0.4745 0.1432
vn 0.8135 0.4426 0.3773
vn 0.7918 0.5259 0.3105
vn 0.7420 0.4851 0.4627
vn 0.7435 0.5126 0.4296
vn 0.7075 0.5029 0.4966
vn 0.7122 0.5013 0.4913
vn 0.6908 0.5016 0.5208
vn 0.6959 0.4867 0.5280
vn 0.9761 0.2112 0.0521
vn 0.9713 0.2195 0.0918
vn 0.9776 0.2028 0.0561
vn 0.9681 0.2306 0.0979
vn 0.9534 0.2697 0.1349
vn 0.9599 0.2607 0.1034
vn 0.9091 0.3503 0.2254
vn 0.9329 0.3177 0.1694
vn 0.8187 0.4582 0.3461
vn 0.8958 0.3737 0.2406
vn 0.8867 0.3820 0.2605
vn 0.8378 0.4283 0.3386
vn 0.7933 0.4258 0.4352
vn 0.8564 0.3749 0.3551
vn 0.7790 0.4137 0.4711
vn 0.7145 0.4525 0.5336
vn 0.6925 0.4798 0.5387
vn 0.6487 0.5090 0.5658
vn 0.6773 0.5257 0.5146
vn 0.6623 0.5307 0.5288
vn 0.6384 0.5436 0.5449
vn 0.6829 0.5011 0.5315
vn 0.7022 0.4800 0.5258
vn 0.9930 -0.1062 -0.0521
vn 0.9989 -0.0396 -0.0250
vn 0.9071 0.2014 0.3697
vn 0.9964 -0.0305 0.0795
vn 0.9007 -0.4214 -0.1058
vn 0.9217 -0.3550 -0.1565
vn 0.9210 -0.3775 0.0963
vn 0.8433 -0.5373 -0.0093
vn 0.8412 -0.5294 -0.1102
vn 0.8243 -0.5591 0.0897
vn 0.8416 -0.5386 0.0397
vn 0.8026 -0.5927 -0.0670
vn 0.8371 -0.5428 0.0678
vn 0.7858 -0.6184 0.0002
vn 0.9008 -0.2695 0.3404
vn 0.7908 -0.5686 0.2266
vn 0.8925 -0.3786 0.2452
vn 0.8593 -0.4942 0.1320
vn 0.8833 -0.4594 0.0928
vn 0.7998 -0.5985 0.0447
vn 0.7895 -0.6138 0.0058
vn 0.8104 -0.5845 0.0389
vn 0.8178 -0.5749 0.0270
vn 0.8292 -0.5589 0.0114
vn 0.8113 -0.5838 0.0331
vn 0.9720 -0.1045 -0.2105
vn 0.9698 -0.1054 -0.2202
vn 0.9735 -0.1154 -0.1973
vn 0.9683 -0.1811 -0.1720
vn 0.9216 -0.3580 -0.1501
vn 0.8084 -0.5653 -0.1638
vn 0.8137 -0.5648 -0.1370
vn 0.7974 -0.5910 -0.1222
vn 0.9591 0.2422 -0.1464
vn 0.9746 -0.0460 -0.2193
vn 0.9605 -0.1052 -0.2576
vn 0.9556 -0.1533 -0.2515
vn 0.9494 -0.2286 -0.2154
vn 0.9015 -0.3935 -0.1799
vn 0.8280 -0.5305 -0.1818
vn 0.8039 -0.5495 -0.2276
vn 0.9861 0.0085 -0.1657
vn 0.9750 -0.0885 -0.2038
vn 0.9591 -0.1744 -0.2231
vn 0.9371 -0.2665 -0.2255
vn 0.8822 -0.4193 -0.2141
vn 0.8506 -0.4821 -0.2099
vn 0.8078 -0.4888 -0.3293
vn 0.9924 0.0582 -0.1086
vn 0.9844 -0.0578 -0.1664
vn 0.9639 -0.1810 -0.1953
vn 0.9402 -0.2781 -0.1969
vn 0.8704 -0.4627 -0.1684
vn 0.8695 -0.4848 -0.0943
vn 0.8713 -0.4613 -0.1676
vn 0.7726 -0.5834 -0.2505
vn 0.8825 -0.4614 -0.0912
vn 0.7881 -0.6007 -0.1345
vn 0.9504 0.2691 0.1562
vn 0.9718 0.1935 0.1346
vn 0.9988 0.0184 -0.0453
vn 0.9766 -0.1550 -0.1493
vn 0.9362 -0.3079 -0.1692
vn 0.8463 -0.5155 -0.1341
vn 0.8370 -0.5447 -0.0520
vn 0.8578 -0.5138 -0.0151
vn 0.8066 -0.5899 -0.0379
vn 0.8726 0.3321 0.3580
vn 0.8398 0.3561 0.4098
vn 0.9284 0.2477 0.2768
vn 0.9555 0.2028 0.2141
vn 0.8050 -0.5910 -0.0521
vn 0.8292 -0.5585 0.0235
vn 0.8032 -0.5953 -0.0229
vn 0.8302 -0.5567 -0.0288
vn 0.8518 0.3349 0.4029
vn 0.7903 0.3567 0.4982
vn 0.8819 0.3056 0.3591
vn 0.7616 0.3776 0.5266
vn 0.8053 0.3056 0.5080
vn 0.8206 0.2162 0.5290
vn 0.8804 -0.1153 0.4600
vn 0.8241 -0.5531 -0.1223
vn 0.8793 -0.4755 0.0258
vn 0.8418 -0.5350 -0.0714
vn 0.8988 -0.4164 0.1370
vn 0.7693 -0.5944 -0.2344
vn 0.7899 -0.5892 -0.1697
vn 0.7121 -0.6622 -0.2332
vn 0.7860 -0.5927 -0.1757
vn 0.7031 -0.6709 -0.2357
vn 0.7422 -0.6421 -0.1920
vn 0.7946 0.4254 0.4332
vn 0.7688 0.4192 0.4828
vn 0.7425 0.3952 0.5408
vn 0.8092 0.3538 0.4692
vn 0.7538 0.3327 0.5667
vn 0.7289 0.3839 0.5668
vn 0.7466 0.3745 0.5499
vn 0.8547 -0.5191 -0.0002
vn 0.7193 0.4800 0.5022
vn 0.7137 0.4136 0.5652
vn 0.7248 0.3655 0.5840
vn 0.7209 0.3632 0.5902
vn 0.7224 0.4117 0.5556
vn 0.7491 0.3960 0.5310
vn 0.7210 0.4335 0.5407
vn 0.8333 -0.5514 0.0395
vn 0.8108 -0.5850 -0.0171
vn 0.7383 -0.6744 0.0032
vn 0.6140 -0.7858 0.0740
vn 0.6620 -0.7495 -0.0069
vn 0.3804 -0.9052 0.1897
vn 0.5627 -0.8131 0.1490
vn 0.2949 -0.9292 0.2229
vn 0.7452 -0.6126 -0.2635
vn 0.7296 -0.6330 -0.2590
vn 0.7199 -0.6787 -0.1456
vn 0.6138 -0.7755 -0.1474
vn 0.6940 -0.7167 -0.0694
vn 0.4661 -0.8834 0.0491
vn 0.3840 -0.9061 0.1773
vn 0.3210 -0.9177 0.2341
vn 0.2708 -0.9347 0.2304
vn 0.7061 -0.7080 0.0162
vn 0.4053 -0.9133 -0.0410
vn 0.7400 -0.6524 -0.1637
vn 0.4972 -0.8530 -0.1589
vn 0.6844 -0.7159 -0.1384
vn 0.5133 -0.8532 -0.0929
vn 0.4250 -0.9050 -0.0216
vn 0.3101 -0.9506 -0.0134
vn 0.3501 -0.9367 0.0099
vn 0.1975 -0.9768 0.0826
vn 0.2735 -0.9567 0.0996
vn 0.1608 -0.9794 0.1224
vn 0.2847 -0.9404 0.1859
vn 0.2204 -0.9640 0.1486
vn 0.3296 -0.9119 0.2447
vn 0.3352 -0.9153 0.2232
vn 0.3250 -0.9187 0.2244
vn 0.3832 -0.8985 0.2140
vn 0.2334 -0.9693 -0.0776
vn 0.1072 -0.9920 -0.0669
vn 0.2613 -0.9581 -0.1171
vn 0.0749 -0.9950 -0.0666
vn 0.0656 -0.9977 0.0170
vn 0.1127 -0.9825 0.1483
vn 0.0849 -0.9891 0.1205
vn 0.1260 -0.9865 0.1045
vn 0.2165 -0.9564 0.1958
vn 0.2857 -0.9359 0.2060
vn -0.0030 -0.9994 -0.0353
vn -0.0324 -0.9991 -0.0282
vn -0.0307 -0.9994 0.0144
vn 0.0202 -0.9941 0.1064
vn 0.0579 -0.9925 0.1079
vn 0.0458 -0.9931 0.1081
vn 0.0229 -0.9774 0.2103
vn 0.0157 -0.9791 0.2028
vn -0.0948 -0.9950 -0.0319
vn -0.0601 -0.9979 -0.0226
vn -0.0565 -0.9983 0.0172
vn -0.0454 -0.9952 0.0872
vn -0.0292 -0.9928 0.1158
vn -0.0839 -0.9789 0.1862
vn -0.1607 -0.9529 0.2572
vn -0.1915 -0.9634 0.1875
vn 0.6528 0.5296 0.5417
vn 0.9438 -0.2578 0.2070
vn 0.9291 -0.2252 0.2934
vn 0.9038 -0.4016 0.1478
vn 0.8517 -0.4985 0.1612
vn 0.7301 -0.6653 0.1559
vn 0.8875 -0.3392 0.3118
vn 0.7530 -0.5050 0.4219
vn 0.7792 -0.5506 0.2994
vn 0.6962 -0.6504 0.3038
vn 0.5659 -0.7076 0.4231
vn 0.8534 0.1801 0.4891
vn 0.8949 0.1919 0.4029
vn 0.9172 -0.0499 0.3953
vn 0.9329 -0.0883 0.3490
vn 0.9286 -0.0353 0.3694
vn 0.9277 -0.0303 0.3720
vn 0.9232 -0.1264 0.3629
vn 0.8948 -0.2238 0.3862
vn 0.8436 -0.3282 0.4250
vn 0.6116 -0.6585 0.4386
vn 0.5597 -0.6889 0.4606
vn 0.7338 0.4657 0.4946
vn 0.7985 0.4387 0.4123
vn 0.8267 0.3219 0.4614
vn 0.8355 0.4046 0.3719
vn 0.8637 0.2790 0.4198
vn 0.9083 0.1972 0.3689
vn 0.7962 0.0691 0.6011
vn 0.7573 -0.2536 0.6019
vn 0.5498 -0.3147 0.7738
vn 0.7315 -0.4712 0.4928
vn 0.5762 -0.6213 0.5310
vn 0.5073 -0.7410 0.4400
vn 0.5771 -0.5027 0.6436
vn 0.6202 -0.6715 0.4055
vn 0.7235 0.4430 0.5294
vn 0.6996 0.5595 0.4445
vn 0.7552 0.5432 0.3668
vn 0.8077 0.4547 0.3753
vn 0.7081 0.3868 0.5908
vn 0.4987 0.1123 0.8594
vn 0.4308 -0.1110 0.8956
vn 0.5212 -0.1089 0.8465
vn 0.6729 -0.5576 0.4861
vn 0.4125 -0.1315 0.9014
vn 0.4901 -0.1832 0.8522
vn 0.5292 -0.3640 0.7664
vn 0.7800 0.3759 0.5003
vn 0.7766 0.4831 0.4043
vn 0.7376 0.5313 0.4168
vn 0.7356 0.5864 0.3391
vn 0.7061 0.4805 0.5202
vn 0.7395 0.5152 0.4332
vn 0.5469 0.2481 0.7996
vn 0.3654 0.0791 0.9275
vn 0.3125 0.0267 0.9495
vn 0.3382 -0.0407 0.9402
vn 0.3102 0.0740 0.9478
vn 0.2423 -0.0348 0.9696
vn 0.1899 -0.2040 0.9604
vn 0.7331 0.4552 0.5053
vn 0.7908 0.4107 0.4539
vn 0.7860 0.3933 0.4770
vn 0.7708 0.4765 0.4228
vn 0.7352 0.5067 0.4502
vn 0.7551 0.5379 0.3748
vn 0.6959 0.2911 0.6565
vn 0.4196 0.0983 0.9024
vn 0.2497 0.0189 0.9681
vn 0.1017 0.0448 0.9938
vn 0.1135 0.1093 0.9875
vn -0.0152 0.0180 0.9997
vn -0.0988 -0.0924 0.9908
vn 0.7025 0.5018 0.5046
vn 0.6802 0.5325 0.5038
vn 0.7290 0.5113 0.4552
vn 0.6401 0.5085 0.5759
vn 0.4815 0.2292 0.8459
vn 0.2837 -0.0209 0.9587
vn 0.1677 -0.0574 0.9842
vn 0.0679 -0.0773 0.9947
vn -0.0099 -0.0825 0.9965
vn -0.0924 0.0049 0.9957
vn -0.0587 -0.1200 0.9910
vn -0.1291 -0.0825 0.9882
vn 0.7403 -0.6646 0.1011
vn 0.6909 -0.7077 0.1475
vn 0.4563 -0.8497 0.2644
vn 0.5875 -0.7486 0.3073
vn 0.3256 -0.9104 0.2550
vn 0.4686 -0.7889 0.3975
vn 0.4964 -0.7943 0.3502
vn 0.3410 -0.9156 0.2131
vn 0.5833 -0.7521 0.3067
vn 0.3741 -0.9112 0.1726
vn 0.3709 -0.9171 0.1465
vn 0.4200 -0.8930 0.1619
vn 0.4165 -0.8966 0.1501
vn 0.6982 -0.5984 0.3929
vn 0.5017 -0.8216 0.2706
vn 0.5588 -0.6424 0.5245
vn 0.3169 -0.9357 0.1553
vn 0.2987 -0.9324 0.2037
vn 0.2775 -0.8614 0.4254
vn 0.2328 -0.5554 0.7983
vn 0.0468 -0.9879 0.1480
vn 0.0702 -0.9356 0.3459
vn -0.0077 -0.6004 0.7997
vn -0.0715 -0.3440 0.9363
vn -0.1789 -0.9751 0.1307
vn -0.1529 -0.8856 0.4386
vn -0.0952 -0.4554 0.8852
vn 0.9923 0.1129 0.0503
vn 0.1153 -0.9845 -0.1324
vn 0.1282 -0.9845 -0.1197
vn 0.1312 -0.9898 -0.0558
vn 0.1067 -0.9940 0.0258
vn 0.0630 -0.9824 0.1759
vn 0.0161 -0.9559 0.2932
vn -0.0259 -0.9730 0.2294
vn -0.1003 -0.9944 0.0343
vn 0.1105 -0.9877 -0.1103
vn 0.0580 -0.9930 -0.1025
vn 0.0290 -0.9988 -0.0386
vn 0.0245 -0.9981 0.0572
vn 0.0145 -0.9791 0.2028
vn 0.0182 -0.9525 0.3041
vn 0.0244 -0.9707 0.2391
vn 0.0126 -0.9972 0.0740
vn 0.1065 -0.9930 -0.0511
vn 0.0316 -0.9984 -0.0476
vn -0.0309 -0.9992 -0.0240
vn -0.0531 -0.9986 0.0017
vn -0.0988 -0.9951 -0.0074
vn -0.0401 -0.9985 0.0379
vn -0.0860 -0.9958 0.0312
vn -0.0321 -0.9976 0.0615
vn 0.0052 -0.9823 0.1871
vn 0.0254 -0.9539 0.2991
vn 0.0076 -0.9664 0.2568
vn -0.0253 -0.9937 0.1090
vn 0.0981 -0.9952 -0.0003
vn 0.0765 -0.9970 -0.0153
vn 0.0609 -0.9981 -0.0082
vn 0.0421 -0.9977 0.0536
vn 0.0451 -0.9869 0.1552
vn 0.0616 -0.9569 0.2838
vn 0.0392 -0.9549 0.2943
vn -0.0422 -0.9841 0.1724
vn 0.1322 -0.9910 0.0232
vn 0.1241 -0.9921 -0.0185
vn 0.1106 -0.9939 0.0023
vn 0.0653 -0.9940 0.0874
vn 0.0288 -0.9880 0.1518
vn 0.0514 -0.9672 0.2489
vn 0.0749 -0.9450 0.3184
vn 0.0310 -0.9692 0.2444
vn 0.1321 -0.9904 0.0403
vn 0.1081 -0.9922 0.0619
vn 0.1131 -0.9934 -0.0190
vn 0.0957 -0.9952 -0.0185
vn 0.1033 -0.9945 0.0165
vn 0.0936 -0.9952 0.0279
vn 0.0855 -0.9931 0.0804
vn 0.0587 -0.9885 0.1392
vn 0.0055 -0.9827 0.1849
vn -0.0307 -0.9825 0.1839
vn -0.0085 -0.9804 0.1967
vn 0.0725 -0.9578 0.2781
vn 0.1003 -0.9507 0.2933
vn 0.0741 -0.9957 0.0557
vn 0.0880 -0.9960 -0.0134
vn 0.0587 -0.9969 0.0528
vn 0.0201 -0.9823 0.1863
vn 0.0005 -0.9729 0.2313
vn -0.0123 -0.9761 0.2169
vn -0.0194 -0.9865 0.1627
vn 0.0540 -0.9832 0.1742
vn 0.1198 -0.9453 0.3033
vn -0.0195 -0.9997 0.0165
vn 0.0045 -1.0000 -0.0002
vn -0.0015 -0.9971 0.0759
vn 0.0046 -0.9825 0.1862
vn 0.0306 -0.9771 0.2104
vn 0.0466 -0.9751 0.2169
vn 0.0341 -0.9843 0.1730
vn 0.0438 -0.9949 0.0908
vn 0.1330 -0.9679 0.2132
vn 0.9810 0.1693 0.0952
vn 0.9685 0.2060 0.1399
vn 0.9715 0.2108 0.1086
vn 0.9260 0.2802 0.2530
vn 0.9591 0.2380 0.1533
vn 0.9445 0.2770 0.1766
vn 0.9065 0.3257 0.2688
vn 0.8468 0.3960 0.3551
vn 0.8845 0.3691 0.2853
vn 0.7375 0.5013 0.4525
vn 0.8129 0.4521 0.3671
vn 0.7214 0.5418 0.4314
vn 0.6636 0.5608 0.4952
vn 0.8324 0.5324 -0.1539
vn 0.6257 0.5576 0.5455
vn 0.6948 0.5328 0.4831
vn 0.7011 0.4681 0.5379
vn 0.6209 0.5254 0.5817
vn 0.7034 0.4512 0.5493
vn 0.5871 0.5031 0.6342
vn 0.6709 0.4501 0.5893
vn 0.5621 0.4953 0.6624
vn 0.5372 0.5438 0.6448
vn 0.5921 0.5711 0.5685
vn 0.8313 0.3696 0.4151
vn 0.8111 0.4082 0.4189
vn 0.7284 0.4677 0.5007
vn 0.6532 0.5314 0.5393
vn 0.7468 0.4622 0.4781
vn 0.6662 0.5389 0.5155
vn 0.5940 0.5956 0.5407
vn 0.6668 0.5567 0.4954
vn 0.5601 0.6332 0.5342
vn 0.5247 0.6264 0.5764
vn 0.4914 0.6237 0.6079
vn 0.4537 0.5744 0.6814
vn 0.5661 0.5248 0.6357
vn 0.4210 0.5785 0.6986
vn 0.4946 0.5393 0.6816
vn 0.3905 0.5975 0.7004
vn 0.5106 0.6336 0.5812
vn 0.6467 0.5297 0.5488
vn 0.4690 0.6530 0.5947
vn 0.4293 0.6857 0.5879
vn 0.5780 0.5897 0.5641
vn 0.3953 0.7358 0.5499
vn 0.4539 0.6938 0.5592
vn 0.3585 0.7440 0.5639
vn 0.3275 0.7367 0.5916
vn 0.3135 0.6768 0.6661
vn 0.3466 0.5984 0.7224
vn 0.3122 0.5782 0.7538
vn 0.3205 0.6122 0.7228
vn 0.3421 0.7294 0.5924
vn 0.2500 0.7754 0.5799
vn 0.2519 0.7988 0.5463
vn 0.2554 0.8195 0.5130
vn 0.2531 0.8157 0.5201
vn 0.3051 0.7842 0.5403
vn 0.2489 0.8090 0.5325
vn 0.2504 0.7839 0.5682
vn 0.2519 0.7686 0.5880
vn 0.2896 0.7349 0.6133
vn 0.2979 0.6508 0.6984
vn 0.1442 0.8186 0.5559
vn 0.1669 0.8092 0.5633
vn 0.1542 0.8289 0.5377
vn 0.1886 0.8592 0.4755
vn 0.2130 0.8632 0.4577
vn 0.2252 0.8536 0.4697
vn 0.2210 0.8479 0.4819
vn 0.2324 0.8241 0.5165
vn 0.2458 0.7987 0.5492
vn 0.2481 0.8147 0.5242
vn 0.2756 0.8045 0.5262
vn 0.2214 0.7404 0.6347
vn 0.0971 0.7421 0.6632
vn 0.1354 0.7238 0.6766
vn 0.1783 0.8067 0.5634
vn 0.1866 0.8512 0.4905
vn 0.1891 0.8818 0.4321
vn 0.1959 0.8910 0.4096
vn 0.1986 0.8806 0.4302
vn 0.2004 0.8634 0.4631
vn 0.2043 0.8531 0.4800
vn 0.2033 0.8445 0.4954
vn 0.2331 0.8322 0.5031
vn 0.1300 0.8135 0.5669
vn 0.1575 0.8160 0.5562
vn 0.1647 0.8289 0.5346
vn 0.1886 0.8693 0.4568
vn 0.1982 0.8924 0.4054
vn 0.1784 0.8865 0.4269
vn 0.1540 0.8830 0.4434
vn 0.1504 0.8868 0.4369
vn 0.1554 0.8765 0.4556
vn 0.1034 0.8749 0.4732
vn 0.1184 0.8731 0.4730
vn 0.1430 0.8624 0.4856
vn 0.1695 0.8752 0.4531
vn 0.1746 0.8876 0.4262
vn 0.2820 0.8298 0.4816
vn 0.1395 0.8685 0.4757
vn 0.1322 0.8871 0.4423
vn 0.1159 0.8940 0.4327
vn -0.1572 -0.9870 -0.0323
vn -0.1524 -0.9878 -0.0311
vn -0.1223 -0.9922 0.0235
vn -0.1159 -0.9891 0.0904
vn -0.1667 -0.9710 0.1714
vn -0.2396 -0.9314 0.2739
vn -0.2493 -0.9361 0.2479
vn -0.2134 -0.9627 0.1663
vn -0.0374 -0.9992 -0.0137
vn -0.1103 -0.9937 -0.0210
vn -0.1423 -0.9897 0.0163
vn -0.1342 -0.9863 0.0956
vn -0.1753 -0.9533 0.2460
vn -0.2195 -0.9336 0.2831
vn -0.1793 -0.9662 0.1855
vn -0.1584 -0.9738 0.1629
vn -0.0389 -0.9992 0.0106
vn -0.0410 -0.9991 0.0076
vn -0.0636 -0.9978 0.0173
vn -0.0729 -0.9944 0.0764
vn -0.0851 -0.9577 0.2750
vn -0.0941 -0.9598 0.2646
vn -0.0806 -0.9877 0.1338
vn -0.1200 -0.9670 0.2249
vn -0.1247 -0.9911 0.0476
vn -0.1215 -0.9926 -0.0062
vn -0.0463 -0.9989 -0.0088
vn -0.0028 -0.9988 0.0495
vn 0.0028 -0.9697 0.2441
vn 0.0164 -0.9616 0.2739
vn -0.0305 -0.9863 0.1620
vn -0.3141 -0.8129 0.4904
vn -0.0254 -0.9960 0.0861
vn -0.0397 -0.9984 -0.0411
vn -0.0324 -0.9980 -0.0541
vn -0.0287 -0.9989 0.0360
vn 0.0040 -0.9834 0.1814
vn 0.0532 -0.9602 0.2743
vn -0.0328 -0.9481 0.3163
vn -0.4218 -0.7229 0.5473
vn 0.0715 -0.9899 0.1225
vn 0.0500 -0.9982 -0.0329
vn -0.0006 -0.9994 -0.0335
vn -0.0725 -0.9960 0.0520
vn -0.0710 -0.9912 0.1121
vn -0.0474 -0.9693 0.2412
vn -0.3235 -0.7919 0.5179
vn -0.4992 -0.4903 0.7144
vn 0.1013 -0.9776 0.1846
vn 0.0629 -0.9980 0.0011
vn 0.0097 -0.9997 0.0221
vn -0.0550 -0.9940 0.0950
vn -0.0821 -0.9930 0.0853
vn -0.1427 -0.9590 0.2450
vn -0.3472 -0.6838 0.6418
vn -0.3973 -0.3080 0.8644
vn -0.5668 -0.2514 0.7846
vn -0.6049 -0.2873 0.7426
vn -0.3976 -0.3752 0.8373
vn -0.4217 -0.2457 0.8728
vn -0.5799 -0.1900 0.7922
vn -0.6355 -0.2125 0.7423
vn 0.1885 -0.9498 0.2497
vn 0.1280 -0.9895 0.0671
vn 0.0565 -0.9966 0.0593
vn 0.0477 -0.9945 0.0935
vn 0.0615 -0.9944 0.0862
vn -0.0448 -0.9452 0.3235
vn -0.2652 -0.6129 0.7443
vn -0.3462 -0.3276 0.8791
vn -0.2837 -0.3791 0.8808
vn -0.3599 -0.2943 0.8854
vn 0.5377 0.6109 0.5812
vn 0.6006 0.5641 0.5667
vn 0.4023 0.6595 0.6350
vn 0.4036 0.7068 0.5810
vn 0.4927 0.6508 0.5777
vn 0.5530 0.5972 0.5810
vn 0.3932 0.6630 0.6370
vn 0.2810 0.5796 0.7649
vn 0.2526 0.6400 0.7257
vn 0.2439 0.7181 0.6518
vn 0.2201 0.7470 0.6274
vn 0.2407 0.4948 0.8350
vn 0.1938 0.5638 0.8028
vn 0.1817 0.5288 0.8291
vn 0.0832 0.6912 0.7179
vn 0.1817 0.5462 0.8177
vn 0.1219 0.5222 0.8441
vn 0.1671 0.4126 0.8954
vn 0.1176 0.4853 0.8664
vn 0.0965 0.5049 0.8578
vn 0.1883 0.8095 0.5561
vn 0.1213 0.6597 0.7417
vn 0.1362 0.6383 0.7576
vn 0.0599 0.5036 0.8618
vn 0.0583 0.4969 0.8659
vn 0.0594 0.4742 0.8784
vn 0.1471 0.8443 0.5154
vn 0.1078 0.7125 0.6934
vn 0.0603 0.5113 0.8573
vn 0.0064 0.5146 0.8574
vn 0.0320 0.5126 0.8581
vn 0.0953 0.8717 0.4807
vn 0.0726 0.7793 0.6224
vn 0.1392 0.5336 0.8342
vn 0.0712 0.5204 0.8510
vn 0.0671 0.3996 0.9142
vn 0.0369 0.4653 0.8844
vn 0.0155 0.4670 0.8841
vn 0.0619 0.4359 0.8979
vn 0.0287 0.4133 0.9101
vn 0.6374 0.5515 0.5382
vn 0.5420 0.5885 0.5999
vn 0.5090 0.5918 0.6251
vn 0.6190 0.5698 0.5405
vn 0.4425 0.5261 0.7262
vn 0.2891 0.2487 0.9244
vn 0.0943 -0.0825 0.9921
vn 0.0552 -0.0903 0.9944
vn 0.0481 -0.0985 0.9940
vn 0.0348 -0.1366 0.9900
vn -0.0009 -0.1687 0.9857
vn 0.4485 0.6165 0.6471
vn 0.3199 0.5940 0.7381
vn 0.2320 0.5079 0.8296
vn 0.0788 0.2885 0.9542
vn -0.0606 -0.0341 0.9976
vn -0.0978 -0.1190 0.9881
vn -0.0968 -0.0596 0.9935
vn -0.1122 -0.0850 0.9900
vn -0.1303 -0.1450 0.9808
vn 0.1863 0.6789 0.7102
vn 0.2961 0.6399 0.7091
vn 0.1038 0.5667 0.8173
vn -0.0411 0.4236 0.9049
vn -0.1692 0.2592 0.9509
vn -0.2228 0.0920 0.9705
vn -0.2021 -0.0608 0.9775
vn -0.1884 -0.0932 0.9777
vn -0.2824 -0.1127 0.9526
vn -0.4225 -0.1268 0.8974
vn 0.0722 0.7318 0.6777
vn -0.4915 -0.2013 0.8473
vn -0.3888 -0.2385 0.8899
vn -0.3131 -0.1649 0.9353
vn -0.5101 -0.3121 0.8015
vn -0.5039 -0.2462 0.8280
vn -0.1160 0.5992 0.7922
vn -0.2594 0.3625 0.8952
vn -0.3399 0.2068 0.9174
vn -0.4540 0.0861 0.8868
vn -0.4549 0.0372 0.8898
vn -0.3768 -0.0954 0.9214
vn -0.1030 0.4649 0.8794
vn -0.0500 0.6514 0.7571
vn -0.2469 0.4732 0.8457
vn -0.3922 -0.0988 0.9146
vn -0.5512 -0.1020 0.8281
vn -0.4318 0.0089 0.9019
vn -0.5060 -0.1354 0.8518
vn -0.6093 0.0010 0.7929
vn -0.5905 -0.0810 0.8030
vn -0.5973 -0.0454 0.8007
vn -0.6203 -0.1500 0.7699
vn -0.5832 -0.3027 0.7539
vn -0.2778 0.3470 0.8958
vn -0.3339 0.1877 0.9237
vn -0.5807 -0.2519 0.7742
vn -0.6595 -0.1955 0.7258
vn -0.6204 -0.1274 0.7739
vn -0.6329 -0.2788 0.7223
vn 0.0433 0.3278 0.9438
vn -0.0207 0.2026 0.9790
vn -0.1053 0.2779 0.9548
vn -0.1397 0.1352 0.9809
vn -0.1666 0.2324 0.9582
vn -0.2798 -0.1461 0.9489
vn -0.3489 -0.2480 0.9037
vn -0.4551 -0.2344 0.8590
vn -0.3536 -0.4141 0.8388
vn -0.3923 -0.3557 0.8483
vn -0.3503 -0.3379 0.8736
vn -0.3978 -0.3959 0.8277
vn 0.0252 0.4577 0.8888
vn 0.0068 0.3235 0.9462
vn -0.0572 0.1464 0.9876
vn -0.1533 0.0323 0.9877
vn -0.2615 -0.1086 0.9591
vn -0.4023 -0.2405 0.8833
vn -0.3344 -0.1572 0.9292
vn -0.3787 -0.2519 0.8906
vn -0.0229 0.2917 0.9562
vn -0.1155 0.0266 0.9929
vn -0.2820 -0.1681 0.9446
vn -0.4317 -0.3587 0.8276
vn -0.4680 -0.3055 0.8292
vn -0.3621 -0.3754 0.8532
vn -0.3529 -0.3590 0.8640
vn -0.4185 -0.2843 0.8626
vn -0.2896 -0.3546 0.8890
vn -0.4139 -0.2749 0.8678
vn -0.4564 -0.2599 0.8510
vn -0.0338 0.2279 0.9731
vn -0.1981 -0.1398 0.9702
vn -0.2166 -0.9658 0.1422
vn -0.1911 -0.8401 0.5077
vn -0.0798 -0.4191 0.9044
vn -0.2084 -0.9559 0.2070
vn -0.2448 -0.7899 0.5623
vn -0.1950 -0.3656 0.9101
vn -0.3982 -0.7496 0.5287
vn -0.5315 -0.6392 0.5558
vn -0.5245 -0.2686 0.8080
vn -0.4173 -0.6102 0.6735
vn -0.5359 -0.3182 0.7820
vn -0.5993 -0.2730 0.7526
vn -0.5896 -0.2903 0.7537
vn -0.5603 -0.2971 0.7732
vn -0.5704 -0.3029 0.7635
vn -0.1384 -0.9903 -0.0103
vn -0.0583 -0.9974 -0.0435
vn 0.0074 -0.9986 0.0531
vn 0.0480 -0.9874 0.1506
vn 0.0467 -0.9820 0.1831
vn 0.0765 -0.9774 0.1971
vn 0.0681 -0.9766 0.2038
vn 0.0455 -0.9955 0.0829
vn 0.0991 -0.9921 0.0769
vn -0.1208 -0.9925 -0.0178
vn 0.0406 -0.9981 -0.0470
vn -0.0798 -0.9918 -0.0996
vn 0.0134 -0.9928 -0.1192
vn 0.0668 -0.9915 -0.1115
vn 0.0758 -0.9971 0.0087
vn 0.0969 -0.9884 0.1170
vn 0.0853 -0.9833 0.1607
vn 0.1055 -0.9808 0.1637
vn 0.1037 -0.9730 0.2062
vn 0.0886 -0.9689 0.2309
vn 0.0581 -0.9909 0.1216
vn 0.0357 -0.9992 0.0194
vn 0.1189 -0.9921 -0.0399
vn 0.1142 -0.9870 -0.1133
vn 0.1478 -0.9863 -0.0727
vn 0.1203 -0.9890 -0.0864
vn 0.0862 -0.9963 -0.0026
vn 0.0837 -0.9914 0.1003
vn 0.0976 -0.9789 0.1794
vn 0.1100 -0.9691 0.2209
vn 0.1051 -0.9638 0.2451
vn 0.0882 -0.9820 0.1673
vn 0.0437 -0.9975 0.0548
vn 0.1206 -0.9913 -0.0523
vn 0.0898 -0.9951 -0.0403
vn 0.0570 -0.9982 0.0166
vn 0.0376 -0.9944 0.0990
vn 0.0446 -0.9878 0.1492
vn 0.1002 -0.9696 0.2230
vn 0.0799 -0.9764 0.2008
vn 0.1103 -0.9621 0.2496
vn 0.1021 -0.9739 0.2025
vn 0.0708 -0.9915 0.1092
vn 0.0632 -0.9977 -0.0261
vn 0.0449 -0.9989 -0.0152
vn 0.0288 -0.9989 0.0383
vn 0.0042 -0.9932 0.1165
vn 0.0072 -0.9928 0.1198
vn 0.0575 -0.9848 0.1640
vn 0.1187 -0.9630 0.2419
vn 0.0836 -0.9696 0.2300
vn 0.0635 -0.9872 0.1463
vn 0.0386 -0.9991 -0.0172
vn 0.0245 -0.9997 0.0083
vn -0.0103 -0.9980 0.0631
vn -0.0214 -0.9920 0.1241
vn -0.0079 -0.9950 0.0992
vn -0.0050 -0.9926 0.1209
vn 0.0536 -0.9716 0.2305
vn 0.0059 -0.9785 0.2062
vn 0.0466 -0.9750 0.2172
vn 0.0773 -0.9853 0.1521
vn 0.0263 -0.9995 -0.0169
vn -0.0019 -0.9988 0.0490
vn -0.0373 -0.9952 0.0910
vn -0.0452 -0.9923 0.1150
vn -0.0477 -0.9938 0.1003
vn -0.0542 -0.9916 0.1176
vn -0.0212 -0.9845 0.1739
vn 0.0270 -0.9921 0.1228
vn 0.1164 -0.9869 0.1117
vn 0.0075 -0.9998 0.0165
vn -0.0206 -0.9974 0.0697
vn -0.0232 -0.9941 0.1061
vn -0.0431 -0.9906 0.1301
vn -0.0853 -0.9895 0.1167
vn -0.1000 -0.9882 0.1157
vn -0.0503 -0.9957 0.0782
vn -0.0552 -0.9932 0.1022
vn 0.0131 -0.9996 0.0260
vn 0.0925 -0.9953 0.0272
vn 0.0862 0.8851 0.4573
vn 0.1107 0.9073 0.4057
vn 0.1239 0.9060 0.4047
vn 0.1334 0.9007 0.4134
vn 0.1452 0.9001 0.4109
vn 0.1510 0.8817 0.4470
vn 0.1475 0.8547 0.4978
vn 0.1461 0.8562 0.4955
vn 0.1240 0.8571 0.5001
vn 0.0714 0.9069 0.4152
vn 0.1127 0.9280 0.3551
vn 0.1311 0.9297 0.3441
vn 0.1553 0.9151 0.3720
vn 0.1684 0.9049 0.3908
vn 0.1597 0.8939 0.4188
vn 0.1566 0.8737 0.4607
vn 0.1541 0.8532 0.4983
vn 0.1456 0.8458 0.5132
vn 0.1187 0.9276 0.3543
vn 0.1476 0.9361 0.3194
vn 0.1494 0.9344 0.3233
vn 0.1589 0.9346 0.3182
vn 0.1689 0.9239 0.3433
vn 0.1649 0.8941 0.4163
vn 0.1694 0.8912 0.4208
vn 0.1609 0.8695 0.4671
vn 0.1481 0.8473 0.5100
vn 0.1566 0.9458 0.2844
vn 0.1723 0.9384 0.2995
vn 0.1726 0.9275 0.3317
vn 0.1787 0.9385 0.2954
vn 0.1802 0.9311 0.3171
vn 0.1742 0.8963 0.4078
vn 0.1638 0.8663 0.4719
vn 0.1423 0.8245 0.5476
vn 0.1463 0.9611 0.2342
vn 0.1595 0.9531 0.2571
vn 0.1769 0.9347 0.3082
vn 0.1855 0.9348 0.3029
vn 0.1749 0.9291 0.3258
vn 0.1597 0.8964 0.4135
vn 0.1438 0.8561 0.4964
vn 0.1211 0.8029 0.5836
vn 0.1434 0.9588 0.2450
vn 0.1302 0.9638 0.2328
vn 0.1273 0.9558 0.2650
vn 0.1219 0.9431 0.3093
vn 0.1053 0.9307 0.3502
vn 0.0861 0.9007 0.4258
vn 0.0676 0.8487 0.5246
vn 0.0444 0.7787 0.6259
vn 0.1425 0.9491 0.2810
vn 0.1212 0.9548 0.2715
vn 0.0801 0.9528 0.2928
vn 0.0284 0.9337 0.3569
vn -0.0358 0.9049 0.4240
vn 0.0054 0.8967 0.4426
vn -0.1619 0.8036 0.5728
vn -0.0978 0.7467 0.6579
vn 0.1916 0.9324 0.3066
vn 0.1759 0.9269 0.3314
vn 0.1251 0.9179 0.3767
vn 0.0296 0.9025 0.4297
vn -0.0732 0.8787 0.4718
vn -0.1857 0.8315 0.5236
vn -0.4267 0.6236 0.6550
vn -0.1589 0.8522 0.4985
vn -0.3467 0.6452 0.6808
vn -0.6423 0.1991 0.7401
vn -0.4594 0.5156 0.7232
vn -0.3418 0.5996 0.7236
vn -0.6495 0.1207 0.7507
vn -0.4069 -0.3588 0.8401
vn -0.3908 -0.3581 0.8479
vn -0.4147 -0.3406 0.8438
vn -0.4040 -0.2920 0.8669
vn -0.4260 -0.3350 0.8405
vn -0.4210 -0.3349 0.8429
vn -0.4433 -0.2709 0.8544
vn -0.4356 -0.3712 0.8200
vn -0.4447 -0.3378 0.8295
vn -0.4164 -0.3341 0.8456
vn -0.4163 -0.3647 0.8329
vn -0.4937 -0.3261 0.8061
vn -0.5034 -0.2981 0.8110
vn -0.4877 -0.3636 0.7937
vn -0.5547 -0.3179 0.7689
vn -0.4904 -0.3769 0.7858
vn -0.5132 -0.2476 0.8218
vn -0.5413 -0.2562 0.8008
vn -0.4535 -0.3692 0.8112
vn -0.4027 -0.3994 0.8236
vn -0.4062 -0.3510 0.8437
vn -0.4343 -0.3351 0.8361
vn -0.4545 -0.4054 0.7932
vn -0.4283 -0.4104 0.8051
vn -0.4497 -0.4164 0.7902
vn -0.4644 -0.4137 0.7830
vn -0.4104 -0.3620 0.8370
vn -0.4201 -0.3185 0.8497
vn -0.4852 -0.3133 0.8163
vn -0.4909 -0.3203 0.8102
vn -0.4509 -0.3244 0.8315
vn -0.4941 -0.3161 0.8099
vn -0.4607 -0.3700 0.8068
vn -0.3394 -0.3176 0.8854
vn -0.3765 -0.3228 0.8684
vn -0.3788 -0.3645 0.8507
vn -0.3402 -0.2629 0.9029
vn -0.4041 -0.2548 0.8785
vn -0.3899 -0.3651 0.8454
vn -0.4207 -0.4024 0.8131
vn -0.4113 -0.3506 0.8414
vn -0.3499 -0.3893 0.8520
vn -0.4256 -0.3383 0.8393
vn -0.4945 -0.3048 0.8140
vn -0.4761 -0.3207 0.8188
vn -0.4511 -0.3733 0.8106
vn -0.4235 -0.3091 0.8515
vn -0.3637 -0.3356 0.8689
vn -0.3028 -0.3936 0.8680
vn -0.3518 -0.3644 0.8622
vn -0.3067 -0.3037 0.9021
vn -0.2993 -0.2729 0.9143
vn -0.4798 -0.3204 0.8168
vn -0.4201 -0.3156 0.8509
vn -0.4260 -0.3190 0.8466
vn -0.4611 -0.3022 0.8343
vn -0.3972 -0.3920 0.8298
vn -0.3865 -0.3984 0.8318
vn -0.3921 -0.4135 0.8217
vn -0.3965 -0.4434 0.8039
vn -0.4205 -0.3405 0.8410
vn -0.4807 -0.2263 0.8472
vn -0.4955 -0.2290 0.8379
vn -0.5151 -0.2620 0.8161
vn -0.4185 -0.2426 0.8752
vn -0.3563 -0.2614 0.8971
vn -0.3342 -0.2766 0.9010
vn -0.5486 -0.3491 0.7597
vn -0.4942 -0.3513 0.7952
vn -0.4935 -0.3593 0.7921
vn -0.5248 -0.2909 0.8000
vn -0.5095 -0.3747 0.7746
vn -0.4414 -0.4346 0.7850
vn 0.2082 -0.9542 0.2150
vn 0.2122 -0.9602 0.1817
vn 0.1116 -0.9876 0.1107
vn 0.0862 -0.9940 0.0680
vn 0.0796 -0.9926 0.0920
vn -0.0381 -0.9122 0.4080
vn -0.2489 -0.5410 0.8034
vn -0.3712 -0.2630 0.8905
vn 0.0787 -0.9908 0.1099
vn 0.1625 -0.9623 0.2180
vn 0.1831 -0.9676 0.1740
vn 0.1509 -0.9855 0.0773
vn 0.0591 -0.9863 0.1542
vn -0.2888 -0.7773 0.5590
vn -0.3855 -0.4454 0.8081
vn -0.4582 -0.2371 0.8566
vn 0.0259 -0.9987 0.0441
vn 0.0782 -0.9875 0.1365
vn 0.1518 -0.9720 0.1792
vn 0.1474 -0.9788 0.1419
vn -0.0055 -0.9501 0.3119
vn -0.3115 -0.6436 0.6991
vn -0.4926 -0.2486 0.8340
vn -0.5114 -0.2274 0.8287
vn -0.4920 -0.2597 0.8310
vn 0.0409 -0.9983 0.0405
vn 0.0394 -0.9963 0.0767
vn 0.0708 -0.9886 0.1328
vn 0.0311 -0.9716 0.2345
vn -0.2785 -0.7244 0.6306
vn -0.4404 -0.4766 0.7609
vn -0.5548 -0.1817 0.8119
vn 0.0520 -0.9970 0.0571
vn 0.0569 -0.9970 0.0520
vn 0.0507 -0.9916 0.1193
vn -0.0501 -0.9278 0.3697
vn -0.2951 -0.5899 0.7516
vn -0.4760 -0.1855 0.8596
vn -0.4247 -0.2268 0.8765
vn -0.5100 -0.1950 0.8378
vn 0.0856 -0.9942 0.0656
vn 0.0996 -0.9947 0.0240
vn 0.0795 -0.9865 0.1433
vn -0.1594 -0.7947 0.5857
vn -0.3248 -0.4304 0.8422
vn -0.3485 -0.2602 0.9005
vn 0.1480 -0.9863 0.0725
vn 0.1346 -0.9907 0.0217
vn 0.0439 -0.9727 0.2278
vn -0.2039 -0.7747 0.5986
vn -0.3193 -0.2814 0.9049
vn -0.3080 -0.2809 0.9090
vn -0.2795 -0.2769 0.9193
vn 0.1705 -0.9825 0.0746
vn 0.1119 -0.9886 0.1004
vn -0.0489 -0.9132 0.4046
vn -0.2655 -0.5091 0.8187
vn -0.3644 -0.3039 0.8803
vn -0.3418 -0.3064 0.8884
vn -0.3557 -0.2676 0.8955
vn 0.0761 0.8789 0.4708
vn 0.0700 0.8446 0.5307
vn 0.0490 0.7671 0.6397
vn 0.0572 0.7434 0.6664
vn 0.0338 0.5836 0.8114
vn 0.0381 0.4347 0.8998
vn 0.0458 0.4116 0.9102
vn 0.1511 0.8360 0.5275
vn 0.1217 0.8059 0.5795
vn 0.1155 0.8385 0.5325
vn 0.0824 0.7973 0.5979
vn 0.0349 0.7554 0.6543
vn -0.0044 0.6161 0.7876
vn -0.0248 0.4779 0.8781
vn -0.1056 0.2998 0.9481
vn -0.0250 0.3529 0.9353
vn -0.0931 0.2560 0.9622
vn -0.2989 -0.0101 0.9542
vn 0.1161 0.8173 0.5643
vn 0.0761 0.7732 0.6296
vn 0.0370 0.7430 0.6683
vn -0.0027 0.7152 0.6989
vn -0.0394 0.5891 0.8071
vn -0.0536 0.4759 0.8778
vn -0.1438 0.1858 0.9720
vn -0.3363 -0.0890 0.9375
vn 0.1116 0.7749 0.6222
vn 0.0801 0.7347 0.6737
vn 0.0346 0.6703 0.7413
vn -0.0504 0.6172 0.7852
vn -0.1935 0.4507 0.8714
vn -0.1821 0.3745 0.9092
vn -0.0650 0.4455 0.8929
vn -0.3427 -0.0599 0.9375
vn -0.3307 -0.1550 0.9309
vn -0.1651 0.2680 0.9492
vn -0.3861 -0.3315 0.8608
vn -0.4116 -0.2551 0.8749
vn 0.0992 0.7452 0.6595
vn 0.0767 0.6956 0.7144
vn 0.0448 0.5879 0.8077
vn -0.0348 0.4329 0.9008
vn -0.1635 0.2923 0.9422
vn -0.3026 -0.1402 0.9427
vn -0.2931 -0.3423 0.8927
vn 0.0124 0.7180 0.6960
vn -0.0544 0.6384 0.7677
vn -0.2109 0.3937 0.8947
vn -0.0333 0.2921 0.9558
vn -0.1963 0.0721 0.9779
vn -0.2295 -0.1847 0.9556
vn -0.2342 -0.3279 0.9152
vn -0.3159 0.4843 0.8159
vn -0.5440 0.1932 0.8166
vn -0.6603 -0.0224 0.7506
vn -0.4291 0.0160 0.9031
vn -0.6166 -0.1653 0.7697
vn -0.3893 -0.2109 0.8966
vn -0.4648 -0.3172 0.8267
vn -0.2979 -0.3437 0.8905
vn -0.6917 -0.0350 0.7213
vn -0.6778 0.0350 0.7344
vn -0.7207 -0.0753 0.6891
vn -0.7312 -0.0611 0.6795
vn -0.7178 -0.0479 0.6946
vn -0.7029 -0.0853 0.7062
vn -0.6384 -0.2031 0.7424
vn -0.5769 -0.2549 0.7760
vn -0.4140 -0.3392 0.8447
vn -0.4648 -0.3121 0.8286
vn -0.3983 -0.3003 0.8667
vn -0.4181 -0.3238 0.8487
vn -0.3019 -0.3870 0.8713
vn -0.3511 -0.3660 0.8619
vn -0.3631 -0.3189 0.8755
vn -0.0342 0.3170 0.9478
vn -0.0412 0.1489 0.9880
vn -0.1751 -0.0358 0.9839
vn -0.3839 -0.2759 0.8812
vn -0.3033 -0.1230 0.9449
vn -0.2810 -0.0208 0.9595
vn -0.4182 -0.4269 0.8018
vn -0.5058 -0.3974 0.7657
vn -0.3662 -0.4156 0.8325
vn -0.3128 -0.4000 0.8615
vn -0.3551 -0.4395 0.8251
vn -0.3353 -0.3940 0.8557
vn -0.3305 -0.3288 0.8847
vn -0.4064 -0.3326 0.8510
vn -0.2527 -0.3427 0.9048
vn -0.3459 -0.3031 0.8880
vn -0.4143 -0.3553 0.8380
vn -0.4788 -0.2866 0.8298
vn -0.4130 -0.2736 0.8687
vn -0.4452 -0.2643 0.8556
vn -0.4692 -0.2917 0.8335
vn -0.4082 -0.2687 0.8724
vn -0.4342 -0.2482 0.8660
vn -0.4863 -0.2981 0.8214
vn -0.4237 -0.3516 0.8348
vn -0.4486 -0.2746 0.8505
vn -0.4466 -0.2479 0.8597
vn -0.4292 -0.3066 0.8496
vn -0.4028 -0.3652 0.8393
vn -0.4479 -0.2334 0.8631
vn -0.4031 -0.3420 0.8488
vn -0.4529 -0.2596 0.8530
vn -0.4566 -0.2532 0.8529
vn -0.4455 -0.2604 0.8566
vn -0.3728 -0.1335 0.9183
vn -0.3988 -0.3247 0.8576
vn -0.3854 -0.3455 0.8556
vn -0.4497 -0.2302 0.8630
vn -0.4262 -0.2991 0.8537
vn -0.4001 -0.3393 0.8513
vn -0.4176 -0.3282 0.8473
vn -0.3872 -0.3203 0.8646
vn -0.4304 -0.2298 0.8729
vn 0.4035 0.4951 -0.7695
vn 0.3042 0.5952 -0.7437
vn 0.1462 0.9267 -0.3461
vn 0.2831 0.7531 -0.5939
vn 0.4026 0.4159 -0.8155
vn 0.3511 0.3779 -0.8567
vn 0.4298 0.4727 -0.7693
vn 0.1402 0.7162 -0.6836
vn -0.0116 0.9841 -0.1774
vn 0.2624 0.4460 -0.8557
vn -0.0062 0.8145 -0.5801
vn -0.1160 0.9865 -0.1153
vn 0.1074 0.5943 -0.7970
vn -0.1288 0.8669 -0.4816
vn -0.1778 0.9806 -0.0822
vn -0.0655 0.7145 -0.6966
vn -0.2710 0.8531 -0.4458
vn -0.2428 0.9662 -0.0869
vn -0.3000 0.7468 -0.5936
vn 0.3251 0.5052 -0.7994
vn 0.2882 0.5504 -0.7836
vn 0.2485 0.5354 -0.8072
vn 0.3123 0.4535 -0.8347
vn 0.4182 0.3826 -0.8239
vn 0.3802 0.4551 -0.8052
vn 0.4991 0.2084 -0.8411
vn 0.5015 0.2620 -0.8245
vn 0.4986 0.1804 -0.8478
vn 0.5450 0.1591 -0.8232
vn 0.4693 0.1871 -0.8630
vn 0.5311 0.1722 -0.8296
vn 0.4560 0.1159 -0.8824
vn 0.5034 0.0986 -0.8584
vn 0.1791 0.5307 -0.8284
vn 0.2380 0.5173 -0.8220
vn 0.2447 0.5037 -0.8285
vn 0.1806 0.5239 -0.8324
vn 0.1989 0.5049 -0.8399
vn 0.2462 0.5244 -0.8151
vn 0.1773 0.5200 -0.8356
vn 0.5566 0.1863 -0.8096
vn 0.4587 0.3530 -0.8155
vn 0.4368 0.4255 -0.7926
vn 0.5806 0.1666 -0.7970
vn 0.5106 0.2133 -0.8329
vn 0.5940 0.1717 -0.7859
vn 0.5416 0.1617 -0.8249
vn 0.5867 0.0601 -0.8076
vn 0.5104 0.0397 -0.8590
vn 0.2804 0.5531 -0.7845
vn 0.3021 0.5490 -0.7793
vn 0.3042 0.5057 -0.8073
vn 0.3106 0.5648 -0.7645
vn 0.3546 0.5372 -0.7653
vn 0.3318 0.4719 -0.8168
vn 0.3194 0.4805 -0.8168
vn 0.3745 0.1722 -0.9111
vn 0.1357 0.1377 -0.9811
vn 0.3562 0.2490 -0.9006
vn 0.3270 0.1047 -0.9392
vn 0.0022 0.0283 -0.9996
vn 0.2449 0.0074 -0.9695
vn -0.0931 -0.0627 -0.9937
vn 0.3664 0.5385 -0.7588
vn 0.2803 0.5505 -0.7864
vn 0.3405 0.5787 -0.7411
vn 0.2715 0.3935 -0.8783
vn 0.3177 0.5209 -0.7923
vn 0.3303 0.4852 -0.8096
vn 0.3056 0.5767 -0.7576
vn 0.3844 0.4354 -0.8140
vn 0.3620 0.4874 -0.7946
vn 0.3590 0.4327 -0.8270
vn 0.1215 0.2233 -0.9671
vn -0.0290 0.1696 -0.9851
vn -0.0176 0.2772 -0.9606
vn -0.1598 0.0269 -0.9868
vn -0.2196 -0.0204 -0.9754
vn -0.2355 -0.0543 -0.9704
vn 0.2685 0.5800 -0.7691
vn 0.2079 0.5519 -0.8076
vn 0.2580 0.5573 -0.7892
vn 0.1305 0.4933 -0.8600
vn 0.3447 0.4494 -0.8241
vn 0.3412 0.4292 -0.8363
vn 0.3551 0.3958 -0.8469
vn 0.3069 0.5011 -0.8092
vn -0.2124 -0.0048 -0.9772
vn -0.2018 -0.0162 -0.9793
vn -0.1590 -0.0629 -0.9853
vn 0.2192 0.4900 -0.8437
vn 0.2508 0.5186 -0.8174
vn 0.1010 0.3655 -0.9253
vn -0.0619 0.1333 -0.9891
vn -0.1129 0.0167 -0.9935
vn -0.0644 0.0235 -0.9976
vn -0.0073 0.0109 -0.9999
vn 0.2998 0.4218 -0.8557
vn 0.3323 0.3870 -0.8601
vn 0.2854 0.4627 -0.8394
vn 0.2635 0.4611 -0.8473
vn 0.2113 0.4479 -0.8688
vn 0.2169 0.4438 -0.8695
vn 0.1817 0.4374 -0.8807
vn 0.0920 0.2094 -0.9735
vn -0.0058 0.0332 -0.9994
vn -0.0000 0.0720 -0.9974
vn 0.0398 0.0529 -0.9978
vn 0.0393 0.0367 -0.9986
vn 0.2583 0.4135 -0.8731
vn 0.1846 0.4639 -0.8664
vn 0.2152 0.4556 -0.8638
vn 0.0381 0.4620 -0.8860
vn 0.1175 0.4521 -0.8842
vn 0.0437 0.4073 -0.9122
vn 0.0336 0.1271 -0.9913
vn 0.0471 0.0300 -0.9984
vn 0.0825 0.1167 -0.9897
vn 0.0773 0.0375 -0.9963
vn 0.0452 0.0174 -0.9988
vn -0.0094 0.5393 -0.8421
vn 0.0220 0.4707 -0.8820
vn -0.0594 0.4642 -0.8837
vn -0.1635 0.4705 -0.8671
vn -0.3288 0.4486 -0.8310
vn -0.2507 0.5723 -0.7808
vn -0.2749 0.6194 -0.7354
vn -0.1675 0.2365 -0.9571
vn -0.0238 0.1142 -0.9932
vn 0.0231 0.1239 -0.9920
vn 0.0178 0.0157 -0.9997
vn 0.0347 0.0236 -0.9991
vn -0.3200 0.5435 -0.7760
vn 0.4926 0.0328 -0.8696
vn 0.5009 0.0373 -0.8647
vn 0.4582 0.0745 -0.8857
vn 0.5000 -0.0186 -0.8658
vn 0.5595 -0.0754 -0.8254
vn 0.5487 -0.0989 -0.8302
vn 0.5530 -0.1476 -0.8200
vn 0.5704 -0.2183 -0.7918
vn 0.4533 -0.0178 -0.8912
vn 0.5132 -0.1195 -0.8499
vn 0.3734 0.0537 -0.9261
vn 0.4498 0.0067 -0.8931
vn 0.4092 0.0127 -0.9124
vn 0.4036 -0.0557 -0.9132
vn 0.3741 -0.1027 -0.9217
vn 0.4118 -0.1096 -0.9047
vn 0.3599 -0.0917 -0.9285
vn 0.4080 -0.1114 -0.9062
vn 0.3328 -0.0956 -0.9381
vn 0.2962 -0.0430 -0.9542
vn 0.5815 -0.1487 -0.7998
vn 0.3711 -0.0791 -0.9252
vn 0.5468 -0.0600 -0.8351
vn 0.4662 -0.0771 -0.8813
vn 0.4658 -0.0243 -0.8845
vn 0.4736 -0.0646 -0.8784
vn 0.4137 -0.0602 -0.9084
vn 0.4314 -0.1033 -0.8962
vn 0.3982 -0.0988 -0.9119
vn 0.3952 -0.0987 -0.9133
vn 0.4080 -0.1357 -0.9028
vn 0.4133 -0.1023 -0.9048
vn 0.1553 -0.1770 -0.9719
vn -0.0526 -0.2046 -0.9774
vn -0.0917 -0.1411 -0.9857
vn -0.0103 0.0089 -0.9999
vn 0.0962 0.0506 -0.9941
vn 0.2529 0.0337 -0.9669
vn 0.4212 -0.0524 -0.9055
vn 0.4314 -0.1584 -0.8881
vn 0.4061 -0.1132 -0.9068
vn 0.3988 -0.0847 -0.9131
vn -0.2061 -0.1369 -0.9689
vn 0.2333 0.1282 -0.9639
vn 0.1654 0.1580 -0.9735
vn 0.1393 0.1187 -0.9831
vn 0.3163 0.0111 -0.9486
vn 0.1812 0.0552 -0.9819
vn 0.3772 -0.1334 -0.9165
vn 0.2743 -0.0990 -0.9565
vn 0.4203 -0.1927 -0.8867
vn -0.0677 -0.0556 -0.9962
vn 0.0130 0.0878 -0.9961
vn 0.0833 0.1721 -0.9815
vn 0.4152 -0.1305 -0.9003
vn 0.3827 -0.0964 -0.9188
vn 0.1306 0.1947 -0.9721
vn -0.0242 0.1944 -0.9806
vn 0.0182 0.1895 -0.9817
vn -0.0489 0.1603 -0.9859
vn -0.0812 0.0363 -0.9960
vn -0.0930 -0.0226 -0.9954
vn 0.2986 -0.1169 -0.9472
vn -0.0801 -0.0270 -0.9964
vn 0.2250 -0.1269 -0.9661
vn -0.1034 -0.1934 -0.9757
vn 0.0487 0.0107 -0.9988
vn 0.0563 0.1019 -0.9932
vn -0.1037 0.1426 -0.9843
vn 0.0202 0.0900 -0.9957
vn -0.1050 0.1013 -0.9893
vn -0.2316 -0.0151 -0.9727
vn -0.3036 -0.0294 -0.9524
vn -0.3269 -0.0785 -0.9418
vn -0.2727 -0.2463 -0.9300
vn 0.0452 0.0488 -0.9978
vn 0.0528 0.0767 -0.9957
vn 0.0377 0.0411 -0.9984
vn -0.0339 0.0319 -0.9989
vn 0.0098 -0.0153 -0.9998
vn -0.0828 0.0078 -0.9965
vn -0.1660 -0.1119 -0.9798
vn -0.0720 -0.0935 -0.9930
vn -0.2195 -0.0527 -0.9742
vn -0.2703 -0.0633 -0.9607
vn -0.2371 -0.1276 -0.9631
vn 0.0501 0.0800 -0.9955
vn 0.0824 0.0825 -0.9932
vn 0.0681 0.0168 -0.9975
vn -0.1026 -0.1047 -0.9892
vn -0.1392 -0.0867 -0.9865
vn -0.1355 -0.1067 -0.9850
vn 0.0874 0.0638 -0.9941
vn 0.0259 0.0494 -0.9984
vn 0.0208 0.0658 -0.9976
vn 0.0735 -0.0014 -0.9973
vn 0.0156 -0.0119 -0.9998
vn -0.0053 -0.0091 -0.9999
vn 0.0497 0.0987 -0.9939
vn -0.0141 -0.0675 -0.9976
vn -0.0455 -0.1260 -0.9910
vn -0.0373 -0.0970 -0.9946
vn 0.0192 -0.0627 -0.9978
vn 0.1039 -0.0452 -0.9936
vn 0.1911 0.5248 -0.8295
vn 0.2380 0.5368 -0.8095
vn 0.2093 0.5527 -0.8067
vn 0.2053 0.5318 -0.8216
vn 0.1931 0.5255 -0.8286
vn 0.2474 0.5157 -0.8203
vn 0.2110 0.5324 -0.8198
vn 0.1468 0.7454 -0.6503
vn -0.1528 0.8891 -0.4314
vn -0.2397 0.8744 -0.4218
vn -0.4208 0.8652 -0.2727
vn -0.3572 0.8639 -0.3552
vn -0.4291 0.8953 -0.1197
vn -0.3789 0.8825 0.2785
vn -0.4500 0.7698 0.4527
vn -0.2841 0.6887 0.6671
vn -0.3783 0.6650 0.6439
vn -0.3794 0.6851 0.6219
vn -0.4044 0.6637 0.6292
vn 0.3340 0.5795 -0.7434
vn 0.2500 0.5837 -0.7726
vn 0.1879 0.7547 -0.6286
vn -0.1691 0.9647 -0.2020
vn -0.5280 0.8488 -0.0285
vn -0.5877 0.8040 -0.0906
vn -0.7069 0.7041 -0.0675
vn -0.6983 0.6816 0.2186
vn -0.6239 0.6989 0.3497
vn -0.4551 0.6415 0.6176
vn -0.5015 0.6163 0.6072
vn -0.5052 0.6073 0.6131
vn -0.4164 0.6571 0.6284
vn 0.2413 0.6894 -0.6831
vn 0.2567 0.7494 -0.6103
vn 0.0009 0.9271 -0.3749
vn -0.1098 0.9790 -0.1720
vn -0.3798 0.9065 0.1844
vn -0.3262 0.9248 0.1960
vn -0.4407 0.8840 0.1561
vn -0.4960 0.8228 0.2774
vn -0.6393 0.7681 0.0363
vn -0.6456 0.7392 0.1917
vn -0.7034 0.6375 0.3143
vn -0.6555 0.5398 0.5282
vn -0.5301 0.6696 0.5202
vn -0.1471 0.9756 -0.1629
vn -0.1040 0.9905 0.0899
vn -0.2231 0.9374 0.2672
vn -0.2364 0.9026 0.3597
vn -0.2164 0.8997 0.3791
vn -0.5137 0.7926 0.3285
vn -0.5286 0.8011 0.2809
vn -0.6170 0.6990 0.3615
vn -0.0719 0.9768 0.2019
vn -0.0832 0.9504 0.2998
vn -0.0435 0.9375 0.3453
vn -0.0910 0.9301 0.3558
vn -0.1483 0.9655 0.2140
vn -0.1510 0.9489 0.2770
vn -0.1357 0.9340 0.3304
vn -0.1450 0.9225 0.3578
vn -0.1844 0.9572 0.2232
vn -0.1888 0.9457 0.2645
vn -0.1899 0.9345 0.3010
vn -0.2317 0.9432 0.2383
vn -0.2428 0.9336 0.2633
vn -0.2537 0.9223 0.2916
vn -0.3607 0.6491 0.6697
vn -0.5059 0.6294 0.5898
vn -0.4156 0.6714 0.6136
vn -0.4463 0.6175 0.6477
vn -0.3944 0.6169 0.6811
vn -0.3085 0.7389 0.5991
vn -0.5685 0.6215 0.5391
vn -0.2608 0.8332 0.4876
vn -0.1071 0.8726 0.4765
vn -0.2064 0.9284 0.3091
vn -0.2060 0.9200 0.3333
vn -0.1563 0.8938 0.4204
vn -0.0917 0.8868 0.4529
vn -0.2486 0.8243 0.5087
vn -0.0846 0.9049 0.4171
vn -0.1199 0.8805 0.4586
vn -0.0752 0.9422 0.3264
vn -0.0859 0.9376 0.3369
vn -0.0739 0.9312 0.3568
vn -0.1460 0.8909 0.4301
vn -0.1850 0.8770 0.4434
vn -0.1544 0.8686 0.4708
vn -0.1206 0.9338 0.3370
vn -0.1178 0.9378 0.3266
vn -0.1183 0.9309 0.3456
vn -0.1341 0.8970 0.4213
vn -0.1364 0.9070 0.3984
vn -0.1619 0.8599 0.4842
vn -0.1783 0.8786 0.4431
vn -0.1768 0.9020 0.3938
vn -0.1873 0.8895 0.4167
vn -0.1368 0.8854 0.4442
vn -0.1476 0.9016 0.4067
vn -0.1763 0.9296 0.3237
vn -0.1609 0.9332 0.3213
vn -0.1562 0.9246 0.3473
vn -0.1533 0.8908 0.4278
vn -0.1379 0.8634 0.4853
vn -0.1273 0.8782 0.4611
vn -0.1573 0.8956 0.4161
vn -0.1825 0.8998 0.3962
vn -0.2325 0.9261 0.2972
vn -0.1992 0.9280 0.3149
vn -0.1885 0.9192 0.3458
vn -0.1766 0.8985 0.4018
vn -0.1632 0.8611 0.4815
vn -0.1599 0.8672 0.4716
vn -0.1905 0.8730 0.4489
vn -0.2297 0.8837 0.4077
vn -0.3732 0.6188 0.6913
vn -0.3131 0.7052 0.6362
vn -0.3691 0.7362 0.5673
vn -0.2917 0.8021 0.5210
vn -0.3250 0.7907 0.5189
vn -0.2985 0.8217 0.4854
vn -0.2787 0.8318 0.4801
vn -0.2646 0.8459 0.4631
vn -0.2239 0.8334 0.5053
vn -0.1971 0.8160 0.5434
vn -0.2022 0.8034 0.5600
vn -0.1625 0.8116 0.5611
vn -0.1282 0.8108 0.5711
vn -0.1235 0.8148 0.5664
vn -0.1204 0.8050 0.5809
vn -0.1293 0.7930 0.5953
vn -0.3532 0.6632 0.6599
vn -0.0252 0.7985 0.6014
vn -0.0111 0.8150 0.5794
vn -0.2131 0.7914 0.5730
vn -0.0941 0.8208 0.5635
vn -0.1911 0.8192 0.5408
vn -0.2454 0.8448 0.4754
vn -0.3116 0.8352 0.4531
vn -0.2491 0.8611 0.4432
vn -0.2550 0.8404 0.4783
vn -0.2223 0.8354 0.5026
vn -0.1759 0.8288 0.5312
vn -0.0598 0.8261 0.5603
vn -0.1773 0.8040 0.5676
vn -0.1967 0.8047 0.5601
vn -0.0352 0.8601 0.5088
vn 0.0535 0.8390 0.5414
vn 0.1534 0.7969 0.5843
vn 0.0796 0.7634 0.6411
vn -0.0000 0.7774 0.6290
vn -0.1049 0.8427 0.5280
vn -0.1670 0.8773 0.4500
vn -0.1901 0.8626 0.4688
vn -0.2285 0.8612 0.4539
vn -0.2221 0.8205 0.5267
vn -0.2741 0.7922 0.5453
vn -0.2819 0.7786 0.5606
vn -0.2338 0.7922 0.5637
vn -0.2765 0.8071 0.5217
vn -0.4096 0.7536 0.5140
vn -0.1213 0.8731 0.4722
vn -0.0971 0.8710 0.4817
vn -0.0362 0.8377 0.5449
vn 0.0827 0.8114 0.5786
vn 0.0471 0.7996 0.5987
vn 0.1470 0.7476 0.6477
vn 0.1059 0.8045 0.5845
vn -0.0100 0.8606 0.5092
vn -0.0847 0.8611 0.5014
vn -0.0893 0.8289 0.5523
vn -0.0470 0.8143 0.5786
vn -0.0022 0.8527 0.5223
vn 0.0671 0.8779 0.4741
vn 0.1006 0.8890 0.4468
vn -0.0787 0.8741 0.4794
vn -0.1225 0.8452 0.5202
vn 0.0546 0.8666 0.4960
vn -0.1051 0.8773 0.4682
vn -0.0903 0.8735 0.4784
vn -0.0898 0.8674 0.4894
vn -0.0297 0.8506 0.5250
vn 0.0715 0.7877 0.6119
vn 0.1061 0.7691 0.6302
vn 0.0507 0.7999 0.5980
vn -0.0202 0.8420 0.5391
vn -0.0170 0.8561 0.5165
vn 0.1522 0.8429 0.5161
vn 0.0191 0.8761 0.4818
vn -0.0555 0.8808 0.4703
vn -0.1180 0.8664 0.4851
vn -0.1356 0.8295 0.5417
vn -0.1117 0.8884 0.4453
vn -0.0981 0.8716 0.4802
vn -0.1122 0.8490 0.5164
vn -0.1177 0.8034 0.5837
vn -0.0910 0.7634 0.6395
vn -0.0619 0.7714 0.6333
vn -0.0740 0.8150 0.5747
vn -0.1126 0.8391 0.5322
vn -0.1415 0.8522 0.5038
vn -0.0991 0.8677 0.4871
vn -0.1448 0.8574 0.4938
vn -0.1375 0.8478 0.5123
vn -0.1276 0.8524 0.5071
vn -0.1100 0.8431 0.5265
vn -0.1639 0.9011 0.4015
vn -0.1042 0.8858 0.4522
vn -0.0540 0.8563 0.5136
vn -0.0191 0.8099 0.5862
vn -0.0323 0.7700 0.6372
vn -0.0639 0.7684 0.6367
vn -0.0963 0.7924 0.6024
vn -0.1104 0.8310 0.5452
vn -0.1007 0.8613 0.4980
vn -0.0906 0.8670 0.4901
vn -0.0937 0.8550 0.5101
vn -0.1076 0.8530 0.5108
vn -0.1211 0.8526 0.5084
vn -0.2546 0.8975 0.3600
vn -0.2299 0.9030 0.3630
vn -0.0778 0.9010 0.4268
vn 0.0500 0.8255 0.5622
vn 0.0583 0.7315 0.6793
vn -0.0211 0.7202 0.6934
vn -0.1005 0.7600 0.6420
vn -0.1435 0.8195 0.5548
vn -0.1667 0.8503 0.4993
vn -0.1910 0.8400 0.5079
vn -0.1483 0.8434 0.5165
vn -0.2196 0.8322 0.5092
vn -0.2197 0.8397 0.4966
vn -0.3850 0.8096 -0.4430
vn -0.3558 0.9269 -0.1192
vn -0.5000 0.6166 -0.6082
vn -0.4584 0.8675 -0.1932
vn -0.4505 0.4337 -0.7804
vn -0.5981 0.3780 -0.7066
vn -0.5720 0.3642 -0.7350
vn -0.5787 0.4365 -0.6889
vn -0.3934 0.4668 -0.7921
vn -0.1494 0.2048 -0.9673
vn -0.1015 0.1286 -0.9865
vn -0.0498 0.0524 -0.9974
vn 0.0096 0.0636 -0.9979
vn -0.5165 0.4588 -0.7230
vn -0.5361 0.4008 -0.7430
vn -0.5890 0.4519 -0.6700
vn -0.5178 0.6682 -0.5342
vn -0.4158 0.5706 -0.7082
vn -0.5529 0.6729 -0.4914
vn -0.3711 0.3453 -0.8620
vn -0.2652 0.1614 -0.9506
vn -0.2254 0.1229 -0.9665
vn -0.1785 0.1615 -0.9706
vn -0.5557 0.3869 -0.7359
vn -0.5800 0.3698 -0.7258
vn -0.6136 0.3148 -0.7242
vn -0.6097 0.3269 -0.7221
vn -0.6207 0.4202 -0.6619
vn -0.5545 0.5498 -0.6247
vn -0.5716 0.7432 -0.3478
vn -0.5904 0.3760 -0.7142
vn -0.5319 0.6102 -0.5872
vn -0.4383 0.2834 -0.8530
vn -0.4435 0.5965 -0.6690
vn -0.3977 0.1928 -0.8970
vn -0.3530 0.1530 -0.9231
vn -0.3422 0.1295 -0.9307
vn -0.6205 0.3893 -0.6808
vn -0.5853 0.5494 -0.5963
vn -0.4845 0.7687 -0.4177
vn -0.3851 0.6315 -0.6730
vn -0.6267 0.4684 -0.6228
vn -0.5632 0.3236 -0.7604
vn -0.6374 0.6035 -0.4791
vn -0.3904 0.3322 -0.8586
vn -0.2802 0.3222 -0.9043
vn -0.3406 0.2191 -0.9143
vn -0.3057 0.1390 -0.9419
vn -0.2906 0.1753 -0.9406
vn -0.2255 0.1694 -0.9594
vn -0.2743 0.1456 -0.9505
vn -0.3637 0.7914 -0.4913
vn -0.3748 0.6055 -0.7021
vn -0.3543 0.7608 -0.5438
vn -0.2707 0.2681 -0.9246
vn -0.3214 0.5582 -0.7649
vn -0.1205 0.4874 -0.8648
vn -0.3572 0.6142 -0.7037
vn -0.2518 0.3609 -0.8980
vn -0.3163 0.5509 -0.7723
vn -0.1847 0.1413 -0.9726
vn -0.3775 0.6034 -0.7024
vn -0.3156 0.6836 -0.6581
vn -0.2709 0.4062 -0.8727
vn -0.1451 0.2023 -0.9685
vn -0.1182 0.1380 -0.9833
vn -0.5144 0.2701 -0.8139
vn -0.4417 0.2538 -0.8605
vn -0.2688 0.6940 -0.6679
vn -0.3798 0.5665 -0.7313
vn -0.3160 0.5991 -0.7357
vn -0.2158 0.3823 -0.8985
vn -0.2348 0.5387 -0.8091
vn -0.1402 0.2751 -0.9511
vn -0.0444 0.1394 -0.9892
vn -0.2575 0.6909 -0.6755
vn -0.3675 0.7187 -0.5902
vn -0.2606 0.6628 -0.7020
vn -0.1256 0.3445 -0.9304
vn -0.0412 0.2093 -0.9770
vn -0.3057 0.7136 -0.6304
vn -0.1955 0.6588 -0.7265
vn -0.1935 0.7573 -0.6237
vn -0.0901 0.5590 -0.8243
vn -0.0528 0.3947 -0.9173
vn 0.0256 0.1966 -0.9801
vn -0.0206 0.6632 -0.7481
vn 0.0283 0.4748 -0.8797
vn 0.0822 0.5484 -0.8321
vn 0.0578 0.3825 -0.9221
vn 0.0708 0.2189 -0.9732
vn 0.0042 0.0743 -0.9972
vn -0.0444 0.0184 -0.9988
vn -0.0809 -0.0111 -0.9967
vn -0.0771 -0.0692 -0.9946
vn 0.0069 -0.0873 -0.9962
vn 0.2880 0.0250 -0.9573
vn 0.3709 0.0348 -0.9280
vn 0.4315 0.0185 -0.9019
vn 0.6413 0.1213 -0.7576
vn 0.3744 0.1463 -0.9156
vn 0.5342 0.1788 -0.8262
vn 0.5851 0.0470 -0.8096
vn 0.2066 -0.0366 -0.9777
vn 0.4829 0.0016 -0.8757
vn 0.0105 -0.1175 -0.9930
vn -0.1604 0.0809 -0.9837
vn -0.1363 0.0150 -0.9905
vn -0.0772 0.0099 -0.9970
vn 0.1335 0.1209 -0.9836
vn 0.3865 0.1572 -0.9088
vn 0.4401 0.4102 -0.7988
vn -0.0274 0.3093 -0.9506
vn -0.1088 0.2134 -0.9709
vn 0.3642 0.2588 -0.8946
vn -0.1252 0.2173 -0.9681
vn -0.2589 0.0579 -0.9642
vn -0.2926 -0.0005 -0.9562
vn -0.3000 -0.2532 -0.9197
vn -0.2967 0.0915 -0.9506
vn -0.2271 0.0777 -0.9708
vn -0.1327 0.1505 -0.9797
vn -0.3932 0.1222 -0.9113
vn -0.4557 0.0542 -0.8885
vn -0.4139 -0.0894 -0.9059
vn -0.3273 -0.2244 -0.9179
vn -0.2553 0.1218 -0.9592
vn -0.2379 0.1217 -0.9636
vn -0.2384 0.1271 -0.9628
vn -0.2891 0.1186 -0.9499
vn -0.3287 0.0801 -0.9410
vn -0.3148 0.0858 -0.9453
vn -0.2698 -0.0579 -0.9612
vn -0.2352 -0.1987 -0.9514
vn -0.1810 0.1172 -0.9765
vn -0.1841 0.1174 -0.9759
vn -0.1886 0.1063 -0.9763
vn -0.2145 0.1054 -0.9710
vn -0.1458 0.0888 -0.9853
vn -0.2244 0.0784 -0.9713
vn -0.2000 0.0699 -0.9773
vn -0.1773 0.1210 -0.9767
vn -0.1694 -0.0498 -0.9843
vn -0.1923 -0.2213 -0.9561
vn -0.1219 0.1102 -0.9864
vn -0.1257 0.1082 -0.9862
vn -0.1463 0.0572 -0.9876
vn -0.1430 0.0634 -0.9877
vn -0.1463 0.1389 -0.9794
vn -0.1238 0.0806 -0.9890
vn -0.1874 0.1249 -0.9743
vn -0.2552 -0.0712 -0.9643
vn -0.2468 -0.2687 -0.9311
vn -0.0468 0.1067 -0.9932
vn -0.0555 0.0999 -0.9934
vn -0.0766 0.0674 -0.9948
vn -0.0808 0.0394 -0.9959
vn -0.1698 0.0486 -0.9843
vn -0.1939 -0.0757 -0.9781
vn -0.1477 -0.1666 -0.9749
vn 0.0223 0.1065 -0.9941
vn 0.0317 0.1304 -0.9910
vn 0.0035 0.0827 -0.9966
vn -0.0363 0.0357 -0.9987
vn -0.0566 0.0308 -0.9979
vn -0.0678 0.0451 -0.9967
vn -0.0877 0.0051 -0.9961
vn -0.0888 -0.0621 -0.9941
vn -0.0861 -0.1164 -0.9895
vn 0.0632 0.0754 -0.9952
vn 0.0333 0.0316 -0.9989
vn -0.0111 0.0170 -0.9998
vn -0.0480 0.0071 -0.9988
vn -0.0089 -0.0170 -0.9998
vn -0.0168 0.0453 -0.9988
vn -0.0059 0.0247 -0.9997
vn -0.0305 -0.0278 -0.9991
vn -0.0640 -0.0768 -0.9950
vn -0.0918 -0.1511 -0.9842
vn 0.0810 0.0545 -0.9952
vn 0.0514 -0.0269 -0.9983
vn -0.2726 0.9402 0.2041
vn -0.2991 0.9314 0.2072
vn -0.2500 0.9260 0.2830
vn -0.2390 0.9258 0.2930
vn -0.2222 0.9382 0.2654
vn -0.2381 0.9183 0.3164
vn -0.2685 0.8960 0.3537
vn -0.1896 0.9207 0.3410
vn -0.2487 0.8880 0.3867
vn -0.1890 0.8582 0.4773
vn -0.1698 0.8523 0.4947
vn -0.2012 0.8500 0.4868
vn -0.1754 0.8781 0.4451
vn -0.1565 0.8863 0.4358
vn -0.4740 0.8711 0.1287
vn -0.5183 0.7887 0.3307
vn -0.4265 0.8588 0.2839
vn -0.3871 0.8707 0.3033
vn -0.2145 0.8876 0.4076
vn -0.4518 0.8598 0.2380
vn -0.2146 0.8912 0.3996
vn -0.1267 0.8684 0.4794
vn -0.1184 0.8913 0.4378
vn -0.1147 0.9040 0.4117
vn -0.7392 0.6356 -0.2227
vn -0.7782 0.6159 0.1229
vn -0.7735 0.5413 0.3296
vn -0.7180 0.5933 0.3641
vn -0.7781 0.5356 0.3282
vn -0.7370 0.6062 0.2988
vn -0.7804 0.5560 0.2861
vn -0.7051 0.7021 0.0994
vn -0.4084 0.9128 -0.0083
vn -0.1880 0.9390 0.2880
vn -0.1172 0.8870 0.4466
vn -0.1118 0.8933 0.4352
vn -0.1344 0.8956 0.4241
vn -0.7037 0.6801 0.2057
vn -0.3546 0.8777 -0.3222
vn -0.3262 0.9161 0.2331
vn -0.3783 0.8175 0.4343
vn -0.3772 0.8090 0.4509
vn -0.5459 0.7420 0.3892
vn -0.5710 0.7834 0.2455
vn -0.3875 0.9043 0.1793
vn -0.4937 0.8674 -0.0622
vn -0.3264 0.9329 -0.1523
vn -0.3811 0.8970 -0.2238
vn -0.3191 0.9421 -0.1032
vn -0.3543 0.9349 0.0233
vn -0.3162 0.9256 0.2082
vn -0.2150 0.9220 0.3220
vn -0.1267 0.8941 0.4295
vn -0.1196 0.8855 0.4490
vn -0.3992 0.8803 -0.2563
vn -0.3727 0.9273 -0.0354
vn -0.5739 0.5915 -0.5663
vn -0.6132 0.3938 -0.6848
vn -0.5016 0.8623 0.0696
vn -0.3127 0.8542 0.4154
vn -0.4444 0.7652 0.4658
vn -0.5005 0.8485 0.1720
vn -0.5617 0.8150 -0.1423
vn -0.4449 0.8920 -0.0800
vn -0.3017 0.9217 0.2436
vn -0.1762 0.8982 0.4028
vn -0.1489 0.8776 0.4556
vn -0.7676 0.4129 -0.4902
vn -0.5946 0.5584 -0.5785
vn -0.6517 0.6597 -0.3743
vn -0.7971 0.5971 -0.0904
vn -0.6524 0.6997 0.2913
vn -0.5855 0.7595 0.2834
vn -0.4944 0.6971 0.5192
vn -0.6360 0.7232 0.2693
vn -0.5759 0.7052 0.4136
vn -0.7490 0.6618 -0.0319
vn -0.8360 0.5488 -0.0006
vn -0.8173 0.5637 -0.1195
vn -0.7437 0.6526 -0.1452
vn -0.5699 0.8216 0.0146
vn -0.3192 0.8497 0.4197
vn -0.2269 0.8587 0.4596
vn -0.4122 0.7730 -0.4822
vn -0.3186 0.7660 -0.5583
vn -0.3696 0.8282 -0.4213
vn -0.4795 0.8214 -0.3089
vn -0.4226 0.9045 0.0573
vn -0.4506 0.7607 0.4673
vn -0.4032 0.7748 0.4869
vn -0.5126 0.7346 0.4444
vn -0.6647 0.7262 0.1755
vn -0.4639 0.8113 0.3557
vn -0.8462 0.4825 -0.2262
vn -0.7686 0.6315 -0.1023
vn -0.7125 0.6963 -0.0867
vn -0.8132 0.5012 -0.2958
vn -0.8342 0.4697 -0.2889
vn -0.8263 0.5328 -0.1823
vn -0.7119 0.7011 0.0400
vn -0.5983 0.7371 0.3141
vn -0.6743 0.6416 0.3656
vn -0.4448 0.7428 0.5003
vn -0.4187 0.7309 0.5389
vn -0.5974 0.5932 0.5397
vn -0.2329 0.8296 -0.5074
vn -0.0046 0.8043 -0.5943
vn -0.1411 0.8993 -0.4139
vn -0.4555 0.8635 -0.2165
vn -0.2944 0.8985 -0.3255
vn -0.4759 0.8767 -0.0705
vn -0.4986 0.8540 0.1487
vn -0.5299 0.7902 0.3079
vn -0.5088 0.7922 0.3368
vn -0.4205 0.8161 0.3965
vn -0.6256 0.7645 0.1553
vn -0.7727 0.5508 -0.3154
vn -0.8231 0.5380 -0.1818
vn -0.8198 0.5554 -0.1395
vn -0.7522 0.6449 0.1355
vn -0.8260 0.5383 0.1671
vn -0.6352 0.6145 0.4678
vn -0.5801 0.6301 0.5162
vn -0.6807 0.6159 0.3967
vn -0.1504 0.9052 0.3974
vn -0.2810 0.8825 0.3772
vn -0.1787 0.9248 0.3360
vn -0.1911 0.9156 0.3537
vn -0.1529 0.8402 0.5203
vn -0.0690 0.7289 0.6812
vn -0.0045 0.6998 0.7144
vn 0.0025 0.7298 0.6837
vn -0.0573 0.7743 0.6303
vn -0.1504 0.8019 0.5783
vn -0.2133 0.8133 0.5413
vn -0.2037 0.8368 0.5082
vn -0.2677 0.8099 0.5219
vn -0.1483 0.8708 0.4686
vn -0.1149 0.8560 0.5040
vn -0.1082 0.9151 0.3885
vn -0.1425 0.9169 0.3727
vn -0.2313 0.8756 0.4240
vn -0.2958 0.8250 0.4815
vn -0.2138 0.7947 0.5681
vn -0.1106 0.7567 0.6443
vn -0.0643 0.7272 0.6834
vn -0.0692 0.7190 0.6915
vn -0.0867 0.7477 0.6583
vn -0.0931 0.8086 0.5810
vn -0.0949 0.8571 0.5063
vn -0.1236 0.8797 0.4592
vn -0.0407 0.8604 0.5080
vn -0.1772 0.8942 0.4112
vn -0.2083 0.8893 0.4071
vn -0.2118 0.8567 0.4703
vn -0.2156 0.8319 0.5113
vn -0.2622 0.8240 0.5023
vn -0.2336 0.8017 0.5502
vn -0.2501 0.7651 0.5933
vn -0.2418 0.7323 0.6367
vn -0.1973 0.7081 0.6780
vn -0.1630 0.7626 0.6260
vn -0.1173 0.8191 0.5616
vn -0.1293 0.8322 0.5392
vn -0.1721 0.8481 0.5012
vn -0.2031 0.8547 0.4777
vn -0.2209 0.8602 0.4596
vn -0.1408 0.8468 0.5130
vn -0.1535 0.8717 0.4654
vn -0.2266 0.8630 0.4515
vn -0.2334 0.8510 0.4705
vn -0.2558 0.8340 0.4890
vn -0.2367 0.7986 0.5534
vn -0.2334 0.7404 0.6303
vn -0.2475 0.7476 0.6163
vn -0.2393 0.7417 0.6266
vn -0.2270 0.7655 0.6020
vn -0.2232 0.7511 0.6213
vn -0.2252 0.7968 0.5608
vn -0.2238 0.8253 0.5185
vn -0.2261 0.8218 0.5229
vn -0.1896 0.8354 0.5158
vn -0.1942 0.8285 0.5252
vn -0.1776 0.8374 0.5170
vn -0.2591 0.8132 0.5211
vn -0.3209 0.8116 0.4881
vn -0.2872 0.8319 0.4748
vn -0.3220 0.8299 0.4556
vn -0.2741 0.8007 0.5327
vn -0.2899 0.7637 0.5768
vn -0.2557 0.7421 0.6196
vn -0.2492 0.7711 0.5859
vn -0.2554 0.7758 0.5771
vn -0.2826 0.7717 0.5697
vn -0.2352 0.8041 0.5459
vn -0.4347 0.7776 0.4544
vn -0.2326 0.8512 0.4704
vn -0.3118 0.8186 0.4824
vn -0.3879 0.7415 0.5474
vn -0.5375 0.7297 0.4227
vn -0.4312 0.8100 0.3974
vn -0.5259 0.7731 0.3545
vn -0.3522 0.8067 0.4745
vn -0.4067 0.7820 0.4723
vn -0.2954 0.7439 0.5995
vn -0.3494 0.7568 0.5524
vn -0.3293 0.7614 0.5584
vn -0.3726 0.7461 0.5518
vn -0.3439 0.7999 0.4919
vn -0.3421 0.8222 0.4550
vn -0.3713 0.8390 0.3977
vn -0.6107 0.5993 0.5176
vn -0.6234 0.6682 0.4059
vn -0.6178 0.6729 0.4068
vn -0.6787 0.6836 0.2684
vn -0.6526 0.7378 0.1724
vn -0.5583 0.8010 0.2161
vn -0.5545 0.7959 0.2430
vn -0.3897 0.7581 0.5229
vn -0.4459 0.7302 0.5178
vn -0.4703 0.7487 0.4671
vn -0.4098 0.7384 0.5356
vn -0.3916 0.7891 0.4733
vn -0.3210 0.8108 0.4895
vn -0.4570 0.7454 0.4853
vn -0.8138 0.4762 0.3330
vn -0.5143 0.6918 0.5069
vn -0.7155 0.5235 0.4626
vn -0.7177 0.6344 0.2869
vn -0.6931 0.6298 0.3507
vn -0.6487 0.7576 0.0726
vn -0.6784 0.7344 -0.0211
vn -0.6370 0.7708 0.0046
vn -0.5737 0.8174 0.0524
vn -0.5769 0.7459 0.3330
vn -0.5030 0.7998 0.3277
vn -0.4430 0.7889 0.4260
vn -0.6553 0.5992 0.4599
vn -0.4164 0.8024 0.4275
vn -0.2138 0.8438 0.4923
vn -0.2189 0.8386 0.4989
vn -0.3057 0.8157 0.4912
vn -0.3844 0.7933 0.4722
vn -0.3849 0.8040 0.4534
vn -0.4581 0.7358 0.4987
vn -0.6535 0.6182 0.4368
vn -0.4310 0.7752 0.4619
vn -0.4428 0.7802 0.4418
vn -0.6431 0.6596 0.3890
vn -0.6191 0.5643 0.5462
vn -0.8275 0.2787 0.4873
vn -0.7725 0.4261 0.4708
vn -0.8830 0.3682 0.2910
vn -0.8767 0.3295 0.3504
vn -0.8202 0.4953 0.2863
vn -0.7927 0.5807 0.1852
vn -0.7609 0.6147 0.2079
vn -0.7545 0.6417 0.1377
vn -0.6927 0.6673 0.2739
vn -0.6552 0.7393 0.1554
vn -0.5862 0.8000 0.1277
vn 0.1130 0.4001 -0.9095
vn 0.1073 0.3269 -0.9389
vn 0.1507 0.3383 -0.9289
vn 0.1127 0.1970 -0.9739
vn 0.1604 0.1616 -0.9737
vn -0.0073 0.0546 -0.9985
vn 0.0416 0.0716 -0.9966
vn 0.0286 0.0761 -0.9967
vn 0.0241 -0.0177 -0.9996
vn -0.0448 -0.0804 -0.9958
vn -0.1011 -0.0852 -0.9912
vn -0.1234 -0.1626 -0.9790
vn 0.1182 0.0230 -0.9927
vn 0.0743 -0.0823 -0.9938
vn 0.0343 -0.0328 -0.9989
vn 0.0331 0.0183 -0.9993
vn -0.0441 -0.1393 -0.9893
vn -0.0303 -0.0986 -0.9947
vn -0.0993 -0.1505 -0.9836
vn -0.1603 -0.1517 -0.9754
vn -0.1782 -0.1684 -0.9695
vn 0.1546 0.0442 -0.9870
vn 0.1187 -0.0511 -0.9916
vn 0.1427 -0.0511 -0.9884
vn 0.0842 -0.1306 -0.9879
vn 0.0296 -0.0455 -0.9985
vn -0.0048 0.0814 -0.9967
vn -0.1297 -0.2144 -0.9681
vn -0.1886 -0.1763 -0.9661
vn -0.2060 -0.1659 -0.9644
vn 0.0840 -0.1781 -0.9804
vn 0.0421 -0.2027 -0.9783
vn 0.0274 0.0668 -0.9974
vn -0.0340 -0.0986 -0.9945
vn -0.0589 0.0567 -0.9966
vn -0.0835 -0.1752 -0.9810
vn -0.1165 -0.2772 -0.9537
vn -0.1767 -0.2187 -0.9596
vn -0.2122 -0.1684 -0.9626
vn -0.1275 0.1953 -0.9724
vn -0.2699 -0.0172 -0.9627
vn -0.4760 0.0078 -0.8794
vn -0.3334 -0.1534 -0.9302
vn -0.2329 -0.2678 -0.9349
vn -0.2417 -0.2746 -0.9307
vn -0.2692 -0.1737 -0.9473
vn -0.6049 -0.0132 -0.7962
vn -0.5400 -0.1285 -0.8318
vn -0.7165 -0.0514 -0.6957
vn -0.5276 -0.2319 -0.8172
vn -0.5191 -0.2836 -0.8063
vn -0.5147 -0.1386 -0.8461
vn -0.7845 -0.2149 -0.5817
vn -0.8153 -0.2371 -0.5283
vn -0.8676 -0.0825 -0.4904
vn 0.1052 0.7636 -0.6371
vn -0.1442 0.9567 -0.2530
vn 0.1642 0.4808 -0.8613
vn -0.2388 0.9431 -0.2316
vn -0.4651 0.8833 -0.0584
vn -0.5456 0.8057 0.2304
vn -0.4916 0.8007 0.3424
vn -0.3693 0.8871 0.2768
vn -0.3371 0.8694 0.3611
vn -0.3931 0.8660 0.3090
vn -0.2713 0.9092 0.3158
vn -0.6543 0.7497 0.0990
vn -0.2673 0.9263 0.2655
vn -0.8245 0.5505 0.1309
vn -0.4546 0.8638 0.2172
vn -0.2863 0.9161 0.2808
vn -0.7152 0.6135 0.3348
vn -0.7826 0.5704 0.2495
vn -0.2690 0.9176 0.2928
vn 0.0564 0.7309 -0.6801
vn -0.1316 0.9560 -0.2622
vn 0.1598 0.4856 -0.8595
vn 0.2149 0.3215 -0.9222
vn 0.1920 0.1136 -0.9748
vn -0.4040 0.9131 0.0547
vn -0.4465 0.8867 0.1195
vn -0.4822 0.8591 0.1713
vn -0.4487 0.8856 0.1198
vn -0.3256 0.9356 0.1363
vn -0.2341 0.9328 0.2741
vn -0.2046 0.9345 0.2914
vn -0.1912 0.9437 0.2701
vn -0.1884 0.9482 0.2556
vn -0.2064 0.9327 0.2956
vn -0.2158 0.9281 0.3034
vn -0.0104 0.7115 -0.7026
vn 0.1978 0.4238 -0.8839
vn -0.2308 0.8205 -0.5231
vn 0.1678 0.2561 -0.9520
vn 0.1773 0.0357 -0.9835
vn -0.4821 0.8723 -0.0816
vn -0.5336 0.8324 0.1498
vn -0.4788 0.8741 0.0816
vn -0.3503 0.9365 0.0150
vn -0.2576 0.9465 0.1945
vn -0.2090 0.9414 0.2647
vn -0.1917 0.9413 0.2778
vn -0.1934 0.9442 0.2668
vn -0.2078 0.9272 0.3118
vn -0.1894 0.9280 0.3207
vn 0.0069 0.4522 -0.8919
vn 0.1117 0.1552 -0.9815
vn -0.0666 0.4272 -0.9017
vn 0.0780 -0.0203 -0.9967
vn -0.5344 0.8381 0.1095
vn -0.3363 0.8811 -0.3326
vn -0.3979 0.9147 0.0702
vn -0.4431 0.8950 0.0514
vn -0.3364 0.9416 0.0102
vn -0.4057 0.9137 -0.0220
vn -0.3529 0.9355 -0.0169
vn -0.3587 0.9334 -0.0124
vn -0.3324 0.9409 0.0654
vn -0.3640 0.9172 0.1618
vn -0.4294 0.8593 0.2779
vn -0.3044 0.9034 0.3020
vn -0.6394 0.6213 0.4528
vn -0.2257 0.9197 0.3212
vn -0.2021 0.9341 0.2942
vn -0.6805 0.6434 0.3505
vn -0.0531 -0.0477 -0.9974
vn -0.3218 0.9322 -0.1660
vn -0.3277 0.9442 0.0330
vn -0.3592 0.6550 -0.6648
vn -0.2698 -0.0086 -0.9629
vn -0.3932 0.9190 0.0289
vn -0.5603 0.8245 0.0794
vn -0.6736 0.7176 0.1770
vn -0.6594 0.6804 0.3196
vn -0.9157 0.2685 0.2989
vn -0.7501 0.5967 0.2851
vn -0.9506 0.0754 0.3011
vn -0.9587 -0.0467 0.2807
vn -0.9595 -0.0441 0.2782
vn -0.9522 0.0189 0.3050
vn -0.4527 0.8916 -0.0045
vn -0.7431 0.4321 -0.5109
vn -0.8347 0.5507 -0.0032
vn -0.7943 -0.0367 -0.6064
vn -0.6425 0.7581 0.1120
vn -0.9140 0.3500 0.2051
vn -0.8918 0.4020 0.2074
vn -0.9491 0.2055 0.2389
vn -0.9355 0.2523 0.2475
vn -0.9720 0.0233 0.2337
vn -0.9691 0.0144 0.2463
vn -0.9597 -0.0312 0.2793
vn -0.9574 -0.0748 0.2788
vn -0.9998 0.0006 0.0206
vn -0.9732 0.0114 0.2297
vn 0.1051 -0.1643 -0.9808
vn 0.0138 -0.2549 -0.9669
vn 0.0236 -0.2651 -0.9639
vn -0.0733 -0.3425 -0.9367
vn -0.3036 -0.2316 -0.9242
vn -0.0445 -0.3144 -0.9482
vn -0.1207 -0.4338 -0.8929
vn -0.2676 -0.4477 -0.8532
vn -0.5352 -0.3154 -0.7836
vn -0.5185 -0.5205 -0.6784
vn -0.6581 -0.1281 -0.7419
vn -0.2641 -0.3097 -0.9134
vn -0.2955 -0.5091 -0.8084
vn -0.9384 -0.2046 0.2785
vn -0.9170 -0.2336 0.3233
vn -0.9202 -0.2507 0.3006
vn -0.9251 -0.2341 0.2990
vn -0.9284 -0.1945 0.3165
vn -0.9173 -0.2245 0.3290
vn -0.9217 -0.2346 0.3089
vn -0.9330 -0.2168 0.2874
vn -0.9258 -0.2406 0.2915
vn -0.9396 -0.2118 0.2687
vn -0.9322 -0.2063 0.2973
vn -0.9317 -0.2603 0.2535
vn -0.9307 -0.2527 0.2643
vn -0.9575 -0.1155 0.2643
vn -0.9502 -0.1009 0.2950
vn -0.9529 -0.1138 0.2811
vn -0.9554 -0.1376 0.2614
vn -0.9518 -0.0662 0.2995
vn -0.9518 -0.0695 0.2987
vn -0.9550 -0.0899 0.2827
vn -0.9519 -0.0709 0.2979
vn -0.9517 -0.0646 0.3003
vn -0.9554 -0.0525 0.2907
vn -0.9473 -0.1258 0.2946
vn -0.9510 -0.1151 0.2868
vn -0.9561 -0.0882 0.2795
vn -0.9399 -0.1702 0.2961
vn -0.9481 -0.1610 0.2744
vn -0.9582 -0.1293 0.2553
vn -0.9538 -0.1896 0.2329
vn -0.9363 -0.2701 0.2244
vn -0.9458 -0.2509 0.2061
vn -0.9520 -0.1347 0.2747
vn -0.9616 -0.1012 0.2553
vn -0.9663 -0.0391 0.2544
vn -0.9661 -0.0564 0.2520
vn -0.9648 -0.0982 0.2438
vn -0.9549 -0.1770 0.2384
vn -0.9422 -0.2588 0.2130
vn -0.9438 -0.2615 0.2021
vn -0.8003 -0.1795 -0.5720
vn -0.8601 -0.0958 -0.5011
vn -0.9330 -0.2632 -0.2453
vn -0.9736 -0.1960 -0.1169
vn -0.9957 -0.0922 -0.0002
vn -0.7818 -0.2853 -0.5545
vn -0.7578 -0.4463 -0.4761
vn -0.6942 -0.5845 -0.4200
vn -0.7285 -0.4983 -0.4701
vn -0.9047 -0.4062 -0.1288
vn -0.8185 -0.3391 -0.4638
vn -0.9449 -0.0897 -0.3147
vn -0.9738 -0.2042 -0.1004
vn -0.9651 -0.1473 -0.2164
vn -0.9556 -0.2837 -0.0793
vn -0.9615 -0.2266 0.1556
vn -0.9526 -0.2916 0.0868
vn -0.9716 -0.1717 0.1626
vn -0.9723 -0.1374 0.1890
vn -0.9807 -0.1750 0.0870
vn -0.9540 -0.2096 0.2145
vn -0.9541 -0.1991 0.2237
vn -0.9626 -0.1795 0.2029
vn -0.9573 -0.1965 0.2120
vn -0.9602 -0.1757 0.2173
vn -0.9561 -0.1606 0.2450
vn -0.9658 -0.1377 0.2196
vn -0.9581 -0.1163 0.2618
vn -0.9622 -0.0932 0.2561
vn -0.9595 -0.0980 0.2640
vn -0.9670 -0.1706 0.1892
vn -0.9581 -0.1564 0.2400
vn -0.9614 -0.1323 0.2413
vn -0.9552 -0.1831 0.2323
vn -0.9502 -0.2007 0.2383
vn -0.9712 -0.0598 0.2308
vn -0.9632 -0.0822 0.2559
vn -0.9511 -0.0997 0.2923
vn -0.9654 -0.0797 0.2483
vn -0.9602 -0.0949 0.2626
vn -0.9539 -0.0803 0.2891
vn -0.9566 -0.0738 0.2820
vn -0.9518 -0.1230 0.2809
vn -0.9448 -0.1698 0.2802
vn -0.9925 -0.1137 0.0445
vn -0.9756 -0.2182 0.0245
vn -0.9722 -0.0470 0.2294
vn -0.9705 -0.0885 0.2244
vn -0.3303 0.8604 0.3882
vn -0.2485 0.8822 0.4001
vn -0.4574 0.8136 0.3589
vn -0.6091 0.7928 -0.0206
vn -0.4022 0.8685 0.2897
vn -0.5422 0.8399 -0.0250
vn -0.6734 0.7139 0.1918
vn -0.6098 0.7844 0.1134
vn -0.6244 0.7256 0.2892
vn -0.2077 0.9324 0.2959
vn -0.2253 0.9230 0.3120
vn -0.2070 0.8550 0.4756
vn -0.2214 0.7183 0.6596
vn -0.3086 0.6174 0.7236
vn -0.4775 0.7416 0.4711
vn -0.3230 0.8362 0.4432
vn -0.5583 0.4779 0.6781
vn -0.2313 0.7053 0.6702
vn -0.5321 0.6793 0.5054
vn -0.8718 0.1629 0.4620
vn -0.7675 0.5340 0.3547
vn -0.7697 0.3640 0.5244
vn -0.7820 0.1839 0.5955
vn -0.8253 0.1894 0.5320
vn -0.7408 0.1343 0.6581
vn -0.8538 0.2114 0.4758
vn -0.8338 0.2539 0.4902
vn -0.8510 0.3625 0.3800
vn -0.8426 0.5323 0.0816
vn -0.8608 0.5065 0.0502
vn -0.9219 0.3856 -0.0367
vn -0.8078 0.5864 -0.0598
vn -0.9105 0.4063 0.0773
vn -0.9662 0.2580 -0.0005
vn -0.9839 -0.1741 0.0398
vn -0.9788 -0.2013 -0.0368
vn -0.9915 -0.1273 -0.0272
vn -0.9947 -0.1024 -0.0062
vn -0.9644 -0.2575 0.0598
vn -0.9723 -0.2307 -0.0368
vn -0.9758 -0.2073 -0.0696
vn -0.9150 0.4021 0.0337
vn -0.9932 0.1161 -0.0035
vn -0.9877 0.1340 0.0804
vn -0.9816 0.1892 0.0241
vn -0.9998 -0.0185 0.0050
vn -0.9997 -0.0085 0.0243
vn -0.9996 0.0226 -0.0197
vn -0.9949 -0.0896 -0.0453
vn -0.9777 -0.2062 -0.0398
vn -0.5394 0.7351 0.4106
vn -0.5983 0.5309 0.6002
vn -0.7107 0.5972 0.3719
vn -0.7526 0.3572 0.5532
vn -0.6663 0.3776 0.6430
vn -0.7109 0.1229 0.6924
vn -0.6910 0.1377 0.7096
vn -0.7788 -0.1094 0.6176
vn -0.7617 0.0162 0.6477
vn -0.8565 -0.1095 0.5044
vn -0.8739 0.0144 0.4860
vn -0.9301 0.2217 0.2929
vn -0.9089 -0.0323 0.4158
vn -0.9410 0.0578 0.3336
vn -0.9707 0.1455 0.1913
vn -0.9231 -0.0729 0.3776
vn -0.9623 -0.0471 0.2678
vn -0.9832 -0.0308 0.1799
vn -0.8729 -0.2398 0.4249
vn -0.9345 -0.2453 0.2578
vn -0.9611 -0.2161 0.1720
vn -0.8015 -0.2899 0.5230
vn -0.9013 -0.2584 0.3476
vn -0.9521 -0.2616 0.1582
vn -0.9883 0.1527 0.0033
vn -0.9983 -0.0213 0.0549
vn -0.4089 0.3898 0.8251
vn -0.7065 0.2091 0.6762
vn -0.4195 0.5506 0.7217
vn -0.6656 0.3274 0.6707
vn -0.7549 -0.0464 0.6542
vn -0.7126 0.0402 0.7004
vn -0.7423 -0.2274 0.6303
vn -0.7598 -0.1998 0.6187
vn -0.7327 -0.2200 0.6440
vn -0.7974 -0.1887 0.5732
vn -0.7397 -0.1178 0.6626
vn -0.8222 -0.0951 0.5612
vn -0.7380 -0.0777 0.6703
vn -0.8073 -0.0880 0.5835
vn -0.7255 -0.1334 0.6751
vn -0.7514 -0.1742 0.6365
vn -0.7181 -0.1791 0.6725
vn -0.7088 -0.1871 0.6801
vn -0.9508 -0.1992 0.2371
vn -0.9556 -0.1315 0.2637
vn -0.9561 -0.1397 0.2577
vn -0.9586 -0.2132 0.1888
vn -0.9680 -0.1501 0.2011
vn -0.9724 -0.1802 0.1480
vn -0.9752 -0.1415 0.1699
vn -0.9416 -0.0607 0.3312
vn -0.8806 0.0348 0.4726
vn -0.9707 -0.0751 0.2284
vn -0.9463 -0.0554 0.3184
vn -0.8436 -0.0678 0.5327
vn -0.9759 -0.0315 0.2161
vn -0.9541 -0.0781 0.2892
vn -0.8378 -0.1779 0.5161
vn -0.9730 -0.0427 0.2267
vn -0.9435 -0.0867 0.3198
vn -0.8217 -0.1763 0.5420
vn -0.9653 -0.0993 0.2414
vn -0.9433 -0.1088 0.3136
vn -0.8384 -0.1170 0.5323
vn -0.8741 -0.0836 0.4784
vn -0.8911 -0.1287 0.4351
vn -0.8716 -0.1643 0.4619
vn 0.4276 -0.1046 -0.8979
vn 0.2688 0.9027 0.3359
vn 0.2608 0.8910 0.3715
vn -0.9960 -0.0841 -0.0313
vn -0.9732 -0.2282 -0.0278
vn -0.9719 -0.2354 0.0023
vn -0.9968 -0.0762 0.0235
vn -0.9991 0.0390 -0.0178
vn -0.9973 0.0431 0.0590
vn -0.9793 0.2019 -0.0169
vn -0.9816 0.1729 0.0811
vn -0.9036 0.4284 -0.0026
vn -0.9567 0.2789 0.0839
vn -0.7421 0.6700 0.0179
vn -0.4750 -0.0820 0.8762
vn -0.4547 -0.2790 0.8458
vn -0.3692 -0.2424 0.8972
vn -0.3783 -0.0572 0.9239
vn -0.5775 -0.1246 0.8069
vn -0.5617 -0.3099 0.7671
vn -0.4233 0.3478 0.8365
vn -0.3690 0.2672 0.8902
vn -0.5899 0.1389 0.7955
vn -0.3238 0.7249 0.6079
vn -0.5295 0.5119 0.6765
vn -0.2965 0.0447 0.9540
vn -0.3462 -0.1967 0.9173
vn -0.2906 0.4530 0.8428
vn -0.1818 0.7444 0.6425
vn -0.1277 0.8762 0.4648
vn -0.9733 -0.1072 0.2031
vn -0.9498 -0.2338 0.2079
vn -0.8631 -0.2277 0.4509
vn -0.8994 -0.1091 0.4234
vn -0.9786 0.0263 0.2042
vn -0.9103 0.0042 0.4139
vn -0.9107 0.3006 0.2833
vn -0.8918 0.1727 0.4182
vn -0.9869 -0.0904 0.1339
vn -0.9627 -0.2315 0.1399
vn -0.9923 0.0400 0.1172
vn -0.9701 0.2022 0.1340
vn -0.7962 0.5426 0.2677
vn -0.7481 0.5522 0.3680
vn -0.9943 -0.0712 0.0787
vn -0.9696 -0.2302 0.0832
vn -0.9954 0.0501 0.0814
vn -0.9778 0.1795 0.1080
vn -0.8818 0.4573 0.1156
vn -0.6472 0.7369 0.1953
vn -0.5958 0.7317 0.3311
vn -0.7939 0.6017 0.0880
vn -0.6698 0.7395 0.0672
vn -0.7075 0.6971 0.1160
vn -0.5975 0.7689 0.2276
vn -0.5787 -0.1475 0.8021
vn -0.5048 -0.1504 0.8500
vn -0.2614 -0.1784 -0.9486
vn -0.6088 -0.0928 0.7879
vn -0.6815 0.3553 0.6398
vn -0.4049 -0.1960 0.8931
vn -0.4521 -0.1174 0.8842
vn -0.7771 0.5337 0.3336
vn -0.4727 0.7612 0.4440
vn -0.4579 0.7876 0.4123
vn -0.4726 0.7156 0.5143
vn -0.3972 0.7540 0.5231
vn -0.3588 0.7588 0.5436
vn -0.4660 0.7734 0.4298
vn -0.3911 0.7919 0.4689
vn -0.3007 0.7808 0.5477
vn -0.4622 0.7933 0.3963
vn -0.6334 0.7205 0.2822
vn -0.3509 0.7912 0.5010
vn -0.6164 0.0722 0.7841
vn -0.4721 -0.2702 0.8391
vn -0.3036 -0.1969 0.9322
vn -0.2722 -0.1062 0.9564
vn -0.4866 -0.2513 0.8367
vn -0.5332 -0.2817 0.7977
vn -0.3097 -0.2612 0.9143
vn -0.5578 0.3393 0.7575
vn -0.4902 0.7219 0.4883
vn -0.6053 0.5250 0.5984
vn -0.3694 0.8619 0.3475
vn -0.3805 0.7916 0.4781
vn -0.3496 0.7850 0.5115
vn -0.3040 0.8077 0.5051
vn -0.2947 0.8036 0.5171
vn -0.2818 0.7926 0.5407
vn -0.3279 0.7676 0.5507
vn -0.3434 0.7661 0.5433
vn -0.3203 0.7974 0.5114
vn -0.6546 -0.3117 0.6887
vn -0.6202 -0.3777 0.6875
vn -0.6900 -0.1378 0.7106
vn -0.6926 0.2346 0.6821
vn -0.5661 0.6527 0.5036
vn -0.4319 0.8461 0.3124
vn -0.4026 0.8724 0.2772
vn -0.3938 0.8598 0.3252
vn -0.3906 0.8887 0.2400
vn -0.3558 0.8370 0.4158
vn -0.3150 0.8452 0.4318
vn -0.3212 0.7983 0.5095
vn -0.3377 0.7583 0.5576
vn -0.2873 0.8087 0.5132
vn -0.2598 0.8221 0.5066
vn -0.2230 0.8606 0.4578
vn -0.6211 -0.3094 0.7201
vn -0.5896 -0.4038 0.6996
vn -0.5835 -0.3908 0.7119
vn -0.6060 -0.2729 0.7472
vn -0.6640 -0.0986 0.7412
vn -0.6313 -0.0448 0.7743
vn -0.6565 0.3374 0.6747
vn -0.6306 0.4092 0.6595
vn -0.5125 0.7700 0.3801
vn -0.5331 0.7337 0.4213
vn -0.4064 0.8700 0.2793
vn -0.3579 0.9044 0.2322
vn -0.3341 0.9073 0.2553
vn -0.3360 0.8713 0.3577
vn -0.2987 0.8869 0.3524
vn -0.3093 0.9088 0.2802
vn -0.3059 0.8078 0.5039
vn -0.2939 0.7795 0.5531
vn -0.2317 0.8558 0.4625
vn -0.2080 0.8638 0.4589
vn -0.6210 -0.1971 0.7587
vn -0.6056 -0.3515 0.7139
vn -0.6361 0.0518 0.7699
vn -0.5610 0.5523 0.6166
vn -0.4109 0.8302 0.3768
vn -0.3570 0.9014 0.2449
vn -0.3919 0.8922 0.2247
vn -0.2951 0.9381 0.1813
vn -0.2480 0.9513 0.1833
vn -0.2715 0.9378 0.2165
vn -0.2681 0.9266 0.2637
vn -0.2731 0.8951 0.3525
vn -0.2996 0.8184 0.4903
vn -0.2309 0.8509 0.4719
vn -0.2379 0.8687 0.4345
vn -0.1468 0.8963 0.4184
vn -0.1250 0.8796 0.4589
vn -0.2600 0.8781 0.4017
vn -0.2138 0.9350 0.2830
vn -0.1666 0.9664 0.1958
vn -0.1331 0.9747 0.1797
vn -0.1250 0.9748 0.1846
vn -0.1281 0.9644 0.2314
vn -0.1363 0.9491 0.2839
vn -0.1560 0.9267 0.3418
vn -0.1556 0.8979 0.4118
vn -0.1279 0.9062 0.4031
vn -0.1191 0.9116 0.3935
vn -0.1279 0.8823 0.4529
vn -0.1246 0.8453 0.5195
vn -0.0951 0.9382 0.3327
vn -0.0950 0.9698 0.2247
vn -0.0870 0.9873 0.1328
vn -0.0619 0.9873 0.1460
vn -0.0444 0.9781 0.2035
vn -0.0520 0.9642 0.2602
vn -0.0652 0.9478 0.3122
vn -0.0635 0.9332 0.3538
vn -0.0529 0.9154 0.3991
vn -0.0718 0.8963 0.4375
vn -0.1558 0.9027 0.4011
vn -0.1741 0.8643 0.4719
vn -0.0737 0.8282 0.5556
vn -0.2086 0.8504 0.4830
vn -0.2936 0.1918 0.9365
vn -0.3758 -0.1461 0.9151
vn -0.3869 -0.0943 0.9173
vn -0.2830 0.3485 0.8936
vn -0.0490 0.6966 0.7157
vn -0.0487 0.7122 0.7003
vn -0.0648 0.8341 0.5478
vn -0.0014 0.9138 0.4062
vn 0.0834 0.8531 0.5151
vn -0.1563 0.5465 0.8227
vn -0.3663 -0.0834 0.9267
vn -0.3145 0.0096 0.9492
vn -0.2064 0.3766 0.9031
vn 0.0884 0.7974 0.5969
vn 0.1811 0.8037 0.5668
vn 0.1464 0.8470 0.5110
vn 0.2493 0.8466 0.4703
vn 0.1853 0.9023 0.3892
vn -0.0960 0.5768 0.8112
vn -0.2563 0.0377 0.9659
vn 0.1064 0.8418 0.5293
vn 0.1432 0.8377 0.5270
vn 0.1585 0.8774 0.4529
vn 0.2117 0.8567 0.4704
vn 0.2865 0.8679 0.4059
vn 0.3075 0.8897 0.3375
vn 0.1024 0.7397 0.6651
vn -0.1086 0.3904 0.9142
vn 0.1891 0.8743 0.4471
vn 0.1845 0.8874 0.4225
vn 0.2608 0.8965 0.3582
vn 0.2525 0.8946 0.3687
vn 0.3065 0.8875 0.3441
vn 0.3164 0.8888 0.3315
vn 0.2301 0.8211 0.5224
vn 0.0214 0.5868 0.8094
vn 0.2920 0.8741 0.3881
vn 0.2874 0.8932 0.3458
vn 0.3312 0.8830 0.3327
vn 0.3081 0.8969 0.3172
vn 0.3004 0.8943 0.3315
vn 0.2897 0.8912 0.3489
vn 0.2988 0.8551 0.4237
vn 0.2259 0.8260 0.5164
vn 0.3260 0.8738 0.3608
vn 0.3242 0.8814 0.3436
vn 0.3059 0.8899 0.3383
vn 0.2860 0.8897 0.3557
vn 0.2622 0.8835 0.3883
vn 0.3105 0.8741 0.3734
vn 0.2955 0.8872 0.3543
vn 0.2820 0.8883 0.3626
vn 0.2639 0.8908 0.3698
vn 0.2395 0.8860 0.3971
vn 0.2027 0.8678 0.4537
vn 0.0035 0.9548 0.2973
vn 0.0160 0.9817 0.1900
vn 0.0194 0.9919 0.1252
vn 0.0046 0.9861 0.1662
vn -0.0294 0.9664 0.2552
vn -0.0811 0.9566 0.2797
vn -0.0374 0.9494 0.3119
vn -0.0073 0.9524 0.3048
vn -0.0110 0.9387 0.3447
vn -0.0000 0.9203 0.3912
vn 0.0028 0.8560 0.5170
vn -0.0275 0.7890 0.6137
vn -0.0775 0.8148 0.5746
vn -0.1113 0.8434 0.5257
vn 0.1699 0.9525 0.2527
vn 0.1657 0.9740 0.1544
vn 0.1535 0.9698 0.1897
vn 0.1046 0.9536 0.2823
vn 0.0527 0.9490 0.3107
vn 0.0370 0.9542 0.2970
vn 0.0326 0.9473 0.3187
vn 0.0201 0.9352 0.3534
vn 0.0060 0.9137 0.4062
vn -0.0057 0.8449 0.5349
vn -0.0120 0.7631 0.6462
vn -0.0363 0.7765 0.6290
vn -0.0806 0.8217 0.5643
vn 0.2816 0.9286 0.2416
vn 0.2367 0.9534 0.1870
vn 0.2098 0.9346 0.2871
vn 0.1839 0.8981 0.3995
vn 0.1338 0.9180 0.3732
vn 0.0823 0.9351 0.3448
vn 0.0438 0.9297 0.3657
vn 0.0097 0.9143 0.4050
vn -0.0439 0.8696 0.4918
vn -0.1030 0.8154 0.5697
vn -0.1123 0.7654 0.6336
vn -0.1085 0.7625 0.6378
vn -0.1371 0.7988 0.5857
vn 0.2891 0.9140 0.2847
vn 0.2544 0.9346 0.2485
vn 0.2596 0.9070 0.3316
vn 0.2659 0.8454 0.4633
vn 0.2138 0.8501 0.4813
vn 0.1319 0.8857 0.4451
vn 0.0634 0.8956 0.4403
vn -0.0056 0.8549 0.5188
vn -0.0777 0.7912 0.6066
vn -0.1170 0.7871 0.6056
vn -0.1027 0.7948 0.5981
vn 0.6475 0.6384 0.4162
vn 0.2666 0.9044 0.3332
vn 0.2271 0.9246 0.3060
vn 0.1848 0.9061 0.3806
vn 0.1529 0.8322 0.5330
vn 0.1363 0.8084 0.5726
vn 0.1492 0.8460 0.5119
vn 0.0887 0.8340 0.5446
vn 0.0812 0.8334 0.5467
vn 0.0248 0.7800 0.6254
vn 0.0002 0.7497 0.6618
vn -0.0104 0.7758 0.6309
vn -0.0197 0.8203 0.5715
vn -0.0075 0.8430 0.5378
vn 0.2125 0.8852 0.4138
vn 0.1266 0.8950 0.4278
vn 0.0335 0.8732 0.4862
vn -0.0091 0.8249 0.5651
vn 0.0115 0.8322 0.5544
vn 0.0493 0.8520 0.5211
vn 0.0516 0.7888 0.6125
vn 0.0220 0.7362 0.6764
vn -0.0088 0.7293 0.6841
vn -0.0360 0.7661 0.6417
vn -0.0585 0.8187 0.5712
vn -0.0965 0.8255 0.5561
vn 0.1488 0.8390 0.5233
vn 0.0839 0.8247 0.5593
vn 0.0239 0.8072 0.5897
vn -0.0107 0.8114 0.5844
vn -0.0078 0.8657 0.5004
vn 0.0168 0.8682 0.4960
vn 0.0187 0.7944 0.6071
vn -0.0014 0.8855 0.4646
vn 0.0116 0.7017 0.7124
vn -0.0080 0.7122 0.7019
vn -0.0541 0.7598 0.6479
vn -0.0506 0.7810 0.6225
vn 0.0141 0.7461 0.6657
vn -0.1030 0.7855 0.6102
vn -0.0353 0.7643 0.6438
vn -0.1068 0.7846 0.6107
vn 0.0208 0.8199 0.5721
vn -0.0060 0.8430 0.5379
vn -0.1524 0.8040 0.5748
vn -0.1709 0.7745 0.6090
vn -0.1209 0.7854 0.6070
vn -0.1142 0.7892 0.6035
vn -0.7344 -0.1624 0.6590
vn -0.7777 -0.1809 0.6021
vn -0.9698 -0.1821 0.1623
vn -0.1889 -0.1437 -0.9714
vn -0.2986 -0.2131 -0.9303
vn -0.0953 -0.3400 -0.9356
vn -0.1418 -0.2890 -0.9468
vn -0.1729 -0.2976 -0.9389
vn -0.1423 -0.3061 -0.9413
vn 0.3761 -0.1766 -0.9096
vn 0.0973 -0.2264 -0.9692
vn 0.3295 -0.1866 -0.9255
vn -0.0926 -0.2933 -0.9515
vn 0.2016 -0.3104 -0.9290
vn -0.0341 -0.3795 -0.9246
vn 0.0975 -0.3891 -0.9160
vn -0.0360 -0.4415 -0.8965
vn 0.0527 -0.4243 -0.9040
vn -0.0302 -0.4257 -0.9044
vn 0.0361 -0.4427 -0.8959
vn 0.0039 -0.4243 -0.9055
vn -0.0007 -0.4047 -0.9145
vn 0.0314 -0.4438 -0.8956
vn -0.0154 -0.3806 -0.9246
vn 0.0276 -0.4004 -0.9159
vn -0.0297 -0.3653 -0.9304
vn -0.0444 -0.3794 -0.9242
vn 0.0190 -0.3924 -0.9196
vn 0.0082 -0.3826 -0.9239
vn -0.0117 -0.3272 -0.9449
vn -0.0937 -0.3306 -0.9391
vn -0.2597 -0.2106 -0.9425
vn -0.1491 -0.3153 -0.9372
vn -0.0542 -0.4139 -0.9087
vn -0.0249 -0.4088 -0.9123
vn 0.0054 -0.3836 -0.9235
vn 0.0803 -0.4008 -0.9126
vn 0.1011 -0.4162 -0.9037
vn 0.1337 -0.3989 -0.9072
vn 0.1224 -0.4087 -0.9044
vn 0.0912 -0.3597 -0.9286
vn -0.2064 -0.1420 -0.9681
vn -0.1378 -0.2086 -0.9682
vn -0.0779 -0.3572 -0.9308
vn -0.0386 -0.3767 -0.9255
vn -0.0053 -0.3491 -0.9371
vn 0.0116 -0.3394 -0.9406
vn 0.1403 -0.3847 -0.9123
vn 0.0313 -0.3502 -0.9361
vn 0.0674 -0.3681 -0.9273
vn 0.0907 -0.4151 -0.9053
vn 0.0787 -0.4109 -0.9083
vn -0.2037 -0.0948 -0.9744
vn -0.1822 -0.1497 -0.9718
vn -0.1556 -0.3188 -0.9350
vn -0.1146 -0.2903 -0.9501
vn -0.0580 -0.3247 -0.9441
vn -0.0644 -0.3441 -0.9367
vn -0.0559 -0.3292 -0.9426
vn -0.0589 -0.3240 -0.9442
vn -0.0154 -0.3886 -0.9213
vn 0.0237 -0.4172 -0.9085
vn -0.0490 -0.3378 -0.9400
vn -0.1715 -0.0675 -0.9829
vn -0.1674 -0.2058 -0.9642
vn -0.1114 -0.0947 -0.9893
vn -0.1524 -0.1670 -0.9741
vn -0.1426 -0.2340 -0.9617
vn -0.1307 -0.3146 -0.9402
vn -0.1203 -0.3590 -0.9255
vn -0.0946 -0.3261 -0.9406
vn -0.1136 -0.3257 -0.9386
vn -0.0937 -0.2914 -0.9520
vn -0.0496 -0.3400 -0.9391
vn 0.0061 -0.3627 -0.9319
vn -0.1167 -0.1542 -0.9811
vn -0.1566 -0.1892 -0.9694
vn -0.1839 -0.2386 -0.9536
vn -0.1816 -0.2902 -0.9396
vn -0.1431 -0.3488 -0.9262
vn -0.1236 -0.3127 -0.9418
vn -0.1031 -0.2699 -0.9574
vn -0.0751 -0.2931 -0.9531
vn -0.0303 -0.2994 -0.9537
vn -0.1185 -0.1928 -0.9741
vn -0.1419 -0.2212 -0.9648
vn -0.1416 -0.2515 -0.9574
vn -0.1585 -0.2789 -0.9471
vn -0.1547 -0.2812 -0.9471
vn -0.1319 -0.2627 -0.9558
vn -0.1318 -0.2914 -0.9475
vn -0.1411 -0.2692 -0.9527
vn -0.1406 -0.2606 -0.9552
vn -0.1296 -0.2765 -0.9522
vn -0.1742 -0.3156 -0.9328
vn -0.1819 -0.3171 -0.9308
vn -0.1582 -0.2822 -0.9462
vn -0.1321 -0.2764 -0.9519
vn -0.1119 -0.2962 -0.9486
vn -0.0166 -0.2963 -0.9550
vn 0.0552 -0.3097 -0.9492
vn 0.0476 -0.3500 -0.9355
vn 0.0517 -0.3482 -0.9360
vn 0.0555 -0.2780 -0.9590
vn 0.0072 -0.2054 -0.9787
vn -0.1230 -0.1949 -0.9731
vn -0.1197 -0.2873 -0.9503
vn -0.1344 -0.2706 -0.9533
vn -0.0751 -0.3121 -0.9471
vn -0.1231 -0.2619 -0.9572
vn -0.0456 -0.3033 -0.9518
vn -0.0781 -0.2446 -0.9665
vn -0.0375 -0.3299 -0.9433
vn -0.0254 -0.2874 -0.9575
vn -0.0359 -0.3984 -0.9165
vn 0.0392 -0.3620 -0.9313
vn -0.0449 -0.4588 -0.8874
vn 0.1541 -0.4109 -0.8986
vn -0.0569 -0.4569 -0.8877
vn 0.1070 -0.4531 -0.8850
vn -0.0158 -0.4397 -0.8980
vn 0.2513 -0.3767 -0.8916
vn 0.0498 -0.4611 -0.8859
vn 0.2564 -0.4013 -0.8793
vn -0.0377 -0.2990 -0.9535
vn -0.0550 -0.2729 -0.9605
vn -0.0146 -0.1941 -0.9809
vn 0.0410 -0.1717 -0.9843
vn 0.0699 -0.2352 -0.9694
vn 0.1090 -0.2954 -0.9491
vn 0.1721 -0.2965 -0.9394
vn 0.3270 -0.3371 -0.8828
vn 0.2191 -0.3125 -0.9243
vn 0.3207 -0.3423 -0.8832
vn 0.1245 -0.5035 -0.8550
vn 0.0321 -0.3331 -0.9423
vn 0.0323 -0.2578 -0.9656
vn 0.0557 -0.1390 -0.9887
vn 0.0507 -0.1871 -0.9810
vn 0.0477 -0.2353 -0.9708
vn 0.0796 -0.2393 -0.9677
vn 0.0999 -0.2646 -0.9592
vn 0.0612 -0.3910 -0.9184
vn 0.0688 -0.4479 -0.8914
vn 0.0119 -0.4850 -0.8744
vn 0.0343 -0.3448 -0.9380
vn -0.0107 -0.2919 -0.9564
vn -0.1375 -0.2114 -0.9677
vn -0.1676 -0.2111 -0.9630
vn -0.1463 -0.1563 -0.9768
vn -0.0019 -0.1537 -0.9881
vn 0.0692 -0.2518 -0.9653
vn 0.0626 -0.4606 -0.8854
vn -0.0108 -0.5792 -0.8151
vn 0.0046 -0.6065 -0.7951
vn -0.0600 -0.6290 -0.7751
vn -0.0338 -0.6806 -0.7319
vn 0.0782 -0.3284 -0.9413
vn 0.0433 -0.3901 -0.9198
vn -0.0528 -0.3881 -0.9201
vn -0.2316 -0.1984 -0.9524
vn -0.1068 -0.2260 -0.9683
vn -0.0874 -0.0543 -0.9947
vn -0.0480 -0.0663 -0.9966
vn -0.0119 -0.2298 -0.9732
vn -0.0400 -0.4933 -0.8690
vn 0.0181 -0.6577 -0.7531
vn -0.0115 -0.6730 -0.7396
vn 0.1155 -0.2658 -0.9571
vn 0.1539 -0.4319 -0.8887
vn 0.1163 -0.5075 -0.8538
vn 0.0380 -0.2791 -0.9595
vn 0.0019 -0.0381 -0.9993
vn -0.0031 -0.0472 -0.9989
vn -0.0512 -0.2605 -0.9641
vn -0.1498 -0.5677 -0.8095
vn -0.1460 -0.6914 -0.7075
vn -0.1889 -0.6953 -0.6934
vn -0.1119 -0.7094 -0.6959
vn -0.2085 -0.7262 -0.6551
vn 0.0554 -0.1854 -0.9811
vn 0.1479 -0.3670 -0.9184
vn 0.2375 -0.4847 -0.8418
vn 0.1458 -0.3242 -0.9347
vn 0.1687 -0.0835 -0.9821
vn 0.0732 -0.1144 -0.9907
vn -0.0492 -0.3630 -0.9305
vn -0.1464 -0.5964 -0.7892
vn -0.1974 -0.7271 -0.6575
vn -0.2105 -0.7334 -0.6464
vn -0.1205 -0.1499 -0.9813
vn -0.0691 -0.2641 -0.9620
vn 0.0818 -0.4018 -0.9121
vn 0.3298 -0.3180 -0.8889
vn 0.1740 -0.2962 -0.9391
vn 0.0272 -0.1731 -0.9845
vn -0.1488 -0.2696 -0.9514
vn -0.2538 -0.4635 -0.8490
vn -0.1929 -0.6304 -0.7520
vn -0.2437 -0.7085 -0.6623
vn -0.1855 -0.7230 -0.6654
vn 0.0972 -0.4578 -0.8838
vn 0.2911 -0.4092 -0.8648
vn 0.0762 -0.5434 -0.8360
vn 0.1547 -0.6177 -0.7710
vn 0.0023 -0.7782 -0.6280
vn 0.0393 -0.8241 -0.5650
vn 0.0168 -0.9869 -0.1605
vn 0.0543 -0.9720 -0.2285
vn -0.0188 -0.9998 0.0017
vn 0.1221 -0.9921 0.0290
vn -0.2069 -0.9511 -0.2293
vn 0.0615 -0.9981 -0.0069
vn -0.3183 -0.8930 -0.3181
vn -0.1502 -0.9612 -0.2313
vn -0.2863 -0.9117 -0.2947
vn -0.2622 -0.9275 -0.2665
vn -0.1938 -0.9664 -0.1689
vn -0.1224 -0.9853 -0.1187
vn 0.1815 -0.5221 -0.8333
vn 0.0027 -0.6301 -0.7765
vn -0.0559 -0.7498 -0.6593
vn -0.0678 -0.8512 -0.5204
vn -0.0490 -0.9538 -0.2965
vn 0.0444 -0.9968 -0.0669
vn 0.1193 -0.9909 0.0627
vn 0.0682 -0.9972 -0.0294
vn -0.1369 -0.9792 -0.1500
vn -0.0605 -0.6689 -0.7409
vn -0.0386 -0.7378 -0.6739
vn -0.0281 -0.8725 -0.4879
vn -0.0615 -0.9530 -0.2967
vn -0.0953 -0.9876 -0.1245
vn -0.0442 -0.9990 -0.0059
vn 0.0599 -0.9982 0.0006
vn 0.0576 -0.9980 0.0244
vn -0.0716 -0.6443 -0.7614
vn -0.0482 -0.6161 -0.7862
vn -0.0036 -0.8548 -0.5189
vn 0.0027 -0.9677 -0.2519
vn -0.0686 -0.9950 -0.0728
vn -0.1138 -0.9915 -0.0636
vn -0.0684 -0.9935 -0.0908
vn 0.0203 -0.9994 0.0279
vn -0.0952 -0.6489 -0.7549
vn -0.1162 -0.6375 -0.7616
vn -0.0273 -0.7811 -0.6238
vn 0.0442 -0.9608 -0.2739
vn 0.0106 -0.9998 0.0187
vn -0.0817 -0.9966 -0.0130
vn -0.1367 -0.9826 -0.1258
vn -0.1040 -0.9928 -0.0600
vn -0.1568 -0.6500 -0.7436
vn -0.1975 -0.6305 -0.7506
vn -0.1255 -0.5387 -0.8331
vn -0.0588 -0.6856 -0.7256
vn 0.0251 -0.8936 -0.4482
vn 0.1110 -0.9927 0.0468
vn 0.0808 -0.9931 0.0845
vn -0.0232 -0.9979 -0.0610
vn -0.0963 -0.9913 -0.0895
vn -0.1613 -0.5911 -0.7903
vn -0.1074 -0.4819 -0.8696
vn -0.0717 -0.6089 -0.7900
vn -0.1094 -0.6279 -0.7705
vn -0.0661 -0.8896 -0.4519
vn 0.0536 -0.9978 -0.0395
vn 0.1356 -0.9838 0.1173
vn 0.0984 -0.9938 0.0510
vn 0.0015 -0.9994 -0.0338
vn -0.1420 -0.5565 -0.8186
vn -0.1217 -0.5038 -0.8552
vn -0.1707 -0.6867 -0.7066
vn -0.1899 -0.8682 -0.4585
vn -0.1623 -0.9781 -0.1306
vn -0.1365 -0.9856 0.0997
vn -0.1775 -0.9762 0.1250
vn -0.3837 -0.9188 0.0924
vn -0.8460 -0.3898 0.3639
vn -0.8219 -0.3988 0.4068
vn -0.7637 -0.3957 0.5101
vn -0.7864 -0.4394 0.4342
vn -0.8537 -0.2206 0.4717
vn -0.8485 -0.2780 0.4503
vn -0.8133 -0.2782 0.5110
vn -0.7786 -0.3955 0.4872
vn -0.7150 -0.3887 0.5811
vn -0.7248 -0.4352 0.5341
vn -0.7421 -0.4081 0.5317
vn -0.7320 -0.3548 0.5816
vn -0.7588 -0.2660 0.5945
vn -0.8133 -0.2077 0.5435
vn -0.8893 -0.0816 0.4500
vn -0.8932 -0.2701 0.3594
vn -0.8606 -0.3365 0.3821
vn -0.8256 -0.1116 0.5531
vn -0.8872 -0.0982 0.4508
vn -0.8778 -0.1439 0.4570
vn -0.8721 -0.4053 0.2741
vn -0.8513 -0.4729 0.2272
vn -0.8463 -0.4299 0.3145
vn -0.8822 -0.4019 0.2453
vn -0.8995 -0.3389 0.2758
vn -0.8455 -0.3722 0.3829
vn -0.8105 -0.3889 0.4380
vn -0.8579 -0.3610 0.3657
vn -0.9062 -0.3667 0.2105
vn -0.8187 -0.4363 0.3734
vn -0.8065 -0.4797 0.3455
vn -0.8518 -0.4437 0.2787
vn -0.8799 -0.3596 0.3106
vn -0.8144 -0.4205 0.3999
vn -0.7895 -0.4627 0.4032
vn -0.7649 -0.4366 0.4737
vn -0.6928 -0.1523 0.7048
vn -0.6857 -0.1119 0.7192
vn -0.7194 -0.1836 0.6699
vn -0.6804 -0.2444 0.6909
vn -0.6778 -0.0700 0.7319
vn -0.6779 -0.0813 0.7307
vn -0.7359 -0.1020 0.6693
vn -0.6795 -0.0985 0.7271
vn -0.6853 -0.0806 0.7238
vn -0.7035 -0.0784 0.7063
vn -0.6968 -0.0415 0.7160
vn -0.6973 -0.0360 0.7159
vn -0.6868 -0.0451 0.7255
vn -0.7157 -0.1110 0.6895
vn -0.7140 -0.0653 0.6970
vn -0.7207 -0.0016 0.6932
vn -0.7436 -0.0928 0.6622
vn -0.7046 -0.1018 0.7023
vn -0.6968 -0.0409 0.7161
vn -0.7536 -0.0925 0.6507
vn -0.7020 -0.1068 0.7042
vn -0.7433 -0.0413 0.6676
vn -0.7020 -0.0457 0.7107
vn -0.7266 -0.1465 0.6712
vn -0.7011 -0.1443 0.6983
vn -0.8116 -0.2020 0.5482
vn -0.7632 -0.2197 0.6077
vn -0.7403 -0.2296 0.6318
vn -0.7682 -0.2049 0.6065
vn -0.7944 -0.1843 0.5788
vn -0.7565 -0.2226 0.6149
vn -0.7076 -0.2440 0.6631
vn -0.7441 -0.1780 0.6439
vn -0.7275 -0.2287 0.6469
vn -0.6839 -0.2541 0.6839
vn -0.7039 -0.1145 0.7010
vn -0.4863 0.0402 0.8729
vn -0.8008 -0.0963 0.5911
vn -0.7614 -0.0941 0.6414
vn -0.8157 -0.0517 0.5762
vn -0.7913 -0.1149 0.6005
vn -0.8002 -0.1146 0.5887
vn -0.7952 -0.0759 0.6016
vn -0.8004 -0.0771 0.5945
vn -0.8052 -0.0467 0.5912
vn -0.8009 -0.0380 0.5976
vn -0.7945 -0.1115 0.5970
vn -0.7872 -0.1339 0.6020
vn -0.8449 -0.1590 0.5108
vn -0.8526 -0.1698 0.4942
vn -0.8526 -0.1029 0.5124
vn -0.8342 -0.1315 0.5356
vn -0.8373 -0.0557 0.5438
vn -0.7954 -0.1136 0.5953
vn -0.8238 -0.0797 0.5613
vn -0.8565 -0.1248 0.5007
vn -0.8439 -0.1608 0.5118
vn -0.8124 0.0217 0.5827
vn -0.8133 -0.0074 0.5819
vn -0.8314 -0.0705 0.5513
vn -0.8211 0.0069 0.5708
vn -0.7776 0.0161 0.6286
vn -0.8001 -0.0130 0.5997
vn -0.8204 -0.1018 0.5627
vn -0.7718 -0.1005 0.6279
vn -0.8143 -0.1018 0.5714
vn -0.7706 -0.1089 0.6280
vn -0.8185 -0.0781 0.5691
vn -0.7637 -0.0750 0.6412
vn -0.8239 -0.0689 0.5626
vn -0.7666 -0.0621 0.6391
vn -0.8135 -0.0792 0.5762
vn -0.7723 -0.0966 0.6278
vn -0.1594 -0.9757 -0.1503
vn -0.0118 -0.9990 -0.0424
vn -0.1806 -0.9772 -0.1113
vn 0.0577 -0.9983 -0.0114
vn -0.1319 -0.9903 -0.0435
vn 0.1069 -0.9941 -0.0179
vn -0.1413 -0.9898 -0.0190
vn 0.1164 -0.9918 -0.0534
vn -0.1773 -0.9837 -0.0289
vn 0.0933 -0.9950 -0.0347
vn -0.2092 -0.9778 -0.0087
vn 0.0395 -0.9987 0.0323
vn -0.2724 -0.9554 0.1145
vn -0.0383 -0.9984 0.0410
vn -0.3303 -0.9353 0.1270
vn -0.0810 -0.9944 0.0681
vn -0.3996 -0.9117 0.0951
vn -0.3110 -0.9328 -0.1824
vn -0.3588 -0.9297 -0.0831
vn -0.3536 -0.9304 -0.0971
vn -0.3566 -0.9326 -0.0557
vn -0.3454 -0.9383 -0.0176
vn -0.3441 -0.9389 -0.0077
vn -0.3654 -0.9308 0.0068
vn -0.3798 -0.9221 0.0743
vn -0.3798 -0.9168 0.1234
vn -0.3733 -0.9023 0.2156
vn -0.3876 -0.9041 0.1797
vn -0.3313 -0.9299 0.1601
vn -0.4258 -0.8954 0.1298
vn -0.3116 -0.9413 0.1298
vn -0.0827 -0.9921 0.0944
vn -0.4796 -0.8773 -0.0178
vn -0.2203 -0.9728 0.0713
vn -0.5009 -0.8653 -0.0200
vn -0.2973 -0.9547 0.0113
vn -0.4704 -0.8819 -0.0308
vn -0.3356 -0.9406 -0.0511
vn -0.4283 -0.9036 -0.0096
vn -0.3421 -0.9388 -0.0399
vn -0.3327 -0.9392 0.0850
vn -0.3234 -0.9364 0.1362
vn -0.4344 -0.8758 0.2106
vn 0.0697 -0.9805 0.1836
vn 0.0463 -0.9886 0.1431
vn -0.0018 -0.9979 0.0640
vn -0.0719 -0.9974 0.0086
vn -0.1637 -0.9865 -0.0022
vn -0.3047 -0.9438 0.1280
vn -0.4029 -0.8937 0.1973
vn -0.4687 -0.8505 0.2387
vn -0.0156 -0.9911 0.1322
vn 0.0392 -0.9853 0.1665
vn 0.0358 -0.9946 0.0978
vn 0.0041 -0.9964 0.0843
vn -0.1317 -0.9810 0.1426
vn -0.2147 -0.9638 0.1582
vn -0.5229 -0.7010 0.4849
vn -0.4270 -0.8564 0.2902
vn -0.6450 -0.5791 0.4987
vn -0.6830 -0.4098 0.6046
vn -0.7327 -0.4111 0.5423
vn -0.0731 -0.9963 0.0459
vn -0.0226 -0.9884 0.1503
vn -0.0237 -0.9925 0.1198
vn -0.1363 -0.9657 0.2211
vn -0.1165 -0.9674 0.2249
vn -0.5569 -0.6508 0.5160
vn -0.3100 -0.8916 0.3302
vn -0.6485 -0.4424 0.6195
vn -0.0311 -0.9995 -0.0036
vn -0.0210 -0.9900 0.1397
vn -0.2188 -0.9292 0.2979
vn -0.3035 -0.9114 0.2778
vn -0.6652 -0.4954 0.5587
vn -0.4324 -0.7864 0.4412
vn -0.7442 -0.3028 0.5954
vn -0.4320 -0.8962 0.1013
vn -0.4802 -0.8427 0.2436
vn -0.4493 -0.8049 0.3877
vn -0.8137 -0.3273 0.4804
vn -0.5448 -0.6496 0.5303
vn -0.7813 -0.1731 0.5997
vn -0.1305 -0.2104 -0.9689
vn -0.1407 -0.2375 -0.9611
vn -0.1272 -0.2400 -0.9624
vn -0.1068 -0.2574 -0.9604
vn -0.1568 -0.2445 -0.9569
vn -0.1504 -0.2650 -0.9524
vn -0.1729 -0.3065 -0.9361
vn -0.2368 -0.3028 -0.9232
vn -0.2793 -0.2621 -0.9237
vn -0.2506 -0.2627 -0.9318
vn -0.1775 -0.1870 -0.9662
vn -0.1696 -0.2470 -0.9541
vn -0.1784 -0.2495 -0.9518
vn -0.1744 -0.2515 -0.9520
vn -0.1723 -0.2659 -0.9485
vn -0.1809 -0.2654 -0.9470
vn -0.1876 -0.3306 -0.9249
vn -0.2534 -0.4300 -0.8665
vn -0.3648 -0.3923 -0.8444
vn -0.3511 -0.4773 -0.8055
vn -0.4098 -0.2940 -0.8635
vn -0.3504 -0.1972 -0.9156
vn -0.1978 -0.2158 -0.9562
vn -0.1888 -0.1755 -0.9662
vn -0.1513 -0.2385 -0.9593
vn -0.1611 -0.2731 -0.9484
vn -0.1957 -0.2823 -0.9392
vn -0.2391 -0.3897 -0.8893
vn -0.2489 -0.4802 -0.8411
vn -0.3487 -0.5626 -0.7496
vn -0.2453 -0.0966 -0.9646
vn -0.2271 -0.1969 -0.9538
vn -0.3190 -0.3410 -0.8843
vn -0.3086 -0.3260 -0.8936
vn -0.3168 -0.3485 -0.8821
vn -0.3082 -0.5104 -0.8028
vn -0.4432 -0.4774 -0.7588
vn -0.5140 -0.0882 -0.8532
vn -0.5285 -0.2511 -0.8110
vn -0.5269 -0.3793 -0.7606
vn -0.5205 -0.3650 -0.7719
vn -0.7947 -0.3134 -0.5199
vn -0.4870 -0.3451 -0.8023
vn -0.9173 -0.0600 -0.3937
vn -0.9056 -0.2181 -0.3638
vn -0.4598 -0.3409 -0.8200
vn -0.5170 -0.1668 -0.8396
vn -0.4180 -0.4708 -0.7769
vn -0.5225 -0.2634 -0.8109
vn -0.4761 -0.4093 -0.7784
vn -0.5720 -0.1931 -0.7972
vn -0.5867 -0.2530 -0.7692
vn -0.9028 -0.0873 0.4211
vn -0.8801 -0.1164 0.4602
vn -0.9365 -0.1131 0.3320
vn -0.8979 -0.0837 0.4321
vn -0.8867 -0.1303 0.4435
vn -0.8792 -0.1483 0.4528
vn -0.9399 -0.1426 0.3102
vn -0.9117 -0.2991 0.2817
vn -0.9190 -0.2792 0.2783
vn -0.9284 -0.2822 0.2417
vn -0.8859 -0.3554 0.2981
vn -0.9145 -0.1633 0.3700
vn -0.9396 -0.1900 0.2848
vn -0.9610 -0.1803 0.2098
vn -0.9696 -0.1216 0.2122
vn -0.9652 -0.1511 0.2133
vn -0.3961 -0.6130 -0.6836
vn -0.4031 -0.5699 -0.7160
vn -0.5700 -0.6094 -0.5511
vn -0.6301 -0.4243 -0.6503
vn -0.6106 -0.3306 -0.7196
vn -0.9257 -0.1853 0.3298
vn -0.9343 -0.1987 0.2960
vn -0.9383 -0.2160 0.2701
vn -0.9425 -0.2033 0.2652
vn -0.9277 -0.1512 0.3413
vn -0.9444 -0.1354 0.2997
vn -0.9447 -0.1489 0.2922
vn -0.9345 -0.0967 0.3425
vn -0.9552 -0.0888 0.2825
vn -0.9502 -0.0777 0.3017
vn -0.9165 -0.0530 0.3965
vn -0.9554 -0.0887 0.2817
vn -0.9518 -0.0850 0.2947
vn -0.8922 -0.0235 0.4510
vn -0.9458 -0.0433 0.3217
vn -0.9464 -0.0807 0.3128
vn -0.9467 -0.1777 0.2686
vn -0.9400 -0.1955 0.2797
vn -0.9599 -0.1598 0.2302
vn -0.9490 -0.1458 0.2794
vn -0.9471 -0.2311 0.2227
vn -0.9380 -0.2092 0.2765
vn -0.9256 -0.1073 0.3630
vn -0.9419 -0.1994 0.2704
vn -0.9611 -0.1737 0.2146
vn -0.9720 -0.1735 0.1582
vn -0.9536 -0.2155 0.2101
vn -0.9444 -0.1606 0.2869
vn -0.9636 -0.1433 0.2259
vn -0.9756 -0.1523 0.1581
vn -0.9665 -0.1709 0.1916
vn -0.9378 -0.2632 0.2266
vn -0.0164 -0.3668 -0.9302
vn -0.9800 -0.1581 0.1209
vn -0.9698 -0.1963 0.1447
vn -0.9536 -0.2261 0.1989
vn -0.9119 -0.3103 0.2686
vn -0.7658 -0.2579 -0.5891
vn -0.6911 -0.3725 -0.6194
vn -0.5357 -0.5897 -0.6044
vn -0.8971 -0.3751 -0.2334
vn -0.7991 -0.5602 -0.2183
vn -0.9140 -0.3113 0.2601
vn -0.8837 -0.4249 0.1961
vn -0.9591 -0.2818 -0.0248
vn -0.9027 -0.2624 -0.3411
vn -0.8823 -0.1630 0.4415
vn -0.7808 -0.1092 0.6152
vn -0.8462 -0.1573 0.5091
vn -0.7888 -0.1821 0.5871
vn -0.8696 -0.0852 0.4864
vn -0.8942 -0.0853 0.4395
vn -0.9327 -0.0912 0.3488
vn -0.9356 -0.1693 0.3098
vn -0.9032 -0.2006 0.3794
vn -0.9155 -0.2067 0.3453
vn -0.9144 -0.1931 0.3558
vn -0.9216 -0.1350 0.3639
vn -0.9006 -0.1875 0.3922
vn -0.9201 -0.1968 0.3385
vn -0.8850 -0.0839 0.4580
vn -0.8874 -0.1449 0.4376
vn -0.9262 -0.1737 0.3346
vn -0.8316 -0.1257 0.5409
vn -0.8650 -0.1674 0.4730
vn -0.9298 -0.2027 0.3071
vn -0.9396 -0.1825 0.2896
vn -0.9926 -0.0565 0.1075
vn -0.9895 -0.1013 0.1030
vn -0.9976 -0.0694 0.0061
vn -0.9873 -0.1500 -0.0529
vn -0.9659 -0.1078 0.2353
vn -0.9516 -0.0615 0.3012
vn -0.9316 -0.0314 0.3622
vn -0.9104 -0.1028 0.4008
vn -0.3534 -0.1521 -0.9230
vn -0.3590 -0.1959 -0.9126
vn -0.3515 -0.2802 -0.8933
vn -0.2029 -0.2629 -0.9433
vn -0.4407 -0.3616 -0.8216
vn -0.5399 -0.3677 -0.7572
vn -0.4844 -0.3577 -0.7984
vn -0.3345 -0.5813 -0.7417
vn -0.5064 -0.4061 -0.7607
vn -0.3701 -0.6367 -0.6764
vn -0.1706 -0.6624 -0.7294
vn -0.2793 -0.6104 -0.7412
vn -0.2177 -0.4475 -0.8674
vn -0.5155 -0.1601 -0.8418
vn -0.5218 -0.1935 -0.8309
vn -0.5345 -0.2251 -0.8146
vn -0.5506 -0.3096 -0.7752
vn -0.6082 -0.3406 -0.7170
vn -0.6713 -0.4031 -0.6219
vn -0.6858 -0.4026 -0.6062
vn -0.6416 -0.2837 -0.7127
vn -0.7193 -0.2415 -0.6514
vn -0.6378 -0.2787 -0.7180
vn -0.5175 -0.5147 -0.6836
vn -0.4767 -0.4306 -0.7664
vn -0.4001 -0.4302 -0.8093
vn -0.8932 -0.2326 0.3849
vn -0.9179 -0.2530 0.3056
vn -0.9425 -0.2536 0.2177
vn -0.9215 -0.2819 0.2673
vn -0.8465 -0.1688 0.5049
vn -0.9197 -0.1982 0.3389
vn -0.9654 -0.1826 0.1864
vn -0.8182 -0.0666 0.5710
vn -0.9150 -0.0975 0.3914
vn -0.9696 -0.1343 0.2047
vn -0.8169 0.0457 0.5750
vn -0.8910 0.0178 0.4537
vn -0.9602 -0.0677 0.2710
vn -0.8327 0.0602 0.5505
vn -0.8639 0.0494 0.5012
vn -0.9351 -0.0130 0.3543
vn -0.8363 0.1017 0.5388
vn -0.8451 0.0941 0.5262
vn -0.9002 0.0479 0.4329
vn -0.8368 -0.0220 0.5470
vn -0.8365 -0.0133 0.5477
vn -0.8927 -0.0046 0.4506
vn -0.5892 -0.1618 -0.7916
vn -0.5727 -0.1999 -0.7950
vn -0.6191 -0.1484 -0.7712
vn -0.6140 -0.2201 -0.7580
vn -0.6202 -0.3894 -0.6810
vn -0.6761 -0.4921 -0.5484
vn -0.7334 -0.4772 -0.4841
vn -0.7264 -0.4104 -0.5514
vn -0.7380 -0.4626 -0.4914
vn -0.7230 -0.2900 -0.6271
vn -0.8550 -0.2795 -0.4369
vn -0.7106 -0.1635 -0.6843
vn -0.6604 -0.2204 -0.7179
vn -0.8068 -0.0897 -0.5839
vn -0.7436 -0.1464 -0.6524
vn -0.6284 -0.3084 -0.7142
vn -0.5561 -0.3849 -0.7366
vn -0.8788 -0.0876 0.4692
vn -0.8398 -0.0868 0.5359
vn -0.8624 -0.1558 0.4816
vn -0.8537 -0.1563 0.4967
vn -0.8625 -0.0209 0.5056
vn -0.8318 -0.0470 0.5530
vn -0.8357 -0.0981 0.5404
vn -0.8489 -0.0249 0.5279
vn -0.8262 -0.0408 0.5619
vn -0.8081 -0.0490 0.5870
vn -0.8368 0.0115 0.5474
vn -0.8217 0.0066 0.5699
vn -0.8158 0.0186 0.5780
vn -0.8433 0.0335 0.5364
vn -0.8103 0.0520 0.5837
vn -0.8286 0.0464 0.5580
vn -0.8801 -0.0220 0.4742
vn -0.7985 0.0502 0.5999
vn -0.8265 0.0949 0.5548
vn -0.8096 0.0998 0.5785
vn -0.8672 -0.1573 0.4725
vn -0.8750 -0.1743 0.4517
vn -0.9230 -0.1997 0.3289
vn -0.8294 0.0889 0.5516
vn -0.8661 -0.0675 0.4953
vn -0.9416 -0.2483 0.2275
vn -0.6362 -0.2252 -0.7380
vn -0.6824 -0.1580 -0.7137
vn -0.7473 -0.2837 -0.6009
vn -0.9441 -0.1551 -0.2909
vn -0.9409 -0.2751 -0.1978
vn -0.8722 -0.4466 -0.1997
vn -0.9477 -0.3047 -0.0951
vn -0.9267 -0.3733 -0.0426
vn -0.9533 -0.0935 0.2872
vn -0.9307 -0.0741 0.3582
vn -0.9327 -0.0499 0.3572
vn -0.8970 -0.0429 0.4400
vn -0.9666 -0.1733 0.1890
vn -0.9531 -0.1026 0.2849
vn -0.9390 -0.0596 0.3388
vn -0.9630 -0.0869 0.2550
vn -0.9864 -0.0926 0.1355
vn -0.9987 -0.0183 0.0471
vn -0.9984 -0.0476 -0.0313
vn -0.9624 -0.2130 -0.1686
vn -0.8455 -0.3925 -0.3622
vn -0.9193 -0.0967 0.3815
vn -0.9267 -0.1846 0.3275
vn -0.2343 -0.5187 -0.8222
vn -0.3245 -0.7642 -0.5574
vn -0.2600 -0.8713 -0.4162
vn -0.3782 -0.9186 -0.1148
vn -0.4597 -0.8744 0.1550
vn -0.5638 -0.8038 0.1897
vn -0.6667 -0.7235 0.1790
vn -0.3415 -0.5029 -0.7941
vn -0.5040 -0.6881 -0.5221
vn -0.4778 -0.8489 -0.2259
vn -0.6896 -0.7231 0.0399
vn -0.5474 -0.8299 0.1079
vn -0.5499 -0.8188 0.1653
vn -0.7417 -0.5771 0.3419
vn -0.6148 -0.7322 0.2930
vn -0.7507 -0.5057 0.4251
vn -0.7849 -0.3784 0.4906
vn -0.8731 -0.3756 0.3109
vn -0.5290 -0.4992 -0.6863
vn -0.7661 -0.5809 -0.2751
vn -0.8260 -0.5612 -0.0534
vn -0.8387 -0.3032 0.4525
vn -0.7754 -0.1864 0.6033
vn -0.7474 -0.1796 0.6397
vn -0.8209 -0.2910 0.4913
vn -0.7833 -0.2391 0.5739
vn -0.7707 -0.1342 0.6230
vn -0.7157 -0.1592 0.6800
vn -0.7723 -0.1558 0.6159
vn -0.7089 -0.1327 0.6927
vn -0.8773 -0.1990 0.4368
vn -0.9612 -0.1922 0.1978
vn -0.9712 -0.2040 0.1230
vn -0.9557 -0.2230 0.1918
vn -0.8360 -0.1501 0.5278
vn -0.9509 -0.1658 0.2615
vn -0.9651 -0.2154 0.1489
vn -0.8096 -0.1886 0.5558
vn -0.9081 -0.2264 0.3523
vn -0.9338 -0.2852 0.2160
vn -0.9585 -0.2243 0.1760
vn -0.9716 -0.2088 0.1114
vn -0.9753 -0.2207 0.0032
vn -0.9631 -0.2540 0.0889
vn -0.9542 -0.2189 0.2039
vn -0.9738 -0.1952 0.1166
vn -0.9769 -0.2129 0.0168
vn -0.9641 -0.2490 0.0923
vn -0.9430 -0.2781 0.1830
vn -0.9698 -0.2380 -0.0537
vn -0.9560 -0.2912 0.0365
vn -0.9500 -0.3108 0.0290
vn -0.8912 -0.4154 0.1821
vn -0.9026 -0.2717 0.3338
vn -0.8155 -0.2760 0.5087
vn -0.7548 -0.2258 0.6159
vn -0.7960 -0.2581 0.5475
vn -0.9362 -0.1858 0.2983
vn -0.8455 -0.1886 0.4995
vn -0.9485 -0.1477 0.2801
vn -0.8771 -0.1481 0.4569
vn -0.9449 -0.1543 0.2887
vn -0.8995 -0.1863 0.3952
vn 0.0196 -0.4132 -0.9104
vn -0.6944 -0.1212 0.7093
vn -0.7611 -0.1305 0.6353
vn -0.9162 -0.1813 0.3573
vn -0.7230 -0.1387 0.6768
vn -0.7231 -0.1356 0.6773
vn -0.8816 -0.1999 0.4276
vn -0.7512 -0.1813 0.6347
vn -0.6915 -0.1688 0.7024
vn -0.7763 -0.2055 0.5959
vn -0.6976 -0.1629 0.6977
vn -0.9051 -0.3418 0.2529
vn -0.9252 -0.3239 0.1976
vn -0.9191 -0.3277 0.2189
vn -0.9509 -0.2507 0.1815
vn -0.9666 -0.1795 0.1830
vn -0.9746 -0.1261 0.1848
vn -0.9601 -0.1659 0.2254
vn -0.9395 -0.2821 0.1943
vn -0.9292 -0.3092 0.2025
vn -0.8940 -0.2478 0.3733
vn -0.9338 -0.2593 0.2466
vn -0.9105 -0.2683 0.3146
vn 0.0685 -0.3656 -0.9283
vn -0.9047 -0.1716 0.3899
vn -0.7727 -0.1550 0.6156
vn -0.9163 -0.2340 0.3251
vn -0.8307 -0.1946 0.5217
vn -0.9732 -0.1607 0.1646
vn -0.9574 -0.2311 0.1733
vn -0.9689 -0.0696 0.2374
vn -0.9644 -0.1073 0.2415
vn -0.9649 -0.1054 0.2403
vn -0.9742 -0.0641 0.2163
vn -0.9484 -0.0262 0.3161
vn -0.9608 -0.0819 0.2650
vn -0.9629 -0.0918 0.2537
vn -0.9284 0.0315 0.3703
vn -0.9533 0.0373 0.2998
vn -0.9640 0.0131 0.2657
vn -0.9431 -0.1650 0.2887
vn -0.9532 -0.1377 0.2693
vn -0.9048 -0.0698 0.4201
vn -0.9180 -0.1318 0.3739
vn -0.9556 -0.1516 0.2527
vn -0.9633 -0.1227 0.2386
vn -0.9227 -0.0996 0.3724
vn -0.9694 -0.1049 0.2220
vn -0.9694 -0.1064 0.2211
vn -0.9188 -0.1083 0.3795
vn -0.9244 -0.1028 0.3672
vn -0.9344 -0.0782 0.3475
vn -0.9288 -0.0293 0.3695
vn -0.8087 -0.1470 0.5695
vn -0.7434 -0.0848 0.6635
vn -0.8735 -0.1305 0.4689
vn -0.8162 -0.0295 0.5770
vn -0.9363 -0.2856 0.2045
vn -0.9326 -0.2607 0.2495
vn -0.9477 -0.2450 0.2046
vn -0.9467 -0.2278 0.2277
vn -0.9599 -0.1746 0.2193
vn -0.9610 -0.1621 0.2241
vn -0.9677 -0.1110 0.2265
vn -0.9281 -0.2220 0.2989
vn -0.9083 -0.2140 0.3594
vn -0.9288 -0.1962 0.3142
vn -0.8150 -0.5475 0.1899
vn -0.9250 -0.2719 0.2655
vn -0.9424 -0.0870 0.3230
vn -0.9357 -0.1939 0.2947
vn 0.1183 -0.2966 -0.9477
vn 0.1523 -0.2368 -0.9595
vn 0.1588 -0.1188 -0.9801
vn 0.1644 -0.9863 -0.0150
vn 0.1636 -0.9829 0.0843
vn 0.1973 -0.9801 -0.0237
vn 0.2223 -0.9735 -0.0542
vn 0.2905 -0.9547 -0.0645
vn 0.1851 -0.9788 -0.0874
vn 0.1266 -0.9858 -0.1100
vn 0.2970 -0.9549 0.0009
vn 0.2753 -0.9610 -0.0255
vn 0.2456 -0.9681 0.0494
vn 0.3277 -0.9415 0.0792
vn 0.1793 -0.9817 0.0640
vn 0.3366 -0.9322 0.1334
vn 0.0391 -0.9992 0.0127
vn 0.0228 -0.9997 -0.0041
vn 0.0962 -0.9872 0.1274
vn -0.0227 -0.9995 -0.0197
vn -0.0809 -0.9956 -0.0482
vn 0.0277 -0.9946 -0.0995
vn -0.0270 -0.9923 -0.1205
vn -0.1777 -0.9772 -0.1162
vn 0.0638 -0.9934 -0.0957
vn 0.1293 -0.9913 0.0233
vn 0.2211 -0.9640 0.1480
vn 0.2478 -0.9574 0.1483
vn 0.1795 -0.9759 0.1236
vn 0.1975 -0.9640 0.1779
vn -0.2493 -0.9674 0.0440
vn -0.2520 -0.9597 0.1248
vn -0.2589 -0.9659 -0.0061
vn -0.2430 -0.9672 -0.0745
vn -0.2230 -0.9591 -0.1746
vn -0.1555 -0.9679 -0.1976
vn -0.1713 -0.9715 -0.1636
vn -0.2699 -0.9315 -0.2438
vn -0.1080 -0.9941 -0.0099
vn -0.0342 -0.9977 0.0592
vn 0.0860 -0.9894 0.1168
vn -0.1852 -0.9815 0.0477
vn -0.1949 -0.9740 0.1158
vn -0.1518 -0.9878 -0.0357
vn -0.1247 -0.9878 -0.0935
vn -0.1439 -0.9774 -0.1549
vn -0.2051 -0.9606 -0.1876
vn -0.2742 -0.9473 -0.1656
vn -0.2013 -0.9760 -0.0829
vn -0.1957 -0.9703 -0.1422
vn -0.1175 -0.9927 -0.0288
vn -0.0305 -0.9995 -0.0040
vn 0.0336 -0.9991 0.0250
vn 0.0317 -0.9914 0.1266
vn 0.0391 -0.9977 -0.0558
vn 0.0347 -0.9943 -0.1009
vn 0.0228 -0.9925 -0.1198
vn -0.0077 -0.9934 -0.1146
vn -0.0727 -0.9930 -0.0926
vn -0.1481 -0.9846 -0.0932
vn -0.0887 -0.9914 -0.0958
vn -0.0603 -0.9908 -0.1213
vn -0.0599 -0.9961 -0.0653
vn 0.1206 -0.9926 0.0126
vn 0.1036 -0.9872 0.1213
vn 0.1191 -0.9918 -0.0471
vn 0.1150 -0.9882 -0.1008
vn 0.1233 -0.9856 -0.1161
vn 0.1235 -0.9883 -0.0892
vn 0.1026 -0.9935 -0.0501
vn 0.0383 -0.9938 -0.1040
vn 0.0807 -0.9934 -0.0812
vn 0.1528 -0.9869 -0.0521
vn 0.0362 -0.9976 -0.0589
vn 0.1292 -0.9916 0.0043
vn 0.0852 -0.9936 0.0743
vn 0.1426 -0.9885 -0.0495
vn 0.1640 -0.9796 -0.1164
vn 0.1945 -0.9702 -0.1442
vn 0.2027 -0.9767 -0.0701
vn 0.1569 -0.9869 -0.0378
vn 0.1731 -0.9782 -0.1147
vn 0.1742 -0.9842 -0.0320
vn 0.1263 -0.9915 -0.0311
vn 0.1187 -0.9913 -0.0573
vn 0.1070 -0.9937 -0.0344
vn 0.1665 -0.9709 -0.1724
vn -0.1119 -0.9870 -0.1155
vn -0.3244 -0.8910 -0.3175
vn -0.3143 -0.8837 -0.3467
vn -0.1605 -0.9735 -0.1630
vn -0.1956 -0.9587 -0.2063
vn -0.0081 -0.9852 -0.1710
vn 0.0187 -0.8073 -0.5899
vn -0.0283 -0.5336 -0.8453
vn -0.0561 -0.4838 -0.8734
vn -0.0823 -0.5115 -0.8553
vn 0.0833 -0.9949 0.0570
vn 0.1741 -0.9697 0.1713
vn -0.0819 -0.9898 -0.1169
vn -0.3171 -0.8791 -0.3558
vn -0.2645 -0.8905 -0.3701
vn -0.1174 -0.9666 -0.2278
vn -0.1123 -0.9396 -0.3233
vn 0.0270 -0.8367 -0.5471
vn 0.0030 -0.5929 -0.8053
vn -0.0581 -0.5249 -0.8492
vn -0.0936 -0.5398 -0.8366
vn 0.1631 -0.9807 0.1077
vn 0.1208 -0.9905 0.0659
vn 0.1130 -0.9933 0.0236
vn 0.1891 -0.9798 0.0646
vn 0.0069 -0.9911 -0.1327
vn -0.0679 -0.9756 -0.2088
vn -0.3018 -0.8593 -0.4130
vn -0.2209 -0.7432 -0.6316
vn -0.1664 -0.6288 -0.7596
vn -0.0712 -0.5638 -0.8229
vn -0.1312 -0.5172 -0.8457
vn -0.1902 -0.5192 -0.8332
vn 0.0901 -0.9957 0.0213
vn 0.1545 -0.9853 0.0723
vn 0.0657 -0.9978 -0.0087
vn -0.1239 -0.9568 -0.2631
vn -0.2932 -0.7660 -0.5721
vn -0.3476 -0.4557 -0.8195
vn -0.2544 -0.4112 -0.8753
vn -0.2536 -0.4450 -0.8589
vn -0.1557 -0.4764 -0.8653
vn -0.0216 -0.9972 -0.0720
vn 0.0578 -0.9982 0.0146
vn 0.1101 -0.9916 0.0685
vn 0.0656 -0.9919 -0.1084
vn -0.0483 -0.8816 -0.4695
vn -0.1644 -0.5693 -0.8055
vn -0.1933 -0.3456 -0.9183
vn -0.1573 -0.4013 -0.9024
vn 0.0056 -0.9962 -0.0867
vn -0.0039 -0.9991 -0.0425
vn 0.0377 -0.9988 0.0311
vn 0.0759 -0.9949 -0.0669
vn 0.0335 -0.9458 -0.3229
vn -0.1161 -0.6820 -0.7221
vn -0.1700 -0.3191 -0.9324
vn -0.1507 -0.3325 -0.9310
vn 0.0644 -0.9971 -0.0397
vn 0.0161 -0.9993 -0.0343
vn 0.0087 -0.9999 -0.0121
vn 0.0349 -0.9954 -0.0896
vn 0.0358 -0.9712 -0.2357
vn -0.0561 -0.7813 -0.6217
vn -0.1589 -0.4002 -0.9025
vn -0.1938 -0.2919 -0.9366
vn -0.1755 -0.2835 -0.9428
vn -0.1624 -0.2854 -0.9446
vn -0.1440 -0.3077 -0.9405
vn -0.1070 -0.4790 -0.8713
vn -0.1229 -0.4492 -0.8849
vn -0.0829 -0.4176 -0.9048
vn -0.0928 -0.4327 -0.8968
vn -0.0422 -0.3858 -0.9216
vn -0.0294 -0.3419 -0.9393
vn -0.0488 -0.3329 -0.9417
vn -0.0865 -0.3545 -0.9310
vn -0.1335 -0.3344 -0.9329
vn -0.1530 -0.3286 -0.9320
vn -0.0960 -0.4871 -0.8680
vn -0.0710 -0.4059 -0.9112
vn -0.0313 -0.3641 -0.9308
vn 0.0001 -0.3630 -0.9318
vn 0.0013 -0.3678 -0.9299
vn -0.0281 -0.3815 -0.9239
vn -0.0656 -0.3931 -0.9172
vn -0.0911 -0.3827 -0.9194
vn -0.0927 -0.4716 -0.8769
vn -0.0679 -0.3704 -0.9264
vn -0.0424 -0.3275 -0.9439
vn -0.0227 -0.3446 -0.9385
vn -0.0203 -0.3960 -0.9180
vn -0.0366 -0.4233 -0.9053
vn -0.0410 -0.4040 -0.9138
vn -0.0212 -0.3778 -0.9256
vn -0.0962 -0.4478 -0.8889
vn -0.0824 -0.3646 -0.9275
vn -0.0937 -0.3223 -0.9420
vn -0.1110 -0.3483 -0.9308
vn -0.0871 -0.4000 -0.9124
vn -0.0912 -0.4076 -0.9086
vn -0.1388 -0.3764 -0.9160
vn -0.0359 -0.3702 -0.9283
vn 0.0052 -0.3409 -0.9401
vn -0.0909 -0.4091 -0.9080
vn -0.0611 -0.3669 -0.9283
vn -0.0640 -0.3381 -0.9389
vn -0.0745 -0.3486 -0.9343
vn -0.0734 -0.3663 -0.9276
vn -0.0528 -0.3692 -0.9278
vn -0.0377 -0.3398 -0.9397
vn -0.0421 -0.3311 -0.9427
vn -0.0845 -0.3699 -0.9252
vn -0.0818 -0.3286 -0.9409
vn -0.0404 -0.3243 -0.9451
vn -0.0083 -0.3383 -0.9410
vn 0.0089 -0.3507 -0.9365
vn 0.0184 -0.3531 -0.9354
vn 0.0063 -0.3584 -0.9336
vn -0.0407 -0.3877 -0.9209
vn -0.1554 -0.2876 -0.9451
vn -0.1190 -0.2839 -0.9514
vn -0.0878 -0.3037 -0.9487
vn -0.0557 -0.3169 -0.9468
vn -0.0148 -0.3219 -0.9467
vn 0.0181 -0.3801 -0.9248
vn 0.0040 -0.4652 -0.8852
vn -0.1767 -0.2718 -0.9460
vn -0.1482 -0.2962 -0.9436
vn -0.1845 -0.3627 -0.9135
vn -0.1286 -0.2881 -0.9489
vn -0.0973 -0.3315 -0.9384
vn -0.0871 -0.2678 -0.9595
vn -0.0834 -0.2912 -0.9530
vn -0.0112 -0.3386 -0.9409
vn -0.0371 -0.2858 -0.9576
vn -0.0705 -0.3060 -0.9494
vn 0.0004 -0.3644 -0.9313
vn -0.0517 -0.3444 -0.9374
vn -0.0951 -0.3274 -0.9401
vn -0.0659 -0.4040 -0.9124
vn -0.1015 -0.3924 -0.9142
vn -0.1284 -0.3447 -0.9299
vn -0.0837 -0.4440 -0.8921
vn -0.0868 -0.3885 -0.9173
vn -0.0407 -0.3064 -0.9510
vn -0.0993 -0.3143 -0.9441
vn 0.0480 -0.2378 -0.9701
vn -0.0112 -0.4703 -0.8824
vn 0.0551 -0.3141 -0.9478
vn 0.1680 -0.1309 -0.9771
vn 0.2040 -0.1122 -0.9725
vn -0.1419 -0.2809 -0.9492
vn -0.1537 -0.2706 -0.9504
vn -0.1445 -0.2915 -0.9456
vn -0.1327 -0.3452 -0.9291
vn -0.1173 -0.3299 -0.9367
vn -0.0540 -0.2778 -0.9591
vn -0.0158 -0.2472 -0.9688
vn -0.0354 -0.2443 -0.9691
vn -0.0852 -0.1591 -0.9836
vn -0.0980 -0.3049 -0.9473
vn -0.1538 -0.2627 -0.9525
vn -0.1402 -0.3020 -0.9429
vn -0.0714 -0.2912 -0.9540
vn -0.1752 -0.3941 -0.9022
vn -0.1328 -0.2709 -0.9534
vn -0.1150 -0.2174 -0.9693
vn -0.0739 -0.2233 -0.9719
vn -0.0530 -0.1596 -0.9858
vn -0.1107 -0.2826 -0.9528
vn -0.1643 -0.2124 -0.9633
vn -0.0714 -0.3131 -0.9470
vn -0.0625 -0.2942 -0.9537
vn -0.0718 -0.3499 -0.9340
vn -0.0658 -0.3374 -0.9391
vn -0.0361 -0.2328 -0.9718
vn -0.0209 -0.1769 -0.9840
vn -0.0462 -0.2664 -0.9628
vn -0.0790 -0.3208 -0.9438
vn -0.1442 -0.2467 -0.9583
vn -0.0631 -0.2168 -0.9742
vn -0.1113 -0.3133 -0.9431
vn -0.1116 -0.2866 -0.9515
vn -0.0707 -0.3233 -0.9437
vn 0.0088 -0.2863 -0.9581
vn 0.0573 -0.2075 -0.9765
vn 0.0537 -0.2029 -0.9777
vn 0.0584 -0.2763 -0.9593
vn 0.1174 -0.2942 -0.9485
vn 0.2110 -0.2171 -0.9531
vn 0.1155 -0.2023 -0.9725
vn -0.1484 -0.3329 -0.9312
vn -0.0785 -0.2681 -0.9602
vn 0.0261 -0.2360 -0.9714
vn 0.1260 -0.2032 -0.9710
vn 0.1883 -0.1872 -0.9641
vn 0.1297 -0.2181 -0.9673
vn 0.2201 -0.2491 -0.9431
vn 0.2711 -0.2146 -0.9383
vn 0.2938 -0.2018 -0.9343
vn 0.3700 -0.1220 -0.9210
vn 0.1691 -0.1447 -0.9749
vn 0.2623 -0.1451 -0.9540
vn 0.3056 -0.1448 -0.9411
vn 0.3288 -0.1376 -0.9343
vn 0.3694 -0.1762 -0.9124
vn 0.3513 -0.2153 -0.9112
vn 0.3904 -0.1434 -0.9094
vn 0.4274 -0.1293 -0.8948
vn 0.4191 -0.0864 -0.9038
vn 0.4313 -0.0824 -0.8985
vn 0.2989 -0.0405 -0.9534
vn 0.2617 -0.0131 -0.9651
vn 0.3437 -0.0897 -0.9348
vn 0.2631 -0.0650 -0.9626
vn 0.3479 -0.1274 -0.9289
vn 0.2874 -0.1092 -0.9516
vn -0.7250 -0.1878 0.6627
vn -0.7936 -0.1795 0.5814
vn -0.8244 -0.2044 0.5278
vn -0.7865 -0.2673 0.5568
vn -0.6963 -0.0859 0.7126
vn -0.7769 -0.1285 0.6164
vn -0.8505 -0.1634 0.5000
vn -0.6588 -0.0347 0.7515
vn -0.7326 -0.0897 0.6748
vn -0.8265 -0.1672 0.5376
vn -0.6585 -0.0556 0.7505
vn -0.6642 -0.0760 0.7437
vn -0.7275 -0.1669 0.6655
vn -0.7092 -0.1399 0.6910
vn -0.6257 -0.0881 0.7750
vn -0.6277 -0.1253 0.7683
vn -0.7789 -0.1895 0.5978
vn -0.6679 -0.1068 0.7365
vn -0.6056 -0.0628 0.7933
vn -0.8346 -0.1752 0.5223
vn -0.7493 -0.1686 0.6404
vn -0.6434 -0.1053 0.7582
vn 0.0141 -0.9969 0.0774
vn -0.0110 -0.9981 0.0610
vn 0.0004 -0.9947 0.1033
vn 0.0067 -0.9888 0.1490
vn 0.0059 -0.9867 0.1623
vn -0.0397 -0.9873 0.1538
vn -0.0546 -0.9916 0.1171
vn 0.0001 -0.9932 0.1164
vn -0.0043 -0.9984 0.0555
vn 0.0016 -0.9999 -0.0166
vn 0.0383 -0.9948 -0.0947
vn 0.0695 -0.9889 0.1317
vn 0.0354 -0.9972 0.0664
vn 0.0224 -0.9951 0.0960
vn 0.0301 -0.9899 0.1383
vn 0.0327 -0.9858 0.1645
vn 0.0498 -0.9909 0.1247
vn 0.0558 -0.9966 0.0608
vn 0.0807 -0.9948 -0.0626
vn 0.0798 -0.9861 -0.1455
vn 0.0430 -0.9876 0.1511
vn 0.0405 -0.9953 0.0874
vn 0.0405 -0.9954 0.0864
vn 0.0557 -0.9920 0.1130
vn 0.0493 -0.9897 0.1341
vn 0.0856 -0.9922 0.0909
vn 0.1006 -0.9904 0.0949
vn 0.1324 -0.9899 0.0513
vn 0.1480 -0.9887 -0.0247
vn 0.1572 -0.9711 -0.1796
vn 0.1438 -0.9847 -0.0982
vn 0.1418 -0.9785 -0.1496
vn 0.1141 -0.9836 -0.1396
vn -0.1687 -0.9773 0.1280
vn -0.1068 -0.9922 0.0648
vn -0.0228 -0.9992 0.0338
vn 0.0453 -0.9958 0.0790
vn 0.0761 -0.9950 0.0653
vn 0.1274 -0.9914 0.0308
vn 0.0998 -0.9950 0.0098
vn 0.1056 -0.9930 -0.0530
vn 0.0100 -0.9997 -0.0225
vn -0.3395 -0.9357 0.0961
vn -0.2797 -0.9600 -0.0120
vn 0.1294 -0.6878 -0.7143
vn 0.0247 -0.9993 0.0298
vn 0.0268 -0.9964 0.0801
vn -0.0005 -1.0000 -0.0042
vn -0.0015 -0.9996 -0.0291
vn -0.2328 -0.9175 0.3224
vn 0.0430 -0.9693 0.2420
vn -0.1017 -0.9681 0.2290
vn -0.1844 -0.9786 0.0911
vn 0.1038 -0.9886 0.1088
vn -0.1935 -0.9788 -0.0676
vn 0.0748 -0.9960 -0.0493
vn -0.1334 -0.9638 -0.2309
vn 0.0294 -0.9763 -0.2146
vn -0.0086 -0.9815 -0.1913
vn -0.0294 -0.9994 0.0174
vn -0.1485 -0.9684 0.2002
vn -0.2263 -0.9729 0.0465
vn -0.3337 -0.9414 0.0497
vn -0.3933 -0.8686 0.3015
vn 0.1922 -0.9646 0.1805
vn 0.1977 -0.9742 0.1086
vn 0.2348 -0.9702 0.0606
vn 0.2241 -0.9744 -0.0155
vn 0.1515 -0.9806 -0.1241
vn 0.0699 -0.9953 -0.0671
vn -0.1923 -0.9710 0.1422
vn -0.2563 -0.9225 0.2887
vn -0.5884 -0.7033 0.3989
vn -0.3601 -0.8839 0.2982
vn -0.4404 -0.8834 0.1601
vn -0.6763 -0.6914 0.2543
vn -0.7564 -0.5825 0.2975
vn -0.7395 -0.5288 0.4166
vn -0.7410 -0.2719 0.6140
vn -0.7505 -0.1954 0.6313
vn -0.6970 -0.1012 0.7099
vn -0.6747 -0.1688 0.7185
vn -0.6902 -0.4118 0.5950
vn -0.0984 -0.9904 0.0975
vn 0.1917 -0.9812 0.0216
vn -0.1604 -0.9828 0.0914
vn -0.1263 -0.9840 0.1254
vn -0.2192 -0.9555 0.1975
vn -0.5806 -0.6028 0.5473
vn -0.4600 -0.7782 0.4275
vn -0.7522 -0.3770 0.5404
vn -0.8821 -0.2692 0.3865
vn -0.8617 -0.4316 0.2667
vn -0.8544 -0.3684 0.3664
vn -0.9415 -0.2606 0.2138
vn -0.9104 -0.2200 0.3503
vn -0.8529 -0.1984 0.4829
vn 0.1797 0.8751 0.4494
vn 0.0651 0.8375 0.5425
vn -0.1196 0.7938 0.5963
vn -0.4194 0.6420 0.6418
vn -0.4062 0.6870 0.6025
vn -0.6521 0.3508 0.6721
vn -0.7454 0.0001 0.6666
vn -0.6600 0.1877 0.7274
vn -0.7108 -0.0491 0.7017
vn -0.7359 -0.1126 0.6677
vn -0.7070 -0.0785 0.7028
vn -0.7534 -0.0757 0.6532
vn -0.7316 -0.0838 0.6766
vn -0.7442 -0.0077 0.6679
vn -0.7354 -0.0277 0.6770
vn -0.6939 -0.1773 0.6979
vn -0.6819 -0.1774 0.7096
vn 0.0345 0.7551 0.6547
vn -0.2860 0.5738 0.7675
vn -0.2822 0.6206 0.7316
vn -0.6427 0.3387 0.6872
vn -0.8040 0.0816 0.5889
vn -0.7651 0.1866 0.6163
vn -0.8418 -0.0661 0.5357
vn -0.8135 -0.0514 0.5792
vn -0.8441 -0.0960 0.5275
vn -0.7973 -0.1171 0.5921
vn -0.7660 -0.1277 0.6300
vn -0.8087 0.0957 0.5804
vn -0.7848 -0.1023 0.6113
vn -0.7676 -0.0430 0.6395
vn 0.3585 -0.1036 -0.9278
vn 0.3076 -0.1040 -0.9458
vn -0.7295 0.1514 0.6670
vn 0.3980 -0.1287 -0.9083
vn -0.7425 0.0336 0.6690
vn -0.7366 0.0153 0.6761
vn -0.6801 -0.2074 0.7032
vn -0.6793 -0.1973 0.7069
vn -0.1380 0.5460 0.8263
vn -0.3869 0.2841 0.8773
vn -0.5253 0.0305 0.8504
vn -0.6460 0.1445 0.7495
vn -0.5919 -0.1482 0.7923
vn -0.7292 -0.0391 0.6832
vn -0.6693 -0.2549 0.6980
vn -0.7971 -0.1443 0.5863
vn -0.7536 0.0818 0.6523
vn -0.8588 -0.0632 0.5085
vn -0.7331 0.2912 0.6146
vn -0.8217 0.2270 0.5228
vn -0.7486 0.1934 0.6342
vn -0.7225 0.0075 0.6914
vn -0.7493 0.0142 0.6621
vn -0.6253 -0.0890 0.7753
vn -0.6815 -0.1649 0.7130
vn -0.3252 -0.0278 0.9452
vn -0.3051 0.1090 0.9461
vn -0.4511 -0.1433 0.8809
vn -0.4501 -0.0645 0.8907
vn -0.4973 -0.2415 0.8333
vn -0.5086 -0.2092 0.8352
vn -0.4800 -0.3310 0.8124
vn -0.5151 -0.3231 0.7939
vn -0.6046 0.0349 0.7957
vn -0.5574 -0.2298 0.7978
vn -0.6545 0.4122 0.6338
vn -0.6517 0.3050 0.6944
vn -0.6747 0.0286 0.7376
vn -0.6495 0.0255 0.7599
vn -0.6444 0.0159 0.7645
vn -0.6295 -0.0037 0.7770
vn -0.4061 -0.1360 0.9036
vn -0.4832 -0.1950 0.8535
vn -0.5180 -0.2641 0.8135
vn -0.5170 -0.3242 0.7922
vn -0.6387 -0.0638 0.7668
vn -0.7048 0.2543 0.6623
vn -0.6865 0.2574 0.6801
vn -0.6440 0.0753 0.7613
vn -0.7391 0.0762 0.6692
vn -0.6880 0.0063 0.7256
vn -0.6423 0.0691 0.7633
vn -0.3355 -0.1840 0.9239
vn -0.3559 -0.2241 0.9073
vn -0.3737 -0.2055 0.9045
vn -0.3874 -0.2971 0.8727
vn -0.4397 -0.2451 0.8640
vn -0.4313 -0.3410 0.8353
vn -0.4982 -0.2985 0.8141
vn -0.4441 -0.3175 0.8378
vn -0.5111 -0.3199 0.7977
vn -0.4416 -0.1851 0.8779
vn -0.5932 -0.1512 0.7907
vn -0.6013 0.1795 0.7786
vn -0.6411 0.1686 0.7487
vn -0.5462 0.4230 0.7230
vn -0.6591 0.1107 0.7438
vn -0.7066 -0.0111 0.7075
vn -0.6325 0.0703 0.7714
vn -0.4032 -0.2288 0.8861
vn -0.4003 -0.3314 0.8543
vn -0.4090 -0.3617 0.8378
vn -0.4212 -0.3074 0.8533
vn -0.4520 -0.1761 0.8744
vn -0.5611 -0.0154 0.8276
vn -0.7138 -0.0251 0.6999
vn -0.7205 0.0838 0.6883
vn -0.7802 -0.1216 0.6136
vn -0.7709 -0.0860 0.6311
vn -0.7285 -0.2131 0.6511
vn -0.7086 -0.1676 0.6854
vn -0.7004 -0.1487 0.6980
vn -0.6841 -0.2072 0.6993
vn -0.7619 -0.1951 0.6177
vn -0.7247 -0.1588 0.6705
vn -0.7469 -0.1389 0.6503
vn -0.3902 -0.3126 0.8660
vn -0.4170 -0.2555 0.8722
vn -0.4387 -0.3718 0.8181
vn -0.4336 -0.3461 0.8320
vn -0.4765 -0.3509 0.8061
vn -0.4389 -0.3594 0.8235
vn -0.5217 -0.3176 0.7918
vn -0.4596 -0.3022 0.8351
vn -0.5784 -0.2335 0.7816
vn -0.5092 -0.1941 0.8385
vn -0.6453 -0.1985 0.7377
vn -0.6013 -0.1256 0.7891
vn -0.3923 -0.2364 0.8890
vn -0.3776 -0.2797 0.8827
vn -0.4075 -0.2126 0.8881
vn -0.3529 -0.2733 0.8949
vn -0.5061 -0.2168 0.8348
vn -0.4777 -0.2574 0.8400
vn -0.5511 -0.2464 0.7973
vn -0.4599 -0.1939 0.8665
vn -0.4316 -0.1876 0.8824
vn -0.5929 -0.3355 0.7321
vn -0.5739 -0.3638 0.7337
vn -0.6105 -0.3419 0.7144
vn -0.5764 -0.3059 0.7578
vn -0.6305 -0.3334 0.7009
vn -0.5788 -0.3601 0.7316
vn -0.4266 -0.1458 0.8926
vn -0.4283 -0.1578 0.8897
vn -0.4728 -0.1713 0.8644
vn -0.4110 -0.1665 0.8963
vn -0.4183 -0.1712 0.8920
vn -0.3873 -0.2119 0.8973
vn -0.3486 -0.2276 0.9092
vn -0.5210 -0.2788 0.8068
vn -0.5277 -0.3246 0.7850
vn -0.5629 -0.2986 0.7707
vn -0.4818 -0.2449 0.8413
vn -0.5285 -0.2628 0.8072
vn -0.4959 -0.1774 0.8501
vn -0.6141 -0.2780 0.7386
vn -0.6402 -0.3137 0.7012
vn -0.3575 -0.2000 0.9122
vn -0.4244 -0.1965 0.8839
vn -0.4308 -0.2611 0.8638
vn -0.3399 -0.1565 0.9273
vn -0.4327 -0.1560 0.8879
vn -0.3559 -0.1544 0.9217
vn -0.3589 -0.1649 0.9187
vn 0.4088 -0.1321 -0.9030
vn -0.3712 -0.1863 0.9096
vn 0.4001 -0.0897 -0.9121
vn -0.3593 -0.2003 0.9115
vn -0.5190 -0.1739 0.8369
vn -0.5917 -0.2205 0.7754
vn -0.4759 -0.2255 0.8501
vn -0.3651 -0.1970 0.9099
vn -0.3171 -0.1740 0.9323
vn -0.2855 -0.1629 0.9445
vn -0.5667 -0.3090 0.7638
vn -0.3511 -0.2047 0.9137
vn -0.5886 -0.3029 0.7496
vn -0.3950 -0.2563 0.8822
vn -0.5618 -0.0571 0.8253
vn -0.5291 -0.0361 0.8478
vn -0.4280 -0.1418 0.8926
vn -0.5143 -0.1042 0.8513
vn -0.4404 -0.1292 0.8885
vn -0.3878 -0.1745 0.9051
vn -0.3919 -0.1529 0.9072
vn -0.3357 -0.1396 0.9315
vn -0.2751 -0.1685 0.9465
vn -0.9059 -0.3229 0.2739
vn -0.8353 -0.3758 0.4013
vn -0.7977 -0.3245 0.5083
vn -0.9257 -0.2782 0.2563
vn -0.8732 -0.2695 0.4061
vn -0.7041 -0.0863 0.7049
vn -0.3528 -0.1617 0.9216
vn -0.4723 -0.0412 0.8805
vn -0.7330 -0.2083 0.6475
vn -0.3383 -0.1857 0.9225
vn -0.7524 -0.2781 0.5971
vn -0.6060 0.0399 0.7945
vn -0.5761 -0.0969 0.8116
vn -0.5333 -0.0881 0.8414
vn -0.6058 -0.0802 0.7916
vn -0.5957 -0.0347 0.8025
vn -0.8005 -0.2376 0.5503
vn -0.6679 -0.2348 0.7062
vn -0.6124 -0.0377 0.7897
vn -0.5675 -0.0279 0.8229
vn -0.7771 -0.1411 0.6134
vn -0.7313 -0.4172 0.5395
vn -0.8309 -0.4017 0.3849
vn -0.8938 -0.3395 0.2929
vn -0.7862 -0.4399 0.4341
vn -0.8147 -0.1343 0.5642
vn -0.8643 -0.0984 0.4933
vn -0.7609 -0.0636 0.6457
vn -0.8263 -0.1024 0.5538
vn -0.8298 -0.1782 0.5288
vn -0.8872 -0.1210 0.4453
vn -0.8215 -0.2952 0.4878
vn -0.8985 -0.2268 0.3758
vn -0.7867 -0.0359 0.6163
vn -0.7050 0.0232 0.7088
vn -0.8181 -0.0711 0.5706
vn -0.7344 -0.0780 0.6742
vn -0.8592 -0.2047 0.4689
vn -0.8362 -0.2037 0.5092
vn -0.8695 -0.2027 0.4504
vn -0.7961 -0.2697 0.5417
vn -0.7922 -0.3239 0.5172
vn -0.6746 -0.2557 0.6925
vn -0.7838 -0.1207 0.6091
vn -0.8058 -0.0674 0.5884
vn -0.7973 -0.0790 0.5984
vn -0.7903 -0.1196 0.6009
vn -0.8327 -0.1327 0.5376
vn -0.8133 -0.0876 0.5752
vn -0.8036 -0.0825 0.5894
vn -0.8643 -0.1684 0.4739
vn -0.8203 -0.1531 0.5511
vn 0.3595 -0.0562 -0.9315
vn -0.7834 -0.2523 0.5680
vn -0.7745 -0.1963 0.6013
vn 0.3868 -0.1015 -0.9166
vn 0.1007 -0.9949 0.0040
vn 0.0894 -0.9932 -0.0743
vn 0.1399 -0.9884 0.0599
vn 0.1235 -0.9918 0.0315
vn 0.1486 -0.9848 0.0897
vn 0.1155 -0.9830 0.1430
vn 0.0102 -0.9627 0.2704
vn -0.1999 -0.7170 0.6678
vn -0.2787 -0.3702 0.8862
vn -0.3174 -0.2555 0.9132
vn 0.1431 -0.9895 0.0215
vn 0.0657 -0.9528 0.2963
vn -0.0890 -0.8526 0.5150
vn -0.2933 -0.5972 0.7465
vn -0.3672 -0.2826 0.8862
vn -0.3178 -0.2843 0.9045
vn -0.3151 -0.2317 0.9203
vn 0.0417 -0.9976 0.0557
vn -0.0895 -0.8957 0.4355
vn -0.3204 -0.5762 0.7519
vn -0.3458 -0.4300 0.8340
vn 0.3840 -0.1416 -0.9124
vn -0.3675 -0.2400 0.8985
vn -0.4314 -0.2901 0.8542
vn -0.3844 -0.8624 0.3294
vn -0.4717 -0.7924 0.3868
vn -0.7778 -0.2210 0.5883
vn -0.4789 -0.2905 0.8284
vn -0.5681 -0.2475 0.7848
vn -0.6850 -0.4068 0.6044
vn -0.3849 -0.7874 0.4815
vn -0.9128 -0.1646 0.3739
vn -0.6168 -0.0314 0.7865
vn -0.8654 -0.1025 0.4906
vn -0.5769 -0.2727 0.7699
vn -0.7669 -0.2637 0.5850
vn -0.5719 -0.0336 0.8196
vn -0.5524 -0.3422 0.7601
vn -0.6969 -0.2649 0.6664
vn -0.7612 -0.2254 0.6081
vn -0.7229 -0.2671 0.6372
vn -0.6732 -0.2339 0.7015
vn -0.7775 -0.2305 0.5851
vn -0.5138 -0.2725 0.8134
vn -0.5872 -0.2626 0.7657
vn -0.6552 -0.3105 0.6887
vn -0.5977 -0.3372 0.7274
vn -0.5629 -0.2476 0.7885
vn -0.5559 -0.2282 0.7993
vn -0.6215 -0.1936 0.7591
vn -0.5044 -0.1863 0.8431
vn -0.5904 -0.4057 0.6977
vn -0.6066 -0.3758 0.7006
vn -0.5776 -0.4010 0.7110
vn -0.5495 -0.4756 0.6869
vn -0.5990 -0.3354 0.7271
vn -0.6276 -0.3317 0.7043
vn -0.6353 -0.3251 0.7005
vn -0.5957 -0.3411 0.7272
vn -0.6412 -0.3264 0.6946
vn -0.6664 -0.3033 0.6811
vn -0.6991 -0.2836 0.6563
vn -0.7912 -0.3752 0.4829
vn -0.7584 -0.3180 0.5689
vn -0.6546 -0.3553 0.6672
vn -0.8363 -0.2776 0.4728
vn -0.8053 -0.2488 0.5381
vn -0.5481 -0.3560 0.7569
vn -0.5711 -0.3297 0.7518
vn -0.5620 -0.4072 0.7200
vn -0.5416 -0.2876 0.7899
vn -0.5559 -0.3162 0.7688
vn -0.5511 -0.3033 0.7773
vn -0.5251 -0.3103 0.7925
vn -0.5933 -0.3348 0.7321
vn -0.5719 -0.4424 0.6908
vn -0.6035 -0.4183 0.6789
vn -0.5574 -0.4047 0.7250
vn -0.5579 -0.4589 0.6915
vn -0.5893 -0.4660 0.6600
vn -0.5479 -0.4676 0.6937
vn -0.6503 -0.5627 0.5104
vn -0.7443 -0.4929 0.4506
vn -0.7189 -0.4940 0.4890
vn -0.6475 -0.6267 0.4336
vn -0.7178 -0.3832 0.5814
vn -0.7831 -0.3671 0.5020
vn -0.7497 -0.3678 0.5501
vn -0.8158 -0.3558 0.4560
vn -0.5981 -0.5126 0.6161
vn -0.6270 -0.4167 0.6582
vn -0.5465 -0.2870 0.7868
vn -0.5692 -0.3864 0.7258
vn -0.5673 -0.4395 0.6965
vn -0.5509 -0.3832 0.7414
vn -0.5462 -0.4349 0.7158
vn -0.5282 -0.3112 0.7900
vn -0.5256 -0.2815 0.8028
vn -0.7622 -0.4754 0.4395
vn -0.7547 -0.5401 0.3724
vn -0.7515 -0.6068 0.2590
vn -0.7695 -0.5802 0.2669
vn -0.7252 -0.2981 0.6207
vn -0.7554 -0.3767 0.5361
vn -0.8025 -0.4949 0.3334
vn -0.7322 -0.4994 0.4631
vn -0.7544 -0.5218 0.3983
vn -0.7842 -0.4813 0.3917
vn -0.7241 -0.5436 0.4245
vn -0.6617 -0.4984 0.5602
vn -0.6278 -0.5983 0.4979
vn -0.6509 -0.6168 0.4426
vn -0.6057 -0.6528 0.4550
vn -0.6293 -0.5850 0.5116
vn -0.3183 -0.1997 0.9267
vn -0.3915 -0.2611 0.8824
vn -0.4654 -0.2570 0.8470
vn -0.3281 -0.3016 0.8952
vn -0.3934 -0.2940 0.8711
vn -0.4995 -0.4837 0.7187
vn -0.4337 -0.3052 0.8478
vn -0.5889 -0.5253 0.6142
vn -0.5087 -0.3489 0.7871
vn -0.7337 -0.4359 0.5212
vn -0.7843 -0.4946 0.3745
vn -0.7287 -0.4967 0.4714
vn -0.7423 -0.3685 0.5596
vn -0.7516 -0.2775 0.5985
vn -0.7454 -0.5295 0.4050
vn -0.7991 -0.5140 0.3120
vn -0.8173 -0.5317 0.2220
vn -0.7825 -0.5854 0.2122
vn -0.8198 -0.5148 0.2506
vn -0.7437 -0.5854 0.3229
vn -0.7836 -0.5950 0.1786
vn -0.7361 -0.6376 0.2272
vn -0.7108 -0.6028 0.3625
vn -0.6686 -0.6294 0.3960
vn -0.6818 -0.6531 0.3294
vn -0.6626 -0.6732 0.3282
vn -0.6322 -0.6624 0.4020
vn -0.5961 -0.5998 0.5337
vn -0.4979 -0.2905 0.8171
vn -0.5751 -0.5636 0.5930
vn -0.7535 -0.4975 0.4298
vn -0.7584 -0.5473 0.3540
vn -0.7885 -0.5051 0.3508
vn -0.7402 -0.4852 0.4655
vn -0.7948 -0.5504 0.2554
vn -0.7637 -0.5933 0.2545
vn -0.7378 -0.6540 0.1670
vn -0.7623 -0.6388 0.1039
vn -0.7102 -0.6663 0.2274
vn -0.7035 -0.6831 0.1961
vn -0.7320 -0.6728 0.1074
vn -0.7589 -0.6388 0.1262
vn -0.6910 -0.6818 0.2403
vn -0.6725 -0.6835 0.2838
vn -0.7271 -0.6430 0.2405
vn -0.6950 -0.6245 0.3564
vn -0.7897 -0.4366 0.4310
vn -0.8070 -0.5050 0.3061
vn -0.8143 -0.5502 0.1849
vn -0.8595 -0.4755 0.1874
vn -0.9059 -0.4210 0.0449
vn -0.8282 -0.5574 0.0581
vn -0.8674 -0.4961 0.0394
vn -0.9167 -0.3995 -0.0122
vn -0.7888 -0.6122 0.0551
vn -0.8762 -0.4683 0.1138
vn -0.8621 -0.4600 0.2128
vn -0.8381 -0.2371 0.4913
vn -0.8641 -0.2721 0.4234
vn -0.9006 -0.3023 0.3122
vn -0.8758 -0.3227 0.3588
vn -0.7492 -0.0436 0.6609
vn -0.8120 -0.1625 0.5606
vn -0.9062 -0.2540 0.3380
vn -0.9052 -0.2583 0.3374
vn -0.9116 -0.2848 0.2963
vn -0.8567 -0.2427 0.4552
vn -0.9207 -0.2568 0.2938
vn -0.8761 -0.2703 0.3992
vn -0.4806 -0.1134 0.8696
vn -0.5440 -0.0965 0.8335
vn -0.5800 -0.1743 0.7958
vn -0.6736 -0.2258 0.7038
vn -0.5433 -0.0753 0.8362
vn -0.7938 -0.2248 0.5651
vn -0.6199 -0.0688 0.7817
vn -0.8937 -0.2122 0.3954
vn -0.7470 -0.1204 0.6538
vn -0.6194 -0.2048 0.7579
vn -0.7673 -0.2475 0.5916
vn -0.8363 -0.3015 0.4579
vn -0.8143 -0.3234 0.4819
vn -0.8383 -0.2828 0.4661
vn -0.8253 -0.2933 0.4826
vn -0.8428 -0.0456 0.5363
vn -0.8178 -0.1155 0.5639
vn -0.7931 0.1144 0.5982
vn -0.7763 0.0331 0.6295
vn -0.8915 -0.3150 0.3256
vn -0.8901 -0.3675 0.2695
vn -0.8803 -0.4093 0.2398
vn -0.8820 -0.4089 0.2343
vn -0.8442 -0.1817 0.5042
vn -0.8829 -0.2557 0.3938
vn -0.9154 -0.3020 0.2663
vn -0.8291 -0.1667 0.5337
vn -0.8488 -0.1742 0.4993
vn -0.9257 -0.2223 0.3059
vn -0.8123 -0.2977 0.5016
vn -0.6647 -0.1974 0.7206
vn -0.4576 -0.1572 0.8751
vn -0.7375 -0.2151 0.6402
vn -0.7589 -0.1809 0.6255
vn -0.7712 -0.1365 0.6218
vn -0.8140 -0.2543 0.5223
vn -0.7724 -0.3214 0.5479
vn -0.7571 -0.0350 0.6524
vn -0.7936 -0.0051 0.6084
vn -0.8445 -0.0070 0.5355
vn -0.7942 0.1932 0.5762
vn -0.7991 0.1531 0.5813
vn -0.7908 0.2012 0.5781
vn -0.8362 -0.1511 0.5273
vn -0.8380 -0.1353 0.5286
vn -0.8653 -0.1863 0.4654
vn -0.8464 -0.1658 0.5061
vn -0.8444 -0.1354 0.5184
vn -0.8367 -0.1246 0.5333
vn -0.8522 -0.1384 0.5047
vn -0.8229 -0.2513 0.5096
vn -0.8246 -0.2575 0.5038
vn -0.8527 -0.2153 0.4760
vn -0.8470 -0.3524 0.3980
vn -0.8739 -0.2958 0.3858
vn -0.8770 -0.4152 0.2418
vn -0.8176 -0.5304 0.2241
vn -0.8282 -0.4619 0.3174
vn -0.8384 -0.4804 0.2573
vn -0.8493 -0.3091 0.4280
vn -0.8436 -0.3030 0.4433
vn -0.8903 -0.3505 0.2906
vn -0.7550 -0.1303 0.6427
vn -0.8038 -0.1825 0.5662
vn -0.7825 -0.1528 0.6036
vn -0.7252 -0.1110 0.6795
vn -0.7134 -0.0520 0.6988
vn -0.7576 0.1012 0.6449
vn -0.7201 -0.2741 0.6375
vn -0.7781 -0.2313 0.5840
vn -0.8075 -0.2723 0.5232
vn -0.7507 -0.3007 0.5883
vn -0.7486 -0.2178 0.6262
vn -0.8059 -0.1779 0.5647
vn -0.7761 -0.1802 0.6043
vn -0.8274 -0.1603 0.5382
vn -0.7958 -0.5474 0.2590
vn -0.8053 -0.5031 0.3136
vn -0.7750 -0.3590 0.5201
vn -0.7976 -0.4548 0.3961
vn -0.7993 -0.5092 0.3191
vn -0.7001 -0.2550 0.6670
vn -0.7201 -0.2927 0.6291
vn -0.7258 -0.2498 0.6410
vn -0.6846 -0.2665 0.6785
vn -0.6935 -0.2465 0.6770
vn -0.4413 -0.8885 0.1255
vn -0.4632 -0.8751 0.1400
vn -0.4680 -0.8718 0.1449
vn -0.4348 -0.8930 0.1160
vn -0.4324 -0.8650 0.2546
vn -0.6329 -0.6367 0.4406
vn -0.6455 -0.4058 0.6470
vn -0.6988 -0.1209 0.7050
vn -0.7320 -0.1581 0.6627
vn -0.4499 -0.8813 0.1444
vn -0.3235 -0.9329 0.1582
vn -0.5255 -0.7715 0.3586
vn -0.6312 -0.6236 0.4611
vn -0.7465 -0.0976 0.6582
vn -0.7319 -0.0932 0.6750
vn -0.4988 -0.8213 0.2768
vn -0.7726 0.3152 0.5512
vn -0.5278 -0.7587 0.3819
vn -0.7971 -0.1461 0.5859
vn -0.7576 -0.1332 0.6390
vn -0.7962 -0.3021 0.5243
vn -0.8387 -0.2191 0.4986
vn -0.5955 -0.3226 0.7357
vn -0.5820 -0.3286 0.7439
vn -0.6412 -0.2768 0.7157
vn -0.6916 -0.2459 0.6792
vn -0.3839 -0.3733 0.8446
vn -0.4413 -0.4096 0.7984
vn -0.5302 -0.3655 0.7651
vn -0.4440 -0.4020 0.8008
vn -0.4766 -0.4506 0.7548
vt 0.473762 0.457359
vt 0.474374 0.452692
vt 0.480939 0.455912
vt 0.480521 0.462103
vt 0.467697 0.459410
vt 0.468134 0.453321
vt 0.473566 0.468268
vt 0.463375 0.442308
vt 0.463280 0.436191
vt 0.469101 0.439431
vt 0.468719 0.444405
vt 0.398410 0.046402
vt 0.402272 0.040929
vt 0.408253 0.041062
vt 0.407334 0.046930
vt 0.458333 0.445457
vt 0.462476 0.450883
vt 0.475521 0.442700
vt 0.475988 0.437455
vt 0.482027 0.440346
vt 0.481642 0.445668
vt 0.488708 0.443086
vt 0.488990 0.438231
vt 0.495055 0.440826
vt 0.494622 0.446677
vt 0.487821 0.454162
vt 0.400879 0.052107
vt 0.396823 0.056656
vt 0.394646 0.051957
vt 0.406499 0.052382
vt 0.404919 0.060228
vt 0.476752 0.429169
vt 0.477037 0.422881
vt 0.482955 0.426622
vt 0.482704 0.431273
vt 0.472077 0.431427
vt 0.469359 0.426985
vt 0.387622 0.051733
vt 0.388318 0.046440
vt 0.489717 0.429252
vt 0.490129 0.422671
vt 0.495933 0.426664
vt 0.495648 0.431732
vt 0.502363 0.429560
vt 0.502821 0.424184
vt 0.509023 0.427723
vt 0.508476 0.433994
vt 0.500469 0.438474
vt 0.433602 0.500542
vt 0.433984 0.493220
vt 0.439279 0.498556
vt 0.439064 0.502875
vt 0.457280 0.018773
vt 0.462094 0.013958
vt 0.466616 0.014942
vt 0.465687 0.020620
vt 0.429836 0.503232
vt 0.432611 0.509224
vt 0.474982 0.016669
vt 0.474127 0.022654
vt 0.468216 0.008614
vt 0.475701 0.010632
vt 0.166004 0.351900
vt 0.175082 0.344386
vt 0.180014 0.348802
vt 0.171495 0.357169
vt 0.162174 0.348303
vt 0.171089 0.340658
vt 0.429809 0.489494
vt 0.429054 0.482993
vt 0.434402 0.486131
vt 0.424359 0.493862
vt 0.421301 0.489001
vt 0.427356 0.498840
vt 0.417505 0.499132
vt 0.414593 0.494400
vt 0.473287 0.028362
vt 0.464897 0.026312
vt 0.157708 0.343817
vt 0.166311 0.335964
vt 0.154135 0.339879
vt 0.162455 0.331882
vt 0.447605 0.484878
vt 0.447665 0.480069
vt 0.453325 0.482614
vt 0.452913 0.488418
vt 0.441046 0.488030
vt 0.438355 0.483690
vt 0.446015 0.496572
vt 0.456931 0.035661
vt 0.453790 0.039994
vt 0.451192 0.034523
vt 0.454778 0.029130
vt 0.463627 0.037202
vt 0.461844 0.044372
vt 0.464278 0.031576
vt 0.471957 0.039578
vt 0.471280 0.045473
vt 0.472538 0.034154
vt 0.480200 0.042017
vt 0.479558 0.047881
vt 0.194347 0.732027
vt 0.194031 0.723459
vt 0.199598 0.723838
vt 0.199598 0.732376
vt 0.454505 0.466721
vt 0.454625 0.460010
vt 0.462305 0.465938
vt 0.458856 0.469316
vt 0.450640 0.468844
vt 0.447900 0.464192
vt 0.453909 0.474172
vt 0.443154 0.474227
vt 0.440331 0.469364
vt 0.437494 0.032253
vt 0.438305 0.027065
vt 0.447232 0.027844
vt 0.446405 0.033630
vt 0.438482 0.019602
vt 0.448063 0.022163
vt 0.435421 0.478735
vt 0.466982 0.468931
vt 0.466506 0.476624
vt 0.458209 0.481172
vt 0.463604 0.049093
vt 0.460645 0.053085
vt 0.457854 0.047952
vt 0.470621 0.050754
vt 0.469685 0.057119
vt 0.478941 0.053133
vt 0.478064 0.059774
vt 0.422522 0.036151
vt 0.418314 0.040564
vt 0.416344 0.035859
vt 0.420514 0.030419
vt 0.427654 0.036565
vt 0.426319 0.044099
vt 0.428470 0.030682
vt 0.436669 0.037799
vt 0.435668 0.044433
vt 0.445574 0.039229
vt 0.444674 0.045563
vt 0.453461 0.047103
vt 0.462317 0.455782
vt 0.454871 0.453860
vt 0.428543 0.049030
vt 0.424929 0.053245
vt 0.422469 0.048397
vt 0.434855 0.049845
vt 0.433502 0.057462
vt 0.443896 0.050964
vt 0.442890 0.057878
vt 0.452753 0.052259
vt 0.451753 0.059143
vt 0.460317 0.061010
vt 0.468855 0.063115
vt 0.477387 0.065294
vt 0.416608 0.047802
vt 0.408426 0.034358
vt 0.435686 0.062364
vt 0.432115 0.066455
vt 0.429672 0.061533
vt 0.442116 0.063040
vt 0.441001 0.070040
vt 0.450956 0.064319
vt 0.448815 0.072874
vt 0.459518 0.066158
vt 0.458447 0.073715
vt 0.468121 0.068175
vt 0.466983 0.075857
vt 0.476791 0.070205
vt 0.475590 0.078056
vt 0.415777 0.053044
vt 0.414676 0.060259
vt 0.423945 0.060961
vt 0.496106 0.496460
vt 0.496854 0.490676
vt 0.504067 0.499038
vt 0.500760 0.502934
vt 0.491142 0.496812
vt 0.491664 0.490943
vt 0.496635 0.507575
vt 0.509901 0.508413
vt 0.507312 0.512431
vt 0.502510 0.518266
vt 0.515073 0.518267
vt 0.512409 0.522871
vt 0.508079 0.529518
vt 0.519880 0.528791
vt 0.516715 0.534783
vt 0.512703 0.541295
vt 0.009195 0.351816
vt 0.011602 0.344602
vt 0.013920 0.358463
vt 0.011295 0.359786
vt 0.518419 0.542593
vt 0.516298 0.552829
vt 0.492577 0.472452
vt 0.493254 0.464606
vt 0.500218 0.471762
vt 0.496708 0.475641
vt 0.487615 0.473949
vt 0.484806 0.469393
vt 0.491820 0.481011
vt 0.479257 0.478993
vt 0.479885 0.470932
vt 0.486501 0.486744
vt 0.505780 0.476860
vt 0.504983 0.482452
vt 0.510100 0.481915
vt 0.510838 0.475466
vt 0.515756 0.482463
vt 0.512829 0.486998
vt 0.509700 0.491822
vt 0.519665 0.491883
vt 0.515792 0.493612
vt 0.514575 0.501064
vt 0.518539 0.500300
vt 0.006861 0.314997
vt 0.009933 0.313441
vt 0.013143 0.319560
vt 0.009781 0.327749
vt 0.518315 0.513116
vt 0.015830 0.331790
vt 0.012038 0.335044
vt 0.520563 0.520276
vt 0.017801 0.340528
vt 0.021469 0.355162
vt 0.487599 0.459359
vt 0.493911 0.456796
vt 0.499982 0.460195
vt 0.500401 0.455250
vt 0.506723 0.458413
vt 0.506073 0.464642
vt 0.511277 0.463185
vt 0.512060 0.457327
vt 0.518845 0.463724
vt 0.515492 0.468617
vt 0.522792 0.471088
vt 0.519703 0.476866
vt 0.008011 0.288679
vt 0.010246 0.281778
vt 0.013148 0.291237
vt 0.010476 0.293730
vt 0.521317 0.482259
vt 0.015444 0.298633
vt 0.010339 0.304119
vt 0.018087 0.307039
vt 0.013317 0.311079
vt 0.020547 0.315363
vt 0.023488 0.325805
vt 0.025662 0.334155
vt 0.028373 0.345718
vt 0.507852 0.440737
vt 0.514461 0.440255
vt 0.511613 0.443536
vt 0.503293 0.442670
vt 0.507182 0.448600
vt 0.520249 0.447293
vt 0.517875 0.450507
vt 0.524551 0.454714
vt 0.522149 0.459094
vt 0.008069 0.269453
vt 0.010431 0.263869
vt 0.014483 0.268529
vt 0.010577 0.273578
vt 0.005611 0.275143
vt 0.017089 0.276964
vt 0.019704 0.284681
vt 0.022618 0.292842
vt 0.025637 0.300995
vt 0.028427 0.308852
vt 0.032671 0.320201
vt 0.032038 0.328792
vt 0.036459 0.333689
vt 0.514625 0.431327
vt 0.515505 0.424708
vt 0.521166 0.430417
vt 0.519912 0.435412
vt 0.524750 0.435164
vt 0.525243 0.428690
vt 0.528467 0.433547
vt 0.524296 0.434782
vt 0.523708 0.441382
vt 0.529304 0.438910
vt 0.008430 0.249907
vt 0.012570 0.246265
vt 0.015768 0.254172
vt 0.012743 0.259277
vt 0.527216 0.451139
vt 0.018221 0.260107
vt 0.015494 0.262523
vt 0.020913 0.266051
vt 0.024295 0.272934
vt 0.026910 0.278732
vt 0.030364 0.286528
vt 0.033762 0.294785
vt 0.036611 0.302046
vt 0.039706 0.310744
vt 0.042514 0.319444
vt 0.037686 0.323859
vt 0.448766 0.553010
vt 0.449225 0.548647
vt 0.457184 0.557543
vt 0.453983 0.559650
vt 0.157005 0.360444
vt 0.161569 0.364572
vt 0.153317 0.356913
vt 0.464012 0.567268
vt 0.460801 0.569071
vt 0.149244 0.352710
vt 0.467887 0.572359
vt 0.467648 0.577537
vt 0.145795 0.348931
vt 0.472648 0.578620
vt 0.473300 0.574487
vt 0.480886 0.585204
vt 0.477746 0.586522
vt 0.473321 0.588428
vt 0.152189 0.373697
vt 0.165473 0.367900
vt 0.156235 0.377178
vt 0.432249 0.515263
vt 0.439375 0.515872
vt 0.436056 0.518556
vt 0.428343 0.516796
vt 0.425584 0.512465
vt 0.431864 0.522028
vt 0.148191 0.370039
vt 0.144588 0.366544
vt 0.444977 0.520961
vt 0.444622 0.525712
vt 0.437804 0.530780
vt 0.140682 0.362575
vt 0.450448 0.526017
vt 0.450791 0.520742
vt 0.457489 0.526708
vt 0.457153 0.530934
vt 0.450376 0.534785
vt 0.443839 0.539593
vt 0.137306 0.358959
vt 0.463212 0.531717
vt 0.463510 0.525711
vt 0.470258 0.533438
vt 0.466998 0.536063
vt 0.462902 0.539173
vt 0.456269 0.544235
vt 0.439404 0.542889
vt 0.443762 0.547527
vt 0.476211 0.543717
vt 0.472912 0.546191
vt 0.468647 0.549441
vt 0.462104 0.554201
vt 0.481500 0.555349
vt 0.478058 0.557845
vt 0.474405 0.560580
vt 0.468019 0.564786
vt 0.487225 0.567112
vt 0.483932 0.569430
vt 0.480308 0.571732
vt 0.493029 0.579061
vt 0.489684 0.581092
vt 0.485952 0.582966
vt 0.445618 0.502198
vt 0.452350 0.501503
vt 0.451951 0.506006
vt 0.445054 0.511112
vt 0.458217 0.505952
vt 0.458599 0.500016
vt 0.466475 0.506576
vt 0.463079 0.509817
vt 0.457744 0.514534
vt 0.470796 0.510123
vt 0.470376 0.516740
vt 0.475658 0.515690
vt 0.476439 0.510718
vt 0.484784 0.520102
vt 0.481345 0.523474
vt 0.476014 0.528476
vt 0.491378 0.530545
vt 0.487889 0.533921
vt 0.481811 0.539279
vt 0.495253 0.536205
vt 0.494809 0.543261
vt 0.487848 0.550547
vt 0.500362 0.542787
vt 0.501018 0.536820
vt 0.508786 0.547098
vt 0.505798 0.550716
vt 0.500158 0.556318
vt 0.493594 0.562196
vt 0.512125 0.554344
vt 0.511574 0.560962
vt 0.505422 0.568281
vt 0.499265 0.574163
vt 0.466015 0.484334
vt 0.472656 0.483102
vt 0.472294 0.487317
vt 0.461108 0.485608
vt 0.465478 0.492392
vt 0.478650 0.487227
vt 0.483065 0.490189
vt 0.478096 0.495128
vt 0.471283 0.501855
vt 0.483844 0.504940
vt 0.489660 0.515186
vt 0.495599 0.526113
vt 0.473285 0.472660
vt 0.372075 0.118300
vt 0.368645 0.123104
vt 0.365707 0.118148
vt 0.369870 0.114040
vt 0.379289 0.118855
vt 0.378401 0.127334
vt 0.379826 0.113943
vt 0.388252 0.120488
vt 0.387505 0.127266
vt 0.388592 0.115687
vt 0.396672 0.122864
vt 0.396399 0.128197
vt 0.397472 0.117266
vt 0.386841 0.132108
vt 0.381076 0.131839
vt 0.395771 0.133133
vt 0.350706 0.122018
vt 0.345391 0.121759
vt 0.342669 0.117047
vt 0.351230 0.117001
vt 0.359868 0.122764
vt 0.360485 0.117723
vt 0.358973 0.130224
vt 0.368214 0.130858
vt 0.374804 0.131471
vt 0.417256 0.120340
vt 0.413879 0.124506
vt 0.411028 0.119673
vt 0.415342 0.116144
vt 0.424791 0.121051
vt 0.423590 0.128030
vt 0.425531 0.116222
vt 0.433856 0.122081
vt 0.432459 0.130398
vt 0.434488 0.117403
vt 0.442511 0.123762
vt 0.441022 0.132625
vt 0.443211 0.119078
vt 0.451083 0.125508
vt 0.449357 0.134794
vt 0.451917 0.120826
vt 0.459576 0.127716
vt 0.457832 0.136895
vt 0.460328 0.123146
vt 0.467768 0.130629
vt 0.466267 0.138942
vt 0.468626 0.125978
vt 0.405393 0.124189
vt 0.404294 0.131235
vt 0.406368 0.118893
vt 0.413093 0.133759
vt 0.422258 0.135498
vt 0.431406 0.136418
vt 0.440048 0.138029
vt 0.448218 0.140847
vt 0.456636 0.143768
vt 0.464882 0.146948
vt 0.404187 0.135619
vt 0.412196 0.138835
vt 0.421343 0.140294
vt 0.430532 0.141135
vt 0.439275 0.142720
vt 0.437593 0.151629
vt 0.447429 0.145578
vt 0.446014 0.153781
vt 0.455746 0.148518
vt 0.463962 0.151716
vt 0.523216 0.391451
vt 0.523756 0.386346
vt 0.530651 0.391342
vt 0.527062 0.396296
vt 0.518398 0.393518
vt 0.518771 0.387889
vt 0.523152 0.401800
vt 0.009552 0.199887
vt 0.011250 0.194325
vt 0.014780 0.201549
vt 0.011454 0.204518
vt 0.529992 0.400738
vt 0.530485 0.406146
vt 0.508361 0.371331
vt 0.508688 0.365205
vt 0.514063 0.368510
vt 0.513635 0.372846
vt 0.503297 0.374333
vt 0.500515 0.370514
vt 0.507383 0.380857
vt 0.519199 0.370729
vt 0.519556 0.366031
vt 0.526049 0.370478
vt 0.523029 0.374412
vt 0.519091 0.379632
vt 0.514574 0.385157
vt 0.531488 0.376092
vt 0.528790 0.380820
vt 0.008391 0.183713
vt 0.010409 0.178006
vt 0.014221 0.184660
vt 0.010897 0.188083
vt 0.531789 0.385311
vt 0.017581 0.189958
vt 0.021577 0.195926
vt 0.319837 0.085852
vt 0.317064 0.089547
vt 0.314024 0.085767
vt 0.317368 0.081092
vt 0.327040 0.086196
vt 0.326476 0.092754
vt 0.327113 0.081725
vt 0.303061 0.081607
vt 0.300833 0.085426
vt 0.297910 0.081525
vt 0.301179 0.078770
vt 0.309163 0.081269
vt 0.308521 0.087130
vt 0.309104 0.076038
vt 0.515932 0.361523
vt 0.005611 0.161568
vt 0.007927 0.159232
vt 0.010225 0.162236
vt 0.007259 0.168083
vt 0.524916 0.360437
vt 0.530348 0.365885
vt 0.013395 0.168350
vt 0.009934 0.171724
vt 0.531792 0.370152
vt 0.017000 0.173602
vt 0.021107 0.179508
vt 0.024699 0.184706
vt 0.028846 0.190650
vt 0.311026 0.090095
vt 0.307554 0.096089
vt 0.304790 0.092095
vt 0.316639 0.098853
vt 0.322674 0.097410
vt 0.297400 0.086879
vt 0.296080 0.091877
vt 0.294442 0.089675
vt 0.295952 0.084583
vt 0.300361 0.093560
vt 0.010408 0.156980
vt 0.014165 0.153255
vt 0.012200 0.157008
vt 0.011157 0.158160
vt 0.016070 0.158038
vt 0.017905 0.164808
vt 0.023407 0.167210
vt 0.028256 0.173924
vt 0.031870 0.179070
vt 0.036097 0.185198
vt 0.319314 0.102674
vt 0.315109 0.108571
vt 0.312559 0.104850
vt 0.325444 0.101451
vt 0.324570 0.111328
vt 0.302418 0.097437
vt 0.301502 0.102975
vt 0.296541 0.101403
vt 0.307450 0.105869
vt 0.294982 0.097647
vt 0.294177 0.096728
vt 0.018707 0.147804
vt 0.020892 0.147364
vt 0.015809 0.152999
vt 0.023982 0.152362
vt 0.027477 0.157120
vt 0.022667 0.161080
vt 0.032009 0.164357
vt 0.032332 0.170715
vt 0.039418 0.173792
vt 0.041777 0.180672
vt 0.310095 0.110314
vt 0.308888 0.115421
vt 0.303674 0.113524
vt 0.301125 0.108983
vt 0.298253 0.109542
vt 0.018699 0.146613
vt 0.020782 0.143769
vt 0.026838 0.138968
vt 0.028607 0.143359
vt 0.031240 0.146710
vt 0.034550 0.151222
vt 0.038761 0.157214
vt 0.042445 0.162425
vt 0.037029 0.166856
vt 0.046684 0.168517
vt 0.050269 0.173721
vt 0.046430 0.176875
vt 0.047792 0.184193
vt 0.471517 0.419653
vt 0.471737 0.413038
vt 0.477297 0.416651
vt 0.376767 0.062814
vt 0.381139 0.057498
vt 0.386887 0.057330
vt 0.386175 0.062900
vt 0.378780 0.052219
vt 0.395470 0.063520
vt 0.400953 0.064213
vt 0.484483 0.418864
vt 0.484916 0.414128
vt 0.490737 0.416313
vt 0.503792 0.416607
vt 0.504579 0.409890
vt 0.511781 0.415441
vt 0.508192 0.418878
vt 0.499006 0.418400
vt 0.496296 0.414326
vt 0.516309 0.418013
vt 0.466484 0.409883
vt 0.466395 0.403673
vt 0.472021 0.406629
vt 0.375077 0.073129
vt 0.378949 0.067978
vt 0.385512 0.068238
vt 0.384815 0.073846
vt 0.461001 0.413450
vt 0.463875 0.418073
vt 0.394731 0.068986
vt 0.393967 0.074995
vt 0.404220 0.070517
vt 0.401418 0.075955
vt 0.486876 0.404070
vt 0.486786 0.399377
vt 0.492353 0.401356
vt 0.491912 0.406755
vt 0.480136 0.407799
vt 0.477346 0.403616
vt 0.498436 0.404352
vt 0.498909 0.400318
vt 0.505160 0.402717
vt 0.510942 0.406143
vt 0.511376 0.401458
vt 0.517757 0.404066
vt 0.517193 0.409530
vt 0.522836 0.407086
vt 0.527030 0.411279
vt 0.521857 0.416800
vt 0.377607 0.078767
vt 0.374321 0.084107
vt 0.371275 0.078297
vt 0.384122 0.079271
vt 0.383395 0.085249
vt 0.393270 0.080352
vt 0.392511 0.086496
vt 0.403382 0.080577
vt 0.401686 0.087625
vt 0.487766 0.390613
vt 0.488173 0.385570
vt 0.493646 0.387886
vt 0.493140 0.393009
vt 0.481923 0.393481
vt 0.479169 0.389278
vt 0.474015 0.398580
vt 0.471220 0.394287
vt 0.365387 0.077657
vt 0.365877 0.072827
vt 0.506958 0.386537
vt 0.511238 0.388932
vt 0.502040 0.389215
vt 0.499333 0.385161
vt 0.505907 0.394679
vt 0.377431 0.089747
vt 0.373458 0.093611
vt 0.371081 0.089496
vt 0.382812 0.090300
vt 0.381994 0.096375
vt 0.391892 0.091465
vt 0.390274 0.099356
vt 0.400994 0.092584
vt 0.399930 0.099915
vt 0.489094 0.377203
vt 0.488704 0.371074
vt 0.494452 0.374014
vt 0.494398 0.378845
vt 0.484256 0.379956
vt 0.481179 0.375438
vt 0.476190 0.384693
vt 0.473367 0.380354
vt 0.354893 0.087616
vt 0.355428 0.082451
vt 0.364788 0.082771
vt 0.364031 0.088879
vt 0.355954 0.077302
vt 0.392385 0.103863
vt 0.389064 0.107995
vt 0.386329 0.103026
vt 0.399248 0.104902
vt 0.398359 0.111228
vt 0.339761 0.091593
vt 0.336167 0.095206
vt 0.333621 0.091786
vt 0.336926 0.086695
vt 0.345335 0.091707
vt 0.345388 0.098336
vt 0.345661 0.087009
vt 0.354327 0.092646
vt 0.353755 0.098555
vt 0.363465 0.093862
vt 0.362791 0.099975
vt 0.372019 0.101209
vt 0.381164 0.102307
vt 0.497490 0.366544
vt 0.348368 0.102949
vt 0.344282 0.106908
vt 0.342275 0.103234
vt 0.353172 0.103420
vt 0.352367 0.109060
vt 0.362221 0.104901
vt 0.361344 0.111528
vt 0.371415 0.106337
vt 0.380476 0.107610
vt 0.329113 0.096203
vt 0.334811 0.104408
vt 0.337435 0.108474
vt 0.333479 0.114028
vt 0.330886 0.110128
vt 0.327381 0.115634
vt 0.054022 0.179112
vt 0.450520 0.077486
vt 0.447473 0.081744
vt 0.444670 0.076519
vt 0.457724 0.078907
vt 0.456844 0.085464
vt 0.466309 0.081014
vt 0.465300 0.088790
vt 0.474887 0.083148
vt 0.474045 0.090000
vt 0.407088 0.064917
vt 0.413863 0.065564
vt 0.412930 0.072141
vt 0.423136 0.066157
vt 0.422061 0.073294
vt 0.431087 0.074605
vt 0.440086 0.075936
vt 0.467587 0.093644
vt 0.464196 0.097154
vt 0.461831 0.092407
vt 0.473361 0.095111
vt 0.472651 0.100362
vt 0.407523 0.076748
vt 0.412213 0.077428
vt 0.411936 0.084367
vt 0.421289 0.078628
vt 0.420425 0.085145
vt 0.430327 0.079918
vt 0.429453 0.086566
vt 0.439333 0.081189
vt 0.438432 0.087939
vt 0.447256 0.089616
vt 0.456084 0.091263
vt 0.414732 0.089435
vt 0.410788 0.092965
vt 0.408744 0.088537
vt 0.419738 0.090355
vt 0.419041 0.095923
vt 0.428785 0.091708
vt 0.427884 0.099411
vt 0.437784 0.093026
vt 0.436801 0.100142
vt 0.446603 0.094722
vt 0.445710 0.101595
vt 0.455413 0.096380
vt 0.454495 0.103245
vt 0.463130 0.105237
vt 0.471550 0.107713
vt 0.430367 0.104186
vt 0.426812 0.107757
vt 0.424458 0.103179
vt 0.436120 0.105159
vt 0.435347 0.110988
vt 0.445041 0.106591
vt 0.444052 0.113415
vt 0.453757 0.108214
vt 0.452731 0.115594
vt 0.462277 0.110152
vt 0.461014 0.117968
vt 0.470634 0.112600
vt 0.469397 0.120077
vt 0.409000 0.101326
vt 0.418192 0.102417
vt 0.408305 0.106294
vt 0.407271 0.113460
vt 0.417490 0.107407
vt 0.017864 0.206694
vt 0.010998 0.210918
vt 0.025110 0.201292
vt 0.032464 0.195929
vt 0.039594 0.190389
vt 0.520827 0.422014
vt 0.530575 0.421035
vt 0.007836 0.236474
vt 0.010379 0.227873
vt 0.015386 0.236554
vt 0.010283 0.241342
vt 0.018389 0.241973
vt 0.021384 0.249336
vt 0.021348 0.257023
vt 0.026929 0.259623
vt 0.031567 0.266703
vt 0.034696 0.272596
vt 0.038324 0.279788
vt 0.042240 0.289512
vt 0.041632 0.297940
vt 0.046824 0.301088
vt 0.051092 0.311311
vt 0.008853 0.216959
vt 0.015173 0.218830
vt 0.010778 0.222099
vt 0.530569 0.416052
vt 0.018182 0.223919
vt 0.022116 0.230627
vt 0.025365 0.236129
vt 0.029588 0.242716
vt 0.030100 0.249381
vt 0.026179 0.252766
vt 0.036278 0.253962
vt 0.036951 0.262108
vt 0.043095 0.266677
vt 0.043731 0.275656
vt 0.049050 0.279360
vt 0.053203 0.288422
vt 0.047229 0.293347
vt 0.056017 0.294844
vt 0.059544 0.303074
vt 0.022260 0.213729
vt 0.025528 0.218923
vt 0.029815 0.226353
vt 0.029850 0.232833
vt 0.035346 0.235451
vt 0.040299 0.243040
vt 0.035466 0.246389
vt 0.043780 0.248997
vt 0.047293 0.255144
vt 0.042364 0.258547
vt 0.050764 0.261272
vt 0.054421 0.267913
vt 0.049165 0.271891
vt 0.057594 0.273981
vt 0.061360 0.281611
vt 0.064350 0.287656
vt 0.068002 0.295085
vt 0.029692 0.208349
vt 0.032895 0.213360
vt 0.036792 0.219517
vt 0.040430 0.225337
vt 0.034885 0.229372
vt 0.043893 0.230939
vt 0.047570 0.237040
vt 0.051064 0.242858
vt 0.054811 0.249079
vt 0.058308 0.254923
vt 0.062324 0.261825
vt 0.065555 0.267561
vt 0.069480 0.274750
vt 0.072560 0.280494
vt 0.077262 0.288746
vt 0.036898 0.202670
vt 0.040177 0.207823
vt 0.045416 0.215153
vt 0.045994 0.221079
vt 0.051912 0.225044
vt 0.053025 0.232796
vt 0.058275 0.235729
vt 0.062596 0.243233
vt 0.065989 0.248736
vt 0.070401 0.256096
vt 0.073510 0.261387
vt 0.077598 0.268370
vt 0.080764 0.273865
vt 0.084509 0.280555
vt 0.043958 0.197017
vt 0.047383 0.202363
vt 0.051372 0.208576
vt 0.054844 0.214027
vt 0.050733 0.217426
vt 0.058570 0.219731
vt 0.062370 0.225473
vt 0.057983 0.229098
vt 0.067868 0.232946
vt 0.068492 0.238901
vt 0.073442 0.241544
vt 0.078284 0.250469
vt 0.081359 0.255589
vt 0.085529 0.262426
vt 0.088744 0.267721
vt 0.092477 0.273933
vt 0.049341 0.192233
vt 0.054858 0.195665
vt 0.056292 0.203801
vt 0.061437 0.206587
vt 0.065943 0.213948
vt 0.069657 0.219347
vt 0.074739 0.227183
vt 0.077930 0.232179
vt 0.073640 0.235434
vt 0.081530 0.237908
vt 0.085841 0.244844
vt 0.089016 0.249948
vt 0.093277 0.256738
vt 0.096504 0.261757
vt 0.101298 0.269063
vt 0.057789 0.184771
vt 0.053845 0.187985
vt 0.061509 0.190138
vt 0.065563 0.196005
vt 0.061038 0.199519
vt 0.070157 0.203914
vt 0.070517 0.210681
vt 0.076324 0.213301
vt 0.082027 0.221388
vt 0.085168 0.226371
vt 0.091013 0.234389
vt 0.091705 0.240446
vt 0.096503 0.243027
vt 0.101013 0.251234
vt 0.104220 0.256087
vt 0.108534 0.262484
vt 0.141955 0.383726
vt 0.147345 0.387301
vt 0.141631 0.377926
vt 0.135994 0.378480
vt 0.135693 0.385306
vt 0.131873 0.373503
vt 0.128543 0.370044
vt 0.134195 0.395254
vt 0.138461 0.398439
vt 0.130415 0.392266
vt 0.126282 0.387511
vt 0.126719 0.380223
vt 0.120551 0.382046
vt 0.120613 0.388477
vt 0.125201 0.408049
vt 0.129409 0.410814
vt 0.121361 0.405241
vt 0.117063 0.401758
vt 0.113478 0.398608
vt 0.109750 0.395218
vt 0.116225 0.421438
vt 0.120510 0.423907
vt 0.112259 0.418931
vt 0.107457 0.415607
vt 0.103818 0.412832
vt 0.100015 0.409728
vt 0.106894 0.435311
vt 0.111386 0.437526
vt 0.102788 0.433089
vt 0.097885 0.430273
vt 0.093980 0.427744
vt 0.090075 0.424925
vt 0.150309 0.335456
vt 0.158600 0.327503
vt 0.146793 0.331257
vt 0.155018 0.323342
vt 0.143131 0.326853
vt 0.151359 0.319002
vt 0.139583 0.322612
vt 0.147913 0.314921
vt 0.135772 0.317786
vt 0.143898 0.309896
vt 0.132634 0.313545
vt 0.140794 0.305799
vt 0.128622 0.307972
vt 0.136969 0.300698
vt 0.125226 0.303303
vt 0.133474 0.296127
vt 0.121667 0.298405
vt 0.129898 0.291493
vt 0.118143 0.293446
vt 0.126391 0.286880
vt 0.114624 0.288487
vt 0.121557 0.281589
vt 0.141824 0.344437
vt 0.138316 0.340269
vt 0.134641 0.335752
vt 0.131171 0.331336
vt 0.127299 0.326149
vt 0.124192 0.321804
vt 0.120215 0.316076
vt 0.116772 0.311183
vt 0.111923 0.305451
vt 0.111628 0.299084
vt 0.105954 0.304323
vt 0.106409 0.297035
vt 0.133185 0.354322
vt 0.129751 0.350209
vt 0.125937 0.345396
vt 0.122595 0.340968
vt 0.118558 0.335409
vt 0.115408 0.330902
vt 0.111577 0.325250
vt 0.108075 0.319989
vt 0.104513 0.314424
vt 0.101150 0.308998
vt 0.096501 0.302657
vt 0.124194 0.365270
vt 0.120925 0.361329
vt 0.116797 0.356049
vt 0.113550 0.351643
vt 0.109446 0.345875
vt 0.106244 0.341127
vt 0.102672 0.335565
vt 0.099095 0.329795
vt 0.095646 0.323920
vt 0.092370 0.318083
vt 0.089029 0.311923
vt 0.085823 0.305869
vt 0.090609 0.301101
vt 0.114968 0.377553
vt 0.111717 0.373862
vt 0.107199 0.368257
vt 0.104020 0.363902
vt 0.099353 0.356742
vt 0.100101 0.348485
vt 0.093584 0.356798
vt 0.094107 0.348153
vt 0.089785 0.340822
vt 0.086512 0.334554
vt 0.083331 0.328101
vt 0.080157 0.321460
vt 0.077086 0.314918
vt 0.105390 0.391020
vt 0.101992 0.387473
vt 0.097311 0.381974
vt 0.094131 0.377713
vt 0.089938 0.371389
vt 0.086776 0.366002
vt 0.083595 0.360038
vt 0.080164 0.353072
vt 0.077104 0.346328
vt 0.074029 0.339112
vt 0.071059 0.331892
vt 0.068151 0.324692
vt 0.095403 0.405621
vt 0.091830 0.402106
vt 0.087223 0.396855
vt 0.084005 0.392584
vt 0.079775 0.385984
vt 0.076679 0.380324
vt 0.073650 0.374016
vt 0.070311 0.366274
vt 0.067443 0.358928
vt 0.064543 0.350956
vt 0.061816 0.343064
vt 0.059104 0.335008
vt 0.085251 0.420933
vt 0.081653 0.417460
vt 0.077000 0.412134
vt 0.073768 0.407766
vt 0.069661 0.401190
vt 0.066481 0.395044
vt 0.063588 0.388379
vt 0.060339 0.379875
vt 0.057647 0.371844
vt 0.054998 0.363154
vt 0.052560 0.354594
vt 0.050019 0.345401
vt 0.111039 0.283431
vt 0.115623 0.279907
vt 0.106766 0.277199
vt 0.115906 0.274024
vt 0.106591 0.271043
vt 0.111754 0.267197
vt 0.101255 0.275030
vt 0.102720 0.290050
vt 0.099356 0.284941
vt 0.095848 0.279452
vt 0.096238 0.295767
vt 0.091231 0.293680
vt 0.087724 0.286266
vt 0.082284 0.298354
vt 0.082652 0.290670
vt 0.077025 0.295641
vt 0.074116 0.308491
vt 0.070873 0.301305
vt 0.065408 0.317823
vt 0.062206 0.309709
vt 0.056624 0.327624
vt 0.053501 0.318329
vt 0.047831 0.337519
vt 0.044804 0.326837
vt 0.097567 0.449537
vt 0.102326 0.451593
vt 0.093371 0.447409
vt 0.087509 0.444369
vt 0.087274 0.437857
vt 0.081076 0.446716
vt 0.081000 0.440009
vt 0.088666 0.462323
vt 0.093608 0.464420
vt 0.084459 0.460155
vt 0.079653 0.457238
vt 0.075388 0.454241
vt 0.071362 0.451110
vt 0.080667 0.472696
vt 0.085233 0.474996
vt 0.076204 0.470037
vt 0.071582 0.466697
vt 0.067351 0.463229
vt 0.063489 0.459717
vt 0.073879 0.479517
vt 0.077755 0.482550
vt 0.069413 0.475789
vt 0.063973 0.471033
vt 0.062800 0.466946
vt 0.057762 0.465046
vt 0.058978 0.468932
vt 0.067600 0.482182
vt 0.071984 0.486308
vt 0.065877 0.477730
vt 0.062287 0.478793
vt 0.060195 0.474081
vt 0.058159 0.469235
vt 0.054765 0.469924
vt 0.052990 0.466269
vt 0.527765 0.679432
vt 0.531291 0.677406
vt 0.531654 0.683196
vt 0.529886 0.683493
vt 0.526153 0.670532
vt 0.529827 0.672064
vt 0.527286 0.665875
vt 0.531099 0.666516
vt 0.523181 0.664258
vt 0.525018 0.659402
vt 0.529629 0.660429
vt 0.526843 0.653913
vt 0.530267 0.656128
vt 0.522744 0.672247
vt 0.524249 0.676953
vt 0.519705 0.662588
vt 0.521065 0.657882
vt 0.075538 0.435356
vt 0.071922 0.431990
vt 0.066995 0.426455
vt 0.063821 0.422110
vt 0.059882 0.415752
vt 0.056495 0.409028
vt 0.053669 0.402170
vt 0.050515 0.393070
vt 0.048002 0.384458
vt 0.045572 0.374981
vt 0.043433 0.365870
vt 0.040997 0.355397
vt 0.066668 0.447096
vt 0.062936 0.443544
vt 0.057989 0.438107
vt 0.054808 0.433950
vt 0.050763 0.427577
vt 0.047297 0.420829
vt 0.044460 0.414062
vt 0.041296 0.404635
vt 0.038941 0.395941
vt 0.036559 0.385550
vt 0.034629 0.376145
vt 0.032221 0.364405
vt 0.058801 0.455123
vt 0.055030 0.451150
vt 0.050480 0.445907
vt 0.047186 0.441831
vt 0.042742 0.435411
vt 0.039292 0.429222
vt 0.036380 0.422759
vt 0.033046 0.413392
vt 0.030753 0.405023
vt 0.028247 0.394024
vt 0.026442 0.384645
vt 0.024278 0.370245
vt 0.052394 0.459333
vt 0.048764 0.455173
vt 0.044306 0.449966
vt 0.041018 0.445888
vt 0.036298 0.439379
vt 0.033081 0.433896
vt 0.030312 0.427753
vt 0.026915 0.418299
vt 0.024721 0.410631
vt 0.021982 0.399349
vt 0.020084 0.390149
vt 0.017984 0.379379
vt 0.015580 0.366952
vt 0.020562 0.364152
vt 0.048067 0.460901
vt 0.044406 0.456632
vt 0.040076 0.451474
vt 0.036771 0.447365
vt 0.032445 0.441143
vt 0.029133 0.435343
vt 0.026620 0.429944
vt 0.022477 0.419479
vt 0.021952 0.412147
vt 0.516040 0.591262
vt 0.519993 0.583198
vt 0.521897 0.594078
vt 0.520566 0.601215
vt 0.018383 0.401516
vt 0.017449 0.391647
vt 0.513586 0.581902
vt 0.516006 0.573835
vt 0.518188 0.565622
vt 0.521024 0.573648
vt 0.013671 0.384079
vt 0.010600 0.371045
vt 0.521477 0.649888
vt 0.524940 0.647901
vt 0.529092 0.649139
vt 0.525847 0.643008
vt 0.528255 0.643684
vt 0.519650 0.644663
vt 0.520305 0.640100
vt 0.523832 0.636518
vt 0.527042 0.637185
vt 0.524210 0.631728
vt 0.526069 0.632080
vt 0.517730 0.632017
vt 0.518661 0.628312
vt 0.522283 0.626285
vt 0.524632 0.624678
vt 0.515267 0.620351
vt 0.519253 0.617090
vt 0.523322 0.618128
vt 0.519653 0.611783
vt 0.522373 0.612252
vt 0.510602 0.611303
vt 0.514849 0.608211
vt 0.517325 0.605143
vt 0.504908 0.601550
vt 0.510537 0.598092
vt 0.513697 0.594890
vt 0.499001 0.590787
vt 0.504997 0.586564
vt 0.510456 0.580291
vt 0.513940 0.568734
vt 0.515181 0.563675
vt 0.514778 0.561904
vt 0.513810 0.653469
vt 0.518999 0.651420
vt 0.509911 0.644682
vt 0.516106 0.642673
vt 0.517635 0.638658
vt 0.504915 0.635507
vt 0.509501 0.633977
vt 0.515060 0.630666
vt 0.515350 0.626003
vt 0.500685 0.628110
vt 0.502112 0.624734
vt 0.509686 0.623084
vt 0.513038 0.621557
vt 0.497797 0.615743
vt 0.503594 0.614092
vt 0.507575 0.612681
vt 0.492420 0.605791
vt 0.497497 0.604451
vt 0.501622 0.603009
vt 0.486806 0.595534
vt 0.491650 0.594030
vt 0.495579 0.592528
vt 0.506620 0.645785
vt 0.509324 0.651123
vt 0.501582 0.636512
vt 0.496546 0.626144
vt 0.497124 0.621787
vt 0.490648 0.617432
vt 0.494468 0.616528
vt 0.484645 0.607800
vt 0.489179 0.606568
vt 0.475098 0.599636
vt 0.478945 0.598132
vt 0.480659 0.609029
vt 0.483631 0.596517
vt 0.468259 0.590829
vt 0.039057 0.347024
vt 0.030454 0.355574
vt 0.025716 0.359901
vt 0.307664 0.581248
vt 0.310765 0.584821
vt 0.306646 0.590500
vt 0.301805 0.589278
vt 0.314145 0.588469
vt 0.308537 0.596337
vt 0.543852 0.075894
vt 0.544237 0.070339
vt 0.552429 0.072856
vt 0.552107 0.078704
vt 0.560594 0.075322
vt 0.560434 0.081504
vt 0.568312 0.076880
vt 0.568707 0.084485
vt 0.576890 0.081808
vt 0.576794 0.087875
vt 0.570418 0.074230
vt 0.576645 0.077337
vt 0.586090 0.083910
vt 0.585917 0.089961
vt 0.586042 0.079375
vt 0.594912 0.085802
vt 0.594583 0.092284
vt 0.595048 0.081165
vt 0.603263 0.088428
vt 0.603016 0.094751
vt 0.603477 0.083618
vt 0.609813 0.091200
vt 0.611838 0.097430
vt 0.612191 0.087569
vt 0.542831 0.088509
vt 0.543548 0.080427
vt 0.551759 0.083192
vt 0.550925 0.091035
vt 0.560086 0.085954
vt 0.559278 0.093398
vt 0.568401 0.089020
vt 0.567733 0.095878
vt 0.576631 0.092491
vt 0.576462 0.098434
vt 0.585646 0.094740
vt 0.585339 0.100860
vt 0.594253 0.097118
vt 0.593981 0.103194
vt 0.602828 0.099569
vt 0.602537 0.105341
vt 0.608652 0.101405
vt 0.610967 0.106396
vt 0.541719 0.094420
vt 0.550091 0.097261
vt 0.558536 0.100078
vt 0.567014 0.102879
vt 0.576099 0.104619
vt 0.585072 0.106138
vt 0.593686 0.108264
vt 0.602209 0.110565
vt 0.610414 0.113154
vt 0.313452 0.597237
vt 0.315048 0.603333
vt 0.310603 0.602537
vt 0.303434 0.595330
vt 0.304781 0.602000
vt 0.300868 0.601332
vt 0.306863 0.608766
vt 0.842408 0.208590
vt 0.844290 0.212662
vt 0.842531 0.219810
vt 0.839350 0.214416
vt 0.296139 0.581817
vt 0.300637 0.583746
vt 0.297068 0.588041
vt 0.297105 0.595986
vt 0.294176 0.592245
vt 0.842020 0.195071
vt 0.842726 0.201085
vt 0.838656 0.202063
vt 0.836832 0.196179
vt 0.837542 0.206782
vt 0.832898 0.202994
vt 0.835028 0.215318
vt 0.827363 0.210254
vt 0.613740 0.103389
vt 0.619040 0.100716
vt 0.619388 0.107381
vt 0.614811 0.093595
vt 0.619206 0.095770
vt 0.839244 0.181744
vt 0.841136 0.189020
vt 0.837275 0.189836
vt 0.835168 0.185567
vt 0.831298 0.190766
vt 0.825737 0.197770
vt 0.820540 0.204740
vt 0.617235 0.109971
vt 0.618798 0.116911
vt 0.836589 0.170975
vt 0.840043 0.176690
vt 0.834869 0.177489
vt 0.830699 0.178079
vt 0.824272 0.185478
vt 0.818635 0.192554
vt 0.813704 0.199065
vt 0.408127 0.534529
vt 0.407507 0.528543
vt 0.412733 0.532299
vt 0.412679 0.536576
vt 0.403671 0.537205
vt 0.400616 0.532977
vt 0.406912 0.541667
vt 0.397480 0.541063
vt 0.394403 0.537050
vt 0.401713 0.545527
vt 0.514170 0.020138
vt 0.514372 0.014561
vt 0.520964 0.018114
vt 0.520897 0.024143
vt 0.391709 0.545073
vt 0.394381 0.548353
vt 0.527422 0.022109
vt 0.527794 0.027897
vt 0.521002 0.013497
vt 0.527268 0.017644
vt 0.534159 0.026022
vt 0.534842 0.031698
vt 0.533892 0.021572
vt 0.541460 0.029518
vt 0.542428 0.034814
vt 0.540963 0.025132
vt 0.418866 0.535437
vt 0.419116 0.531713
vt 0.425484 0.535575
vt 0.425253 0.540181
vt 0.418834 0.545043
vt 0.412241 0.548596
vt 0.406815 0.547948
vt 0.430855 0.540165
vt 0.431138 0.535704
vt 0.436210 0.545273
vt 0.431087 0.548952
vt 0.424739 0.553904
vt 0.419427 0.553752
vt 0.443540 0.552690
vt 0.437122 0.557647
vt 0.432241 0.560805
vt 0.449358 0.562578
vt 0.442746 0.566937
vt 0.437445 0.566059
vt 0.455282 0.572030
vt 0.450288 0.574996
vt 0.461034 0.582920
vt 0.455933 0.581832
vt 0.483776 0.013442
vt 0.484241 0.008903
vt 0.492236 0.010978
vt 0.491679 0.016126
vt 0.413787 0.524706
vt 0.420883 0.520588
vt 0.425494 0.527376
vt 0.499382 0.013035
vt 0.495971 0.017428
vt 0.612448 0.503899
vt 0.617080 0.502579
vt 0.617176 0.510812
vt 0.612718 0.512207
vt 0.549311 0.032628
vt 0.548637 0.028318
vt 0.617616 0.519477
vt 0.613098 0.520784
vt 0.557647 0.035163
vt 0.557100 0.030713
vt 0.558685 0.039796
vt 0.566362 0.036950
vt 0.567473 0.042837
vt 0.565768 0.032818
vt 0.572150 0.038589
vt 0.574547 0.044235
vt 0.607579 0.749083
vt 0.607870 0.742929
vt 0.611511 0.742870
vt 0.611511 0.753054
vt 0.575242 0.035231
vt 0.577084 0.041833
vt 0.588349 0.676293
vt 0.593104 0.680141
vt 0.588258 0.683641
vt 0.583612 0.679646
vt 0.592506 0.686687
vt 0.587708 0.688678
vt 0.583612 0.686371
vt 0.344197 0.596928
vt 0.348690 0.595333
vt 0.345427 0.604738
vt 0.340877 0.601626
vt 0.337161 0.613316
vt 0.333993 0.609812
vt 0.346053 0.610135
vt 0.340697 0.617358
vt 0.331990 0.619650
vt 0.326977 0.618293
vt 0.334176 0.625140
vt 0.570062 0.048243
vt 0.575319 0.052481
vt 0.579944 0.048319
vt 0.583090 0.054724
vt 0.583118 0.045291
vt 0.586347 0.051442
vt 0.591518 0.048462
vt 0.592333 0.052898
vt 0.337452 0.598394
vt 0.342921 0.590523
vt 0.333824 0.595119
vt 0.330698 0.606128
vt 0.327481 0.602653
vt 0.326007 0.611877
vt 0.321194 0.610815
vt 0.338147 0.578007
vt 0.342352 0.576534
vt 0.338675 0.585922
vt 0.334244 0.582215
vt 0.329856 0.591525
vt 0.326677 0.588390
vt 0.338276 0.590638
vt 0.323916 0.598905
vt 0.320728 0.595484
vt 0.319665 0.604086
vt 0.328281 0.624624
vt 0.329661 0.631302
vt 0.325351 0.631267
vt 0.337174 0.631843
vt 0.332361 0.639128
vt 0.847141 0.256694
vt 0.849625 0.260705
vt 0.847354 0.268981
vt 0.844281 0.263808
vt 0.842506 0.270107
vt 0.840325 0.264880
vt 0.844459 0.277174
vt 0.840759 0.278060
vt 0.834708 0.272363
vt 0.836465 0.285558
vt 0.829300 0.280397
vt 0.831061 0.293502
vt 0.824002 0.288220
vt 0.825801 0.301686
vt 0.818722 0.296211
vt 0.322621 0.616954
vt 0.850241 0.242091
vt 0.852718 0.247499
vt 0.849337 0.249441
vt 0.845415 0.243779
vt 0.323889 0.623812
vt 0.840337 0.249860
vt 0.841545 0.258572
vt 0.837658 0.253714
vt 0.833093 0.259922
vt 0.827536 0.267474
vt 0.822135 0.275196
vt 0.816852 0.282903
vt 0.811546 0.290761
vt 0.849734 0.223229
vt 0.852506 0.228351
vt 0.851325 0.235529
vt 0.848106 0.230224
vt 0.846823 0.237189
vt 0.841895 0.231047
vt 0.838412 0.240505
vt 0.837119 0.246035
vt 0.832418 0.247036
vt 0.825800 0.254983
vt 0.820220 0.262518
vt 0.814909 0.269961
vt 0.809668 0.277542
vt 0.804329 0.285376
vt 0.312268 0.609530
vt 0.844454 0.224831
vt 0.315736 0.615177
vt 0.309285 0.615420
vt 0.313037 0.619901
vt 0.309348 0.618866
vt 0.837799 0.231904
vt 0.834913 0.237983
vt 0.836318 0.227827
vt 0.830097 0.234906
vt 0.824461 0.242263
vt 0.818547 0.250064
vt 0.812443 0.257318
vt 0.808291 0.265191
vt 0.801321 0.272466
vt 0.797154 0.279870
vt 0.838369 0.220935
vt 0.840440 0.226815
vt 0.828555 0.222888
vt 0.823127 0.229951
vt 0.817617 0.237175
vt 0.810768 0.245619
vt 0.809446 0.251750
vt 0.807907 0.257854
vt 0.805379 0.252519
vt 0.804552 0.262610
vt 0.800132 0.259722
vt 0.799831 0.268422
vt 0.795194 0.268126
vt 0.796085 0.273229
vt 0.792725 0.276422
vt 0.821922 0.217520
vt 0.816589 0.224584
vt 0.810726 0.232029
vt 0.804698 0.239744
vt 0.805891 0.246978
vt 0.801632 0.243638
vt 0.798597 0.247490
vt 0.792905 0.254841
vt 0.787842 0.261700
vt 0.789093 0.273630
vt 0.782792 0.268861
vt 0.815459 0.211740
vt 0.809736 0.219105
vt 0.803734 0.226680
vt 0.797780 0.235608
vt 0.797993 0.240913
vt 0.792497 0.242626
vt 0.786270 0.249432
vt 0.780886 0.256512
vt 0.775772 0.263525
vt 0.808655 0.205934
vt 0.802944 0.213440
vt 0.796846 0.221152
vt 0.790962 0.228692
vt 0.792554 0.238531
vt 0.785018 0.236019
vt 0.785165 0.240496
vt 0.779710 0.243107
vt 0.774640 0.250744
vt 0.769095 0.257924
vt 0.475764 0.134264
vt 0.474499 0.140984
vt 0.476736 0.129582
vt 0.484105 0.137575
vt 0.482989 0.143096
vt 0.485091 0.132899
vt 0.493036 0.139574
vt 0.491922 0.145245
vt 0.493922 0.134895
vt 0.501524 0.141869
vt 0.500434 0.147460
vt 0.502394 0.137226
vt 0.507952 0.144098
vt 0.509570 0.148867
vt 0.511163 0.141175
vt 0.513467 0.145989
vt 0.472819 0.151138
vt 0.481293 0.152545
vt 0.489918 0.154649
vt 0.498585 0.156746
vt 0.507017 0.158906
vt 0.517022 0.152794
vt 0.515478 0.161107
vt 0.517882 0.148098
vt 0.525125 0.156593
vt 0.523951 0.163321
vt 0.525950 0.151883
vt 0.533514 0.159841
vt 0.532387 0.165520
vt 0.534316 0.155160
vt 0.469368 0.154076
vt 0.471324 0.159375
vt 0.474768 0.156455
vt 0.480148 0.158979
vt 0.488185 0.162729
vt 0.496982 0.166886
vt 0.505109 0.168235
vt 0.513665 0.170352
vt 0.522298 0.172532
vt 0.530662 0.174679
vt 0.541889 0.162665
vt 0.540770 0.167497
vt 0.542769 0.158046
vt 0.546183 0.163969
vt 0.546910 0.168679
vt 0.550374 0.161077
vt 0.551086 0.169444
vt 0.539106 0.176495
vt 0.546101 0.177832
vt 0.549750 0.178310
vt 0.483502 0.085024
vt 0.482572 0.092295
vt 0.484319 0.079884
vt 0.492209 0.086847
vt 0.491089 0.094654
vt 0.492847 0.081897
vt 0.500562 0.089399
vt 0.499669 0.096802
vt 0.501070 0.084422
vt 0.508623 0.092248
vt 0.507854 0.099343
vt 0.509023 0.087328
vt 0.514251 0.094977
vt 0.515314 0.101884
vt 0.516745 0.092147
vt 0.518988 0.097996
vt 0.524022 0.093836
vt 0.523456 0.100501
vt 0.531949 0.095139
vt 0.531298 0.105876
vt 0.540804 0.099221
vt 0.539342 0.107723
vt 0.535369 0.092055
vt 0.481941 0.097270
vt 0.481133 0.102652
vt 0.490425 0.099566
vt 0.489677 0.104874
vt 0.498975 0.101712
vt 0.498161 0.107188
vt 0.507243 0.104303
vt 0.506604 0.109499
vt 0.511260 0.105876
vt 0.513991 0.111271
vt 0.516353 0.108321
vt 0.523103 0.105529
vt 0.522267 0.111919
vt 0.528631 0.108747
vt 0.530088 0.115738
vt 0.533780 0.111732
vt 0.538691 0.113916
vt 0.479998 0.110253
vt 0.488456 0.112743
vt 0.496902 0.115268
vt 0.505373 0.117734
vt 0.513788 0.119977
vt 0.522119 0.116811
vt 0.522232 0.124119
vt 0.526561 0.119573
vt 0.529238 0.125161
vt 0.531875 0.122188
vt 0.538013 0.119158
vt 0.537609 0.125072
vt 0.479154 0.115127
vt 0.477931 0.122151
vt 0.487769 0.117576
vt 0.486722 0.124237
vt 0.496282 0.120092
vt 0.495362 0.126510
vt 0.504832 0.122494
vt 0.503883 0.128830
vt 0.513321 0.124759
vt 0.512455 0.131031
vt 0.519655 0.127022
vt 0.521427 0.132444
vt 0.524548 0.129810
vt 0.528749 0.132140
vt 0.537424 0.129920
vt 0.536958 0.135805
vt 0.176500 0.732931
vt 0.176500 0.723862
vt 0.180672 0.727275
vt 0.181283 0.733727
vt 0.519059 0.142499
vt 0.528501 0.136627
vt 0.527244 0.144643
vt 0.536515 0.140564
vt 0.535596 0.146837
vt 0.549493 0.101933
vt 0.548328 0.109872
vt 0.557970 0.104845
vt 0.556976 0.112414
vt 0.566637 0.107670
vt 0.566746 0.116288
vt 0.575844 0.109354
vt 0.575216 0.116691
vt 0.584774 0.110939
vt 0.584230 0.117725
vt 0.593266 0.113185
vt 0.592789 0.119577
vt 0.601877 0.115247
vt 0.601192 0.122047
vt 0.610007 0.117860
vt 0.609126 0.125222
vt 0.570119 0.121175
vt 0.566016 0.124793
vt 0.563830 0.120431
vt 0.574781 0.121570
vt 0.574223 0.127468
vt 0.583803 0.122601
vt 0.582503 0.130308
vt 0.592546 0.124114
vt 0.591682 0.131256
vt 0.600622 0.126850
vt 0.600086 0.135062
vt 0.608674 0.129942
vt 0.607991 0.135590
vt 0.547476 0.116625
vt 0.556262 0.118997
vt 0.584653 0.134667
vt 0.581549 0.138765
vt 0.578752 0.133871
vt 0.591195 0.136113
vt 0.590595 0.141765
vt 0.597447 0.138171
vt 0.599445 0.142790
vt 0.602674 0.139920
vt 0.546846 0.121729
vt 0.546164 0.128339
vt 0.555739 0.124135
vt 0.555062 0.130906
vt 0.564470 0.132005
vt 0.573658 0.133158
vt 0.607065 0.142510
vt 0.545668 0.133393
vt 0.545196 0.139284
vt 0.554620 0.135768
vt 0.554071 0.141891
vt 0.563985 0.136898
vt 0.563215 0.143704
vt 0.573152 0.138052
vt 0.572405 0.144825
vt 0.581344 0.145897
vt 0.589882 0.147978
vt 0.597155 0.152414
vt 0.606513 0.147135
vt 0.605432 0.153892
vt 0.544760 0.144055
vt 0.544068 0.149074
vt 0.553513 0.146739
vt 0.552817 0.151323
vt 0.562672 0.148370
vt 0.561823 0.153452
vt 0.571791 0.149357
vt 0.570760 0.155403
vt 0.580667 0.150178
vt 0.579168 0.157318
vt 0.589002 0.152209
vt 0.587089 0.158941
vt 0.593549 0.154535
vt 0.592118 0.159936
vt 0.596106 0.160846
vt 0.603163 0.162492
vt 0.559922 0.162187
vt 0.568232 0.163838
vt 0.576397 0.165469
vt 0.585070 0.167134
vt 0.589804 0.164931
vt 0.591997 0.168580
vt 0.600737 0.170897
vt 0.557272 0.170548
vt 0.565567 0.172169
vt 0.573848 0.173943
vt 0.580061 0.175382
vt 0.587205 0.170425
vt 0.584079 0.176256
vt 0.590143 0.177588
vt 0.598042 0.179265
vt 0.554357 0.179022
vt 0.562856 0.180797
vt 0.571332 0.182238
vt 0.576983 0.180166
vt 0.579030 0.183904
vt 0.587545 0.186148
vt 0.595662 0.187993
vt 0.614906 0.120447
vt 0.614988 0.127771
vt 0.833800 0.157543
vt 0.837156 0.164327
vt 0.829983 0.163526
vt 0.831651 0.172649
vt 0.827283 0.167119
vt 0.823121 0.172651
vt 0.817490 0.179891
vt 0.811737 0.187063
vt 0.806632 0.193649
vt 0.612057 0.131613
vt 0.612512 0.136158
vt 0.831410 0.147546
vt 0.833751 0.151375
vt 0.826824 0.153205
vt 0.825855 0.158951
vt 0.821780 0.159566
vt 0.816059 0.167021
vt 0.810685 0.174099
vt 0.805008 0.181293
vt 0.799611 0.188118
vt 0.831214 0.137291
vt 0.833786 0.144604
vt 0.825713 0.138904
vt 0.820589 0.146306
vt 0.821916 0.154356
vt 0.817750 0.149940
vt 0.814401 0.154284
vt 0.809040 0.161174
vt 0.803619 0.168223
vt 0.798153 0.175283
vt 0.792650 0.182225
vt 0.825878 0.126355
vt 0.829426 0.132493
vt 0.825767 0.133161
vt 0.822527 0.129883
vt 0.818667 0.134175
vt 0.814350 0.139236
vt 0.811771 0.142779
vt 0.807186 0.148612
vt 0.801790 0.155510
vt 0.796350 0.162452
vt 0.790745 0.169540
vt 0.785106 0.176644
vt 0.819436 0.120237
vt 0.815851 0.123783
vt 0.811709 0.129293
vt 0.811307 0.135177
vt 0.806587 0.135759
vt 0.799988 0.142852
vt 0.794620 0.149763
vt 0.789083 0.156800
vt 0.783417 0.163954
vt 0.777771 0.171100
vt 0.608029 0.163580
vt 0.606929 0.172395
vt 0.808931 0.118193
vt 0.805971 0.121263
vt 0.807773 0.130099
vt 0.802731 0.124914
vt 0.798195 0.130357
vt 0.792765 0.137138
vt 0.787371 0.144049
vt 0.781832 0.151136
vt 0.776206 0.158330
vt 0.770611 0.165497
vt 0.603458 0.180511
vt 0.610428 0.173083
vt 0.607364 0.181466
vt 0.799067 0.115685
vt 0.795674 0.119391
vt 0.791111 0.124798
vt 0.785511 0.131665
vt 0.780054 0.138520
vt 0.774581 0.145494
vt 0.769011 0.152648
vt 0.763493 0.159760
vt 0.600183 0.189064
vt 0.604284 0.190105
vt 0.792109 0.109800
vt 0.788379 0.113903
vt 0.784042 0.119083
vt 0.778436 0.125968
vt 0.772930 0.132869
vt 0.767405 0.139850
vt 0.761848 0.146890
vt 0.756346 0.153913
vt 0.801623 0.200283
vt 0.795949 0.207725
vt 0.789910 0.215459
vt 0.784051 0.222968
vt 0.778500 0.230296
vt 0.779174 0.238300
vt 0.773006 0.237228
vt 0.773562 0.241454
vt 0.769102 0.246177
vt 0.763818 0.253518
vt 0.794324 0.194869
vt 0.788699 0.202075
vt 0.782882 0.209628
vt 0.777092 0.217127
vt 0.771396 0.224469
vt 0.765854 0.231656
vt 0.765648 0.243089
vt 0.760547 0.238735
vt 0.760421 0.250435
vt 0.755199 0.245948
vt 0.787027 0.189221
vt 0.781270 0.196476
vt 0.775565 0.203816
vt 0.769936 0.211187
vt 0.764226 0.218610
vt 0.758574 0.225873
vt 0.752832 0.232108
vt 0.748620 0.240757
vt 0.779484 0.183745
vt 0.773804 0.190974
vt 0.768163 0.198175
vt 0.762543 0.205545
vt 0.756940 0.212863
vt 0.751872 0.220555
vt 0.751422 0.226878
vt 0.748270 0.232021
vt 0.746645 0.227337
vt 0.744796 0.237921
vt 0.740259 0.234469
vt 0.772185 0.178200
vt 0.766570 0.185408
vt 0.760975 0.192649
vt 0.755431 0.199880
vt 0.749356 0.207608
vt 0.748353 0.213780
vt 0.748062 0.221265
vt 0.744236 0.214225
vt 0.738705 0.221506
vt 0.733061 0.228775
vt 0.765051 0.172624
vt 0.759436 0.179821
vt 0.753906 0.186963
vt 0.748421 0.194099
vt 0.743348 0.200534
vt 0.744728 0.208457
vt 0.740438 0.204163
vt 0.737018 0.208533
vt 0.731505 0.215685
vt 0.725886 0.222973
vt 0.757935 0.166892
vt 0.752370 0.174025
vt 0.746799 0.181170
vt 0.741254 0.188291
vt 0.736891 0.193746
vt 0.733953 0.197393
vt 0.729715 0.202758
vt 0.724245 0.209849
vt 0.718891 0.216945
vt 0.750690 0.161090
vt 0.745114 0.168192
vt 0.739642 0.175241
vt 0.733830 0.182771
vt 0.732923 0.189107
vt 0.728263 0.189654
vt 0.722394 0.196924
vt 0.716981 0.203976
vt 0.711625 0.211059
vt 0.317177 0.578559
vt 0.320249 0.581850
vt 0.314029 0.574991
vt 0.324381 0.572682
vt 0.327401 0.575823
vt 0.585862 0.074147
vt 0.594891 0.076056
vt 0.576158 0.072173
vt 0.575559 0.067550
vt 0.585521 0.069566
vt 0.181567 0.691455
vt 0.180771 0.682412
vt 0.185573 0.686825
vt 0.185993 0.691914
vt 0.176500 0.683598
vt 0.176500 0.690698
vt 0.565073 0.071791
vt 0.568513 0.068314
vt 0.560497 0.070140
vt 0.560579 0.065510
vt 0.552333 0.067275
vt 0.552546 0.062674
vt 0.544343 0.064413
vt 0.544449 0.059887
vt 0.317339 0.591956
vt 0.323513 0.585237
vt 0.485749 0.618798
vt 0.330926 0.579311
vt 0.490975 0.628569
vt 0.585014 0.064338
vt 0.594230 0.066396
vt 0.594593 0.071412
vt 0.338382 0.573111
vt 0.496199 0.638788
vt 0.575773 0.061152
vt 0.502415 0.647022
vt 0.571298 0.065002
vt 0.568497 0.058977
vt 0.508080 0.655601
vt 0.511968 0.657545
vt 0.239613 0.734226
vt 0.244385 0.739587
vt 0.244453 0.743328
vt 0.239613 0.740978
vt 0.566840 0.060846
vt 0.560124 0.056479
vt 0.562127 0.053981
vt 0.553454 0.054419
vt 0.544527 0.053296
vt 0.544256 0.049019
vt 0.551022 0.050607
vt 0.573348 0.054407
vt 0.578924 0.058295
vt 0.567920 0.050556
vt 0.559884 0.049457
vt 0.543647 0.043825
vt 0.552997 0.047554
vt 0.557026 0.052038
vt 0.556487 0.051896
vt 0.565426 0.045277
vt 0.609476 0.527945
vt 0.608551 0.522045
vt 0.613113 0.529932
vt 0.559805 0.043501
vt 0.608551 0.513463
vt 0.551444 0.041500
vt 0.608706 0.504962
vt 0.543228 0.038945
vt 0.533780 0.086851
vt 0.529881 0.089612
vt 0.525254 0.087247
vt 0.526217 0.082582
vt 0.514450 0.666252
vt 0.517624 0.083316
vt 0.518421 0.078559
vt 0.509793 0.080260
vt 0.510535 0.075301
vt 0.501642 0.077838
vt 0.502368 0.072672
vt 0.494226 0.074397
vt 0.497848 0.071266
vt 0.485461 0.071542
vt 0.483132 0.066749
vt 0.535351 0.077627
vt 0.535638 0.073094
vt 0.526906 0.073788
vt 0.529593 0.070985
vt 0.519056 0.072413
vt 0.510962 0.070087
vt 0.502823 0.067568
vt 0.495119 0.066134
vt 0.486362 0.063327
vt 0.492360 0.069479
vt 0.488686 0.068332
vt 0.535997 0.067846
vt 0.527413 0.066102
vt 0.524239 0.069006
vt 0.519456 0.067271
vt 0.519783 0.062350
vt 0.511392 0.064391
vt 0.511793 0.059315
vt 0.503330 0.061490
vt 0.503780 0.056336
vt 0.495248 0.058577
vt 0.495755 0.053393
vt 0.487157 0.055732
vt 0.487729 0.050503
vt 0.536278 0.061673
vt 0.536342 0.057082
vt 0.528159 0.058964
vt 0.528310 0.054210
vt 0.520182 0.056053
vt 0.520421 0.051186
vt 0.512213 0.053181
vt 0.512513 0.048209
vt 0.504247 0.050257
vt 0.504608 0.045197
vt 0.496314 0.047301
vt 0.496827 0.042061
vt 0.488324 0.044559
vt 0.488852 0.039301
vt 0.480772 0.036664
vt 0.536287 0.050964
vt 0.536014 0.046517
vt 0.528379 0.047932
vt 0.528303 0.043336
vt 0.520635 0.044817
vt 0.520719 0.040053
vt 0.512964 0.041598
vt 0.513190 0.036729
vt 0.505195 0.038490
vt 0.505621 0.033489
vt 0.497570 0.035285
vt 0.498102 0.030232
vt 0.489666 0.032645
vt 0.490336 0.027410
vt 0.481595 0.030321
vt 0.482359 0.024891
vt 0.535562 0.040561
vt 0.528258 0.037011
vt 0.520841 0.033714
vt 0.513548 0.030320
vt 0.506257 0.026991
vt 0.498394 0.022511
vt 0.491048 0.021216
vt 0.483134 0.018810
vt 0.535235 0.036120
vt 0.528023 0.032376
vt 0.520863 0.028766
vt 0.513884 0.024975
vt 0.506781 0.021514
vt 0.507189 0.016397
vt 0.501014 0.019135
vt 0.837459 0.299278
vt 0.832849 0.307206
vt 0.840392 0.288420
vt 0.519510 0.674668
vt 0.844306 0.290041
vt 0.841068 0.298210
vt 0.523632 0.682010
vt 0.526647 0.682871
vt 0.842016 0.283661
vt 0.338844 0.652924
vt 0.339734 0.647151
vt 0.344990 0.654366
vt 0.341057 0.657275
vt 0.845952 0.280598
vt 0.345821 0.640433
vt 0.347488 0.647929
vt 0.338203 0.639501
vt 0.335766 0.646888
vt 0.340903 0.632351
vt 0.528712 0.688645
vt 0.070240 0.487159
vt 0.076273 0.489482
vt 0.072916 0.491133
vt 0.340342 0.625664
vt 0.839022 0.305315
vt 0.838695 0.312835
vt 0.843792 0.303645
vt 0.842238 0.311676
vt 0.349675 0.655204
vt 0.352116 0.663860
vt 0.347430 0.662817
vt 0.352995 0.649040
vt 0.355404 0.656725
vt 0.083593 0.485459
vt 0.350218 0.641060
vt 0.847239 0.309639
vt 0.846010 0.317784
vt 0.176605 0.642970
vt 0.176500 0.637245
vt 0.183414 0.637627
vt 0.181679 0.645751
vt 0.849198 0.301414
vt 0.851277 0.306034
vt 0.358338 0.650436
vt 0.358761 0.658082
vt 0.090829 0.477422
vt 0.347770 0.626038
vt 0.349204 0.633097
vt 0.343710 0.620999
vt 0.350117 0.610441
vt 0.353224 0.616399
vt 0.098520 0.466036
vt 0.355864 0.604036
vt 0.356462 0.611256
vt 0.350015 0.603719
vt 0.352385 0.598348
vt 0.356478 0.590150
vt 0.358718 0.596384
vt 0.106784 0.453128
vt 0.351514 0.589806
vt 0.349520 0.583719
vt 0.354153 0.584364
vt 0.359560 0.579023
vt 0.362910 0.582472
vt 0.565102 0.028043
vt 0.572322 0.029791
vt 0.366293 0.573051
vt 0.369527 0.576369
vt 0.556496 0.025648
vt 0.115698 0.439422
vt 0.373161 0.567716
vt 0.376751 0.571512
vt 0.548162 0.022846
vt 0.379635 0.563076
vt 0.382611 0.566492
vt 0.540664 0.019067
vt 0.353754 0.633703
vt 0.358210 0.641073
vt 0.360464 0.627303
vt 0.361533 0.635006
vt 0.352572 0.626538
vt 0.355944 0.620415
vt 0.361853 0.612141
vt 0.363825 0.619272
vt 0.382694 0.594383
vt 0.389310 0.587902
vt 0.393603 0.595223
vt 0.387360 0.597475
vt 0.395749 0.583257
vt 0.401437 0.593201
vt 0.359321 0.604502
vt 0.362447 0.596901
vt 0.368903 0.605116
vt 0.369817 0.590791
vt 0.375817 0.598877
vt 0.376900 0.584955
vt 0.383526 0.579482
vt 0.390404 0.574900
vt 0.361962 0.590800
vt 0.365867 0.585827
vt 0.372539 0.579725
vt 0.379886 0.574952
vt 0.386212 0.569938
vt 0.179706 0.629275
vt 0.184122 0.632420
vt 0.405019 0.617548
vt 0.411393 0.612205
vt 0.415300 0.619758
vt 0.409996 0.621425
vt 0.360757 0.645744
vt 0.364283 0.652907
vt 0.365757 0.636324
vt 0.369496 0.642914
vt 0.372034 0.631395
vt 0.372036 0.638523
vt 0.386517 0.618746
vt 0.393050 0.612262
vt 0.396791 0.619732
vt 0.391388 0.621904
vt 0.399767 0.606987
vt 0.405898 0.601653
vt 0.364349 0.628185
vt 0.367376 0.620485
vt 0.374205 0.614731
vt 0.378668 0.623050
vt 0.381229 0.608473
vt 0.387277 0.602443
vt 0.396195 0.600056
vt 0.401318 0.598383
vt 0.406019 0.596553
vt 0.367462 0.613536
vt 0.371362 0.609543
vt 0.378430 0.603338
vt 0.382283 0.600202
vt 0.184300 0.626258
vt 0.189190 0.628704
vt 0.184265 0.619347
vt 0.190880 0.619310
vt 0.372030 0.648062
vt 0.368039 0.654679
vt 0.376147 0.639920
vt 0.381563 0.648752
vt 0.374695 0.654304
vt 0.384192 0.634081
vt 0.389158 0.645366
vt 0.390906 0.627444
vt 0.396268 0.637661
vt 0.399332 0.624741
vt 0.403111 0.632068
vt 0.404589 0.622969
vt 0.409605 0.626530
vt 0.375420 0.633194
vt 0.381060 0.627922
vt 0.386038 0.624555
vt 0.448402 0.589705
vt 0.455395 0.585893
vt 0.460539 0.594906
vt 0.455841 0.597226
vt 0.460821 0.587915
vt 0.465067 0.592450
vt 0.436570 0.583526
vt 0.442737 0.579484
vt 0.442783 0.589219
vt 0.447151 0.576854
vt 0.424313 0.577443
vt 0.430755 0.574185
vt 0.430694 0.583066
vt 0.437175 0.570356
vt 0.442430 0.571460
vt 0.414668 0.571445
vt 0.418705 0.569093
vt 0.418951 0.576073
vt 0.424748 0.565496
vt 0.429149 0.562779
vt 0.407889 0.563922
vt 0.412682 0.561009
vt 0.419118 0.557570
vt 0.424611 0.558485
vt 0.401028 0.557524
vt 0.406758 0.552281
vt 0.411796 0.551870
vt 0.533958 0.015050
vt 0.534225 0.010326
vt 0.540580 0.013940
vt 0.527554 0.011616
vt 0.527853 0.006566
vt 0.391481 0.555609
vt 0.397042 0.551949
vt 0.394026 0.559068
vt 0.521302 0.008230
vt 0.402182 0.549363
vt 0.513921 0.008178
vt 0.515871 0.005611
vt 0.430239 0.600234
vt 0.436222 0.596084
vt 0.441821 0.605009
vt 0.435542 0.604560
vt 0.442544 0.593071
vt 0.448025 0.601556
vt 0.448189 0.594539
vt 0.452715 0.598885
vt 0.412480 0.597032
vt 0.418412 0.594027
vt 0.422302 0.600723
vt 0.418035 0.601190
vt 0.424478 0.590456
vt 0.430579 0.587201
vt 0.436429 0.588050
vt 0.406979 0.588457
vt 0.412830 0.584844
vt 0.418853 0.580669
vt 0.424032 0.581417
vt 0.401512 0.579395
vt 0.407076 0.575990
vt 0.124676 0.426083
vt 0.411738 0.573150
vt 0.395542 0.571196
vt 0.401136 0.567897
vt 0.404956 0.565612
vt 0.133371 0.413241
vt 0.390233 0.565039
vt 0.387753 0.561881
vt 0.396731 0.562513
vt 0.142111 0.401077
vt 0.400994 0.561587
vt 0.417792 0.606748
vt 0.423201 0.618008
vt 0.425046 0.605681
vt 0.429290 0.613306
vt 0.150860 0.390105
vt 0.430134 0.604983
vt 0.435394 0.609053
vt 0.412338 0.601123
vt 0.159857 0.380065
vt 0.418284 0.516591
vt 0.169268 0.370948
vt 0.171395 0.362623
vt 0.177941 0.362522
vt 0.184182 0.352370
vt 0.177628 0.357443
vt 0.455640 0.664627
vt 0.456115 0.659291
vt 0.462331 0.665946
vt 0.458720 0.668676
vt 0.451285 0.665172
vt 0.448557 0.661264
vt 0.455525 0.671170
vt 0.443213 0.666895
vt 0.443809 0.662335
vt 0.448924 0.676280
vt 0.468090 0.674660
vt 0.464332 0.677175
vt 0.461336 0.679620
vt 0.454747 0.684848
vt 0.471449 0.683578
vt 0.467024 0.681683
vt 0.466103 0.687705
vt 0.460572 0.693686
vt 0.445480 0.645738
vt 0.445590 0.641039
vt 0.451053 0.644952
vt 0.450845 0.649730
vt 0.439986 0.647125
vt 0.437126 0.642389
vt 0.444655 0.655136
vt 0.432554 0.649695
vt 0.432560 0.643915
vt 0.438835 0.660087
vt 0.456121 0.649355
vt 0.456902 0.644508
vt 0.463195 0.652831
vt 0.460079 0.655140
vt 0.469305 0.661593
vt 0.465217 0.663902
vt 0.473306 0.671315
vt 0.468862 0.670043
vt 0.472453 0.676010
vt 0.475895 0.681841
vt 0.423001 0.623098
vt 0.428190 0.621836
vt 0.427962 0.626726
vt 0.417853 0.624634
vt 0.421635 0.631600
vt 0.434945 0.625888
vt 0.435015 0.621869
vt 0.440492 0.625187
vt 0.440087 0.630571
vt 0.433510 0.636384
vt 0.427726 0.641512
vt 0.452225 0.629715
vt 0.452586 0.624403
vt 0.458714 0.631225
vt 0.455491 0.633504
vt 0.447754 0.629681
vt 0.445029 0.625169
vt 0.451767 0.636322
vt 0.464578 0.639735
vt 0.461103 0.642057
vt 0.469973 0.648662
vt 0.466146 0.650866
vt 0.475661 0.658600
vt 0.470096 0.657226
vt 0.473856 0.663282
vt 0.477280 0.668907
vt 0.482567 0.678134
vt 0.478904 0.680093
vt 0.441609 0.609244
vt 0.447593 0.609620
vt 0.447310 0.614108
vt 0.440980 0.618433
vt 0.453038 0.614345
vt 0.453388 0.610128
vt 0.460759 0.617937
vt 0.457670 0.619800
vt 0.466449 0.626674
vt 0.463249 0.628479
vt 0.471907 0.635778
vt 0.468537 0.637487
vt 0.477394 0.644955
vt 0.473896 0.646638
vt 0.482363 0.655199
vt 0.478015 0.653845
vt 0.481434 0.660109
vt 0.484191 0.665419
vt 0.480426 0.667188
vt 0.488780 0.675168
vt 0.485466 0.676722
vt 0.460743 0.601971
vt 0.460216 0.606208
vt 0.464797 0.607471
vt 0.465605 0.603446
vt 0.472029 0.612299
vt 0.468747 0.613790
vt 0.465208 0.615588
vt 0.476705 0.621444
vt 0.471953 0.619210
vt 0.471217 0.623821
vt 0.475632 0.625426
vt 0.479772 0.632348
vt 0.476412 0.633727
vt 0.485220 0.641652
vt 0.481872 0.642982
vt 0.490334 0.651106
vt 0.486984 0.652438
vt 0.494637 0.660941
vt 0.490156 0.658693
vt 0.488866 0.663228
vt 0.493340 0.665261
vt 0.496601 0.672026
vt 0.493219 0.673355
vt 0.471906 0.600990
vt 0.477459 0.610159
vt 0.482493 0.619847
vt 0.487695 0.629576
vt 0.483584 0.630929
vt 0.491976 0.636918
vt 0.490740 0.640442
vt 0.495633 0.643021
vt 0.498417 0.648251
vt 0.495110 0.649366
vt 0.502900 0.658046
vt 0.499636 0.659261
vt 0.507761 0.668037
vt 0.502073 0.664772
vt 0.501167 0.669520
vt 0.398079 0.684342
vt 0.398488 0.678606
vt 0.402889 0.680832
vt 0.403038 0.685741
vt 0.393941 0.686925
vt 0.391092 0.682477
vt 0.397042 0.691792
vt 0.386427 0.691878
vt 0.383572 0.687471
vt 0.390141 0.697629
vt 0.379532 0.697396
vt 0.376807 0.693085
vt 0.383453 0.703326
vt 0.438707 0.664480
vt 0.432941 0.667515
vt 0.430490 0.663417
vt 0.436521 0.672974
vt 0.425837 0.671921
vt 0.423199 0.667670
vt 0.429884 0.678201
vt 0.418830 0.676721
vt 0.416098 0.672405
vt 0.423151 0.683563
vt 0.411444 0.681319
vt 0.408719 0.677021
vt 0.416349 0.688992
vt 0.409503 0.694411
vt 0.402468 0.700037
vt 0.395502 0.705786
vt 0.388775 0.711391
vt 0.442254 0.681451
vt 0.435557 0.686754
vt 0.428827 0.692164
vt 0.422088 0.697500
vt 0.415305 0.702643
vt 0.408944 0.706915
vt 0.400012 0.711890
vt 0.393897 0.719861
vt 0.448102 0.690172
vt 0.441363 0.695585
vt 0.434577 0.701072
vt 0.427932 0.706376
vt 0.420602 0.711116
vt 0.415369 0.709390
vt 0.409007 0.710575
vt 0.415192 0.714356
vt 0.402833 0.714979
vt 0.397407 0.720486
vt 0.453964 0.699198
vt 0.447228 0.704724
vt 0.440371 0.710259
vt 0.433739 0.715602
vt 0.426999 0.721523
vt 0.420228 0.715332
vt 0.423137 0.720218
vt 0.388251 0.651672
vt 0.393965 0.649008
vt 0.393827 0.653819
vt 0.384006 0.653630
vt 0.387304 0.659419
vt 0.376619 0.658992
vt 0.380264 0.665528
vt 0.196103 0.619310
vt 0.196017 0.628028
vt 0.371110 0.666518
vt 0.373387 0.671556
vt 0.195826 0.632344
vt 0.191095 0.636100
vt 0.200951 0.627950
vt 0.199563 0.635901
vt 0.408235 0.648094
vt 0.408547 0.642578
vt 0.413351 0.645719
vt 0.413181 0.650952
vt 0.403326 0.650516
vt 0.400631 0.645694
vt 0.406863 0.656832
vt 0.399955 0.662513
vt 0.392857 0.668386
vt 0.385809 0.674295
vt 0.379075 0.680383
vt 0.367713 0.676968
vt 0.372396 0.686363
vt 0.427913 0.646637
vt 0.421845 0.648649
vt 0.419152 0.643912
vt 0.425915 0.655675
vt 0.419038 0.660777
vt 0.412280 0.666140
vt 0.405371 0.671622
vt 0.407574 0.720261
vt 0.398913 0.725051
vt 0.422085 0.724934
vt 0.414203 0.730663
vt 0.406055 0.731603
vt 0.415058 0.636595
vt 0.375493 0.701747
vt 0.371187 0.700483
vt 0.376772 0.708811
vt 0.373125 0.707688
vt 0.382154 0.716897
vt 0.844970 0.362199
vt 0.845112 0.365483
vt 0.841857 0.368190
vt 0.840726 0.363371
vt 0.375960 0.713790
vt 0.379321 0.719017
vt 0.838976 0.373695
vt 0.835481 0.371515
vt 0.388265 0.723620
vt 0.382559 0.723052
vt 0.836247 0.377975
vt 0.830576 0.378262
vt 0.393706 0.724728
vt 0.393958 0.724404
vt 0.388540 0.726611
vt 0.394280 0.729441
vt 0.836327 0.381766
vt 0.831750 0.382121
vt 0.195057 0.638128
vt 0.200315 0.642989
vt 0.193801 0.645740
vt 0.363980 0.684557
vt 0.364885 0.691966
vt 0.849024 0.331948
vt 0.852718 0.337762
vt 0.850750 0.344806
vt 0.847271 0.339492
vt 0.846090 0.346753
vt 0.843425 0.340653
vt 0.848291 0.355674
vt 0.843770 0.353334
vt 0.838485 0.349240
vt 0.833327 0.357479
vt 0.828490 0.365684
vt 0.823981 0.373785
vt 0.826972 0.385186
vt 0.825308 0.380351
vt 0.820807 0.379176
vt 0.401177 0.733214
vt 0.818435 0.383556
vt 0.821044 0.389141
vt 0.815268 0.391175
vt 0.188734 0.642350
vt 0.849810 0.324331
vt 0.844632 0.325766
vt 0.843861 0.333935
vt 0.840933 0.326776
vt 0.836655 0.335114
vt 0.831271 0.343667
vt 0.826217 0.351829
vt 0.821525 0.359902
vt 0.816862 0.368163
vt 0.811487 0.376337
vt 0.811667 0.380701
vt 0.807229 0.385747
vt 0.841086 0.319609
vt 0.834710 0.321016
vt 0.829429 0.329415
vt 0.824069 0.337967
vt 0.818974 0.346118
vt 0.814396 0.353947
vt 0.809670 0.362270
vt 0.804944 0.370911
vt 0.803592 0.383239
vt 0.799570 0.380213
vt 0.827529 0.315555
vt 0.822292 0.323829
vt 0.817033 0.332150
vt 0.811888 0.340287
vt 0.807029 0.348268
vt 0.802368 0.356451
vt 0.797715 0.365052
vt 0.792253 0.374332
vt 0.820469 0.309933
vt 0.815119 0.318128
vt 0.809803 0.326319
vt 0.804656 0.334390
vt 0.799784 0.342352
vt 0.795192 0.350452
vt 0.790783 0.358951
vt 0.785213 0.368244
vt 0.469344 0.688519
vt 0.471490 0.697782
vt 0.468012 0.696608
vt 0.466865 0.702526
vt 0.470612 0.703900
vt 0.608604 0.548915
vt 0.611507 0.544361
vt 0.610726 0.552712
vt 0.608551 0.549606
vt 0.481886 0.718899
vt 0.482970 0.723130
vt 0.478546 0.721651
vt 0.479076 0.717197
vt 0.483333 0.723752
vt 0.482874 0.729562
vt 0.486821 0.726287
vt 0.486507 0.729849
vt 0.480998 0.691183
vt 0.477810 0.693302
vt 0.485484 0.700518
vt 0.480625 0.699894
vt 0.476831 0.707059
vt 0.474287 0.710133
vt 0.482159 0.707605
vt 0.485508 0.715140
vt 0.197525 0.660345
vt 0.200687 0.656974
vt 0.200687 0.670073
vt 0.198126 0.668401
vt 0.616701 0.541154
vt 0.616534 0.551660
vt 0.616701 0.562330
vt 0.612316 0.561746
vt 0.491813 0.734511
vt 0.489331 0.740714
vt 0.496053 0.734438
vt 0.493396 0.741718
vt 0.487417 0.687537
vt 0.483575 0.689696
vt 0.490239 0.697592
vt 0.486090 0.694794
vt 0.489413 0.701432
vt 0.493418 0.710405
vt 0.488824 0.712709
vt 0.497978 0.720117
vt 0.494513 0.722458
vt 0.491483 0.724537
vt 0.501790 0.729054
vt 0.498009 0.727833
vt 0.072859 0.527179
vt 0.076912 0.527247
vt 0.077691 0.532200
vt 0.073280 0.533818
vt 0.083827 0.538687
vt 0.078421 0.540077
vt 0.074180 0.540772
vt 0.079851 0.547701
vt 0.085415 0.546505
vt 0.493474 0.684988
vt 0.488422 0.682926
vt 0.491470 0.689560
vt 0.494912 0.696452
vt 0.500660 0.707289
vt 0.494711 0.705588
vt 0.498166 0.712664
vt 0.501386 0.717855
vt 0.506431 0.725898
vt 0.508265 0.733463
vt 0.503369 0.735027
vt 0.082056 0.531462
vt 0.085989 0.528772
vt 0.090071 0.536547
vt 0.093758 0.542818
vt 0.089590 0.544912
vt 0.090371 0.551875
vt 0.098051 0.552290
vt 0.502026 0.682837
vt 0.496573 0.680367
vt 0.499651 0.686947
vt 0.502650 0.693024
vt 0.498906 0.694612
vt 0.507650 0.703402
vt 0.503338 0.702420
vt 0.506860 0.708436
vt 0.509386 0.712580
vt 0.505047 0.715280
vt 0.514339 0.721100
vt 0.509578 0.723764
vt 0.514626 0.727515
vt 0.511263 0.728170
vt 0.513462 0.735803
vt 0.092820 0.528909
vt 0.093750 0.534790
vt 0.100481 0.539085
vt 0.102594 0.546982
vt 0.505023 0.671400
vt 0.508324 0.680437
vt 0.504690 0.678690
vt 0.507670 0.685310
vt 0.510121 0.690114
vt 0.506737 0.691401
vt 0.515009 0.698889
vt 0.511898 0.700361
vt 0.519912 0.706635
vt 0.515158 0.705826
vt 0.513929 0.709835
vt 0.518054 0.710598
vt 0.520511 0.716599
vt 0.516847 0.716313
vt 0.519143 0.721671
vt 0.521736 0.726697
vt 0.518239 0.733525
vt 0.096921 0.525302
vt 0.103864 0.528012
vt 0.098214 0.531952
vt 0.106280 0.534884
vt 0.111226 0.536634
vt 0.107048 0.542530
vt 0.108077 0.550065
vt 0.469480 0.778029
vt 0.470614 0.772148
vt 0.475725 0.783863
vt 0.471385 0.782318
vt 0.465009 0.780545
vt 0.462723 0.775346
vt 0.468427 0.788133
vt 0.459038 0.788060
vt 0.456866 0.782771
vt 0.463087 0.796018
vt 0.455877 0.793172
vt 0.451942 0.790765
vt 0.455803 0.799731
vt 0.452423 0.797506
vt 0.470519 0.793317
vt 0.466976 0.797255
vt 0.466131 0.804344
vt 0.463261 0.802412
vt 0.460380 0.809242
vt 0.451347 0.806985
vt 0.449144 0.802374
vt 0.454782 0.813236
vt 0.448800 0.810829
vt 0.445034 0.808129
vt 0.449241 0.815735
vt 0.459762 0.708620
vt 0.453117 0.714321
vt 0.446201 0.719890
vt 0.439476 0.725244
vt 0.432796 0.730440
vt 0.426578 0.726847
vt 0.429848 0.732710
vt 0.267516 0.726120
vt 0.270735 0.730200
vt 0.271110 0.736972
vt 0.267516 0.737182
vt 0.471586 0.712512
vt 0.465300 0.718104
vt 0.458569 0.724090
vt 0.451741 0.729953
vt 0.445010 0.735458
vt 0.438411 0.740596
vt 0.435431 0.743074
vt 0.426980 0.734806
vt 0.432576 0.745418
vt 0.470683 0.727854
vt 0.463845 0.734100
vt 0.456971 0.740296
vt 0.450223 0.746106
vt 0.443778 0.751447
vt 0.438296 0.756870
vt 0.435078 0.755097
vt 0.475806 0.737574
vt 0.468831 0.744404
vt 0.461946 0.751021
vt 0.455158 0.757126
vt 0.448422 0.762517
vt 0.442505 0.767603
vt 0.436255 0.763928
vt 0.432064 0.761266
vt 0.437552 0.770688
vt 0.434610 0.772698
vt 0.484952 0.739600
vt 0.481597 0.747492
vt 0.473583 0.754644
vt 0.466541 0.761913
vt 0.459855 0.768375
vt 0.453207 0.773945
vt 0.447576 0.779444
vt 0.440055 0.782670
vt 0.436211 0.779867
vt 0.485550 0.748445
vt 0.486613 0.758178
vt 0.482194 0.756878
vt 0.478660 0.765561
vt 0.445764 0.794644
vt 0.438041 0.788195
vt 0.434790 0.785781
vt 0.439694 0.797216
vt 0.482518 0.766820
vt 0.482869 0.777283
vt 0.479235 0.775589
vt 0.479309 0.785713
vt 0.479045 0.795506
vt 0.475892 0.792533
vt 0.472270 0.800687
vt 0.421291 0.738677
vt 0.414018 0.736027
vt 0.417881 0.740687
vt 0.409684 0.736235
vt 0.425966 0.749866
vt 0.421824 0.747554
vt 0.811783 0.409661
vt 0.813007 0.415169
vt 0.808679 0.417680
vt 0.807099 0.411769
vt 0.811362 0.429489
vt 0.805854 0.425643
vt 0.807642 0.440551
vt 0.802283 0.436809
vt 0.804916 0.447237
vt 0.800745 0.450004
vt 0.494227 0.750555
vt 0.490501 0.749448
vt 0.490934 0.759351
vt 0.490912 0.769260
vt 0.487228 0.767573
vt 0.486898 0.778847
vt 0.084544 0.572066
vt 0.089607 0.572024
vt 0.094484 0.577231
vt 0.090155 0.579198
vt 0.086074 0.579729
vt 0.092160 0.587222
vt 0.414234 0.742809
vt 0.420751 0.752976
vt 0.085551 0.554602
vt 0.081495 0.555776
vt 0.087576 0.563460
vt 0.094821 0.561531
vt 0.097791 0.567878
vt 0.093698 0.570331
vt 0.098123 0.559339
vt 0.105120 0.564583
vt 0.102645 0.555907
vt 0.446108 0.813614
vt 0.436308 0.794245
vt 0.797488 0.457668
vt 0.798601 0.463382
vt 0.795544 0.464852
vt 0.792892 0.458058
vt 0.437437 0.801655
vt 0.439560 0.808705
vt 0.793623 0.472219
vt 0.786791 0.467337
vt 0.797301 0.476995
vt 0.795094 0.481949
vt 0.790719 0.482009
vt 0.781803 0.476193
vt 0.401892 0.738300
vt 0.802138 0.423292
vt 0.800023 0.430255
vt 0.797994 0.437933
vt 0.795563 0.431585
vt 0.795531 0.446514
vt 0.790293 0.442249
vt 0.786009 0.452926
vt 0.781656 0.463058
vt 0.776493 0.472035
vt 0.409899 0.745720
vt 0.807206 0.398211
vt 0.802199 0.395351
vt 0.414743 0.756410
vt 0.802120 0.408876
vt 0.798389 0.406549
vt 0.424450 0.765001
vt 0.419153 0.767835
vt 0.796962 0.420029
vt 0.795016 0.414667
vt 0.792349 0.421710
vt 0.791088 0.415370
vt 0.790171 0.427994
vt 0.786244 0.424339
vt 0.786381 0.438915
vt 0.781483 0.434481
vt 0.782471 0.449668
vt 0.776586 0.444443
vt 0.778056 0.459788
vt 0.771780 0.454127
vt 0.772848 0.468961
vt 0.767159 0.463740
vt 0.798454 0.392952
vt 0.794058 0.389572
vt 0.794448 0.403625
vt 0.788609 0.398845
vt 0.783377 0.408102
vt 0.778509 0.417589
vt 0.773858 0.427535
vt 0.768760 0.437199
vt 0.763829 0.446511
vt 0.759175 0.455864
vt 0.786754 0.383492
vt 0.781350 0.392611
vt 0.776024 0.401654
vt 0.770873 0.410693
vt 0.766017 0.420152
vt 0.760894 0.429432
vt 0.756117 0.438608
vt 0.751558 0.447919
vt 0.779535 0.377245
vt 0.774029 0.386175
vt 0.768489 0.394888
vt 0.763258 0.403678
vt 0.758152 0.412623
vt 0.753232 0.421553
vt 0.748669 0.430638
vt 0.744169 0.439823
vt 0.116567 0.545981
vt 0.463518 0.810419
vt 0.465443 0.818530
vt 0.462228 0.816747
vt 0.459922 0.821435
vt 0.454512 0.823710
vt 0.463019 0.822981
vt 0.464090 0.827221
vt 0.460396 0.825630
vt 0.458969 0.826243
vt 0.458487 0.828775
vt 0.475441 0.803400
vt 0.476043 0.811491
vt 0.472476 0.809088
vt 0.470136 0.815464
vt 0.473366 0.817484
vt 0.474206 0.822093
vt 0.470464 0.821460
vt 0.468690 0.824007
vt 0.472280 0.828113
vt 0.149032 0.919726
vt 0.148082 0.916368
vt 0.154093 0.913041
vt 0.154628 0.919663
vt 0.159944 0.909080
vt 0.160544 0.916226
vt 0.099074 0.587067
vt 0.102943 0.593695
vt 0.098747 0.593914
vt 0.478740 0.804838
vt 0.107022 0.599352
vt 0.100599 0.599635
vt 0.110624 0.603696
vt 0.107016 0.604515
vt 0.477506 0.818718
vt 0.480327 0.819136
vt 0.479463 0.825992
vt 0.476005 0.828717
vt 0.145338 0.912891
vt 0.147189 0.909782
vt 0.149376 0.913328
vt 0.151964 0.911850
vt 0.155971 0.907797
vt 0.153375 0.906637
vt 0.159097 0.903838
vt 0.102672 0.578280
vt 0.102955 0.585452
vt 0.109230 0.591374
vt 0.110734 0.598129
vt 0.116394 0.600415
vt 0.123020 0.603688
vt 0.116126 0.608087
vt 0.141017 0.912450
vt 0.140473 0.904584
vt 0.143227 0.906743
vt 0.143335 0.908782
vt 0.158356 0.899667
vt 0.146660 0.901830
vt 0.151938 0.897324
vt 0.156842 0.892649
vt 0.107703 0.573440
vt 0.114483 0.577978
vt 0.107924 0.582877
vt 0.115958 0.586515
vt 0.120622 0.588725
vt 0.115229 0.595321
vt 0.125361 0.594534
vt 0.132876 0.906504
vt 0.130742 0.896149
vt 0.138327 0.894651
vt 0.143825 0.892131
vt 0.144118 0.900055
vt 0.146646 0.890115
vt 0.149984 0.887210
vt 0.155012 0.882577
vt 0.113093 0.558578
vt 0.116645 0.564361
vt 0.112465 0.569088
vt 0.121252 0.571098
vt 0.124769 0.576508
vt 0.120891 0.581482
vt 0.128707 0.582077
vt 0.122390 0.894917
vt 0.117295 0.884562
vt 0.126637 0.884389
vt 0.134488 0.882901
vt 0.142192 0.880554
vt 0.145830 0.883732
vt 0.148304 0.880073
vt 0.153177 0.873491
vt 0.116765 0.553877
vt 0.123983 0.555989
vt 0.126389 0.564269
vt 0.131583 0.564940
vt 0.136965 0.571692
vt 0.110962 0.871292
vt 0.120672 0.871134
vt 0.129190 0.869539
vt 0.136852 0.866539
vt 0.143442 0.862716
vt 0.146767 0.873999
vt 0.149381 0.858668
vt 0.151755 0.867435
vt 0.447906 0.819273
vt 0.444059 0.817413
vt 0.449914 0.822283
vt 0.792127 0.486995
vt 0.790396 0.490160
vt 0.785414 0.490617
vt 0.787308 0.495201
vt 0.790732 0.494413
vt 0.788582 0.498152
vt 0.783989 0.497596
vt 0.777162 0.484405
vt 0.780922 0.493749
vt 0.774498 0.491092
vt 0.165212 0.905302
vt 0.164500 0.911337
vt 0.770726 0.479306
vt 0.764891 0.486195
vt 0.165278 0.895539
vt 0.766842 0.476360
vt 0.762076 0.472225
vt 0.763645 0.479316
vt 0.758983 0.476459
vt 0.161159 0.895094
vt 0.756525 0.480483
vt 0.761125 0.488598
vt 0.755448 0.485182
vt 0.161003 0.888912
vt 0.754199 0.464331
vt 0.750547 0.470284
vt 0.162887 0.875638
vt 0.164896 0.885892
vt 0.159544 0.878265
vt 0.748262 0.473939
vt 0.746305 0.456069
vt 0.742518 0.462319
vt 0.158217 0.865391
vt 0.157173 0.870664
vt 0.740590 0.466970
vt 0.738842 0.447770
vt 0.735142 0.453056
vt 0.155203 0.854173
vt 0.159684 0.851073
vt 0.162454 0.862935
vt 0.510890 0.664412
vt 0.813273 0.304406
vt 0.807764 0.312634
vt 0.802455 0.320655
vt 0.797308 0.328625
vt 0.792483 0.336462
vt 0.788122 0.344249
vt 0.783725 0.352612
vt 0.778520 0.361861
vt 0.806135 0.298853
vt 0.800667 0.307044
vt 0.794269 0.315365
vt 0.790072 0.321772
vt 0.785339 0.330560
vt 0.780981 0.338097
vt 0.776278 0.346356
vt 0.771036 0.355195
vt 0.799009 0.293314
vt 0.793755 0.301277
vt 0.788686 0.310526
vt 0.789546 0.316283
vt 0.789348 0.316111
vt 0.789418 0.316483
vt 0.789221 0.316308
vt 0.784401 0.316912
vt 0.778318 0.324540
vt 0.773713 0.332032
vt 0.769058 0.340013
vt 0.763831 0.348634
vt 0.791933 0.287644
vt 0.786695 0.295415
vt 0.781355 0.303255
vt 0.776138 0.310973
vt 0.771077 0.318528
vt 0.766279 0.326021
vt 0.761942 0.333533
vt 0.756852 0.342055
vt 0.785863 0.282747
vt 0.780820 0.290838
vt 0.776887 0.299709
vt 0.768953 0.306088
vt 0.763879 0.312557
vt 0.758986 0.319970
vt 0.754377 0.327365
vt 0.749724 0.335231
vt 0.782254 0.279902
vt 0.777648 0.276265
vt 0.777153 0.288026
vt 0.772149 0.284030
vt 0.773264 0.296774
vt 0.766811 0.291566
vt 0.768288 0.302245
vt 0.761952 0.298717
vt 0.759585 0.302436
vt 0.756968 0.306468
vt 0.751892 0.313919
vt 0.746847 0.321300
vt 0.742270 0.328521
vt 0.770522 0.270764
vt 0.765042 0.278322
vt 0.759654 0.285827
vt 0.755166 0.292422
vt 0.752877 0.295969
vt 0.750059 0.300250
vt 0.745019 0.307681
vt 0.739463 0.315236
vt 0.734493 0.322381
vt 0.763474 0.265304
vt 0.757973 0.272708
vt 0.752693 0.279951
vt 0.748220 0.286320
vt 0.745730 0.289853
vt 0.742737 0.294161
vt 0.737810 0.301462
vt 0.732352 0.308989
vt 0.726745 0.316398
vt 0.513457 0.671295
vt 0.515593 0.676611
vt 0.512481 0.677784
vt 0.519466 0.686164
vt 0.515393 0.684290
vt 0.514173 0.688527
vt 0.518390 0.690403
vt 0.520986 0.695621
vt 0.518393 0.697139
vt 0.525076 0.702925
vt 0.521532 0.702762
vt 0.523966 0.706978
vt 0.527151 0.710555
vt 0.523773 0.712744
vt 0.085084 0.510049
vt 0.087232 0.507268
vt 0.092841 0.510306
vt 0.089609 0.512008
vt 0.525703 0.716309
vt 0.524479 0.720419
vt 0.097746 0.514126
vt 0.091576 0.515199
vt 0.098602 0.517725
vt 0.094402 0.519954
vt 0.104026 0.518648
vt 0.100504 0.521590
vt 0.524134 0.730647
vt 0.520060 0.738983
vt 0.110296 0.522292
vt 0.113603 0.524879
vt 0.110511 0.530101
vt 0.525144 0.688391
vt 0.524274 0.692793
vt 0.527452 0.693176
vt 0.530099 0.698270
vt 0.526504 0.698526
vt 0.529390 0.702537
vt 0.531792 0.705440
vt 0.527809 0.706902
vt 0.085508 0.504312
vt 0.088851 0.501833
vt 0.094029 0.504504
vt 0.098361 0.506477
vt 0.103282 0.508649
vt 0.106811 0.510357
vt 0.101902 0.514849
vt 0.112802 0.514055
vt 0.113355 0.518827
vt 0.543014 0.737331
vt 0.543074 0.730771
vt 0.545866 0.727709
vt 0.545866 0.739887
vt 0.080964 0.492404
vt 0.078622 0.493863
vt 0.530819 0.693446
vt 0.085599 0.494684
vt 0.081586 0.497425
vt 0.090179 0.496625
vt 0.086906 0.499055
vt 0.084054 0.500643
vt 0.095685 0.498894
vt 0.097065 0.502124
vt 0.103230 0.501012
vt 0.109507 0.502116
vt 0.113599 0.503271
vt 0.119329 0.505102
vt 0.122649 0.506001
vt 0.117321 0.513690
vt 0.118678 0.518017
vt 0.085219 0.489152
vt 0.091217 0.488435
vt 0.096783 0.490241
vt 0.101792 0.491102
vt 0.106826 0.491850
vt 0.101331 0.498093
vt 0.112474 0.493072
vt 0.113724 0.497055
vt 0.119968 0.494468
vt 0.126010 0.495700
vt 0.129839 0.497234
vt 0.091631 0.482192
vt 0.089984 0.484183
vt 0.098356 0.479649
vt 0.104459 0.480585
vt 0.109202 0.481300
vt 0.114461 0.481969
vt 0.119168 0.482653
vt 0.124010 0.483471
vt 0.118605 0.490726
vt 0.128937 0.485673
vt 0.129588 0.490688
vt 0.137318 0.487885
vt 0.103017 0.466710
vt 0.097034 0.475056
vt 0.108010 0.467672
vt 0.112578 0.468805
vt 0.117179 0.469843
vt 0.122393 0.470907
vt 0.126686 0.471776
vt 0.131680 0.472933
vt 0.136096 0.474177
vt 0.140525 0.475604
vt 0.134494 0.484022
vt 0.111693 0.454489
vt 0.116438 0.455624
vt 0.121029 0.456466
vt 0.125621 0.457458
vt 0.130327 0.459051
vt 0.134408 0.460517
vt 0.139254 0.462296
vt 0.143277 0.463892
vt 0.147846 0.465922
vt 0.120478 0.441295
vt 0.124726 0.442765
vt 0.129606 0.444397
vt 0.133752 0.445850
vt 0.138262 0.447656
vt 0.142265 0.449357
vt 0.146559 0.451189
vt 0.150530 0.453289
vt 0.155053 0.455905
vt 0.772512 0.370810
vt 0.766825 0.379590
vt 0.761183 0.388110
vt 0.756028 0.396695
vt 0.750723 0.405126
vt 0.745998 0.413852
vt 0.741657 0.422757
vt 0.736348 0.431214
vt 0.765491 0.364111
vt 0.759855 0.372895
vt 0.753990 0.381106
vt 0.748604 0.389411
vt 0.743483 0.397533
vt 0.739297 0.405984
vt 0.733836 0.414450
vt 0.728610 0.422464
vt 0.758033 0.357282
vt 0.752387 0.365708
vt 0.746893 0.374157
vt 0.741292 0.382069
vt 0.736065 0.389826
vt 0.731687 0.397789
vt 0.726024 0.406015
vt 0.720813 0.413769
vt 0.751383 0.350696
vt 0.745431 0.358949
vt 0.739490 0.366984
vt 0.733778 0.374727
vt 0.728449 0.382249
vt 0.723917 0.389765
vt 0.718585 0.397669
vt 0.712087 0.405525
vt 0.744377 0.343703
vt 0.738456 0.352062
vt 0.732377 0.360034
vt 0.726552 0.367610
vt 0.721105 0.374940
vt 0.716104 0.382220
vt 0.711276 0.389625
vt 0.707425 0.395725
vt 0.736963 0.336683
vt 0.731128 0.345003
vt 0.725229 0.352912
vt 0.719586 0.360524
vt 0.714092 0.367895
vt 0.708765 0.374974
vt 0.703269 0.382510
vt 0.150225 0.775739
vt 0.151942 0.786283
vt 0.148213 0.788707
vt 0.146114 0.781431
vt 0.729664 0.329748
vt 0.723993 0.338008
vt 0.718245 0.345853
vt 0.712879 0.353397
vt 0.707460 0.360758
vt 0.701872 0.367687
vt 0.698227 0.372859
vt 0.130259 0.767752
vt 0.133189 0.774347
vt 0.128524 0.779827
vt 0.123571 0.768595
vt 0.139600 0.766581
vt 0.139852 0.774810
vt 0.139956 0.781188
vt 0.148586 0.765011
vt 0.722321 0.322760
vt 0.716776 0.331006
vt 0.711155 0.338796
vt 0.705659 0.346206
vt 0.700340 0.353385
vt 0.695086 0.360237
vt 0.692986 0.363771
vt 0.126567 0.757422
vt 0.121491 0.761758
vt 0.139481 0.755562
vt 0.146137 0.754601
vt 0.119766 0.531497
vt 0.121098 0.538074
vt 0.125603 0.521509
vt 0.129638 0.525308
vt 0.125462 0.531737
vt 0.126487 0.538531
vt 0.135753 0.530259
vt 0.127231 0.508402
vt 0.132413 0.511897
vt 0.135976 0.514428
vt 0.141599 0.518949
vt 0.136380 0.498626
vt 0.137490 0.502621
vt 0.141666 0.500888
vt 0.147093 0.507948
vt 0.140762 0.491690
vt 0.561533 0.664951
vt 0.560739 0.654866
vt 0.562770 0.651165
vt 0.563651 0.659771
vt 0.565657 0.670229
vt 0.567518 0.666594
vt 0.567518 0.652999
vt 0.149179 0.492197
vt 0.154519 0.494789
vt 0.145107 0.477611
vt 0.148688 0.479300
vt 0.144706 0.484821
vt 0.144639 0.489495
vt 0.152237 0.480550
vt 0.157670 0.483053
vt 0.039159 0.803463
vt 0.034396 0.790973
vt 0.039299 0.789826
vt 0.044757 0.801879
vt 0.152019 0.467892
vt 0.155648 0.469883
vt 0.161920 0.471753
vt 0.164064 0.476833
vt 0.165276 0.480268
vt 0.162573 0.485844
vt 0.158879 0.458242
vt 0.164289 0.460321
vt 0.166645 0.465396
vt 0.025997 0.779669
vt 0.021827 0.771765
vt 0.022461 0.768352
vt 0.026784 0.774523
vt 0.031964 0.782068
vt 0.030618 0.776157
vt 0.168470 0.472844
vt 0.170911 0.478546
vt 0.028601 0.767792
vt 0.175141 0.467589
vt 0.181774 0.471297
vt 0.121295 0.547307
vt 0.132016 0.544926
vt 0.135248 0.549020
vt 0.131092 0.556870
vt 0.139763 0.554441
vt 0.101679 0.869778
vt 0.094076 0.856471
vt 0.103144 0.857117
vt 0.113193 0.856701
vt 0.122542 0.854971
vt 0.130638 0.852138
vt 0.138209 0.848797
vt 0.145196 0.845343
vt 0.136916 0.536721
vt 0.141421 0.535679
vt 0.087291 0.855386
vt 0.074772 0.841267
vt 0.084783 0.842305
vt 0.094289 0.842436
vt 0.104399 0.841587
vt 0.114586 0.839727
vt 0.123784 0.837387
vt 0.132239 0.834846
vt 0.140050 0.832153
vt 0.145315 0.522047
vt 0.141154 0.528997
vt 0.148567 0.524807
vt 0.065889 0.828362
vt 0.074710 0.828231
vt 0.084822 0.827921
vt 0.095208 0.826921
vt 0.105755 0.825196
vt 0.116455 0.823146
vt 0.126228 0.820369
vt 0.136448 0.821755
vt 0.148295 0.516335
vt 0.120913 0.808110
vt 0.127537 0.814859
vt 0.119502 0.813272
vt 0.131555 0.806125
vt 0.134384 0.815354
vt 0.154231 0.513688
vt 0.059237 0.816262
vt 0.066315 0.814451
vt 0.076406 0.813802
vt 0.086921 0.811224
vt 0.098562 0.812345
vt 0.110596 0.812503
vt 0.159457 0.498967
vt 0.153395 0.508324
vt 0.056085 0.812791
vt 0.052894 0.801758
vt 0.058829 0.807685
vt 0.079812 0.797137
vt 0.088723 0.805559
vt 0.078522 0.801789
vt 0.092330 0.797375
vt 0.096023 0.806067
vt 0.105134 0.796427
vt 0.108103 0.806089
vt 0.117186 0.794083
vt 0.129272 0.795848
vt 0.061570 0.804448
vt 0.069385 0.800724
vt 0.115503 0.782592
vt 0.120638 0.788526
vt 0.112238 0.787734
vt 0.128621 0.789547
vt 0.047309 0.792768
vt 0.055418 0.791943
vt 0.057942 0.796789
vt 0.064442 0.790162
vt 0.065903 0.793313
vt 0.073461 0.785038
vt 0.087561 0.783470
vt 0.101472 0.783629
vt 0.102739 0.770529
vt 0.105167 0.779399
vt 0.095611 0.771156
vt 0.113974 0.769607
vt 0.166939 0.484070
vt 0.039779 0.785604
vt 0.045199 0.786699
vt 0.052989 0.785742
vt 0.062143 0.783947
vt 0.067731 0.781615
vt 0.071456 0.773050
vt 0.066977 0.776914
vt 0.085854 0.771956
vt 0.036507 0.778824
vt 0.043126 0.776591
vt 0.050731 0.775525
vt 0.061263 0.773943
vt 0.099667 0.760158
vt 0.094283 0.764253
vt 0.114723 0.758799
vt 0.065122 0.763450
vt 0.065534 0.769995
vt 0.059233 0.764140
vt 0.072982 0.762577
vt 0.086810 0.761328
vt 0.035160 0.766190
vt 0.041964 0.766626
vt 0.049243 0.764620
vt 0.731212 0.438981
vt 0.728394 0.443416
vt 0.151735 0.841670
vt 0.155842 0.839291
vt 0.723430 0.430058
vt 0.720958 0.434071
vt 0.147799 0.829068
vt 0.152193 0.827320
vt 0.717085 0.421633
vt 0.717876 0.428962
vt 0.145621 0.821174
vt 0.149889 0.821377
vt 0.712872 0.411672
vt 0.142368 0.803011
vt 0.144429 0.815228
vt 0.148198 0.804641
vt 0.150612 0.815111
vt 0.543014 0.751109
vt 0.549213 0.751109
vt 0.548164 0.757329
vt 0.543874 0.757360
vt 0.140847 0.792047
vt 0.144922 0.797543
vt 0.138421 0.797440
vt 0.150800 0.799326
vt 0.757738 0.260440
vt 0.750970 0.265936
vt 0.745647 0.273986
vt 0.740338 0.281629
vt 0.740977 0.286429
vt 0.735928 0.287780
vt 0.730437 0.295279
vt 0.725167 0.302773
vt 0.719510 0.310180
vt 0.754369 0.257349
vt 0.748495 0.253592
vt 0.750446 0.260895
vt 0.747908 0.258815
vt 0.743595 0.259932
vt 0.738282 0.268067
vt 0.733122 0.274993
vt 0.735485 0.283205
vt 0.729223 0.280336
vt 0.726715 0.283861
vt 0.723088 0.289113
vt 0.718071 0.296411
vt 0.712388 0.304018
vt 0.745328 0.247856
vt 0.743240 0.254307
vt 0.741334 0.248023
vt 0.736382 0.254932
vt 0.730983 0.262174
vt 0.725755 0.269185
vt 0.720691 0.276840
vt 0.721527 0.281561
vt 0.716246 0.283074
vt 0.710779 0.290125
vt 0.705349 0.297642
vt 0.734686 0.241755
vt 0.729197 0.249071
vt 0.723879 0.256226
vt 0.718602 0.263284
vt 0.713468 0.270181
vt 0.715777 0.278784
vt 0.709488 0.275495
vt 0.707015 0.278869
vt 0.703428 0.283949
vt 0.698143 0.291295
vt 0.727555 0.235974
vt 0.722160 0.243137
vt 0.716727 0.250311
vt 0.711548 0.257295
vt 0.706418 0.264190
vt 0.700909 0.271620
vt 0.701584 0.276045
vt 0.696486 0.277624
vt 0.690967 0.285003
vt 0.720453 0.230094
vt 0.715077 0.237200
vt 0.709655 0.244336
vt 0.704572 0.251244
vt 0.699379 0.258198
vt 0.693982 0.265224
vt 0.695988 0.273173
vt 0.691057 0.269060
vt 0.688497 0.272382
vt 0.683666 0.278804
vt 0.713280 0.224209
vt 0.707979 0.231237
vt 0.702761 0.238228
vt 0.697593 0.245186
vt 0.692281 0.252214
vt 0.687646 0.259309
vt 0.687370 0.265424
vt 0.682505 0.265808
vt 0.676167 0.272818
vt 0.706198 0.218216
vt 0.700936 0.225200
vt 0.695760 0.232099
vt 0.689409 0.239116
vt 0.686810 0.247301
vt 0.685196 0.252897
vt 0.680635 0.253097
vt 0.683971 0.259664
vt 0.674353 0.260069
vt 0.668167 0.266909
vt 0.129246 0.428295
vt 0.133226 0.430164
vt 0.138037 0.432440
vt 0.141819 0.434220
vt 0.146299 0.436486
vt 0.150039 0.438473
vt 0.155262 0.440545
vt 0.156256 0.445456
vt 0.162033 0.445739
vt 0.137991 0.415986
vt 0.141690 0.418163
vt 0.146519 0.421066
vt 0.150075 0.423116
vt 0.154466 0.426747
vt 0.154443 0.432630
vt 0.160786 0.430539
vt 0.166242 0.433001
vt 0.161507 0.438643
vt 0.146837 0.404416
vt 0.150320 0.406795
vt 0.155272 0.410099
vt 0.158844 0.412355
vt 0.162825 0.414854
vt 0.167195 0.417670
vt 0.160174 0.425624
vt 0.170984 0.420270
vt 0.175064 0.423439
vt 0.155908 0.393889
vt 0.159424 0.396277
vt 0.164380 0.399388
vt 0.168198 0.401877
vt 0.172196 0.404606
vt 0.176713 0.407815
vt 0.180367 0.410707
vt 0.184386 0.414250
vt 0.165160 0.384006
vt 0.168770 0.386511
vt 0.173918 0.389801
vt 0.177889 0.392363
vt 0.181979 0.395252
vt 0.186455 0.398735
vt 0.190050 0.401903
vt 0.193973 0.405741
vt 0.174481 0.374829
vt 0.178348 0.377560
vt 0.183781 0.381261
vt 0.187594 0.383948
vt 0.191963 0.387333
vt 0.195995 0.390812
vt 0.199461 0.394136
vt 0.203328 0.398317
vt 0.184046 0.366765
vt 0.188103 0.369715
vt 0.193413 0.373730
vt 0.197057 0.376698
vt 0.201967 0.381540
vt 0.201614 0.386577
vt 0.209024 0.387507
vt 0.210691 0.393008
vt 0.188665 0.356014
vt 0.193506 0.359904
vt 0.197518 0.363153
vt 0.202303 0.367125
vt 0.206022 0.370436
vt 0.210072 0.374383
vt 0.215395 0.378141
vt 0.207292 0.382276
vt 0.215788 0.382877
vt 0.219279 0.384380
vt 0.215532 0.389080
vt 0.215373 0.395161
vt 0.618993 0.658082
vt 0.616672 0.664609
vt 0.614828 0.659313
vt 0.616387 0.653825
vt 0.117957 0.747598
vt 0.119898 0.754915
vt 0.111348 0.748341
vt 0.127932 0.746526
vt 0.115381 0.738248
vt 0.109849 0.742651
vt 0.129422 0.735740
vt 0.105089 0.728288
vt 0.107874 0.736047
vt 0.103166 0.739511
vt 0.100026 0.732060
vt 0.117833 0.727075
vt 0.126479 0.729649
vt 0.119642 0.716677
vt 0.122446 0.723212
vt 0.114683 0.720825
vt 0.131852 0.715010
vt 0.130769 0.725771
vt 0.095428 0.718427
vt 0.098365 0.725455
vt 0.093002 0.729544
vt 0.090877 0.721881
vt 0.107313 0.718064
vt 0.109534 0.706836
vt 0.112289 0.714052
vt 0.104676 0.710820
vt 0.121511 0.705840
vt 0.128830 0.708690
vt 0.085628 0.709304
vt 0.088802 0.715379
vt 0.081464 0.721106
vt 0.081258 0.712878
vt 0.097373 0.708386
vt 0.123126 0.694682
vt 0.125988 0.701857
vt 0.118592 0.698630
vt 0.134497 0.693680
vt 0.133305 0.704460
vt 0.099714 0.697042
vt 0.102583 0.704017
vt 0.095259 0.700560
vt 0.111757 0.696212
vt 0.075361 0.699867
vt 0.078686 0.706077
vt 0.071422 0.711736
vt 0.070877 0.703202
vt 0.088022 0.698504
vt 0.113660 0.684978
vt 0.116698 0.691938
vt 0.109556 0.688383
vt 0.124267 0.684671
vt 0.135402 0.683606
vt 0.090370 0.688142
vt 0.093485 0.693935
vt 0.086245 0.691565
vt 0.102268 0.686485
vt 0.066899 0.690754
vt 0.068636 0.696247
vt 0.061291 0.701492
vt 0.060013 0.691180
vt 0.077844 0.689237
vt 0.104434 0.676806
vt 0.107421 0.682065
vt 0.100320 0.680772
vt 0.114657 0.675703
vt 0.125353 0.674451
vt 0.132444 0.676913
vt 0.080532 0.679094
vt 0.083240 0.685056
vt 0.075762 0.682794
vt 0.091467 0.678090
vt 0.065644 0.681075
vt 0.058481 0.686078
vt 0.714139 0.317315
vt 0.709405 0.324081
vt 0.703909 0.331821
vt 0.698438 0.339237
vt 0.692958 0.346368
vt 0.687577 0.353369
vt 0.150203 0.743099
vt 0.150288 0.753131
vt 0.145369 0.744473
vt 0.139712 0.745203
vt 0.706807 0.311165
vt 0.701596 0.318072
vt 0.696581 0.324994
vt 0.691267 0.332347
vt 0.686003 0.339484
vt 0.681726 0.346797
vt 0.148174 0.734304
vt 0.144727 0.739332
vt 0.140006 0.738213
vt 0.699828 0.304915
vt 0.694291 0.311923
vt 0.689097 0.318757
vt 0.683960 0.325805
vt 0.678819 0.332881
vt 0.676417 0.337069
vt 0.134100 0.731706
vt 0.141452 0.724540
vt 0.140359 0.733036
vt 0.148153 0.723365
vt 0.692730 0.298599
vt 0.687162 0.305719
vt 0.681926 0.312568
vt 0.676850 0.319424
vt 0.672540 0.326494
vt 0.150982 0.712658
vt 0.152581 0.721567
vt 0.147396 0.717720
vt 0.142492 0.716989
vt 0.685511 0.292271
vt 0.680024 0.299375
vt 0.674901 0.306183
vt 0.669754 0.313049
vt 0.667521 0.317039
vt 0.136272 0.710653
vt 0.144071 0.703163
vt 0.143139 0.711553
vt 0.150811 0.702111
vt 0.678223 0.285947
vt 0.672696 0.293083
vt 0.667582 0.299851
vt 0.662345 0.307084
vt 0.154272 0.691101
vt 0.155870 0.700370
vt 0.149822 0.695617
vt 0.144798 0.692842
vt 0.670767 0.279751
vt 0.665407 0.286818
vt 0.660282 0.293690
vt 0.656416 0.299227
vt 0.145391 0.682779
vt 0.148001 0.689190
vt 0.141949 0.686447
vt 0.154864 0.681263
vt 0.663684 0.274235
vt 0.657910 0.279469
vt 0.652956 0.287714
vt 0.159791 0.670088
vt 0.159815 0.679303
vt 0.153543 0.671727
vt 0.136192 0.673449
vt 0.139281 0.680079
vt 0.146271 0.672701
vt 0.162613 0.453037
vt 0.168641 0.451511
vt 0.174112 0.454479
vt 0.170493 0.458897
vt 0.170521 0.464268
vt 0.177682 0.457237
vt 0.019478 0.758330
vt 0.026088 0.757200
vt 0.032127 0.759923
vt 0.169998 0.435834
vt 0.173911 0.438982
vt 0.167595 0.446412
vt 0.177739 0.442233
vt 0.181632 0.445818
vt 0.185780 0.449423
vt 0.190043 0.453115
vt 0.183911 0.461217
vt 0.192535 0.455525
vt 0.188447 0.460422
vt 0.027732 0.753601
vt 0.033619 0.756938
vt 0.025300 0.747217
vt 0.032635 0.746487
vt 0.178751 0.426655
vt 0.182437 0.430139
vt 0.186190 0.433819
vt 0.189814 0.437562
vt 0.195202 0.442284
vt 0.195480 0.447091
vt 0.199593 0.446180
vt 0.022007 0.735531
vt 0.029748 0.739076
vt 0.188092 0.417785
vt 0.191598 0.421437
vt 0.195254 0.425597
vt 0.198455 0.429532
vt 0.202197 0.435760
vt 0.201149 0.441553
vt 0.200665 0.442033
vt 0.022040 0.726638
vt 0.024651 0.732065
vt 0.019070 0.731123
vt 0.032377 0.725686
vt 0.032411 0.736042
vt 0.019107 0.731707
vt 0.018999 0.731027
vt 0.197561 0.409559
vt 0.201056 0.413697
vt 0.204676 0.418389
vt 0.207210 0.421928
vt 0.209338 0.425502
vt 0.015489 0.725984
vt 0.014761 0.713569
vt 0.023068 0.714283
vt 0.032769 0.715155
vt 0.206660 0.402326
vt 0.209943 0.406757
vt 0.214139 0.412412
vt 0.213252 0.417474
vt 0.010118 0.712290
vt 0.009269 0.704947
vt 0.014084 0.703462
vt 0.023692 0.704798
vt 0.029448 0.707335
vt 0.214900 0.402866
vt 0.218256 0.405213
vt 0.005727 0.700558
vt 0.005611 0.692439
vt 0.015070 0.692983
vt 0.014245 0.698207
vt 0.025512 0.693051
vt 0.024160 0.699473
vt 0.036952 0.693765
vt 0.034330 0.703275
vt 0.607579 0.660598
vt 0.607770 0.655636
vt 0.607579 0.649733
vt 0.612212 0.648408
vt 0.554467 0.519308
vt 0.559052 0.520692
vt 0.556208 0.530958
vt 0.551687 0.529190
vt 0.545355 0.527241
vt 0.548965 0.518073
vt 0.553206 0.542118
vt 0.548458 0.539795
vt 0.543014 0.537503
vt 0.027460 0.687348
vt 0.029480 0.682423
vt 0.040808 0.682151
vt 0.038588 0.688271
vt 0.090747 0.750511
vt 0.092073 0.757460
vt 0.083979 0.751127
vt 0.101723 0.749407
vt 0.065554 0.753277
vt 0.059535 0.754191
vt 0.074614 0.752142
vt 0.037151 0.762134
vt 0.041602 0.761747
vt 0.045479 0.760890
vt 0.049545 0.756792
vt 0.045316 0.761348
vt 0.041380 0.757734
vt 0.049882 0.691823
vt 0.052576 0.684401
vt 0.044232 0.695715
vt 0.047279 0.702973
vt 0.052069 0.699609
vt 0.054088 0.706673
vt 0.044418 0.714548
vt 0.057510 0.713784
vt 0.036604 0.711828
vt 0.038925 0.719301
vt 0.061944 0.710485
vt 0.064180 0.717437
vt 0.042773 0.725954
vt 0.055009 0.724793
vt 0.067660 0.723472
vt 0.046571 0.722647
vt 0.049252 0.729760
vt 0.071840 0.720244
vt 0.073977 0.726913
vt 0.042521 0.735870
vt 0.050902 0.734935
vt 0.066479 0.732951
vt 0.074641 0.732023
vt 0.056831 0.734256
vt 0.081153 0.731221
vt 0.041540 0.746086
vt 0.053172 0.744473
vt 0.035783 0.742761
vt 0.038373 0.749268
vt 0.064153 0.742821
vt 0.076899 0.742295
vt 0.058410 0.739885
vt 0.059332 0.746502
vt 0.089192 0.740812
vt 0.082269 0.738577
vt 0.083182 0.745173
vt 0.044257 0.754951
vt 0.312162 0.150989
vt 0.309878 0.155568
vt 0.306051 0.153358
vt 0.309236 0.145652
vt 0.317222 0.149201
vt 0.315455 0.157561
vt 0.314802 0.145410
vt 0.307442 0.163750
vt 0.303816 0.161765
vt 0.314089 0.166179
vt 0.306000 0.172306
vt 0.302592 0.170593
vt 0.310189 0.174490
vt 0.060640 0.085393
vt 0.067712 0.080281
vt 0.069797 0.084052
vt 0.062284 0.089014
vt 0.304925 0.180948
vt 0.308144 0.182786
vt 0.075303 0.076429
vt 0.077537 0.079429
vt 0.304073 0.189200
vt 0.307002 0.190323
vt 0.353858 0.135277
vt 0.349486 0.139866
vt 0.347495 0.136404
vt 0.350746 0.130287
vt 0.358398 0.135208
vt 0.357668 0.141214
vt 0.367528 0.135799
vt 0.366443 0.144120
vt 0.377106 0.135870
vt 0.375576 0.144737
vt 0.385840 0.138663
vt 0.384788 0.145640
vt 0.394605 0.141112
vt 0.393718 0.146791
vt 0.335593 0.128900
vt 0.333011 0.134102
vt 0.328284 0.132373
vt 0.332633 0.124082
vt 0.341343 0.126808
vt 0.340127 0.137216
vt 0.339110 0.123041
vt 0.368887 0.148772
vt 0.365406 0.152594
vt 0.362879 0.148436
vt 0.375000 0.149700
vt 0.375028 0.157119
vt 0.384188 0.150602
vt 0.383250 0.157771
vt 0.393060 0.151750
vt 0.392076 0.159274
vt 0.343092 0.142092
vt 0.340383 0.146710
vt 0.335670 0.145226
vt 0.347256 0.148519
vt 0.355838 0.150191
vt 0.328156 0.142315
vt 0.325243 0.137577
vt 0.377986 0.161613
vt 0.373414 0.165337
vt 0.371708 0.162576
vt 0.382526 0.162090
vt 0.381413 0.166485
vt 0.391253 0.163627
vt 0.389971 0.168765
vt 0.358069 0.153646
vt 0.354377 0.159105
vt 0.351563 0.155005
vt 0.364544 0.163101
vt 0.335789 0.154541
vt 0.332807 0.150396
vt 0.345685 0.156903
vt 0.321665 0.143144
vt 0.319296 0.139118
vt 0.327292 0.151842
vt 0.367349 0.167272
vt 0.367017 0.168156
vt 0.362650 0.170523
vt 0.371261 0.169739
vt 0.379808 0.171666
vt 0.385821 0.172489
vt 0.348136 0.160206
vt 0.345081 0.166425
vt 0.340538 0.165259
vt 0.353080 0.168491
vt 0.330306 0.155705
vt 0.327219 0.161339
vt 0.322332 0.159807
vt 0.334721 0.163606
vt 0.369980 0.173747
vt 0.378530 0.175791
vt 0.387645 0.176318
vt 0.341292 0.174109
vt 0.338578 0.169901
vt 0.350779 0.177166
vt 0.359346 0.179161
vt 0.367874 0.181128
vt 0.376548 0.183429
vt 0.385165 0.185753
vt 0.322743 0.169081
vt 0.319637 0.164717
vt 0.333116 0.171967
vt 0.335669 0.175406
vt 0.332234 0.181719
vt 0.327803 0.180500
vt 0.339760 0.183794
vt 0.348366 0.185991
vt 0.356854 0.187820
vt 0.365646 0.190122
vt 0.374408 0.192558
vt 0.383101 0.194894
vt 0.316986 0.170084
vt 0.315009 0.176262
vt 0.321614 0.178558
vt 0.328506 0.188677
vt 0.325611 0.184785
vt 0.338029 0.192215
vt 0.346171 0.194703
vt 0.354691 0.196738
vt 0.363667 0.199279
vt 0.372395 0.201678
vt 0.380960 0.203832
vt 0.312132 0.184475
vt 0.320720 0.186412
vt 0.323768 0.189520
vt 0.323071 0.192804
vt 0.318828 0.194210
vt 0.327635 0.197055
vt 0.336154 0.200403
vt 0.344319 0.203142
vt 0.352890 0.205615
vt 0.361748 0.208253
vt 0.370395 0.210609
vt 0.378900 0.212739
vt 0.310443 0.191864
vt 0.405241 0.148823
vt 0.401622 0.152491
vt 0.399412 0.147831
vt 0.403010 0.144110
vt 0.407343 0.149332
vt 0.409947 0.154436
vt 0.410672 0.146355
vt 0.412487 0.151682
vt 0.419983 0.147411
vt 0.418576 0.154416
vt 0.428877 0.149461
vt 0.427372 0.157097
vt 0.436134 0.159304
vt 0.444603 0.161773
vt 0.454257 0.155933
vt 0.452825 0.164844
vt 0.462734 0.157977
vt 0.460023 0.168318
vt 0.400852 0.162870
vt 0.408887 0.164391
vt 0.417996 0.159390
vt 0.417614 0.166506
vt 0.426468 0.162185
vt 0.425704 0.168945
vt 0.435280 0.164210
vt 0.434134 0.171133
vt 0.443715 0.166665
vt 0.442497 0.173144
vt 0.452003 0.169671
vt 0.451006 0.175056
vt 0.456074 0.171315
vt 0.458685 0.176579
vt 0.397526 0.165424
vt 0.396906 0.167651
vt 0.398778 0.170855
vt 0.406881 0.172714
vt 0.415675 0.175304
vt 0.423733 0.177822
vt 0.433221 0.178336
vt 0.441691 0.182917
vt 0.449265 0.184622
vt 0.457899 0.186590
vt 0.391879 0.172198
vt 0.425736 0.181623
vt 0.422252 0.186038
vt 0.419579 0.181526
vt 0.432525 0.182907
vt 0.431331 0.189289
vt 0.439014 0.185536
vt 0.440528 0.190894
vt 0.444124 0.188344
vt 0.395906 0.178875
vt 0.404823 0.181398
vt 0.413692 0.183409
vt 0.448275 0.190378
vt 0.456572 0.194025
vt 0.415995 0.186907
vt 0.413644 0.193592
vt 0.409102 0.192347
vt 0.420682 0.195570
vt 0.429275 0.197843
vt 0.437716 0.199992
vt 0.447673 0.194684
vt 0.446293 0.202314
vt 0.455802 0.198357
vt 0.454233 0.203597
vt 0.393912 0.188198
vt 0.402729 0.190543
vt 0.412900 0.200648
vt 0.409173 0.202510
vt 0.417736 0.204464
vt 0.426058 0.206465
vt 0.435476 0.206389
vt 0.444317 0.207920
vt 0.449830 0.208151
vt 0.391849 0.197238
vt 0.400600 0.199557
vt 0.413671 0.207338
vt 0.419112 0.209640
vt 0.415506 0.212433
vt 0.421516 0.210219
vt 0.427444 0.210258
vt 0.423659 0.214355
vt 0.434036 0.210734
vt 0.442881 0.212033
vt 0.451700 0.211928
vt 0.389744 0.206180
vt 0.398834 0.209118
vt 0.407705 0.211457
vt 0.432300 0.216803
vt 0.440770 0.218899
vt 0.449078 0.220996
vt 0.401225 0.213286
vt 0.400481 0.216424
vt 0.396725 0.218221
vt 0.404503 0.214135
vt 0.403750 0.217275
vt 0.405510 0.220472
vt 0.387732 0.215219
vt 0.413342 0.221917
vt 0.421645 0.224018
vt 0.429927 0.226138
vt 0.438319 0.228353
vt 0.446627 0.230603
vt 0.317494 0.123407
vt 0.315300 0.128139
vt 0.311462 0.126691
vt 0.314660 0.118564
vt 0.322990 0.121193
vt 0.321065 0.129956
vt 0.320611 0.117665
vt 0.307409 0.124557
vt 0.303951 0.121344
vt 0.300665 0.113713
vt 0.026246 0.133673
vt 0.031790 0.128375
vt 0.032808 0.134357
vt 0.028626 0.135376
vt 0.030998 0.137844
vt 0.034020 0.140609
vt 0.035293 0.143668
vt 0.042194 0.146045
vt 0.044089 0.152693
vt 0.050053 0.156087
vt 0.051754 0.163818
vt 0.058086 0.167143
vt 0.311110 0.136797
vt 0.309211 0.132796
vt 0.306451 0.134193
vt 0.304109 0.130617
vt 0.038494 0.122201
vt 0.039857 0.131952
vt 0.038126 0.138674
vt 0.043711 0.137856
vt 0.046971 0.142578
vt 0.052261 0.144536
vt 0.048512 0.148839
vt 0.056419 0.150687
vt 0.060339 0.155968
vt 0.056185 0.159605
vt 0.307821 0.138502
vt 0.307250 0.140266
vt 0.305245 0.138875
vt 0.304100 0.136491
vt 0.041694 0.117035
vt 0.045992 0.117614
vt 0.041974 0.122369
vt 0.044480 0.129516
vt 0.053537 0.126453
vt 0.048653 0.137327
vt 0.055786 0.134585
vt 0.565187 0.733685
vt 0.560738 0.735182
vt 0.560738 0.725289
vt 0.565134 0.726826
vt 0.058772 0.142826
vt 0.060230 0.147593
vt 0.066451 0.150927
vt 0.305037 0.142927
vt 0.044100 0.107317
vt 0.048770 0.100249
vt 0.051327 0.106172
vt 0.044714 0.111057
vt 0.042170 0.114280
vt 0.056100 0.114021
vt 0.060178 0.120456
vt 0.062864 0.124617
vt 0.059186 0.128821
vt 0.060746 0.133490
vt 0.241859 0.659979
vt 0.245957 0.659992
vt 0.245476 0.669874
vt 0.239613 0.669405
vt 0.245957 0.678696
vt 0.239661 0.674469
vt 0.055203 0.094438
vt 0.058843 0.100665
vt 0.064903 0.109163
vt 0.065217 0.114680
vt 0.069635 0.116499
vt 0.066580 0.095974
vt 0.071129 0.103100
vt 0.073812 0.107283
vt 0.069949 0.110735
vt 0.074342 0.091353
vt 0.077659 0.096692
vt 0.080282 0.100866
vt 0.081072 0.086832
vt 0.080818 0.093280
vt 0.086191 0.095087
vt 0.059738 0.174333
vt 0.064530 0.161808
vt 0.068164 0.167123
vt 0.064546 0.170512
vt 0.065883 0.178083
vt 0.072452 0.173158
vt 0.068399 0.158149
vt 0.074688 0.160812
vt 0.080962 0.168418
vt 0.066820 0.130820
vt 0.072395 0.139372
vt 0.063707 0.142616
vt 0.075793 0.144332
vt 0.078893 0.148751
vt 0.073108 0.153578
vt 0.084448 0.157109
vt 0.088425 0.163229
vt 0.075147 0.125963
vt 0.080844 0.135310
vt 0.080641 0.140861
vt 0.085677 0.142895
vt 0.092899 0.153688
vt 0.093227 0.159664
vt 0.077296 0.112667
vt 0.082901 0.121411
vt 0.087643 0.128909
vt 0.090364 0.133289
vt 0.085331 0.137128
vt 0.094335 0.139505
vt 0.099535 0.147622
vt 0.102642 0.152464
vt 0.097953 0.156069
vt 0.098292 0.162034
vt 0.106791 0.158909
vt 0.084993 0.108310
vt 0.090596 0.117179
vt 0.094513 0.123418
vt 0.097344 0.127932
vt 0.102268 0.135607
vt 0.106632 0.142362
vt 0.109801 0.147361
vt 0.114868 0.155345
vt 0.093010 0.104385
vt 0.099069 0.113729
vt 0.099398 0.119511
vt 0.103987 0.121687
vt 0.111134 0.132713
vt 0.111899 0.138716
vt 0.116756 0.141513
vt 0.123956 0.152731
vt 0.066959 0.185851
vt 0.073640 0.189514
vt 0.075510 0.197788
vt 0.080487 0.200350
vt 0.075306 0.206681
vt 0.086065 0.210828
vt 0.086561 0.217605
vt 0.091903 0.220048
vt 0.097592 0.228849
vt 0.100677 0.233741
vt 0.096641 0.236778
vt 0.104810 0.240086
vt 0.108602 0.245778
vt 0.111865 0.250624
vt 0.116249 0.256997
vt 0.076585 0.178387
vt 0.072023 0.181897
vt 0.081137 0.184724
vt 0.084928 0.190371
vt 0.080594 0.193254
vt 0.088564 0.196342
vt 0.093043 0.203764
vt 0.096206 0.209104
vt 0.091174 0.213343
vt 0.102579 0.217887
vt 0.103565 0.224267
vt 0.108081 0.226707
vt 0.113085 0.237538
vt 0.112618 0.243205
vt 0.118564 0.245670
vt 0.124182 0.252059
vt 0.084221 0.173124
vt 0.089629 0.181647
vt 0.089848 0.187449
vt 0.095670 0.190713
vt 0.100659 0.197878
vt 0.104074 0.203676
vt 0.109390 0.212647
vt 0.112285 0.217615
vt 0.108470 0.220486
vt 0.116121 0.223840
vt 0.120610 0.230957
vt 0.123797 0.235886
vt 0.117596 0.240037
vt 0.128292 0.243524
vt 0.128445 0.249478
vt 0.091587 0.168026
vt 0.098386 0.176948
vt 0.099098 0.182310
vt 0.095007 0.184723
vt 0.104065 0.185500
vt 0.108576 0.193519
vt 0.112313 0.199184
vt 0.116754 0.206895
vt 0.120029 0.212598
vt 0.124850 0.220404
vt 0.128348 0.225796
vt 0.131722 0.230738
vt 0.136915 0.238182
vt 0.140110 0.242618
vt 0.133560 0.245733
vt 0.134654 0.251686
vt 0.144425 0.248232
vt 0.104724 0.172054
vt 0.107903 0.176940
vt 0.104127 0.179292
vt 0.111430 0.182361
vt 0.116202 0.189724
vt 0.119944 0.195537
vt 0.124115 0.202025
vt 0.127910 0.208089
vt 0.133129 0.217506
vt 0.132994 0.223384
vt 0.138530 0.225809
vt 0.144940 0.234008
vt 0.148139 0.238273
vt 0.153509 0.244220
vt 0.112204 0.167341
vt 0.115323 0.172181
vt 0.119331 0.178459
vt 0.123686 0.185274
vt 0.127402 0.190946
vt 0.131683 0.197431
vt 0.135551 0.203353
vt 0.140450 0.210871
vt 0.143942 0.216153
vt 0.138043 0.220299
vt 0.148095 0.222232
vt 0.152538 0.228343
vt 0.155838 0.232544
vt 0.160846 0.238314
vt 0.119600 0.162744
vt 0.122647 0.167407
vt 0.127459 0.174606
vt 0.131360 0.180343
vt 0.135018 0.185870
vt 0.139377 0.192419
vt 0.143242 0.198171
vt 0.148099 0.205260
vt 0.151672 0.210365
vt 0.156544 0.217019
vt 0.160447 0.222039
vt 0.163765 0.226079
vt 0.168988 0.231818
vt 0.124957 0.159118
vt 0.129548 0.161286
vt 0.135277 0.170571
vt 0.139222 0.176222
vt 0.143121 0.181617
vt 0.147122 0.187172
vt 0.151114 0.192765
vt 0.155757 0.199183
vt 0.159344 0.204086
vt 0.164787 0.211854
vt 0.164941 0.218132
vt 0.171027 0.218944
vt 0.176883 0.223955
vt 0.080498 0.074974
vt 0.082734 0.077049
vt 0.303510 0.194072
vt 0.306602 0.198031
vt 0.301550 0.198380
vt 0.301017 0.193995
vt 0.324143 0.198197
vt 0.329436 0.201358
vt 0.324879 0.203607
vt 0.334709 0.204278
vt 0.342020 0.211302
vt 0.351053 0.214198
vt 0.359743 0.216802
vt 0.368355 0.219170
vt 0.376985 0.221563
vt 0.311058 0.196020
vt 0.316352 0.198703
vt 0.333543 0.207636
vt 0.338601 0.212175
vt 0.343151 0.218845
vt 0.339994 0.218943
vt 0.348318 0.223210
vt 0.357594 0.225306
vt 0.366318 0.227894
vt 0.375026 0.230471
vt 0.314217 0.202684
vt 0.320012 0.206185
vt 0.325750 0.209309
vt 0.321423 0.211088
vt 0.331659 0.212044
vt 0.306967 0.204307
vt 0.304163 0.206156
vt 0.312614 0.208955
vt 0.344771 0.224857
vt 0.349775 0.228631
vt 0.345381 0.231218
vt 0.355878 0.231897
vt 0.364483 0.236461
vt 0.372816 0.238498
vt 0.329920 0.216114
vt 0.335679 0.219410
vt 0.341371 0.226106
vt 0.337631 0.226620
vt 0.583612 0.749537
vt 0.583699 0.741525
vt 0.587050 0.745345
vt 0.587050 0.752538
vt 0.309232 0.210772
vt 0.314913 0.214135
vt 0.310613 0.216197
vt 0.319782 0.218720
vt 0.328030 0.222321
vt 0.354792 0.236232
vt 0.361015 0.238905
vt 0.366613 0.241499
vt 0.362541 0.244089
vt 0.371410 0.243734
vt 0.341557 0.232747
vt 0.345739 0.240172
vt 0.341841 0.237752
vt 0.353279 0.242329
vt 0.316237 0.220756
vt 0.320554 0.227840
vt 0.316823 0.229009
vt 0.325420 0.230557
vt 0.335225 0.234437
vt 0.370274 0.248378
vt 0.346795 0.246301
vt 0.343241 0.247589
vt 0.351542 0.251482
vt 0.359813 0.254120
vt 0.368387 0.256770
vt 0.324354 0.234871
vt 0.330686 0.235490
vt 0.336514 0.244994
vt 0.331513 0.242607
vt 0.348415 0.253340
vt 0.353578 0.257974
vt 0.349868 0.260228
vt 0.358386 0.261645
vt 0.366211 0.266982
vt 0.336972 0.250293
vt 0.332347 0.251756
vt 0.341355 0.256213
vt 0.357572 0.266488
vt 0.362686 0.269900
vt 0.338123 0.257561
vt 0.343613 0.264316
vt 0.339204 0.266315
vt 0.347994 0.270059
vt 0.356385 0.273614
vt 0.364763 0.275753
vt 0.344646 0.272282
vt 0.349819 0.278419
vt 0.346133 0.281183
vt 0.355088 0.284103
vt 0.363190 0.286949
vt 0.385699 0.224077
vt 0.394274 0.226346
vt 0.402770 0.228566
vt 0.411281 0.231012
vt 0.419350 0.233219
vt 0.427191 0.236725
vt 0.436255 0.237758
vt 0.444985 0.239740
vt 0.429603 0.241441
vt 0.426518 0.244638
vt 0.423807 0.240634
vt 0.435889 0.242525
vt 0.435228 0.247536
vt 0.444389 0.244368
vt 0.443836 0.249857
vt 0.383626 0.232797
vt 0.392113 0.235002
vt 0.400652 0.237291
vt 0.410039 0.240829
vt 0.418223 0.240903
vt 0.413064 0.246054
vt 0.413097 0.246037
vt 0.408430 0.248371
vt 0.417650 0.245475
vt 0.416923 0.248674
vt 0.425007 0.252191
vt 0.433195 0.254494
vt 0.439637 0.254591
vt 0.381393 0.241008
vt 0.389947 0.243638
vt 0.398604 0.246201
vt 0.415736 0.252475
vt 0.423770 0.255788
vt 0.431867 0.258290
vt 0.441008 0.257426
vt 0.379743 0.247386
vt 0.388012 0.251291
vt 0.395709 0.255414
vt 0.405034 0.257109
vt 0.413573 0.259100
vt 0.422011 0.261286
vt 0.430124 0.263563
vt 0.437891 0.265545
vt 0.378617 0.252012
vt 0.386896 0.255860
vt 0.391608 0.258084
vt 0.397040 0.260653
vt 0.393664 0.263381
vt 0.403215 0.263426
vt 0.411775 0.268535
vt 0.419478 0.270682
vt 0.427722 0.273074
vt 0.435903 0.275424
vt 0.376977 0.259194
vt 0.385537 0.261637
vt 0.401994 0.268071
vt 0.408624 0.271136
vt 0.413939 0.274186
vt 0.409643 0.276965
vt 0.417940 0.276563
vt 0.425712 0.279968
vt 0.432207 0.280557
vt 0.375005 0.268732
vt 0.383488 0.271122
vt 0.391876 0.273426
vt 0.400230 0.275574
vt 0.416665 0.281121
vt 0.424378 0.284372
vt 0.433587 0.283858
vt 0.368040 0.272741
vt 0.373718 0.275648
vt 0.381763 0.279868
vt 0.388873 0.283844
vt 0.398161 0.285031
vt 0.406417 0.287050
vt 0.414616 0.288998
vt 0.422685 0.290894
vt 0.430717 0.292835
vt 0.372857 0.280718
vt 0.380842 0.284828
vt 0.384836 0.286885
vt 0.390134 0.289366
vt 0.387256 0.292300
vt 0.396774 0.294451
vt 0.404283 0.296651
vt 0.412344 0.298421
vt 0.420374 0.300151
vt 0.428332 0.301865
vt 0.371500 0.289154
vt 0.379739 0.290980
vt 0.084440 0.080777
vt 0.089283 0.082453
vt 0.084674 0.088065
vt 0.087014 0.075552
vt 0.095524 0.091580
vt 0.100983 0.100574
vt 0.105104 0.107532
vt 0.107865 0.112193
vt 0.103915 0.115766
vt 0.112051 0.118867
vt 0.117608 0.127647
vt 0.120930 0.132819
vt 0.116632 0.135545
vt 0.124939 0.139113
vt 0.130610 0.147891
vt 0.094516 0.073238
vt 0.098278 0.078714
vt 0.103663 0.087277
vt 0.106317 0.098050
vt 0.108353 0.103910
vt 0.114073 0.106787
vt 0.120555 0.116552
vt 0.125029 0.123480
vt 0.128261 0.128510
vt 0.133030 0.136063
vt 0.138137 0.143984
vt 0.100982 0.073539
vt 0.103697 0.077329
vt 0.304910 0.211082
vt 0.105838 0.082805
vt 0.604818 0.378466
vt 0.607497 0.374153
vt 0.613653 0.377647
vt 0.607903 0.381728
vt 0.108181 0.089789
vt 0.110967 0.097138
vt 0.613584 0.390579
vt 0.607787 0.389995
vt 0.614955 0.402865
vt 0.607235 0.400756
vt 0.121329 0.108485
vt 0.129613 0.114844
vt 0.132552 0.119480
vt 0.135559 0.124382
vt 0.140926 0.133030
vt 0.145504 0.140141
vt 0.608474 0.362938
vt 0.614955 0.360437
vt 0.613520 0.368547
vt 0.607047 0.368134
vt 0.104625 0.071560
vt 0.115674 0.069721
vt 0.118176 0.073390
vt 0.108803 0.077755
vt 0.311908 0.226169
vt 0.118114 0.079618
vt 0.111559 0.086054
vt 0.123408 0.082077
vt 0.118921 0.088420
vt 0.122018 0.097312
vt 0.115784 0.097640
vt 0.130129 0.094665
vt 0.127190 0.107627
vt 0.134749 0.104367
vt 0.131494 0.112080
vt 0.138400 0.111562
vt 0.137129 0.115232
vt 0.137812 0.116435
vt 0.142521 0.119029
vt 0.148817 0.129999
vt 0.152842 0.136223
vt 0.119930 0.067686
vt 0.120569 0.068377
vt 0.311578 0.230740
vt 0.314917 0.234485
vt 0.322763 0.240147
vt 0.126878 0.067549
vt 0.122527 0.074367
vt 0.133342 0.078786
vt 0.137294 0.090705
vt 0.142816 0.099180
vt 0.146010 0.107689
vt 0.150490 0.116604
vt 0.156681 0.126843
vt 0.160250 0.132212
vt 0.312124 0.236291
vt 0.311056 0.230686
vt 0.278613 0.661131
vt 0.271582 0.666364
vt 0.272781 0.661757
vt 0.278626 0.655950
vt 0.267516 0.665282
vt 0.268062 0.661154
vt 0.325135 0.244609
vt 0.134040 0.068399
vt 0.136787 0.073293
vt 0.273144 0.656586
vt 0.141921 0.074261
vt 0.138998 0.081513
vt 0.140943 0.088915
vt 0.147589 0.085982
vt 0.144579 0.095745
vt 0.150786 0.099157
vt 0.148950 0.101849
vt 0.153211 0.106722
vt 0.551361 0.590478
vt 0.550184 0.585810
vt 0.555282 0.582533
vt 0.558627 0.587611
vt 0.159781 0.112457
vt 0.164076 0.123599
vt 0.164073 0.129772
vt 0.327740 0.253052
vt 0.322407 0.246191
vt 0.333371 0.260433
vt 0.329233 0.261398
vt 0.267516 0.650315
vt 0.270813 0.650989
vt 0.137367 0.067548
vt 0.145672 0.065497
vt 0.151254 0.068172
vt 0.324168 0.254265
vt 0.154494 0.074303
vt 0.157969 0.080245
vt 0.154276 0.087759
vt 0.156711 0.097558
vt 0.162993 0.091247
vt 0.554154 0.598409
vt 0.547777 0.597182
vt 0.566738 0.587205
vt 0.562178 0.594886
vt 0.167621 0.105947
vt 0.160430 0.103546
vt 0.548435 0.604044
vt 0.543014 0.605744
vt 0.555651 0.602115
vt 0.550914 0.608538
vt 0.565020 0.599466
vt 0.165977 0.113899
vt 0.167822 0.117941
vt 0.544543 0.609237
vt 0.174741 0.120656
vt 0.168557 0.125990
vt 0.171160 0.133318
vt 0.176581 0.128859
vt 0.334558 0.268190
vt 0.339264 0.278337
vt 0.334941 0.275612
vt 0.148797 0.059680
vt 0.153626 0.064199
vt 0.158601 0.054207
vt 0.159850 0.061064
vt 0.331233 0.272926
vt 0.157594 0.068327
vt 0.157726 0.068383
vt 0.163929 0.069441
vt 0.171829 0.082452
vt 0.174571 0.102586
vt 0.559372 0.608323
vt 0.179344 0.112468
vt 0.174266 0.111831
vt 0.547944 0.618412
vt 0.543760 0.613836
vt 0.169653 0.112636
vt 0.177795 0.114846
vt 0.178586 0.116078
vt 0.553780 0.613299
vt 0.561228 0.610590
vt 0.184571 0.118762
vt 0.181248 0.122910
vt 0.183443 0.131585
vt 0.188480 0.126450
vt 0.133887 0.152869
vt 0.129538 0.155486
vt 0.137623 0.158614
vt 0.143305 0.167036
vt 0.146843 0.172011
vt 0.150745 0.177083
vt 0.154814 0.182071
vt 0.159093 0.187285
vt 0.163333 0.192524
vt 0.167263 0.197337
vt 0.172191 0.202914
vt 0.175925 0.206820
vt 0.170003 0.213064
vt 0.181349 0.212000
vt 0.185191 0.215366
vt 0.141254 0.148724
vt 0.145515 0.155071
vt 0.151057 0.164078
vt 0.150839 0.169533
vt 0.157015 0.171827
vt 0.162657 0.177386
vt 0.167003 0.182105
vt 0.171252 0.186529
vt 0.175398 0.190620
vt 0.180257 0.195240
vt 0.184096 0.198858
vt 0.190649 0.204655
vt 0.190995 0.209860
vt 0.148683 0.144963
vt 0.153664 0.152040
vt 0.158082 0.157916
vt 0.161460 0.162110
vt 0.155570 0.166043
vt 0.166772 0.169205
vt 0.166783 0.174572
vt 0.174006 0.176761
vt 0.176129 0.182627
vt 0.182356 0.183579
vt 0.188208 0.188236
vt 0.192126 0.191468
vt 0.197766 0.195898
vt 0.201492 0.198752
vt 0.196275 0.204265
vt 0.196760 0.209549
vt 0.156211 0.141229
vt 0.162684 0.149594
vt 0.163279 0.154693
vt 0.168613 0.156598
vt 0.174213 0.162676
vt 0.177982 0.166302
vt 0.171863 0.170783
vt 0.182580 0.170389
vt 0.186727 0.173808
vt 0.181263 0.178439
vt 0.192160 0.178629
vt 0.192858 0.183887
vt 0.199106 0.183837
vt 0.205541 0.187952
vt 0.209480 0.190624
vt 0.163781 0.137330
vt 0.169107 0.144276
vt 0.172665 0.148478
vt 0.168131 0.151544
vt 0.178793 0.153859
vt 0.180036 0.158501
vt 0.185525 0.159593
vt 0.190427 0.164134
vt 0.194496 0.167154
vt 0.199614 0.170813
vt 0.203572 0.173642
vt 0.197962 0.178958
vt 0.209609 0.177727
vt 0.210880 0.182646
vt 0.216879 0.182348
vt 0.173648 0.140642
vt 0.181047 0.143025
vt 0.184046 0.149187
vt 0.188935 0.149762
vt 0.184913 0.154764
vt 0.194440 0.155636
vt 0.194998 0.160410
vt 0.202441 0.160809
vt 0.204980 0.165763
vt 0.210795 0.165846
vt 0.216209 0.169874
vt 0.220228 0.172428
vt 0.215718 0.177460
vt 0.178129 0.136597
vt 0.185658 0.139028
vt 0.192237 0.140077
vt 0.188186 0.144676
vt 0.195572 0.146900
vt 0.199068 0.150557
vt 0.206924 0.150325
vt 0.199969 0.155946
vt 0.209015 0.155229
vt 0.214363 0.155263
vt 0.209889 0.160952
vt 0.219590 0.160687
vt 0.220132 0.165705
vt 0.227713 0.165379
vt 0.195139 0.128031
vt 0.190920 0.133006
vt 0.197728 0.134454
vt 0.203218 0.135371
vt 0.200100 0.140397
vt 0.201643 0.144914
vt 0.207210 0.142917
vt 0.211586 0.146343
vt 0.219159 0.145847
vt 0.213864 0.150219
vt 0.222218 0.150910
vt 0.223912 0.155059
vt 0.230756 0.154668
vt 0.224973 0.160575
vt 0.206370 0.202208
vt 0.215892 0.195119
vt 0.223175 0.186434
vt 0.226145 0.176636
vt 0.227448 0.181698
vt 0.230414 0.170827
vt 0.236611 0.171544
vt 0.232096 0.176482
vt 0.235652 0.181255
vt 0.240285 0.176859
vt 0.232562 0.160366
vt 0.236445 0.161334
vt 0.236464 0.165747
vt 0.667319 0.574263
vt 0.671532 0.572743
vt 0.674064 0.581100
vt 0.669319 0.579154
vt 0.666681 0.583776
vt 0.661559 0.576091
vt 0.670426 0.585234
vt 0.658929 0.586999
vt 0.657461 0.580933
vt 0.543014 0.651255
vt 0.545839 0.651165
vt 0.549516 0.657540
vt 0.544766 0.656988
vt 0.667233 0.589685
vt 0.663853 0.593296
vt 0.548179 0.665596
vt 0.543096 0.661847
vt 0.351888 0.286756
vt 0.357232 0.291653
vt 0.353567 0.294889
vt 0.362071 0.295272
vt 0.361330 0.300880
vt 0.393779 0.296960
vt 0.398502 0.301739
vt 0.394853 0.304485
vt 0.402462 0.306115
vt 0.410087 0.307792
vt 0.418032 0.309311
vt 0.425935 0.310852
vt 0.369720 0.300333
vt 0.378018 0.301455
vt 0.386227 0.302788
vt 0.399426 0.308705
vt 0.403891 0.312188
vt 0.400403 0.315323
vt 0.408572 0.313707
vt 0.416232 0.315898
vt 0.423968 0.317933
vt 0.366329 0.303917
vt 0.371499 0.306448
vt 0.368371 0.310028
vt 0.376905 0.308821
vt 0.384589 0.313088
vt 0.392454 0.314490
vt 0.407341 0.318272
vt 0.414961 0.320346
vt 0.422708 0.322362
vt 0.376100 0.314069
vt 0.381237 0.316302
vt 0.386299 0.319842
vt 0.382853 0.322660
vt 0.390133 0.324130
vt 0.397846 0.325120
vt 0.405296 0.325931
vt 0.413005 0.327020
vt 0.420901 0.328514
vt 0.386863 0.326705
vt 0.390991 0.330594
vt 0.387810 0.333008
vt 0.396185 0.334241
vt 0.402762 0.335250
vt 0.410368 0.336071
vt 0.418227 0.337191
vt 0.393514 0.336521
vt 0.398046 0.338336
vt 0.394165 0.339843
vt 0.401464 0.339466
vt 0.408938 0.340371
vt 0.416756 0.341610
vt 0.399944 0.342735
vt 0.831816 0.565314
vt 0.831253 0.573965
vt 0.828068 0.574437
vt 0.829049 0.565597
vt 0.415065 0.345127
vt 0.407489 0.343127
vt 0.338800 0.290318
vt 0.334337 0.286576
vt 0.344328 0.292436
vt 0.163844 0.050401
vt 0.166649 0.053503
vt 0.157680 0.050036
vt 0.165474 0.042373
vt 0.172130 0.063135
vt 0.175290 0.071740
vt 0.181045 0.073317
vt 0.177095 0.083943
vt 0.180327 0.096110
vt 0.188997 0.087561
vt 0.185372 0.111035
vt 0.195837 0.101131
vt 0.556279 0.619188
vt 0.553259 0.614829
vt 0.572389 0.609937
vt 0.567522 0.621082
vt 0.196567 0.113935
vt 0.192992 0.119086
vt 0.561343 0.631162
vt 0.557000 0.627768
vt 0.203224 0.113188
vt 0.197855 0.121338
vt 0.572389 0.624341
vt 0.571884 0.629591
vt 0.210255 0.121095
vt 0.199691 0.126122
vt 0.338846 0.297788
vt 0.335402 0.300627
vt 0.343277 0.303433
vt 0.351834 0.306652
vt 0.360345 0.308908
vt 0.170876 0.047924
vt 0.172472 0.029533
vt 0.177394 0.039760
vt 0.176808 0.059033
vt 0.183535 0.052163
vt 0.190023 0.064519
vt 0.199261 0.079493
vt 0.201319 0.089413
vt 0.206568 0.091985
vt 0.201995 0.101951
vt 0.213827 0.104963
vt 0.219007 0.111669
vt 0.339981 0.305887
vt 0.345431 0.312436
vt 0.340769 0.315112
vt 0.350720 0.318206
vt 0.358810 0.320221
vt 0.178819 0.026148
vt 0.182828 0.033588
vt 0.336468 0.307945
vt 0.189520 0.045793
vt 0.199336 0.057815
vt 0.204786 0.068331
vt 0.208821 0.075732
vt 0.205980 0.081863
vt 0.214491 0.085288
vt 0.223031 0.098671
vt 0.223930 0.106016
vt 0.347790 0.320938
vt 0.352895 0.324807
vt 0.349235 0.328089
vt 0.357658 0.327632
vt 0.180896 0.018850
vt 0.187239 0.028799
vt 0.190460 0.013613
vt 0.194444 0.021683
vt 0.342960 0.326332
vt 0.194061 0.041443
vt 0.201062 0.034657
vt 0.200728 0.052105
vt 0.207464 0.051339
vt 0.206435 0.059224
vt 0.207529 0.061229
vt 0.213660 0.063659
vt 0.223884 0.078773
vt 0.227195 0.089881
vt 0.233852 0.091425
vt 0.228245 0.100571
vt 0.229580 0.107383
vt 0.237572 0.103380
vt 0.356755 0.332678
vt 0.196159 0.011970
vt 0.199763 0.016657
vt 0.343950 0.331989
vt 0.345964 0.338132
vt 0.354769 0.340364
vt 0.207004 0.028168
vt 0.214283 0.042801
vt 0.221119 0.059073
vt 0.225816 0.071362
vt 0.230623 0.076458
vt 0.230393 0.081811
vt 0.738806 0.533217
vt 0.745708 0.533378
vt 0.738211 0.538810
vt 0.729211 0.537960
vt 0.739196 0.541939
vt 0.734548 0.546087
vt 0.720990 0.549586
vt 0.717757 0.544038
vt 0.198710 0.006172
vt 0.203628 0.013061
vt 0.205172 0.005611
vt 0.208875 0.009499
vt 0.347621 0.343782
vt 0.352696 0.345612
vt 0.211346 0.024279
vt 0.214655 0.023727
vt 0.219273 0.040490
vt 0.802412 0.512191
vt 0.804755 0.515703
vt 0.793886 0.520693
vt 0.785470 0.520535
vt 0.780766 0.515997
vt 0.765035 0.526697
vt 0.761949 0.521873
vt 0.793795 0.525874
vt 0.783926 0.529120
vt 0.767952 0.534490
vt 0.749036 0.527409
vt 0.748013 0.541657
vt 0.826889 0.509374
vt 0.828786 0.514355
vt 0.821614 0.516300
vt 0.820132 0.509551
vt 0.806535 0.521659
vt 0.366840 0.321502
vt 0.374668 0.322333
vt 0.365288 0.329995
vt 0.372891 0.330760
vt 0.380660 0.332885
vt 0.364161 0.334949
vt 0.371552 0.335639
vt 0.377225 0.336243
vt 0.382270 0.336578
vt 0.377773 0.340824
vt 0.386436 0.337335
vt 0.362451 0.341233
vt 0.369751 0.341685
vt 0.589944 0.648462
vt 0.596357 0.648408
vt 0.596047 0.653024
vt 0.590767 0.657295
vt 0.790423 0.586455
vt 0.786389 0.591173
vt 0.780261 0.589716
vt 0.783700 0.586304
vt 0.793561 0.593251
vt 0.788285 0.594962
vt 0.781328 0.597238
vt 0.779070 0.580225
vt 0.775314 0.583858
vt 0.768198 0.583757
vt 0.772338 0.579291
vt 0.768971 0.592483
vt 0.770517 0.600673
vt 0.742549 0.546548
vt 0.754278 0.547947
vt 0.745947 0.550669
vt 0.736960 0.553451
vt 0.759024 0.554888
vt 0.751148 0.557490
vt 0.741243 0.560612
vt 0.762704 0.561814
vt 0.755373 0.564233
vt 0.745676 0.567306
vt 0.766343 0.568644
vt 0.759476 0.570881
vt 0.749695 0.573979
vt 0.770197 0.575455
vt 0.763777 0.577553
vt 0.753051 0.580911
vt 0.755813 0.588164
vt 0.758056 0.595824
vt 0.760242 0.603303
vt 0.724603 0.556920
vt 0.728948 0.564106
vt 0.733628 0.570860
vt 0.738040 0.577465
vt 0.741851 0.584263
vt 0.744306 0.592180
vt 0.749963 0.598282
vt 0.753482 0.602083
vt 0.384110 0.342095
vt 0.390959 0.344264
vt 0.829033 0.558728
vt 0.821366 0.567666
vt 0.823522 0.558715
vt 0.820841 0.576025
vt 0.828506 0.582909
vt 0.820756 0.584804
vt 0.360303 0.346894
vt 0.367634 0.347045
vt 0.583612 0.651279
vt 0.585065 0.657803
vt 0.586531 0.664856
vt 0.583612 0.665071
vt 0.825328 0.542718
vt 0.822626 0.551234
vt 0.818826 0.549224
vt 0.819541 0.546459
vt 0.819234 0.554635
vt 0.815706 0.552530
vt 0.819649 0.559514
vt 0.818856 0.565571
vt 0.812604 0.570156
vt 0.815965 0.566378
vt 0.812082 0.578646
vt 0.812004 0.587421
vt 0.818090 0.543491
vt 0.813793 0.561236
vt 0.809951 0.565215
vt 0.803735 0.564463
vt 0.808112 0.560336
vt 0.802515 0.573152
vt 0.802170 0.581816
vt 0.802297 0.590443
vt 0.804783 0.546746
vt 0.799491 0.550829
vt 0.792212 0.551118
vt 0.798589 0.545677
vt 0.807078 0.554982
vt 0.800921 0.557066
vt 0.790847 0.560460
vt 0.790974 0.568604
vt 0.791124 0.576873
vt 0.795806 0.533855
vt 0.786461 0.536937
vt 0.770322 0.542451
vt 0.797881 0.541665
vt 0.789312 0.544555
vt 0.772681 0.550255
vt 0.774844 0.557740
vt 0.776733 0.565187
vt 0.778184 0.572814
vt 0.829063 0.522809
vt 0.821461 0.525118
vt 0.827163 0.531819
vt 0.820085 0.533955
vt 0.823681 0.539189
vt 0.807111 0.530085
vt 0.806514 0.538678
vt 0.569443 0.639942
vt 0.561336 0.638161
vt 0.210802 0.127306
vt 0.217779 0.127561
vt 0.210926 0.134811
vt 0.214013 0.140254
vt 0.222925 0.134490
vt 0.224198 0.141430
vt 0.230195 0.140351
vt 0.226332 0.145076
vt 0.228321 0.148154
vt 0.222618 0.115751
vt 0.217347 0.121338
vt 0.229462 0.121576
vt 0.229990 0.126270
vt 0.234532 0.127571
vt 0.227703 0.134423
vt 0.235969 0.114417
vt 0.240781 0.117672
vt 0.234954 0.121616
vt 0.239520 0.109540
vt 0.242153 0.111161
vt 0.712883 0.551865
vt 0.712222 0.547570
vt 0.232823 0.146505
vt 0.234304 0.150169
vt 0.674444 0.563755
vt 0.680088 0.565561
vt 0.682017 0.569598
vt 0.677645 0.570856
vt 0.669978 0.567707
vt 0.685939 0.577257
vt 0.681374 0.578881
vt 0.688214 0.586359
vt 0.684051 0.585706
vt 0.680444 0.589188
vt 0.685237 0.591102
vt 0.671401 0.590750
vt 0.684016 0.595237
vt 0.680803 0.593667
vt 0.676549 0.598041
vt 0.680315 0.599444
vt 0.692353 0.618768
vt 0.690275 0.622760
vt 0.685722 0.621584
vt 0.687695 0.617845
vt 0.697276 0.625639
vt 0.693320 0.627222
vt 0.687410 0.629610
vt 0.669272 0.601400
vt 0.665971 0.595730
vt 0.682150 0.604708
vt 0.678590 0.606167
vt 0.672761 0.608909
vt 0.685300 0.612472
vt 0.681692 0.614073
vt 0.675714 0.616869
vt 0.678144 0.624810
vt 0.680136 0.632647
vt 0.234810 0.134477
vt 0.241095 0.134537
vt 0.236682 0.139664
vt 0.689629 0.560134
vt 0.692004 0.565233
vt 0.687868 0.568276
vt 0.682976 0.562862
vt 0.241681 0.140060
vt 0.238247 0.144524
vt 0.213100 0.710070
vt 0.216765 0.715788
vt 0.216765 0.720702
vt 0.212174 0.717912
vt 0.690352 0.575480
vt 0.694618 0.573802
vt 0.698216 0.581119
vt 0.693734 0.582802
vt 0.612865 0.702660
vt 0.613727 0.711027
vt 0.607579 0.710260
vt 0.607579 0.701023
vt 0.702061 0.588623
vt 0.697700 0.590313
vt 0.691603 0.593042
vt 0.705575 0.596268
vt 0.701087 0.597897
vt 0.694840 0.600125
vt 0.708770 0.603721
vt 0.704201 0.605310
vt 0.698004 0.607553
vt 0.712858 0.610961
vt 0.708014 0.612668
vt 0.700735 0.615331
vt 0.715812 0.615363
vt 0.712889 0.619650
vt 0.703187 0.623440
vt 0.687024 0.602968
vt 0.690137 0.610538
vt 0.240726 0.121988
vt 0.589897 0.699900
vt 0.589897 0.708194
vt 0.583612 0.709806
vt 0.585407 0.702717
vt 0.240168 0.129054
vt 0.244954 0.123932
vt 0.245586 0.129255
vt 0.244423 0.712677
vt 0.244423 0.720251
vt 0.240366 0.723004
vt 0.239613 0.718548
vt 0.696867 0.565855
vt 0.699235 0.572160
vt 0.693044 0.569577
vt 0.703889 0.570696
vt 0.708289 0.577635
vt 0.703774 0.579162
vt 0.713112 0.584754
vt 0.708412 0.586393
vt 0.717266 0.592038
vt 0.712641 0.593802
vt 0.720616 0.599369
vt 0.716047 0.601191
vt 0.723889 0.606757
vt 0.719260 0.608592
vt 0.560738 0.746404
vt 0.565803 0.746920
vt 0.565948 0.751736
vt 0.560738 0.754137
vt 0.722342 0.615722
vt 0.741387 0.596214
vt 0.735786 0.594806
vt 0.738370 0.591620
vt 0.744853 0.599879
vt 0.737987 0.601989
vt 0.750440 0.606341
vt 0.740564 0.609796
vt 0.706213 0.552869
vt 0.715706 0.559350
vt 0.711423 0.560559
vt 0.705237 0.562504
vt 0.703798 0.556094
vt 0.720023 0.566341
vt 0.715657 0.567343
vt 0.709779 0.568856
vt 0.725386 0.572989
vt 0.720778 0.574067
vt 0.713958 0.575836
vt 0.730149 0.579614
vt 0.725417 0.580831
vt 0.718144 0.582985
vt 0.734695 0.586308
vt 0.729898 0.587672
vt 0.722009 0.590213
vt 0.725360 0.597513
vt 0.728399 0.604992
vt 0.730530 0.612634
vt 0.701792 0.566378
vt 0.725873 0.611166
vt 0.461463 0.173741
vt 0.190547 0.347883
vt 0.196784 0.349020
vt 0.671129 0.628122
vt 0.672886 0.635807
vt 0.666991 0.638318
vt 0.665798 0.630619
vt 0.668775 0.620152
vt 0.664033 0.622447
vt 0.665763 0.612037
vt 0.661415 0.614056
vt 0.662008 0.604177
vt 0.659502 0.608473
vt 0.661956 0.599126
vt 0.926729 0.522620
vt 0.925060 0.532613
vt 0.918601 0.528996
vt 0.920046 0.519280
vt 0.935092 0.527982
vt 0.932891 0.537856
vt 0.925995 0.513372
vt 0.920425 0.513309
vt 0.936073 0.519378
vt 0.240376 0.268400
vt 0.245934 0.262684
vt 0.249065 0.264446
vt 0.243472 0.274005
vt 0.910836 0.515490
vt 0.908724 0.524510
vt 0.913258 0.509374
vt 0.234303 0.281774
vt 0.242000 0.280072
vt 0.236742 0.285667
vt 0.231510 0.276937
vt 0.647566 0.636800
vt 0.649105 0.644289
vt 0.641910 0.645586
vt 0.641059 0.637860
vt 0.645300 0.628710
vt 0.639407 0.629657
vt 0.641780 0.620326
vt 0.637926 0.623681
vt 0.656188 0.634497
vt 0.657662 0.641924
vt 0.653965 0.626482
vt 0.651037 0.618172
vt 0.646393 0.609275
vt 0.641809 0.614057
vt 0.662096 0.632267
vt 0.663200 0.639867
vt 0.660364 0.624105
vt 0.657818 0.615680
vt 0.655512 0.606947
vt 0.650591 0.599395
vt 0.646213 0.603682
vt 0.658368 0.602682
vt 0.657849 0.597626
vt 0.653434 0.591456
vt 0.650073 0.594264
vt 0.547024 0.671194
vt 0.543014 0.670738
vt 0.634178 0.638486
vt 0.635845 0.646454
vt 0.456016 0.206546
vt 0.631262 0.629883
vt 0.994389 0.551469
vt 0.992157 0.558650
vt 0.987491 0.553338
vt 0.987511 0.552394
vt 0.630610 0.621710
vt 0.637155 0.618249
vt 0.273434 0.202514
vt 0.281362 0.203820
vt 0.282829 0.210911
vt 0.276359 0.209028
vt 0.278132 0.198376
vt 0.282954 0.201117
vt 0.270567 0.197029
vt 0.274755 0.192607
vt 0.262186 0.196461
vt 0.265394 0.201710
vt 0.268049 0.191302
vt 0.258459 0.191213
vt 0.262744 0.186850
vt 0.252756 0.191238
vt 0.253528 0.196312
vt 0.256061 0.186146
vt 0.245675 0.185786
vt 0.251910 0.183120
vt 0.653845 0.584725
vt 0.649469 0.587483
vt 0.243791 0.181083
vt 0.239408 0.186031
vt 0.245562 0.178095
vt 0.981291 0.546379
vt 0.982217 0.554623
vt 0.984104 0.565169
vt 0.980608 0.572769
vt 0.974813 0.570172
vt 0.978134 0.562163
vt 0.991155 0.567553
vt 0.987609 0.574813
vt 0.986424 0.559076
vt 0.985069 0.545681
vt 0.982817 0.540607
vt 0.977326 0.538763
vt 0.269567 0.216617
vt 0.275385 0.217785
vt 0.264258 0.210194
vt 0.259988 0.206796
vt 0.254078 0.202928
vt 0.249195 0.200165
vt 0.241803 0.197378
vt 0.239546 0.192915
vt 0.233391 0.193140
vt 0.234046 0.198194
vt 0.227397 0.188860
vt 0.966799 0.553429
vt 0.964286 0.562874
vt 0.968376 0.544215
vt 0.969699 0.536462
vt 0.244672 0.689919
vt 0.243956 0.695910
vt 0.239848 0.701455
vt 0.239613 0.689919
vt 0.258129 0.222627
vt 0.267974 0.222829
vt 0.262386 0.227911
vt 0.257992 0.216097
vt 0.250986 0.216129
vt 0.251355 0.222554
vt 0.244596 0.211523
vt 0.240149 0.208702
vt 0.234005 0.205213
vt 0.229395 0.202709
vt 0.223017 0.199456
vt 0.221818 0.194646
vt 0.216413 0.200165
vt 0.958750 0.546866
vt 0.955499 0.556090
vt 0.947859 0.550142
vt 0.951272 0.540811
vt 0.960748 0.537989
vt 0.953471 0.532398
vt 0.959882 0.528403
vt 0.952976 0.523382
vt 0.251376 0.238496
vt 0.259156 0.240132
vt 0.254380 0.246025
vt 0.249600 0.245562
vt 0.265568 0.231232
vt 0.247774 0.232460
vt 0.244510 0.228915
vt 0.238536 0.223219
vt 0.238504 0.217353
vt 0.231293 0.217997
vt 0.232062 0.223644
vt 0.224759 0.214206
vt 0.220525 0.211587
vt 0.215064 0.208135
vt 0.211308 0.205577
vt 0.942324 0.533552
vt 0.939939 0.543610
vt 0.943170 0.524483
vt 0.274279 0.706558
vt 0.274279 0.714898
vt 0.267516 0.712579
vt 0.267975 0.707373
vt 0.942049 0.516012
vt 0.244255 0.250577
vt 0.247318 0.255676
vt 0.240740 0.244393
vt 0.241700 0.237879
vt 0.235105 0.237958
vt 0.235020 0.243797
vt 0.228916 0.233205
vt 0.225215 0.230292
vt 0.219113 0.225571
vt 0.218935 0.220055
vt 0.212480 0.220883
vt 0.212980 0.226245
vt 0.206492 0.216900
vt 0.203029 0.214252
vt 0.237487 0.263548
vt 0.234603 0.259029
vt 0.230794 0.253687
vt 0.227609 0.249975
vt 0.223316 0.245773
vt 0.219170 0.242155
vt 0.215520 0.239263
vt 0.210200 0.235199
vt 0.206704 0.232547
vt 0.202117 0.229022
vt 0.197850 0.225595
vt 0.194484 0.222941
vt 0.188808 0.218371
vt 0.228103 0.271458
vt 0.225072 0.267258
vt 0.220938 0.261913
vt 0.217786 0.258230
vt 0.213361 0.253868
vt 0.209522 0.250528
vt 0.205986 0.247641
vt 0.201057 0.243750
vt 0.197786 0.241110
vt 0.191564 0.237267
vt 0.190998 0.232508
vt 0.185761 0.232744
vt 0.185378 0.238057
vt 0.180381 0.227134
vt 0.901432 0.512348
vt 0.901423 0.521733
vt 0.895318 0.519567
vt 0.895516 0.510749
vt 0.227738 0.294983
vt 0.234524 0.298731
vt 0.231361 0.304063
vt 0.227550 0.302720
vt 0.239670 0.290239
vt 0.227957 0.287338
vt 0.222901 0.286110
vt 0.222300 0.292497
vt 0.886294 0.509401
vt 0.884030 0.516836
vt 0.880269 0.513490
vt 0.880590 0.511483
vt 0.223577 0.306443
vt 0.226726 0.312409
vt 0.219742 0.300685
vt 0.219750 0.294640
vt 0.214146 0.299205
vt 0.214306 0.293277
vt 0.875556 0.510434
vt 0.875653 0.515104
vt 0.218762 0.316817
vt 0.226094 0.318968
vt 0.222665 0.322790
vt 0.219044 0.310567
vt 0.213865 0.315198
vt 0.213513 0.309257
vt 0.208616 0.303502
vt 0.205061 0.298949
vt 0.215646 0.329113
vt 0.225507 0.324247
vt 0.219206 0.332800
vt 0.211137 0.323320
vt 0.210971 0.317671
vt 0.205471 0.316298
vt 0.205991 0.321925
vt 0.200033 0.309865
vt 0.196319 0.305365
vt 0.208847 0.334957
vt 0.213247 0.340295
vt 0.203602 0.329399
vt 0.203033 0.324242
vt 0.197826 0.327961
vt 0.197422 0.322700
vt 0.191649 0.316150
vt 0.187799 0.311838
vt 0.201505 0.340454
vt 0.205546 0.344556
vt 0.197080 0.336055
vt 0.192550 0.331629
vt 0.188504 0.327670
vt 0.183290 0.322375
vt 0.179362 0.318272
vt 0.196393 0.343988
vt 0.189966 0.342860
vt 0.183998 0.337687
vt 0.179860 0.333824
vt 0.174826 0.328910
vt 0.170827 0.324813
vt 0.218843 0.279689
vt 0.215727 0.275561
vt 0.211298 0.270120
vt 0.208033 0.266510
vt 0.203384 0.260879
vt 0.204077 0.255254
vt 0.197776 0.255875
vt 0.197840 0.260699
vt 0.191983 0.251682
vt 0.189014 0.248950
vt 0.184230 0.244760
vt 0.180721 0.242069
vt 0.176991 0.239171
vt 0.172400 0.235141
vt 0.209837 0.287175
vt 0.206775 0.283190
vt 0.202156 0.277614
vt 0.198538 0.273921
vt 0.194144 0.269658
vt 0.190877 0.266467
vt 0.187474 0.263090
vt 0.183168 0.258877
vt 0.180233 0.256107
vt 0.175569 0.251912
vt 0.172109 0.248956
vt 0.168325 0.245672
vt 0.164188 0.241765
vt 0.200911 0.293838
vt 0.197674 0.289799
vt 0.193152 0.284542
vt 0.189356 0.280725
vt 0.185225 0.276547
vt 0.182171 0.273257
vt 0.178863 0.269789
vt 0.174643 0.265468
vt 0.171430 0.262446
vt 0.166984 0.258384
vt 0.163571 0.255208
vt 0.159314 0.250489
vt 0.159240 0.245408
vt 0.191998 0.300269
vt 0.188489 0.296223
vt 0.184187 0.291026
vt 0.180706 0.287100
vt 0.176838 0.282868
vt 0.173729 0.279447
vt 0.170507 0.276007
vt 0.166321 0.271612
vt 0.162857 0.268320
vt 0.158858 0.264377
vt 0.155551 0.260957
vt 0.151361 0.256391
vt 0.183260 0.306671
vt 0.179798 0.302545
vt 0.175556 0.297229
vt 0.172310 0.293276
vt 0.168391 0.288153
vt 0.168764 0.282933
vt 0.163153 0.287016
vt 0.163153 0.282259
vt 0.158089 0.277481
vt 0.154552 0.273803
vt 0.150740 0.269722
vt 0.147532 0.266141
vt 0.143160 0.261056
vt 0.174791 0.313234
vt 0.171205 0.309131
vt 0.167168 0.304338
vt 0.163933 0.300398
vt 0.160346 0.295909
vt 0.157033 0.291714
vt 0.153692 0.287700
vt 0.149837 0.283350
vt 0.146172 0.279218
vt 0.142584 0.275168
vt 0.139362 0.271357
vt 0.135060 0.266145
vt 0.166641 0.320224
vt 0.162998 0.316079
vt 0.159243 0.311644
vt 0.155951 0.307661
vt 0.151389 0.301774
vt 0.151606 0.296133
vt 0.146055 0.294873
vt 0.146206 0.300851
vt 0.141644 0.289538
vt 0.136876 0.284593
vt 0.136498 0.279503
vt 0.131359 0.277840
vt 0.131132 0.283375
vt 0.127091 0.271661
vt 0.121000 0.276125
vt 0.153969 0.249099
vt 0.148108 0.252685
vt 0.139878 0.257137
vt 0.131680 0.261981
vt 0.127543 0.256579
vt 0.123764 0.267293
vt 0.119550 0.261590
vt 0.728198 0.616219
vt 0.718502 0.620510
vt 0.757593 0.606748
vt 0.438045 0.279491
vt 0.445715 0.253093
vt 0.500274 0.251225
vt 0.503021 0.242428
vt 0.511284 0.244255
vt 0.508607 0.252028
vt 0.449840 0.245872
vt 0.449496 0.248424
vt 0.453154 0.242978
vt 0.451425 0.251536
vt 0.461109 0.243983
vt 0.459044 0.252681
vt 0.468259 0.245299
vt 0.465586 0.253897
vt 0.472065 0.245966
vt 0.469411 0.254640
vt 0.476525 0.246767
vt 0.474383 0.255721
vt 0.484840 0.248357
vt 0.481523 0.257095
vt 0.487286 0.252025
vt 0.485514 0.257916
vt 0.489373 0.246191
vt 0.491642 0.249662
vt 0.489912 0.258822
vt 0.497554 0.260268
vt 0.503296 0.261433
vt 0.495290 0.240813
vt 0.448660 0.259103
vt 0.456551 0.261063
vt 0.462542 0.262479
vt 0.466338 0.263327
vt 0.471934 0.264594
vt 0.480620 0.266216
vt 0.484089 0.263528
vt 0.487258 0.267676
vt 0.495393 0.269631
vt 0.501250 0.270751
vt 0.446049 0.267632
vt 0.454425 0.270085
vt 0.459574 0.271280
vt 0.463400 0.272165
vt 0.469716 0.273530
vt 0.477792 0.275342
vt 0.483854 0.269960
vt 0.482880 0.276480
vt 0.486806 0.277354
vt 0.493548 0.278755
vt 0.499789 0.279952
vt 0.443734 0.276291
vt 0.452430 0.277122
vt 0.457313 0.276227
vt 0.459303 0.280041
vt 0.467579 0.282383
vt 0.475985 0.284688
vt 0.480676 0.282958
vt 0.482938 0.286201
vt 0.491372 0.287562
vt 0.497859 0.288896
vt 0.491302 0.240088
vt 0.442582 0.280872
vt 0.451141 0.281472
vt 0.441257 0.285650
vt 0.449364 0.287480
vt 0.457362 0.289364
vt 0.465295 0.291179
vt 0.471713 0.292415
vt 0.478179 0.288526
vt 0.475712 0.293273
vt 0.481000 0.294471
vt 0.488990 0.296311
vt 0.496004 0.297847
vt 0.438749 0.294588
vt 0.446813 0.296338
vt 0.454794 0.298064
vt 0.463002 0.300377
vt 0.468242 0.298786
vt 0.470233 0.301955
vt 0.478502 0.303194
vt 0.486728 0.305149
vt 0.493955 0.306681
vt 0.436240 0.303509
vt 0.444210 0.305174
vt 0.452539 0.307624
vt 0.458723 0.306300
vt 0.465021 0.304313
vt 0.460307 0.309282
vt 0.468042 0.310257
vt 0.476050 0.311895
vt 0.484242 0.313722
vt 0.490383 0.314996
vt 0.516472 0.245271
vt 0.513909 0.249415
vt 0.520490 0.246156
vt 0.516071 0.253646
vt 0.510529 0.254985
vt 0.507439 0.262296
vt 0.505481 0.271582
vt 0.503847 0.280731
vt 0.501801 0.289748
vt 0.500148 0.298859
vt 0.498206 0.307740
vt 0.494593 0.315947
vt 0.527418 0.247829
vt 0.524919 0.256608
vt 0.535354 0.249600
vt 0.533112 0.258524
vt 0.541403 0.251001
vt 0.538276 0.259759
vt 0.545464 0.251953
vt 0.542170 0.260677
vt 0.551323 0.253187
vt 0.548928 0.262241
vt 0.557949 0.254457
vt 0.556661 0.264381
vt 0.197525 0.691405
vt 0.197525 0.681295
vt 0.200932 0.681796
vt 0.200775 0.688924
vt 0.559792 0.261995
vt 0.561786 0.255202
vt 0.566662 0.256248
vt 0.563728 0.266095
vt 0.573394 0.257658
vt 0.573004 0.266822
vt 0.514041 0.263691
vt 0.522157 0.265404
vt 0.530203 0.267221
vt 0.535395 0.268624
vt 0.539653 0.269736
vt 0.546765 0.271410
vt 0.554955 0.273311
vt 0.560572 0.268950
vt 0.562605 0.275957
vt 0.565398 0.274110
vt 0.569932 0.277229
vt 0.511765 0.272871
vt 0.519679 0.274452
vt 0.528562 0.276619
vt 0.535089 0.278170
vt 0.539033 0.279068
vt 0.544765 0.280418
vt 0.552815 0.282255
vt 0.561797 0.283716
vt 0.565779 0.280243
vt 0.565502 0.281009
vt 0.509306 0.281822
vt 0.517386 0.283397
vt 0.525927 0.285369
vt 0.533100 0.284093
vt 0.534723 0.287330
vt 0.542753 0.289243
vt 0.550705 0.291151
vt 0.559230 0.293413
vt 0.712074 0.033798
vt 0.719469 0.040566
vt 0.715761 0.040631
vt 0.712286 0.037723
vt 0.720379 0.044502
vt 0.715589 0.045103
vt 0.707631 0.039030
vt 0.506977 0.290886
vt 0.514893 0.292443
vt 0.520427 0.293283
vt 0.527721 0.288734
vt 0.524764 0.293999
vt 0.531792 0.295715
vt 0.540456 0.297999
vt 0.548645 0.300037
vt 0.557202 0.300928
vt 0.706537 0.028346
vt 0.707681 0.033708
vt 0.707107 0.033178
vt 0.504959 0.300056
vt 0.512768 0.301762
vt 0.267796 0.629664
vt 0.267516 0.620089
vt 0.272275 0.619310
vt 0.273545 0.628942
vt 0.517630 0.302618
vt 0.521972 0.303261
vt 0.529340 0.304884
vt 0.537876 0.306883
vt 0.546146 0.308773
vt 0.552269 0.309780
vt 0.699240 0.021967
vt 0.702544 0.029459
vt 0.696459 0.025349
vt 0.701119 0.035347
vt 0.692823 0.029611
vt 0.502928 0.308956
vt 0.511097 0.310920
vt 0.267516 0.639042
vt 0.275354 0.639093
vt 0.277135 0.628328
vt 0.278669 0.635999
vt 0.520858 0.310981
vt 0.526004 0.314758
vt 0.535530 0.315932
vt 0.543521 0.317454
vt 0.548520 0.318185
vt 0.692133 0.016364
vt 0.688869 0.020283
vt 0.685098 0.024779
vt 0.500776 0.317468
vt 0.508969 0.319492
vt 0.517703 0.313136
vt 0.516846 0.321326
vt 0.217702 0.731924
vt 0.217702 0.740359
vt 0.212918 0.737707
vt 0.212174 0.733345
vt 0.521717 0.317775
vt 0.522650 0.322480
vt 0.527280 0.323292
vt 0.533482 0.324676
vt 0.541352 0.326516
vt 0.545543 0.324800
vt 0.686414 0.012073
vt 0.680483 0.014885
vt 0.679134 0.021103
vt 0.577082 0.258419
vt 0.576727 0.263775
vt 0.581564 0.259133
vt 0.580654 0.267884
vt 0.723027 0.064552
vt 0.728003 0.071972
vt 0.725105 0.075272
vt 0.718324 0.069022
vt 0.722087 0.078965
vt 0.714806 0.073183
vt 0.716935 0.085883
vt 0.709458 0.079798
vt 0.711476 0.093632
vt 0.704276 0.086780
vt 0.705057 0.101537
vt 0.698769 0.094738
vt 0.698536 0.104838
vt 0.692278 0.102736
vt 0.705154 0.105972
vt 0.698851 0.108551
vt 0.577145 0.270179
vt 0.575243 0.276983
vt 0.718038 0.055345
vt 0.723434 0.059911
vt 0.714394 0.059687
vt 0.711113 0.063586
vt 0.707775 0.067469
vt 0.701986 0.074371
vt 0.696545 0.081149
vt 0.691485 0.087986
vt 0.685993 0.095574
vt 0.720973 0.045048
vt 0.721582 0.049849
vt 0.710854 0.050017
vt 0.707250 0.053974
vt 0.703825 0.057983
vt 0.700903 0.061537
vt 0.695169 0.068576
vt 0.689563 0.075428
vt 0.683997 0.082227
vt 0.678585 0.089167
vt 0.703620 0.044387
vt 0.700202 0.048012
vt 0.696622 0.052105
vt 0.693804 0.055489
vt 0.688343 0.062487
vt 0.682779 0.069539
vt 0.676928 0.076617
vt 0.671143 0.083526
vt 0.699550 0.041339
vt 0.693959 0.042351
vt 0.689434 0.046380
vt 0.686554 0.049629
vt 0.681220 0.056356
vt 0.675954 0.063301
vt 0.670205 0.070675
vt 0.664347 0.077733
vt 0.694726 0.037869
vt 0.688938 0.034024
vt 0.683843 0.038518
vt 0.683823 0.042224
vt 0.679431 0.042928
vt 0.673742 0.050582
vt 0.668889 0.056894
vt 0.663260 0.064366
vt 0.657553 0.071647
vt 0.681238 0.029282
vt 0.557823 0.318807
vt 0.562237 0.310727
vt 0.567906 0.312403
vt 0.564486 0.320341
vt 0.569738 0.316232
vt 0.568245 0.321145
vt 0.678913 0.038720
vt 0.674852 0.035554
vt 0.671874 0.038656
vt 0.666379 0.045135
vt 0.661343 0.051461
vt 0.656111 0.058355
vt 0.650774 0.065547
vt 0.674205 0.022616
vt 0.553659 0.327833
vt 0.561312 0.329001
vt 0.670168 0.027326
vt 0.677131 0.033262
vt 0.667449 0.030445
vt 0.664392 0.033992
vt 0.659655 0.039483
vt 0.654334 0.046109
vt 0.648953 0.052878
vt 0.642760 0.059772
vt 0.707101 0.685787
vt 0.704125 0.690480
vt 0.698210 0.688819
vt 0.700743 0.685213
vt 0.711105 0.693462
vt 0.706437 0.694900
vt 0.699994 0.697073
vt 0.696807 0.678923
vt 0.694019 0.682801
vt 0.687572 0.682568
vt 0.691380 0.677554
vt 0.690724 0.690575
vt 0.694349 0.698896
vt 0.726358 0.679529
vt 0.722865 0.684398
vt 0.717206 0.682368
vt 0.719856 0.678651
vt 0.729822 0.687443
vt 0.724414 0.689300
vt 0.718860 0.691045
vt 0.715217 0.673266
vt 0.712661 0.677180
vt 0.705909 0.676186
vt 0.708152 0.672483
vt 0.704338 0.667533
vt 0.701954 0.671204
vt 0.696291 0.670115
vt 0.698990 0.666267
vt 0.692190 0.654564
vt 0.689630 0.658697
vt 0.684328 0.657136
vt 0.686572 0.653968
vt 0.696071 0.661292
vt 0.691835 0.662642
vt 0.684822 0.665877
vt 0.688559 0.672740
vt 0.596651 0.601204
vt 0.592442 0.604885
vt 0.587406 0.601708
vt 0.591780 0.598606
vt 0.600737 0.609036
vt 0.593523 0.609966
vt 0.703962 0.738249
vt 0.705448 0.743364
vt 0.699083 0.745382
vt 0.698549 0.736468
vt 0.601060 0.618272
vt 0.595107 0.618757
vt 0.589305 0.619166
vt 0.586380 0.610179
vt 0.602600 0.627101
vt 0.596839 0.627570
vt 0.591292 0.627960
vt 0.583612 0.721612
vt 0.589143 0.721028
vt 0.589074 0.729682
vt 0.583612 0.730303
vt 0.598813 0.635768
vt 0.592674 0.636418
vt 0.719235 0.737861
vt 0.716162 0.741963
vt 0.711460 0.740757
vt 0.714488 0.736229
vt 0.723266 0.746379
vt 0.718363 0.748150
vt 0.605579 0.611389
vt 0.606538 0.617811
vt 0.726086 0.755008
vt 0.721196 0.756855
vt 0.608131 0.626662
vt 0.728516 0.763314
vt 0.723508 0.765155
vt 0.610077 0.634814
vt 0.604276 0.635312
vt 0.701210 0.705582
vt 0.698374 0.709213
vt 0.692167 0.709013
vt 0.696171 0.703647
vt 0.705898 0.714089
vt 0.701022 0.715656
vt 0.695260 0.717632
vt 0.709430 0.722413
vt 0.704335 0.724116
vt 0.698871 0.726021
vt 0.712848 0.730887
vt 0.707057 0.733451
vt 0.597000 0.591419
vt 0.591293 0.591663
vt 0.603219 0.600344
vt 0.604381 0.605686
vt 0.727183 0.725115
vt 0.723928 0.728884
vt 0.718820 0.728017
vt 0.722146 0.723270
vt 0.731267 0.733922
vt 0.726243 0.735669
vt 0.734234 0.742531
vt 0.729250 0.744270
vt 0.736832 0.751210
vt 0.731824 0.752942
vt 0.739469 0.759496
vt 0.734406 0.761208
vt 0.714783 0.701798
vt 0.709951 0.703345
vt 0.717957 0.710236
vt 0.712969 0.711808
vt 0.720787 0.718730
vt 0.715621 0.720374
vt 0.610077 0.599236
vt 0.609220 0.608443
vt 0.732484 0.695964
vt 0.727350 0.697698
vt 0.721207 0.699711
vt 0.735125 0.704550
vt 0.730253 0.706284
vt 0.723707 0.708421
vt 0.736684 0.713088
vt 0.731925 0.714827
vt 0.726046 0.716986
vt 0.739364 0.721499
vt 0.734601 0.723196
vt 0.742337 0.729977
vt 0.737618 0.731661
vt 0.745106 0.738603
vt 0.740479 0.740294
vt 0.747823 0.747237
vt 0.743230 0.748921
vt 0.750694 0.755683
vt 0.745999 0.757273
vt 0.692520 0.107493
vt 0.693162 0.114867
vt 0.686182 0.110102
vt 0.687499 0.121748
vt 0.680763 0.116132
vt 0.681875 0.128721
vt 0.675235 0.123115
vt 0.676236 0.135818
vt 0.669700 0.130165
vt 0.670642 0.142922
vt 0.664167 0.137186
vt 0.665268 0.149890
vt 0.658243 0.143828
vt 0.660001 0.156815
vt 0.655131 0.151982
vt 0.654575 0.163770
vt 0.650699 0.159865
vt 0.685768 0.106541
vt 0.680464 0.104330
vt 0.680658 0.109826
vt 0.677536 0.113204
vt 0.671813 0.119941
vt 0.666318 0.126874
vt 0.660693 0.133688
vt 0.656948 0.138674
vt 0.653011 0.138336
vt 0.654463 0.143852
vt 0.652374 0.148823
vt 0.647859 0.144386
vt 0.648071 0.156636
vt 0.642595 0.151141
vt 0.673683 0.096052
vt 0.674744 0.109950
vt 0.668826 0.103175
vt 0.668836 0.116707
vt 0.663637 0.110396
vt 0.663174 0.123650
vt 0.657988 0.117544
vt 0.657597 0.130484
vt 0.651908 0.124508
vt 0.646457 0.131274
vt 0.641315 0.137933
vt 0.636624 0.144184
vt 0.666140 0.089926
vt 0.661141 0.096625
vt 0.655794 0.103706
vt 0.650499 0.110757
vt 0.645092 0.117836
vt 0.640529 0.124321
vt 0.637646 0.133955
vt 0.635815 0.138376
vt 0.658881 0.084376
vt 0.653913 0.090711
vt 0.648530 0.097629
vt 0.643291 0.104530
vt 0.639302 0.111464
vt 0.638907 0.118017
vt 0.616013 0.689800
vt 0.608910 0.689149
vt 0.607579 0.684398
vt 0.613466 0.684013
vt 0.637366 0.124022
vt 0.633903 0.117967
vt 0.633880 0.130349
vt 0.611206 0.675831
vt 0.616013 0.678467
vt 0.713233 0.769160
vt 0.717130 0.777632
vt 0.710067 0.779899
vt 0.708042 0.771262
vt 0.717503 0.781616
vt 0.712658 0.782763
vt 0.651922 0.078548
vt 0.646767 0.085084
vt 0.641461 0.091873
vt 0.637084 0.098939
vt 0.636980 0.104981
vt 0.186303 0.671190
vt 0.178509 0.670098
vt 0.176500 0.665442
vt 0.183611 0.665219
vt 0.636262 0.111679
vt 0.632349 0.104992
vt 0.181737 0.656974
vt 0.186303 0.659702
vt 0.218009 0.689070
vt 0.218941 0.698848
vt 0.212174 0.695260
vt 0.212479 0.689070
vt 0.645080 0.072661
vt 0.639855 0.079340
vt 0.635683 0.086018
vt 0.634679 0.092580
vt 0.748796 0.765412
vt 0.745175 0.770388
vt 0.738391 0.770017
vt 0.741663 0.764940
vt 0.633754 0.099330
vt 0.631606 0.092104
vt 0.730786 0.769057
vt 0.638883 0.067394
vt 0.634493 0.075224
vt 0.633149 0.080329
vt 0.757929 0.762281
vt 0.755362 0.765669
vt 0.752463 0.760388
vt 0.546132 0.688520
vt 0.548671 0.692661
vt 0.543455 0.693315
vt 0.543014 0.687224
vt 0.543640 0.682417
vt 0.548671 0.683641
vt 0.433794 0.312471
vt 0.441693 0.314451
vt 0.448707 0.313072
vt 0.454661 0.311790
vt 0.450162 0.316218
vt 0.457579 0.317379
vt 0.465450 0.318956
vt 0.473663 0.320916
vt 0.482422 0.319605
vt 0.487624 0.319086
vt 0.431952 0.318986
vt 0.437722 0.318865
vt 0.443503 0.318180
vt 0.439326 0.322531
vt 0.446924 0.324318
vt 0.454917 0.326050
vt 0.462742 0.327591
vt 0.468023 0.328430
vt 0.475442 0.324290
vt 0.471748 0.328794
vt 0.480840 0.323404
vt 0.489636 0.322837
vt 0.430682 0.323380
vt 0.428769 0.330093
vt 0.436518 0.331630
vt 0.444335 0.333133
vt 0.452244 0.334705
vt 0.459786 0.335312
vt 0.465039 0.332562
vt 0.245053 0.623412
vt 0.247288 0.619310
vt 0.250462 0.620900
vt 0.247947 0.629460
vt 0.426207 0.338741
vt 0.434039 0.340526
vt 0.441795 0.342121
vt 0.450200 0.340709
vt 0.455076 0.340044
vt 0.461169 0.337911
vt 0.457237 0.344637
vt 0.241139 0.625355
vt 0.242041 0.628646
vt 0.424415 0.344306
vt 0.432203 0.345924
vt 0.437859 0.345549
vt 0.443416 0.344994
vt 0.439419 0.347615
vt 0.448747 0.344548
vt 0.422471 0.348161
vt 0.430456 0.349215
vt 0.834150 0.599115
vt 0.833584 0.605536
vt 0.830968 0.608909
vt 0.830376 0.599646
vt 0.478400 0.330226
vt 0.487087 0.330666
vt 0.256072 0.624616
vt 0.254303 0.630392
vt 0.473740 0.335177
vt 0.480375 0.334044
vt 0.475123 0.337943
vt 0.485331 0.334385
vt 0.483144 0.339675
vt 0.782237 0.660368
vt 0.779341 0.663996
vt 0.774211 0.662937
vt 0.777255 0.658488
vt 0.786663 0.668817
vt 0.781963 0.670344
vt 0.775493 0.672380
vt 0.769593 0.645783
vt 0.767162 0.649593
vt 0.760121 0.648679
vt 0.762828 0.644515
vt 0.775187 0.653801
vt 0.770342 0.655288
vt 0.761827 0.657907
vt 0.763906 0.666676
vt 0.766005 0.675237
vt 0.240280 0.636326
vt 0.245715 0.637123
vt 0.251602 0.635813
vt 0.249399 0.642051
vt 0.256102 0.634466
vt 0.256294 0.641956
vt 0.472207 0.343628
vt 0.478769 0.342993
vt 0.795676 0.629639
vt 0.792244 0.634444
vt 0.786404 0.632535
vt 0.788993 0.629244
vt 0.799221 0.636971
vt 0.794193 0.638598
vt 0.788343 0.640395
vt 0.802519 0.645343
vt 0.797546 0.646912
vt 0.790279 0.649147
vt 0.805492 0.653816
vt 0.800456 0.655363
vt 0.792340 0.657809
vt 0.807987 0.662292
vt 0.803135 0.663884
vt 0.794474 0.666434
vt 0.784700 0.622880
vt 0.781688 0.626718
vt 0.775863 0.625650
vt 0.778977 0.621581
vt 0.777029 0.634480
vt 0.778843 0.643229
vt 0.780861 0.652065
vt 0.771713 0.608945
vt 0.768512 0.612823
vt 0.762118 0.611933
vt 0.765148 0.607855
vt 0.776563 0.616631
vt 0.771488 0.618267
vt 0.763736 0.620565
vt 0.765711 0.628859
vt 0.767573 0.637312
vt 0.486775 0.239206
vt 0.752100 0.615101
vt 0.754234 0.623269
vt 0.756265 0.631593
vt 0.758343 0.639752
vt 0.447140 0.348420
vt 0.453845 0.349205
vt 0.239613 0.642063
vt 0.244069 0.642261
vt 0.243442 0.646172
vt 0.248374 0.646246
vt 0.256294 0.648757
vt 0.252273 0.648680
vt 0.826489 0.638133
vt 0.824157 0.647532
vt 0.819790 0.648809
vt 0.818233 0.640434
vt 0.823618 0.654887
vt 0.821571 0.658391
vt 0.816881 0.629949
vt 0.814321 0.633465
vt 0.809133 0.632776
vt 0.812380 0.627996
vt 0.820646 0.636745
vt 0.809892 0.642736
vt 0.811398 0.651551
vt 0.813014 0.660373
vt 0.801976 0.600149
vt 0.798512 0.604706
vt 0.793066 0.603013
vt 0.796319 0.599472
vt 0.805208 0.607370
vt 0.800297 0.608897
vt 0.793823 0.611032
vt 0.808219 0.615465
vt 0.803249 0.617087
vt 0.795081 0.619756
vt 0.810821 0.623686
vt 0.805878 0.625379
vt 0.782420 0.605773
vt 0.783697 0.614336
vt 0.829639 0.591044
vt 0.821262 0.593436
vt 0.822080 0.601934
vt 0.823110 0.610560
vt 0.830196 0.617916
vt 0.824446 0.619214
vt 0.830191 0.625426
vt 0.826669 0.628768
vt 0.812486 0.596113
vt 0.813404 0.604767
vt 0.814618 0.613330
vt 0.815954 0.621850
vt 0.824877 0.635340
vt 0.498200 0.325568
vt 0.506360 0.327440
vt 0.514067 0.329379
vt 0.521562 0.328250
vt 0.522932 0.331045
vt 0.529732 0.331901
vt 0.537442 0.330781
vt 0.542902 0.329829
vt 0.538630 0.333974
vt 0.686593 0.008272
vt 0.681702 0.009072
vt 0.677687 0.006118
vt 0.673722 0.010910
vt 0.674116 0.017897
vt 0.669959 0.015131
vt 0.666174 0.019069
vt 0.495844 0.331593
vt 0.504423 0.332143
vt 0.509517 0.332383
vt 0.515348 0.332102
vt 0.510986 0.336501
vt 0.519699 0.335854
vt 0.194031 0.750995
vt 0.194031 0.743599
vt 0.199171 0.747698
vt 0.197568 0.751735
vt 0.831132 0.700642
vt 0.833316 0.704088
vt 0.830688 0.707200
vt 0.827501 0.704521
vt 0.530959 0.334517
vt 0.526626 0.337350
vt 0.535332 0.339555
vt 0.669572 0.005611
vt 0.668493 0.008486
vt 0.662638 0.010814
vt 0.541716 0.342212
vt 0.546908 0.334876
vt 0.552009 0.335877
vt 0.549151 0.343478
vt 0.779181 0.690149
vt 0.776184 0.694376
vt 0.769701 0.692995
vt 0.772129 0.689072
vt 0.784166 0.698226
vt 0.779029 0.699839
vt 0.771842 0.701973
vt 0.787893 0.706821
vt 0.782735 0.708497
vt 0.774041 0.710982
vt 0.790440 0.715641
vt 0.785393 0.717361
vt 0.776483 0.719916
vt 0.792298 0.724439
vt 0.787329 0.726128
vt 0.779149 0.728692
vt 0.794383 0.733263
vt 0.789375 0.734943
vt 0.781784 0.737357
vt 0.795671 0.741593
vt 0.790917 0.743306
vt 0.784132 0.745603
vt 0.494125 0.335310
vt 0.502704 0.336016
vt 0.491820 0.340017
vt 0.500310 0.341181
vt 0.506416 0.341340
vt 0.543014 0.709814
vt 0.546798 0.704537
vt 0.546798 0.711889
vt 0.543668 0.716487
vt 0.832267 0.684851
vt 0.831739 0.694562
vt 0.826209 0.695736
vt 0.828350 0.688588
vt 0.824982 0.684867
vt 0.823858 0.693208
vt 0.822752 0.700251
vt 0.819875 0.697018
vt 0.823249 0.705488
vt 0.533552 0.343139
vt 0.524900 0.341621
vt 0.215420 0.751581
vt 0.215351 0.757309
vt 0.212174 0.760952
vt 0.212174 0.751993
vt 0.515369 0.343514
vt 0.520008 0.341034
vt 0.523496 0.344717
vt 0.531875 0.346974
vt 0.540126 0.347275
vt 0.544545 0.347151
vt 0.798176 0.684385
vt 0.795412 0.688703
vt 0.790112 0.686947
vt 0.793106 0.682965
vt 0.801741 0.692478
vt 0.797124 0.694037
vt 0.791701 0.695794
vt 0.804378 0.701068
vt 0.799731 0.702672
vt 0.794004 0.704665
vt 0.807014 0.709768
vt 0.802462 0.711389
vt 0.796492 0.713489
vt 0.808972 0.718469
vt 0.804539 0.720178
vt 0.798892 0.722177
vt 0.809851 0.727948
vt 0.806076 0.726841
vt 0.802680 0.730904
vt 0.807169 0.732551
vt 0.790386 0.677005
vt 0.785578 0.678562
vt 0.777482 0.681077
vt 0.807525 0.734459
vt 0.804349 0.738423
vt 0.767871 0.684081
vt 0.484837 0.343001
vt 0.480617 0.345566
vt 0.490015 0.343642
vt 0.498455 0.345840
vt 0.828743 0.675706
vt 0.829424 0.682109
vt 0.825951 0.675888
vt 0.488778 0.346399
vt 0.821891 0.667350
vt 0.824409 0.666971
vt 0.822151 0.676546
vt 0.821173 0.681034
vt 0.818204 0.686011
vt 0.820522 0.681399
vt 0.814224 0.669906
vt 0.811691 0.674211
vt 0.806778 0.672389
vt 0.809779 0.668592
vt 0.818255 0.677659
vt 0.814003 0.678936
vt 0.808144 0.680877
vt 0.810087 0.689542
vt 0.812098 0.698349
vt 0.820241 0.705985
vt 0.814313 0.707184
vt 0.822011 0.714735
vt 0.816668 0.715814
vt 0.822231 0.723745
vt 0.818838 0.724626
vt 0.822015 0.728682
vt 0.819569 0.733089
vt 0.796638 0.675077
vt 0.811601 0.735976
vt 0.557482 0.337255
vt 0.663174 0.021794
vt 0.658718 0.025985
vt 0.658376 0.030526
vt 0.652532 0.033423
vt 0.648894 0.039370
vt 0.645739 0.048818
vt 0.642616 0.055221
vt 0.554874 0.341368
vt 0.659248 0.019281
vt 0.653447 0.020510
vt 0.652005 0.029428
vt 0.647227 0.027505
vt 0.648609 0.033415
vt 0.648453 0.033815
vt 0.805541 0.747614
vt 0.803260 0.751420
vt 0.794911 0.751090
vt 0.797698 0.747103
vt 0.809132 0.750409
vt 0.805422 0.753657
vt 0.795391 0.756014
vt 0.785215 0.754848
vt 0.787976 0.757380
vt 0.550500 0.346248
vt 0.547122 0.349215
vt 0.658437 0.015489
vt 0.654064 0.016460
vt 0.650284 0.015174
vt 0.648349 0.019624
vt 0.646233 0.021586
vt 0.809037 0.739438
vt 0.814841 0.740016
vt 0.812313 0.745532
vt 0.809560 0.750296
vt 0.817354 0.739013
vt 0.734233 0.666889
vt 0.731055 0.671344
vt 0.725551 0.669879
vt 0.728592 0.665855
vt 0.737745 0.674940
vt 0.733088 0.676709
vt 0.267540 0.677586
vt 0.272796 0.677822
vt 0.273017 0.686540
vt 0.267516 0.686430
vt 0.736149 0.685080
vt 0.718919 0.644018
vt 0.715273 0.647822
vt 0.710121 0.647122
vt 0.713038 0.642552
vt 0.723454 0.652310
vt 0.717921 0.654365
vt 0.711442 0.656438
vt 0.726253 0.660335
vt 0.721105 0.662175
vt 0.713391 0.664675
vt 0.705226 0.630937
vt 0.702801 0.634324
vt 0.697570 0.633781
vt 0.699978 0.629293
vt 0.710825 0.638775
vt 0.706250 0.640424
vt 0.699029 0.642881
vt 0.700991 0.650937
vt 0.702832 0.659132
vt 0.689331 0.637600
vt 0.691143 0.645529
vt 0.681813 0.640455
vt 0.682984 0.648543
vt 0.741323 0.655197
vt 0.738931 0.659371
vt 0.733364 0.658033
vt 0.736132 0.654057
vt 0.745539 0.662854
vt 0.741278 0.664207
vt 0.749140 0.671028
vt 0.744730 0.672452
vt 0.751341 0.676261
vt 0.748692 0.680299
vt 0.740625 0.683293
vt 0.478770 0.237644
vt 0.604818 0.416658
vt 0.610510 0.414087
vt 0.610843 0.422961
vt 0.604951 0.422715
vt 0.720769 0.626178
vt 0.714699 0.628368
vt 0.610935 0.431191
vt 0.605269 0.430970
vt 0.723568 0.634073
vt 0.717300 0.636417
vt 0.610655 0.439554
vt 0.605179 0.439300
vt 0.726456 0.641983
vt 0.610083 0.448018
vt 0.604818 0.447721
vt 0.729446 0.649927
vt 0.609557 0.454379
vt 0.605472 0.456690
vt 0.755886 0.643349
vt 0.748826 0.642612
vt 0.751232 0.638588
vt 0.750706 0.651804
vt 0.752714 0.660647
vt 0.754784 0.669362
vt 0.756622 0.677836
vt 0.747051 0.634351
vt 0.744727 0.638078
vt 0.738539 0.637178
vt 0.741143 0.633216
vt 0.739913 0.645864
vt 0.473388 0.236684
vt 0.734823 0.620348
vt 0.730546 0.621949
vt 0.725693 0.624018
vt 0.738416 0.628041
vt 0.733998 0.629654
vt 0.728262 0.631999
vt 0.731008 0.640017
vt 0.733885 0.648062
vt 0.742932 0.617762
vt 0.745047 0.625944
vt 0.768994 0.730532
vt 0.766340 0.733766
vt 0.761027 0.732735
vt 0.763687 0.728223
vt 0.774241 0.739576
vt 0.769405 0.740880
vt 0.762676 0.742808
vt 0.776653 0.748134
vt 0.771795 0.749598
vt 0.765180 0.751493
vt 0.753275 0.707724
vt 0.750624 0.711944
vt 0.745523 0.710304
vt 0.748357 0.706333
vt 0.757541 0.715704
vt 0.753104 0.717054
vt 0.746994 0.718932
vt 0.761607 0.724030
vt 0.757163 0.725295
vt 0.749124 0.727697
vt 0.751347 0.736542
vt 0.753565 0.745420
vt 0.755926 0.754121
vt 0.273017 0.695336
vt 0.267805 0.695242
vt 0.739026 0.693549
vt 0.743463 0.691736
vt 0.746272 0.700262
vt 0.741696 0.702029
vt 0.765287 0.688100
vt 0.758665 0.686829
vt 0.760870 0.683145
vt 0.760767 0.695577
vt 0.762789 0.704578
vt 0.764906 0.713529
vt 0.767143 0.722477
vt 0.754221 0.681451
vt 0.749977 0.689421
vt 0.751860 0.698351
vt 0.782185 0.758844
vt 0.776136 0.757916
vt 0.778655 0.754802
vt 0.785226 0.760739
vt 0.776955 0.763483
vt 0.767174 0.759866
vt 0.767995 0.765842
vt 0.762101 0.765967
vt 0.469436 0.235953
vt 0.462853 0.234604
vt 0.454828 0.232766
vt 0.667018 0.162385
vt 0.661624 0.169281
vt 0.672527 0.155304
vt 0.677875 0.149175
vt 0.681792 0.139806
vt 0.685764 0.142722
vt 0.682216 0.149568
vt 0.686659 0.132093
vt 0.690555 0.134806
vt 0.692678 0.125508
vt 0.696505 0.128043
vt 0.700623 0.119938
vt 0.701491 0.123614
vt 0.705843 0.113534
vt 0.674791 0.168234
vt 0.669346 0.174091
vt 0.680415 0.161298
vt 0.685925 0.155615
vt 0.685160 0.151959
vt 0.691409 0.148486
vt 0.692033 0.153935
vt 0.697082 0.139872
vt 0.702709 0.132330
vt 0.707667 0.124513
vt 0.706489 0.120137
vt 0.711308 0.117495
vt 0.715162 0.120081
vt 0.682198 0.174730
vt 0.677235 0.180620
vt 0.687453 0.167917
vt 0.692773 0.160974
vt 0.698252 0.154862
vt 0.697730 0.150883
vt 0.704408 0.147159
vt 0.704641 0.152396
vt 0.710096 0.138896
vt 0.715600 0.131575
vt 0.720831 0.124405
vt 0.688294 0.180993
vt 0.683110 0.187771
vt 0.693740 0.174078
vt 0.699307 0.167031
vt 0.704981 0.159900
vt 0.710899 0.153402
vt 0.710915 0.149428
vt 0.717383 0.145469
vt 0.717861 0.150083
vt 0.722461 0.138027
vt 0.727977 0.130719
vt 0.695118 0.186682
vt 0.689878 0.193495
vt 0.700522 0.179774
vt 0.706125 0.172723
vt 0.711863 0.165586
vt 0.717649 0.158450
vt 0.723480 0.151027
vt 0.723260 0.146544
vt 0.729324 0.143717
vt 0.729606 0.147860
vt 0.734875 0.136863
vt 0.702243 0.192370
vt 0.696962 0.199323
vt 0.707650 0.185431
vt 0.713228 0.178385
vt 0.718926 0.171188
vt 0.724640 0.163978
vt 0.730511 0.157207
vt 0.732531 0.150259
vt 0.736530 0.149721
vt 0.734906 0.156906
vt 0.741745 0.142685
vt 0.709656 0.198074
vt 0.704357 0.205100
vt 0.715018 0.191099
vt 0.720508 0.184055
vt 0.725982 0.176928
vt 0.729378 0.167474
vt 0.733244 0.170259
vt 0.730389 0.176394
vt 0.732229 0.162416
vt 0.737066 0.162152
vt 0.743357 0.155297
vt 0.749000 0.148218
vt 0.729193 0.183507
vt 0.711523 0.107194
vt 0.711330 0.103476
vt 0.717626 0.100396
vt 0.717662 0.104799
vt 0.724237 0.092808
vt 0.729136 0.084916
vt 0.732452 0.080796
vt 0.735601 0.077379
vt 0.579655 0.249284
vt 0.584846 0.250413
vt 0.575960 0.248517
vt 0.718702 0.113227
vt 0.719502 0.117704
vt 0.724227 0.106130
vt 0.724032 0.102441
vt 0.730057 0.099523
vt 0.729989 0.104224
vt 0.736372 0.091725
vt 0.739301 0.087473
vt 0.742795 0.083355
vt 0.582640 0.240458
vt 0.587042 0.241352
vt 0.741154 0.071787
vt 0.748632 0.077248
vt 0.745871 0.080191
vt 0.738500 0.074492
vt 0.725483 0.118315
vt 0.724592 0.114588
vt 0.730121 0.110279
vt 0.733793 0.112943
vt 0.732754 0.106294
vt 0.736985 0.105363
vt 0.742949 0.097773
vt 0.746905 0.093393
vt 0.750408 0.088323
vt 0.749938 0.083247
vt 0.755148 0.082805
vt 0.754830 0.087445
vt 0.733352 0.123414
vt 0.738696 0.116384
vt 0.743975 0.109959
vt 0.749544 0.103397
vt 0.756566 0.096465
vt 0.757240 0.093125
vt 0.592431 0.222648
vt 0.597803 0.220269
vt 0.599161 0.224468
vt 0.593982 0.225286
vt 0.586820 0.229611
vt 0.588641 0.232583
vt 0.764186 0.087449
vt 0.760803 0.092734
vt 0.740459 0.129639
vt 0.746170 0.122208
vt 0.751387 0.115382
vt 0.756644 0.108916
vt 0.762617 0.101759
vt 0.762256 0.096146
vt 0.766010 0.098381
vt 0.595642 0.215401
vt 0.599803 0.216353
vt 0.584761 0.222365
vt 0.587520 0.213751
vt 0.747437 0.135587
vt 0.753289 0.128271
vt 0.758765 0.121126
vt 0.764005 0.114416
vt 0.769640 0.107637
vt 0.773541 0.103290
vt 0.598208 0.206822
vt 0.603115 0.208045
vt 0.589720 0.205800
vt 0.754603 0.141220
vt 0.760252 0.134176
vt 0.765825 0.127112
vt 0.771279 0.120180
vt 0.776848 0.113322
vt 0.781065 0.108372
vt 0.600518 0.197549
vt 0.605839 0.199495
vt 0.594721 0.198558
vt 0.593009 0.195729
vt 0.598371 0.193387
vt 0.587603 0.202839
vt 0.785624 0.104901
vt 0.568790 0.247221
vt 0.564261 0.249432
vt 0.562220 0.245994
vt 0.566711 0.243788
vt 0.553770 0.244322
vt 0.548418 0.243240
vt 0.544385 0.242331
vt 0.537791 0.240851
vt 0.529454 0.238668
vt 0.524195 0.240292
vt 0.746056 0.066518
vt 0.753017 0.072480
vt 0.568982 0.238019
vt 0.572806 0.238722
vt 0.564207 0.237133
vt 0.556168 0.235523
vt 0.551104 0.234492
vt 0.547057 0.233588
vt 0.540245 0.232133
vt 0.533634 0.230738
vt 0.760307 0.077989
vt 0.572269 0.229430
vt 0.576151 0.230166
vt 0.566556 0.228230
vt 0.558405 0.226509
vt 0.553372 0.225478
vt 0.549469 0.224702
vt 0.542653 0.223360
vt 0.536783 0.222218
vt 0.767454 0.083743
vt 0.575651 0.220832
vt 0.579474 0.221534
vt 0.569109 0.219406
vt 0.560410 0.217083
vt 0.555643 0.218935
vt 0.553506 0.215713
vt 0.558254 0.213259
vt 0.545210 0.214588
vt 0.539042 0.213294
vt 0.583013 0.212991
vt 0.579139 0.212294
vt 0.571744 0.210780
vt 0.564618 0.209248
vt 0.560610 0.208422
vt 0.555582 0.207392
vt 0.547589 0.205731
vt 0.541687 0.204401
vt 0.584893 0.208566
vt 0.582672 0.204443
vt 0.574093 0.201922
vt 0.567283 0.200544
vt 0.563235 0.199743
vt 0.557885 0.198633
vt 0.550000 0.196978
vt 0.544888 0.195803
vt 0.584867 0.194770
vt 0.576624 0.192989
vt 0.569928 0.191554
vt 0.565852 0.190768
vt 0.560184 0.189649
vt 0.551930 0.187934
vt 0.547441 0.187072
vt 0.573259 0.185469
vt 0.522223 0.237051
vt 0.527350 0.234879
vt 0.513907 0.235621
vt 0.529766 0.229930
vt 0.524535 0.228782
vt 0.516163 0.226787
vt 0.532876 0.221417
vt 0.526873 0.220034
vt 0.518679 0.218116
vt 0.534985 0.212399
vt 0.529177 0.211120
vt 0.521083 0.209237
vt 0.537601 0.203465
vt 0.531703 0.202309
vt 0.523316 0.200976
vt 0.540809 0.194880
vt 0.534249 0.193686
vt 0.527603 0.192375
vt 0.521401 0.197978
vt 0.523735 0.191679
vt 0.543824 0.186478
vt 0.536955 0.185273
vt 0.528290 0.184068
vt 0.524400 0.186780
vt 0.267516 0.757344
vt 0.267720 0.748404
vt 0.271379 0.748404
vt 0.271389 0.757481
vt 0.505739 0.233782
vt 0.499657 0.232375
vt 0.495465 0.231404
vt 0.489046 0.229912
vt 0.481268 0.228484
vt 0.476078 0.227521
vt 0.471971 0.226636
vt 0.465391 0.225207
vt 0.457378 0.223266
vt 0.507800 0.225483
vt 0.502879 0.227644
vt 0.500606 0.223769
vt 0.505501 0.222147
vt 0.492095 0.221526
vt 0.483747 0.220349
vt 0.478805 0.222589
vt 0.476402 0.218589
vt 0.481420 0.217035
vt 0.467780 0.216142
vt 0.459765 0.214205
vt 0.512186 0.216699
vt 0.508038 0.215755
vt 0.502400 0.214520
vt 0.494777 0.213097
vt 0.488242 0.211676
vt 0.484106 0.210737
vt 0.478156 0.209276
vt 0.470278 0.207605
vt 0.462087 0.205453
vt 0.459928 0.201768
vt 0.515956 0.208147
vt 0.511816 0.207228
vt 0.504945 0.205858
vt 0.497128 0.204403
vt 0.490547 0.202995
vt 0.486364 0.202033
vt 0.480523 0.200753
vt 0.472631 0.199166
vt 0.464142 0.197956
vt 0.460296 0.200519
vt 0.518360 0.203315
vt 0.516391 0.199694
vt 0.507721 0.197424
vt 0.499455 0.195733
vt 0.490618 0.194263
vt 0.486792 0.196763
vt 0.482380 0.192444
vt 0.485516 0.190355
vt 0.474612 0.190358
vt 0.466251 0.188597
vt 0.518362 0.190612
vt 0.509833 0.188803
vt 0.501491 0.186921
vt 0.493012 0.184963
vt 0.484202 0.183590
vt 0.480594 0.186436
vt 0.475851 0.184186
vt 0.476649 0.179496
vt 0.467657 0.181068
vt 0.468418 0.176317
vt 0.519503 0.185240
vt 0.520497 0.180683
vt 0.511010 0.182414
vt 0.512030 0.177671
vt 0.502901 0.178862
vt 0.503904 0.174059
vt 0.587756 0.409240
vt 0.581751 0.412993
vt 0.576537 0.409478
vt 0.580478 0.406440
vt 0.588614 0.418651
vt 0.582408 0.418828
vt 0.575862 0.418770
vt 0.589156 0.428086
vt 0.583255 0.428348
vt 0.575029 0.428631
vt 0.886234 0.650932
vt 0.892218 0.653227
vt 0.890874 0.662096
vt 0.884694 0.659986
vt 0.583703 0.437706
vt 0.577652 0.437796
vt 0.889018 0.670810
vt 0.882896 0.668895
vt 0.877243 0.666978
vt 0.878658 0.657474
vt 0.886362 0.679688
vt 0.881267 0.677964
vt 0.875754 0.676244
vt 0.633693 0.785418
vt 0.638700 0.783541
vt 0.641176 0.789820
vt 0.637907 0.794056
vt 0.880337 0.687550
vt 0.874029 0.685191
vt 0.699226 0.212045
vt 0.693841 0.219148
vt 0.688570 0.226051
vt 0.683511 0.232723
vt 0.680933 0.236153
vt 0.684549 0.239391
vt 0.683284 0.244183
vt 0.678195 0.239805
vt 0.672760 0.246891
vt 0.667165 0.254027
vt 0.662628 0.259609
vt 0.692093 0.205935
vt 0.686677 0.213090
vt 0.681371 0.220006
vt 0.675844 0.227611
vt 0.676392 0.232403
vt 0.671477 0.233331
vt 0.665493 0.240713
vt 0.658606 0.248040
vt 0.657224 0.253926
vt 0.684747 0.200274
vt 0.679479 0.207184
vt 0.674086 0.214106
vt 0.668837 0.220835
vt 0.671166 0.228761
vt 0.663584 0.226975
vt 0.664345 0.230779
vt 0.658550 0.235230
vt 0.654565 0.241601
vt 0.653148 0.248653
vt 0.650947 0.242070
vt 0.653150 0.254683
vt 0.646491 0.249330
vt 0.677829 0.194581
vt 0.672509 0.201446
vt 0.666880 0.208374
vt 0.661485 0.215090
vt 0.656104 0.221912
vt 0.654782 0.232320
vt 0.650560 0.228986
vt 0.645003 0.236143
vt 0.639581 0.243331
vt 0.673136 0.189867
vt 0.667587 0.196996
vt 0.659907 0.202054
vt 0.654256 0.209332
vt 0.649006 0.216109
vt 0.643494 0.223262
vt 0.637892 0.230410
vt 0.633906 0.237265
vt 0.670320 0.177639
vt 0.673138 0.179896
vt 0.669814 0.186444
vt 0.663969 0.180995
vt 0.664250 0.193784
vt 0.658566 0.188935
vt 0.659616 0.197418
vt 0.654697 0.193882
vt 0.651789 0.197560
vt 0.647057 0.203525
vt 0.642815 0.210409
vt 0.640072 0.219834
vt 0.634422 0.227030
vt 0.631632 0.231239
vt 0.662971 0.176191
vt 0.656825 0.175652
vt 0.657726 0.179586
vt 0.653172 0.184812
vt 0.650338 0.189709
vt 0.646000 0.190263
vt 0.641180 0.197235
vt 0.640403 0.203939
vt 0.636280 0.203796
vt 0.639902 0.210798
vt 0.637297 0.216701
vt 0.632923 0.211712
vt 0.649219 0.807710
vt 0.648929 0.812529
vt 0.639497 0.813417
vt 0.642323 0.808401
vt 0.630610 0.223092
vt 0.875622 0.694597
vt 0.871187 0.695686
vt 0.867447 0.691895
vt 0.872593 0.690052
vt 0.635736 0.806282
vt 0.638515 0.802609
vt 0.632361 0.815566
vt 0.630610 0.805623
vt 0.639799 0.817844
vt 0.634837 0.819228
vt 0.649253 0.170630
vt 0.649537 0.182084
vt 0.644497 0.176948
vt 0.641133 0.186387
vt 0.639277 0.191002
vt 0.200332 0.712237
vt 0.194031 0.709075
vt 0.194031 0.703137
vt 0.199769 0.704609
vt 0.638167 0.197203
vt 0.635413 0.190775
vt 0.657828 0.797356
vt 0.654614 0.801668
vt 0.647760 0.800759
vt 0.649884 0.797160
vt 0.661745 0.802350
vt 0.658879 0.807326
vt 0.645936 0.791407
vt 0.643434 0.795425
vt 0.202097 0.354079
vt 0.206262 0.357728
vt 0.210235 0.361254
vt 0.214497 0.365192
vt 0.215082 0.370389
vt 0.219337 0.372080
vt 0.573809 0.507992
vt 0.578365 0.510312
vt 0.575007 0.517038
vt 0.572441 0.512533
vt 0.220164 0.378445
vt 0.565807 0.681451
vt 0.569336 0.685992
vt 0.565687 0.686634
vt 0.560738 0.682060
vt 0.565199 0.694398
vt 0.560738 0.692228
vt 0.567298 0.513064
vt 0.564738 0.522997
vt 0.561496 0.513533
vt 0.569128 0.525227
vt 0.566698 0.536473
vt 0.562081 0.533775
vt 0.563530 0.547956
vt 0.558656 0.545048
vt 0.560326 0.558701
vt 0.555324 0.555884
vt 0.550354 0.553208
vt 0.209560 0.348540
vt 0.213425 0.352931
vt 0.213836 0.358248
vt 0.216866 0.359646
vt 0.585984 0.506052
vt 0.590493 0.507352
vt 0.587678 0.514733
vt 0.583103 0.512485
vt 0.220786 0.366818
vt 0.585547 0.523722
vt 0.581156 0.521132
vt 0.583843 0.534697
vt 0.579157 0.531421
vt 0.573949 0.528034
vt 0.581922 0.546275
vt 0.577942 0.538206
vt 0.572985 0.539934
vt 0.495304 0.174958
vt 0.499164 0.171946
vt 0.576298 0.546639
vt 0.486189 0.173736
vt 0.570919 0.517586
vt 0.573219 0.553845
vt 0.568392 0.550930
vt 0.037349 0.665704
vt 0.039987 0.659646
vt 0.051094 0.660307
vt 0.048344 0.665741
vt 0.565463 0.561690
vt 0.213244 0.345031
vt 0.216409 0.345980
vt 0.845372 0.518179
vt 0.852446 0.519430
vt 0.852979 0.527480
vt 0.846220 0.525031
vt 0.597329 0.502579
vt 0.594937 0.508969
vt 0.592468 0.504320
vt 0.852408 0.536771
vt 0.846191 0.533726
vt 0.593204 0.517402
vt 0.850027 0.547637
vt 0.845375 0.543871
vt 0.591602 0.527422
vt 0.597329 0.530861
vt 0.597205 0.545982
vt 0.590114 0.539338
vt 0.590745 0.552442
vt 0.588514 0.546875
vt 0.585739 0.553203
vt 0.583907 0.560932
vt 0.578047 0.556972
vt 0.582199 0.571311
vt 0.575856 0.567885
vt 0.570641 0.564771
vt 0.855528 0.513481
vt 0.865239 0.513210
vt 0.864355 0.521175
vt 0.857138 0.520158
vt 0.851555 0.516036
vt 0.863665 0.530743
vt 0.857680 0.528983
vt 0.862849 0.541528
vt 0.857144 0.538917
vt 0.861569 0.553718
vt 0.855094 0.550414
vt 0.857541 0.567704
vt 0.852973 0.560867
vt 0.848294 0.562632
vt 0.853288 0.569673
vt 0.212174 0.676264
vt 0.215473 0.671007
vt 0.221431 0.669769
vt 0.220863 0.677847
vt 0.037355 0.646061
vt 0.040441 0.638178
vt 0.050130 0.636124
vt 0.048626 0.643706
vt 0.588273 0.563444
vt 0.059987 0.638658
vt 0.054993 0.643165
vt 0.056920 0.647477
vt 0.046372 0.648939
vt 0.873027 0.523139
vt 0.871504 0.533423
vt 0.870053 0.544843
vt 0.867817 0.556910
vt 0.864849 0.569845
vt 0.213282 0.624991
vt 0.217943 0.621528
vt 0.224036 0.631133
vt 0.217005 0.633407
vt 0.212174 0.665913
vt 0.220940 0.664376
vt 0.226096 0.639382
vt 0.220108 0.637883
vt 0.218139 0.642870
vt 0.212174 0.635249
vt 0.223776 0.643163
vt 0.228391 0.650215
vt 0.221850 0.653154
vt 0.879097 0.519216
vt 0.883899 0.526062
vt 0.878038 0.524366
vt 0.883018 0.537628
vt 0.876397 0.535222
vt 0.881847 0.550371
vt 0.874801 0.547105
vt 0.880612 0.563348
vt 0.872587 0.559379
vt 0.879222 0.575803
vt 0.870305 0.572103
vt 0.876181 0.586460
vt 0.869682 0.581736
vt 0.221977 0.619310
vt 0.228391 0.626452
vt 0.182322 0.705486
vt 0.182809 0.712640
vt 0.176500 0.709805
vt 0.176500 0.703137
vt 0.046213 0.626416
vt 0.051012 0.619861
vt 0.056223 0.619310
vt 0.053499 0.627728
vt 0.065394 0.619368
vt 0.063971 0.625512
vt 0.062722 0.631248
vt 0.054439 0.631708
vt 0.894301 0.529783
vt 0.892539 0.541539
vt 0.889980 0.554000
vt 0.887487 0.566373
vt 0.885358 0.577885
vt 0.883577 0.588044
vt 0.882251 0.596957
vt 0.877529 0.594637
vt 0.554801 0.371957
vt 0.553847 0.380247
vt 0.548505 0.380320
vt 0.548619 0.374939
vt 0.559653 0.380266
vt 0.560188 0.389812
vt 0.554825 0.389798
vt 0.548412 0.389798
vt 0.577514 0.380089
vt 0.571989 0.384639
vt 0.567216 0.380927
vt 0.571358 0.378101
vt 0.577683 0.389868
vt 0.572484 0.389840
vt 0.566449 0.389833
vt 0.906859 0.535379
vt 0.900035 0.532252
vt 0.905171 0.547798
vt 0.898008 0.544116
vt 0.903728 0.560718
vt 0.895288 0.556515
vt 0.902886 0.572406
vt 0.892772 0.568689
vt 0.898615 0.582954
vt 0.890760 0.579832
vt 0.895910 0.592364
vt 0.889600 0.589905
vt 0.893670 0.599807
vt 0.888834 0.600684
vt 0.126586 0.664839
vt 0.129240 0.670635
vt 0.122656 0.668864
vt 0.136979 0.663590
vt 0.094032 0.668022
vt 0.095974 0.673973
vt 0.088721 0.672684
vt 0.106119 0.665601
vt 0.116015 0.667617
vt 0.071067 0.669629
vt 0.072348 0.676188
vt 0.064658 0.674493
vt 0.082227 0.671687
vt 0.043179 0.676562
vt 0.045683 0.671149
vt 0.057206 0.673236
vt 0.054728 0.679017
vt 0.107789 0.656042
vt 0.110541 0.661277
vt 0.103761 0.660196
vt 0.117772 0.654889
vt 0.116801 0.662365
vt 0.127846 0.654271
vt 0.137253 0.653743
vt 0.074884 0.658662
vt 0.077065 0.664521
vt 0.069899 0.662951
vt 0.086166 0.657042
vt 0.083978 0.666032
vt 0.096565 0.659279
vt 0.062315 0.661779
vt 0.059690 0.667838
vt 0.088255 0.646839
vt 0.090811 0.652653
vt 0.083823 0.650975
vt 0.098842 0.645701
vt 0.097676 0.653789
vt 0.109010 0.645185
vt 0.118849 0.644291
vt 0.477907 0.171705
vt 0.128589 0.647113
vt 0.469536 0.169620
vt 0.133983 0.648430
vt 0.053867 0.655090
vt 0.066831 0.647794
vt 0.064496 0.656219
vt 0.077056 0.649800
vt 0.119528 0.635138
vt 0.122307 0.640539
vt 0.115942 0.638638
vt 0.130375 0.633087
vt 0.128970 0.642176
vt 0.139701 0.635771
vt 0.138075 0.644359
vt 0.061671 0.642858
vt 0.069267 0.638382
vt 0.071065 0.643457
vt 0.064499 0.642885
vt 0.079780 0.636774
vt 0.078354 0.644292
vt 0.089958 0.636223
vt 0.100898 0.634694
vt 0.109771 0.636761
vt 0.553172 0.457799
vt 0.549976 0.461206
vt 0.544018 0.458350
vt 0.547466 0.454729
vt 0.556233 0.464253
vt 0.552830 0.467516
vt 0.545712 0.467626
vt 0.102262 0.625954
vt 0.104990 0.631130
vt 0.098704 0.630777
vt 0.111242 0.625825
vt 0.110024 0.632321
vt 0.120834 0.627239
vt 0.127853 0.628610
vt 0.071784 0.630084
vt 0.081198 0.630022
vt 0.091008 0.630808
vt 0.867977 0.673756
vt 0.862728 0.675434
vt 0.858392 0.669866
vt 0.863470 0.668528
vt 0.868123 0.683468
vt 0.861913 0.681614
vt 0.853930 0.678783
vt 0.565278 0.446291
vt 0.561824 0.448823
vt 0.554936 0.446479
vt 0.559193 0.442459
vt 0.569264 0.453927
vt 0.565021 0.457290
vt 0.563883 0.467448
vt 0.554432 0.419430
vt 0.550369 0.423124
vt 0.545401 0.419495
vt 0.549754 0.416665
vt 0.555924 0.428274
vt 0.550937 0.428394
vt 0.543014 0.429384
vt 0.557728 0.437812
vt 0.552848 0.437908
vt 0.544543 0.438250
vt 0.545976 0.447824
vt 0.543030 0.389897
vt 0.548486 0.399458
vt 0.543014 0.399390
vt 0.073213 0.624414
vt 0.549033 0.409110
vt 0.543516 0.409032
vt 0.082692 0.624370
vt 0.093319 0.623906
vt 0.570709 0.431981
vt 0.565446 0.428592
vt 0.569227 0.425596
vt 0.571799 0.437807
vt 0.564576 0.437908
vt 0.874284 0.655237
vt 0.871153 0.664523
vt 0.573798 0.447303
vt 0.864778 0.660250
vt 0.565352 0.398698
vt 0.561199 0.401424
vt 0.556560 0.398707
vt 0.560737 0.394895
vt 0.566843 0.409171
vt 0.561734 0.409216
vt 0.555394 0.409194
vt 0.567873 0.418738
vt 0.562826 0.418745
vt 0.493654 0.169923
vt 0.579008 0.399461
vt 0.573676 0.399494
vt 0.487284 0.167538
vt 0.663472 0.267147
vt 0.659679 0.263114
vt 0.659966 0.271287
vt 0.655787 0.267966
vt 0.656807 0.274447
vt 0.652575 0.272212
vt 0.650434 0.275418
vt 0.645684 0.281743
vt 0.157172 0.660890
vt 0.152362 0.665193
vt 0.147132 0.662555
vt 0.648383 0.262077
vt 0.645014 0.266794
vt 0.643143 0.269853
vt 0.640870 0.273447
vt 0.147793 0.652920
vt 0.150384 0.658951
vt 0.144442 0.656640
vt 0.156668 0.651382
vt 0.641068 0.256360
vt 0.638174 0.260661
vt 0.159392 0.640261
vt 0.161883 0.649979
vt 0.155258 0.643731
vt 0.479276 0.163778
vt 0.165278 0.639698
vt 0.164591 0.648733
vt 0.140401 0.650372
vt 0.149582 0.641983
vt 0.635750 0.249990
vt 0.635135 0.256555
vt 0.151359 0.633125
vt 0.153642 0.638059
vt 0.147595 0.637229
vt 0.160326 0.633529
vt 0.165048 0.634590
vt 0.634118 0.243337
vt 0.558670 0.470908
vt 0.566159 0.476652
vt 0.559715 0.476939
vt 0.551175 0.478175
vt 0.566243 0.485792
vt 0.560709 0.486144
vt 0.553521 0.486840
vt 0.847395 0.695232
vt 0.853351 0.697343
vt 0.851570 0.701164
vt 0.845372 0.700314
vt 0.561966 0.491357
vt 0.555530 0.491237
vt 0.546907 0.475511
vt 0.860847 0.690354
vt 0.854406 0.688506
vt 0.864400 0.701043
vt 0.859000 0.699175
vt 0.862165 0.705112
vt 0.856153 0.703736
vt 0.588728 0.379408
vt 0.584140 0.382089
vt 0.583277 0.375578
vt 0.591526 0.389801
vt 0.585177 0.389845
vt 0.923166 0.605583
vt 0.917093 0.607200
vt 0.913458 0.601442
vt 0.919387 0.601161
vt 0.923502 0.615357
vt 0.915288 0.612046
vt 0.908380 0.608084
vt 0.920102 0.623444
vt 0.912459 0.621045
vt 0.906397 0.618662
vt 0.928694 0.576744
vt 0.920959 0.576026
vt 0.916908 0.568862
vt 0.923536 0.568760
vt 0.925806 0.585178
vt 0.919158 0.581753
vt 0.911987 0.577002
vt 0.922381 0.594085
vt 0.916020 0.591068
vt 0.909658 0.587964
vt 0.906784 0.597410
vt 0.905200 0.602377
vt 0.639295 0.705466
vt 0.636358 0.709791
vt 0.630886 0.707914
vt 0.633863 0.704008
vt 0.643196 0.713530
vt 0.638624 0.714761
vt 0.632894 0.716593
vt 0.940765 0.583119
vt 0.934088 0.584039
vt 0.936529 0.577854
vt 0.939356 0.591579
vt 0.932296 0.588437
vt 0.937923 0.600210
vt 0.928544 0.596854
vt 0.932896 0.608184
vt 0.929548 0.614450
vt 0.944224 0.559954
vt 0.936999 0.554213
vt 0.930060 0.548734
vt 0.939993 0.569835
vt 0.933291 0.564905
vt 0.926756 0.560142
vt 0.649698 0.691948
vt 0.645452 0.697024
vt 0.638523 0.695701
vt 0.641544 0.691697
vt 0.939681 0.615794
vt 0.946982 0.614700
vt 0.941695 0.623783
vt 0.937258 0.621720
vt 0.648272 0.702623
vt 0.653412 0.701187
vt 0.655329 0.705678
vt 0.651855 0.710274
vt 0.948726 0.604290
vt 0.941511 0.604484
vt 0.944286 0.599353
vt 0.943601 0.609844
vt 0.938493 0.610987
vt 0.631711 0.697468
vt 0.961969 0.572896
vt 0.951553 0.565331
vt 0.956282 0.579900
vt 0.947107 0.574295
vt 0.951766 0.587584
vt 0.947222 0.594846
vt 0.678372 0.694554
vt 0.674962 0.698656
vt 0.669118 0.699100
vt 0.668626 0.694755
vt 0.607886 0.724848
vt 0.612894 0.722249
vt 0.612894 0.731648
vt 0.607579 0.731013
vt 0.677837 0.704008
vt 0.669432 0.706806
vt 0.660246 0.698957
vt 0.663391 0.694728
vt 0.660310 0.706510
vt 0.955977 0.619028
vt 0.951083 0.619876
vt 0.954772 0.614157
vt 0.656974 0.692900
vt 0.659533 0.689528
vt 0.948049 0.626322
vt 0.957677 0.608747
vt 0.952324 0.609297
vt 0.956465 0.604016
vt 0.973739 0.578469
vt 0.966198 0.579033
vt 0.971425 0.575152
vt 0.969551 0.585066
vt 0.963043 0.583230
vt 0.966861 0.593801
vt 0.957967 0.590031
vt 0.960522 0.599954
vt 0.953364 0.597096
vt 0.683531 0.687783
vt 0.677223 0.686071
vt 0.680089 0.682600
vt 0.685691 0.692284
vt 0.689406 0.700556
vt 0.683041 0.702623
vt 0.676532 0.676948
vt 0.673016 0.681238
vt 0.667653 0.681426
vt 0.667419 0.676832
vt 0.668082 0.688048
vt 0.658628 0.681227
vt 0.661543 0.677397
vt 0.658435 0.672970
vt 0.655510 0.676656
vt 0.648671 0.675257
vt 0.651346 0.671963
vt 0.649671 0.683081
vt 0.653433 0.687676
vt 0.975280 0.597641
vt 0.969347 0.598245
vt 0.973998 0.593791
vt 0.645494 0.671197
vt 0.648999 0.667363
vt 0.965851 0.602784
vt 0.643385 0.681491
vt 0.641673 0.677041
vt 0.983967 0.581475
vt 0.980469 0.588805
vt 0.681563 0.670399
vt 0.675701 0.668734
vt 0.678167 0.665646
vt 0.683822 0.674273
vt 0.675099 0.660272
vt 0.671741 0.664692
vt 0.667064 0.664853
vt 0.666933 0.660862
vt 0.667208 0.670180
vt 0.657739 0.664658
vt 0.660095 0.661419
vt 0.657814 0.657597
vt 0.654462 0.661306
vt 0.649971 0.660993
vt 0.650020 0.657243
vt 0.641513 0.660511
vt 0.645082 0.656640
vt 0.643031 0.666601
vt 0.993664 0.578129
vt 0.989809 0.584573
vt 0.986625 0.588240
vt 0.680537 0.652242
vt 0.675059 0.651327
vt 0.677517 0.647762
vt 0.674133 0.643389
vt 0.671760 0.646897
vt 0.666183 0.646404
vt 0.668416 0.642900
vt 0.666760 0.654052
vt 0.658401 0.649096
vt 0.649832 0.651463
vt 0.643365 0.652816
vt 0.663526 0.776288
vt 0.660399 0.780597
vt 0.653651 0.779104
vt 0.656206 0.775022
vt 0.668303 0.784912
vt 0.663076 0.786415
vt 0.655948 0.788296
vt 0.651778 0.769579
vt 0.649157 0.773462
vt 0.642666 0.772318
vt 0.645216 0.768172
vt 0.644423 0.781715
vt 0.906587 0.638431
vt 0.900646 0.640052
vt 0.895542 0.634910
vt 0.902364 0.633920
vt 0.907629 0.648105
vt 0.899330 0.646074
vt 0.893633 0.644052
vt 0.902963 0.656690
vt 0.897788 0.655013
vt 0.635368 0.755295
vt 0.639656 0.753746
vt 0.642689 0.762624
vt 0.638141 0.764081
vt 0.896614 0.663976
vt 0.635661 0.774695
vt 0.633250 0.765849
vt 0.592943 0.399222
vt 0.586474 0.399343
vt 0.593596 0.405505
vt 0.671789 0.763216
vt 0.669292 0.766904
vt 0.662129 0.766236
vt 0.665327 0.761563
vt 0.677189 0.772476
vt 0.672279 0.773870
vt 0.679651 0.781473
vt 0.674434 0.783008
vt 0.654629 0.740277
vt 0.651511 0.744890
vt 0.646453 0.744712
vt 0.645546 0.739984
vt 0.659432 0.748242
vt 0.654310 0.749526
vt 0.647762 0.751252
vt 0.663344 0.756779
vt 0.658357 0.758242
vt 0.649801 0.760581
vt 0.637251 0.744469
vt 0.640419 0.739546
vt 0.917227 0.632073
vt 0.910008 0.629874
vt 0.904005 0.627864
vt 0.914357 0.640731
vt 0.912397 0.646156
vt 0.691088 0.758102
vt 0.687747 0.762642
vt 0.681927 0.760793
vt 0.684537 0.756851
vt 0.695095 0.766750
vt 0.689685 0.768584
vt 0.683696 0.770510
vt 0.696217 0.775883
vt 0.691223 0.774516
vt 0.687027 0.779038
vt 0.674399 0.734678
vt 0.671268 0.739148
vt 0.665859 0.737120
vt 0.668988 0.733248
vt 0.678064 0.742816
vt 0.673263 0.744319
vt 0.667410 0.746035
vt 0.681503 0.751233
vt 0.676565 0.752723
vt 0.669527 0.754864
vt 0.663752 0.726341
vt 0.661268 0.729973
vt 0.653727 0.728992
vt 0.656581 0.724341
vt 0.652594 0.720564
vt 0.650136 0.724394
vt 0.643070 0.723202
vt 0.645863 0.719209
vt 0.644271 0.732410
vt 0.635462 0.725464
vt 0.638368 0.734180
vt 0.695518 0.749661
vt 0.690228 0.748278
vt 0.693423 0.743921
vt 0.703131 0.753892
vt 0.697764 0.755772
vt 0.583612 0.619433
vt 0.585280 0.628516
vt 0.700720 0.764685
vt 0.586911 0.637186
vt 0.703141 0.773426
vt 0.683288 0.720803
vt 0.679984 0.724691
vt 0.673989 0.723673
vt 0.677338 0.718872
vt 0.688055 0.729850
vt 0.682793 0.731680
vt 0.691289 0.738517
vt 0.686184 0.740223
vt 0.665961 0.711712
vt 0.660722 0.711205
vt 0.674269 0.714454
vt 0.669098 0.715706
vt 0.661630 0.717790
vt 0.688095 0.714399
vt 0.682540 0.712660
vt 0.685820 0.708841
vt 0.690228 0.719347
vt 0.566174 0.707533
vt 0.567829 0.712718
vt 0.560738 0.714067
vt 0.560738 0.705620
vt 0.584935 0.582790
vt 0.590501 0.582533
vt 0.585478 0.592036
vt 0.693909 0.727766
vt 0.646214 0.167422
vt 0.643989 0.171320
vt 0.640028 0.171344
vt 0.641615 0.176882
vt 0.637931 0.183278
vt 0.633552 0.177584
vt 0.615824 0.488684
vt 0.607646 0.490975
vt 0.604818 0.485147
vt 0.611923 0.484635
vt 0.611149 0.467912
vt 0.615824 0.470715
vt 0.613839 0.479281
vt 0.608513 0.476400
vt 0.666079 0.794912
vt 0.669875 0.803625
vt 0.643621 0.164197
vt 0.637384 0.157868
vt 0.633460 0.164150
vt 0.632384 0.170986
vt 0.681696 0.789663
vt 0.676634 0.791429
vt 0.671292 0.793269
vt 0.176500 0.744949
vt 0.181840 0.745143
vt 0.182056 0.749597
vt 0.176500 0.752364
vt 0.679578 0.798198
vt 0.673334 0.798637
vt 0.633395 0.153762
vt 0.691336 0.780345
vt 0.632262 0.158056
vt 0.692200 0.786005
vt 0.687290 0.787701
vt 0.240176 0.754980
vt 0.244782 0.754551
vt 0.244782 0.758317
vt 0.239613 0.760361
vt 0.689940 0.791948
vt 0.683368 0.793815
vt 0.705115 0.781669
vt 0.697995 0.784049
vt 0.708690 0.785696
vt 0.698712 0.788450
vt 0.694064 0.789102
vt 0.906499 0.577525
vt 0.908449 0.570399
vt 0.904314 0.585346
vt 0.575438 0.360437
vt 0.581194 0.360657
vt 0.582498 0.370442
vt 0.576795 0.370340
vt 0.901791 0.594985
vt 0.898596 0.604190
vt 0.916219 0.540033
vt 0.912728 0.551885
vt 0.909916 0.563965
vt 0.922652 0.543698
vt 0.919426 0.555492
s 1
usemtl Material.001
f 1176/1/1 1170/2/2 1036/3/3 1059/4/4
f 1170/2/2 1176/1/1 1116/5/5 1099/6/6
f 1116/5/5 1176/1/1 1059/4/4 898/7/7
f 1175/8/8 1166/9/9 1162/10/10 1173/11/11
f 1166/12/9 1175/13/8 1108/14/12 1085/15/13
f 1108/16/12 1175/8/8 1173/11/11 1101/17/14
f 1174/18/15 1163/19/16 1158/20/17 1171/21/18
f 1163/19/16 1174/18/15 1173/11/11 1162/10/10
f 1173/11/11 1174/18/15 1171/21/18 1170/2/2
f 1101/17/14 1173/11/11 1170/2/2 1099/6/6
f 1172/22/19 1159/23/20 1015/24/21 1038/25/22
f 1159/23/20 1172/22/19 1171/21/18 1158/20/17
f 1171/21/18 1172/22/19 1038/25/22 1037/26/23
f 1170/2/2 1171/21/18 1037/26/23 1036/3/3
f 1169/27/24 783/28/25 779/29/26 1166/12/9
f 783/28/25 1169/27/24 1093/30/27 644/31/28
f 1093/30/27 1169/27/24 1166/12/9 1085/15/13
f 1168/32/29 781/33/30 775/34/31 1164/35/32
f 781/33/30 1168/32/29 1167/36/33 780/37/34
f 1167/36/33 1168/32/29 1164/35/32 1163/19/16
f 780/38/34 1167/39/33 1166/12/9 779/29/26
f 1166/9/9 1167/36/33 1163/19/16 1162/10/10
f 1165/40/35 776/41/36 772/42/37 1160/43/38
f 776/41/36 1165/40/35 1164/35/32 775/34/31
f 1164/35/32 1165/40/35 1160/43/38 1159/23/20
f 1163/19/16 1164/35/32 1159/23/20 1158/20/17
f 1161/44/39 773/45/40 562/46/41 1017/47/42
f 773/45/40 1161/44/39 1160/43/38 772/42/37
f 1160/43/38 1161/44/39 1017/47/42 1016/48/43
f 1159/23/20 1160/43/38 1016/48/43 1015/24/21
f 1157/49/44 1149/50/45 931/51/46 964/52/47
f 1149/53/45 1157/54/44 1156/55/48 1148/56/49
f 1156/57/48 1157/49/44 964/52/47 963/58/50
f 1148/56/49 1156/55/48 1155/59/51 1147/60/52
f 1155/59/51 1156/55/48 963/61/50 962/62/53
f 55/63/54 2/64/55 1/65/56 54/66/57
f 56/67/58 3/68/59 2/64/55 55/63/54
f 1154/69/60 1139/70/61 1132/71/62 1149/50/45
f 1139/70/61 1154/69/60 1153/72/63 1138/73/64
f 1153/72/63 1154/69/60 1149/50/45 1148/74/49
f 1138/73/64 1153/72/63 1152/75/65 1137/76/66
f 1152/77/65 1153/78/63 1148/56/49 1147/60/52
f 57/79/67 4/80/68 3/68/59 56/67/58
f 58/81/69 5/82/70 4/80/68 57/79/67
f 1151/83/71 1134/84/72 903/85/73 933/86/74
f 1134/84/72 1151/83/71 1150/87/75 1133/88/76
f 1150/87/75 1151/83/71 933/86/74 932/89/77
f 1133/88/76 1150/87/75 1149/50/45 1132/71/62
f 1149/50/45 1150/87/75 932/89/77 931/51/46
f 1146/90/78 1125/91/79 1117/92/80 1139/93/61
f 1125/91/79 1146/90/78 1145/94/81 1124/95/82
f 1145/94/81 1146/90/78 1139/93/61 1138/96/64
f 1124/95/82 1145/94/81 1144/97/83 1123/98/84
f 1144/97/83 1145/94/81 1138/96/64 1137/99/66
f 1123/98/84 1144/97/83 437/100/85 434/101/86
f 437/102/85 1144/103/83 1137/104/66 436/105/87
f 1143/106/88 1121/107/89 1115/108/90 1136/109/91
f 1121/107/89 1143/106/88 1142/110/92 1120/111/93
f 1142/110/92 1143/106/88 1136/109/91 1135/112/94
f 1120/111/93 1142/110/92 1141/113/95 1119/114/96
f 1141/113/95 1142/110/92 1135/112/94 1134/84/72
f 1119/115/96 1141/116/95 1140/117/97 1118/118/98
f 1140/117/97 1141/116/95 1134/119/72 1133/120/76
f 1118/118/98 1140/117/97 1139/93/61 1117/92/80
f 1139/70/61 1140/121/97 1133/88/76 1132/71/62
f 1136/109/91 1115/108/90 897/122/99 905/123/100
f 1135/112/94 1136/109/91 905/123/100 904/124/101
f 1134/84/72 1135/112/94 904/124/101 903/85/73
f 1131/125/102 1110/126/103 1102/127/104 1124/95/82
f 1110/126/103 1131/125/102 1130/128/105 1109/129/106
f 1130/128/105 1131/125/102 1124/95/82 1123/98/84
f 1109/129/106 1130/128/105 435/130/107 433/131/108
f 435/130/107 1130/128/105 1123/98/84 434/101/86
f 1129/132/109 1107/133/110 1100/134/111 1121/135/89
f 1107/133/110 1129/132/109 1128/136/112 1106/137/113
f 1128/136/112 1129/132/109 1121/135/89 1120/138/93
f 1106/137/113 1128/136/112 1127/139/114 1105/140/115
f 1127/139/114 1128/136/112 1120/138/93 1119/115/96
f 1105/140/115 1127/139/114 1126/141/116 1104/142/117
f 1126/141/116 1127/139/114 1119/115/96 1118/118/98
f 1104/142/117 1126/141/116 1125/91/79 1103/143/118
f 1125/91/79 1126/141/116 1118/118/98 1117/92/80
f 1103/143/118 1125/91/79 1124/95/82 1102/127/104
f 1122/144/119 1101/17/14 1099/6/6 1116/5/5
f 1101/17/14 1122/144/119 1121/107/89 1100/145/111
f 1121/107/89 1122/144/119 1116/5/5 1115/108/90
f 1115/108/90 1116/5/5 898/7/7 897/122/99
f 1114/146/120 1091/147/121 1083/148/122 1106/137/113
f 1091/147/121 1114/146/120 1113/149/123 1090/150/124
f 1113/149/123 1114/146/120 1106/137/113 1105/140/115
f 1090/150/124 1113/149/123 1112/151/125 1089/152/126
f 1112/151/125 1113/149/123 1105/140/115 1104/142/117
f 1089/152/126 1112/151/125 1111/153/127 1088/154/128
f 1111/153/127 1112/151/125 1104/142/117 1103/143/118
f 1088/154/128 1111/153/127 1110/126/103 1087/155/129
f 1110/126/103 1111/153/127 1103/143/118 1102/127/104
f 1087/155/129 1110/126/103 1109/129/106 1086/156/130
f 1086/156/130 1109/129/106 433/131/108 431/157/131
f 1085/15/13 1108/14/12 1107/133/110 1084/158/132
f 1107/133/110 1108/14/12 1101/159/14 1100/134/111
f 1084/158/132 1107/133/110 1106/137/113 1083/148/122
f 1098/160/133 649/161/134 641/162/135 1090/150/124
f 649/161/134 1098/160/133 1097/163/136 648/164/137
f 1097/163/136 1098/160/133 1090/150/124 1089/152/126
f 648/164/137 1097/163/136 1096/165/138 647/166/139
f 1096/165/138 1097/163/136 1089/152/126 1088/154/128
f 647/166/139 1096/165/138 1095/167/140 646/168/141
f 1095/167/140 1096/165/138 1088/154/128 1087/155/129
f 646/168/141 1095/167/140 1094/169/142 645/170/143
f 1094/169/142 1095/167/140 1087/155/129 1086/156/130
f 645/170/143 1094/169/142 432/171/144 423/172/145
f 432/171/144 1094/169/142 1086/156/130 431/157/131
f 644/31/28 1093/30/27 1092/173/146 643/174/147
f 1092/173/146 1093/30/27 1085/15/13 1084/158/132
f 643/174/147 1092/173/146 1091/147/121 642/175/148
f 1091/147/121 1092/173/146 1084/158/132 1083/148/122
f 642/175/148 1091/147/121 1090/150/124 641/162/135
f 1082/176/149 1071/177/150 1068/178/151 1081/179/152
f 1071/177/150 1082/176/149 921/180/153 899/181/154
f 921/180/153 1082/176/149 1081/179/152 917/182/155
f 1081/179/152 1068/178/151 1065/183/156 1080/184/157
f 917/182/155 1081/179/152 1080/184/157 914/185/158
f 1080/184/157 1065/183/156 1063/186/159 1079/187/160
f 914/185/158 1080/184/157 1079/187/160 911/188/161
f 1079/187/160 1063/186/159 1061/189/162 1078/190/163
f 911/188/161 1079/187/160 1078/190/163 908/191/164
f 1078/192/163 1061/193/162 414/194/165 415/195/166
f 908/191/164 1078/190/163 415/196/166 339/197/167
f 1077/198/168 1057/199/169 1053/200/170 1075/201/171
f 1057/199/169 1077/198/168 1076/202/172 1056/203/173
f 1076/202/172 1077/198/168 1075/201/171 1074/204/174
f 1056/203/173 1076/202/172 902/205/175 896/206/176
f 902/205/175 1076/202/172 1074/204/174 900/207/177
f 1075/201/171 1053/200/170 1050/208/178 1072/209/179
f 1074/204/174 1075/201/171 1072/209/179 1071/177/150
f 900/207/177 1074/204/174 1071/177/150 899/181/154
f 1073/210/180 1051/211/181 1048/212/182 1070/213/183
f 1051/211/181 1073/210/180 1072/209/179 1050/208/178
f 1072/209/179 1073/210/180 1070/213/183 1069/214/184
f 1071/177/150 1072/209/179 1069/214/184 1068/178/151
f 1070/213/183 1048/212/182 1046/215/185 1067/216/186
f 1069/214/184 1070/213/183 1067/216/186 1066/217/187
f 1068/178/151 1069/214/184 1066/217/187 1065/183/156
f 1067/216/186 1046/215/185 1045/218/188 1066/217/187
f 1066/219/187 1045/220/188 1043/221/189 1064/222/190
f 1065/183/156 1066/217/187 1064/223/190 1063/186/159
f 1064/222/190 1043/221/189 1042/224/191 1062/225/192
f 1063/186/159 1064/223/190 1062/226/192 1061/189/162
f 1062/225/192 1042/224/191 1041/227/193 1061/193/162
f 1061/193/162 1041/227/193 413/228/194 414/194/165
f 1060/229/195 1037/26/23 1032/230/196 1057/199/169
f 1037/26/23 1060/229/195 1059/4/4 1036/3/3
f 1059/4/4 1060/229/195 1057/199/169 1056/203/173
f 898/7/7 1059/4/4 1056/203/173 896/206/176
f 1058/231/197 1033/232/198 1029/233/199 1054/234/200
f 1033/232/198 1058/231/197 1057/199/169 1032/230/196
f 1057/199/169 1058/231/197 1054/234/200 1053/200/170
f 1055/235/201 1030/236/202 1027/237/203 1052/238/204
f 1030/236/202 1055/235/201 1054/234/200 1029/233/199
f 1054/234/200 1055/235/201 1052/238/204 1051/211/181
f 1053/200/170 1054/234/200 1051/211/181 1050/208/178
f 1052/238/204 1027/237/203 1025/239/205 1049/240/206
f 1051/211/181 1052/238/204 1049/240/206 1048/212/182
f 1049/241/206 1025/242/205 1024/243/207 1047/244/208
f 1048/212/182 1049/240/206 1047/245/208 1046/215/185
f 1047/244/208 1024/243/207 1023/246/209 1046/247/185
f 1046/247/185 1023/246/209 1022/248/210 1044/249/211
f 1045/220/188 1046/247/185 1044/249/211 1043/221/189
f 1044/249/211 1022/248/210 1021/250/212 1043/221/189
f 1043/221/189 1021/250/212 1020/251/213 1042/224/191
f 1042/224/191 1020/251/213 1019/252/214 1041/227/193
f 1041/227/193 1019/252/214 411/253/215 413/228/194
f 1040/254/216 1017/47/42 1012/255/217 1035/256/218
f 1017/47/42 1040/254/216 1039/257/219 1016/48/43
f 1039/257/219 1040/254/216 1035/256/218 1034/258/220
f 1016/48/43 1039/257/219 1038/25/22 1015/24/21
f 1038/25/22 1039/257/219 1034/258/220 1033/232/198
f 1037/26/23 1038/25/22 1033/232/198 1032/230/196
f 1035/256/218 1012/255/217 1009/259/221 1031/260/222
f 1034/258/220 1035/256/218 1031/260/222 1030/236/202
f 1033/232/198 1034/258/220 1030/236/202 1029/233/199
f 1031/260/222 1009/259/221 1007/261/223 1028/262/224
f 1030/236/202 1031/260/222 1028/262/224 1027/237/203
f 1028/263/224 1007/264/223 1005/265/225 1026/266/226
f 1027/267/203 1028/263/224 1026/266/226 1025/242/205
f 1026/266/226 1005/265/225 1004/268/227 1025/242/205
f 1025/242/205 1004/268/227 1003/269/228 1024/243/207
f 1024/243/207 1003/269/228 1002/270/229 1023/246/209
f 1023/246/209 1002/270/229 1001/271/230 1022/248/210
f 1022/248/210 1001/271/230 1000/272/231 1021/250/212
f 1021/250/212 1000/272/231 999/273/232 1020/251/213
f 1020/251/213 999/273/232 998/274/233 1019/252/214
f 1019/252/214 998/274/233 408/275/234 411/253/215
f 1018/276/235 563/277/236 560/278/237 1013/279/238
f 563/277/236 1018/276/235 1017/47/42 562/46/41
f 1017/47/42 1018/276/235 1013/279/238 1012/255/217
f 1014/280/239 561/281/240 559/282/241 1011/283/242
f 561/281/240 1014/280/239 1013/279/238 560/278/237
f 1013/279/238 1014/280/239 1011/283/242 1010/284/243
f 1012/255/217 1013/279/238 1010/284/243 1009/259/221
f 1011/283/242 559/282/241 558/285/244 1010/284/243
f 1010/286/243 558/287/244 557/288/245 1008/289/246
f 1009/259/221 1010/284/243 1008/290/246 1007/261/223
f 1008/289/246 557/288/245 556/291/247 1006/292/248
f 1007/264/223 1008/289/246 1006/292/248 1005/265/225
f 1006/292/248 556/291/247 555/293/249 1005/265/225
f 1005/265/225 555/293/249 554/294/250 1004/268/227
f 1004/268/227 554/294/250 553/295/251 1003/269/228
f 1003/269/228 553/295/251 552/296/252 1002/270/229
f 1002/270/229 552/296/252 551/297/253 1001/271/230
f 1001/271/230 551/297/253 550/298/254 1000/272/231
f 1000/272/231 550/298/254 549/299/255 999/273/232
f 999/273/232 549/299/255 227/300/256 409/301/257
f 998/274/233 999/273/232 409/301/257 408/275/234
f 997/302/258 978/303/259 974/304/260 996/305/261
f 61/306/262 55/63/54 54/66/57 60/307/263
f 62/308/264 56/67/58 55/63/54 61/306/262
f 996/305/261 974/304/260 970/309/265 995/310/266
f 63/311/267 57/79/67 56/67/58 62/308/264
f 995/310/266 970/309/265 966/312/268 993/313/269
f 64/314/270 58/81/69 57/79/67 63/311/267
f 994/315/271 967/316/272 391/317/273 406/318/274
f 967/316/272 994/315/271 993/313/269 966/312/268
f 993/313/269 994/315/271 406/318/274 405/319/275
f 66/320/276 60/307/263 59/321/277 65/322/278
f 992/323/279 963/58/50 958/324/280 990/325/281
f 963/58/50 992/323/279 991/326/282 962/327/53
f 991/326/282 992/323/279 990/325/281 989/328/283
f 67/329/284 61/306/262 60/307/263 66/320/276
f 68/330/285 62/308/264 61/306/262 67/329/284
f 990/325/281 958/324/280 954/331/286 987/332/287
f 989/328/283 990/325/281 987/332/287 986/333/288
f 69/334/289 63/311/267 62/308/264 68/330/285
f 988/335/290 955/336/291 950/337/292 984/338/293
f 955/336/291 988/335/290 987/332/287 954/331/286
f 987/332/287 988/335/290 984/338/293 983/339/294
f 986/333/288 987/332/287 983/339/294 982/340/295
f 70/341/296 64/314/270 63/311/267 69/334/289
f 985/342/297 951/343/298 947/344/299 981/345/300
f 951/343/298 985/342/297 984/338/293 950/337/292
f 984/338/293 985/342/297 981/345/300 980/346/301
f 983/339/294 984/338/293 980/346/301 979/347/302
f 982/340/295 983/339/294 979/347/302 978/303/259
f 430/348/303 982/340/295 978/303/259 429/349/304
f 981/345/300 947/344/299 944/350/305 977/351/306
f 980/346/301 981/345/300 977/351/306 976/352/307
f 979/347/302 980/346/301 976/352/307 975/353/308
f 978/303/259 979/347/302 975/353/308 974/304/260
f 977/351/306 944/350/305 940/354/309 973/355/310
f 976/352/307 977/351/306 973/355/310 972/356/311
f 975/353/308 976/352/307 972/356/311 971/357/312
f 974/304/260 975/353/308 971/357/312 970/309/265
f 973/355/310 940/354/309 936/358/313 969/359/314
f 972/356/311 973/355/310 969/359/314 968/360/315
f 971/357/312 972/356/311 968/360/315 967/316/272
f 970/309/265 971/357/312 967/316/272 966/312/268
f 969/359/314 936/358/313 364/361/316 393/362/317
f 968/360/315 969/359/314 393/362/317 392/363/318
f 967/316/272 968/360/315 392/363/318 391/317/273
f 965/364/319 932/89/77 926/365/320 960/366/321
f 932/89/77 965/364/319 964/52/47 931/51/46
f 964/52/47 965/364/319 960/366/321 959/367/322
f 963/58/50 964/52/47 959/367/322 958/324/280
f 961/368/323 927/369/324 922/370/325 957/371/326
f 927/369/324 961/368/323 960/366/321 926/365/320
f 960/366/321 961/368/323 957/371/326 956/372/327
f 959/367/322 960/366/321 956/372/327 955/336/291
f 958/324/280 959/367/322 955/336/291 954/331/286
f 957/371/326 922/370/325 918/373/328 952/374/329
f 956/372/327 957/371/326 952/374/329 951/343/298
f 955/336/291 956/372/327 951/343/298 950/337/292
f 953/375/330 919/376/331 915/377/332 949/378/333
f 919/376/331 953/375/330 952/374/329 918/373/328
f 952/374/329 953/375/330 949/378/333 948/379/334
f 951/343/298 952/374/329 948/379/334 947/344/299
f 949/378/333 915/377/332 912/380/335 946/381/336
f 948/379/334 949/378/333 946/381/336 945/382/337
f 947/344/299 948/379/334 945/382/337 944/350/305
f 946/381/336 912/380/335 909/383/338 942/384/339
f 945/382/337 946/381/336 942/384/339 941/385/340
f 944/350/305 945/382/337 941/385/340 940/354/309
f 943/386/341 910/387/342 907/388/343 939/389/344
f 910/387/342 943/386/341 942/384/339 909/383/338
f 942/384/339 943/386/341 939/389/344 938/390/345
f 941/385/340 942/384/339 938/390/345 937/391/346
f 940/354/309 941/385/340 937/391/346 936/358/313
f 939/389/344 907/388/343 338/392/347 367/393/348
f 938/390/345 939/389/344 367/393/348 366/394/349
f 937/391/346 938/390/345 366/394/349 365/395/350
f 936/358/313 937/391/346 365/395/350 364/361/316
f 935/396/351 905/123/100 901/397/352 929/398/353
f 905/123/100 935/396/351 934/399/354 904/124/101
f 934/399/354 935/396/351 929/398/353 928/400/355
f 904/124/101 934/399/354 933/86/74 903/85/73
f 933/86/74 934/399/354 928/400/355 927/369/324
f 932/89/77 933/86/74 927/369/324 926/365/320
f 930/401/356 902/205/175 900/207/177 925/402/357
f 902/205/175 930/401/356 929/398/353 901/397/352
f 929/398/353 930/401/356 925/402/357 924/403/358
f 928/400/355 929/398/353 924/403/358 923/404/359
f 927/369/324 928/400/355 923/404/359 922/370/325
f 925/402/357 900/207/177 899/181/154 921/180/153
f 924/403/358 925/402/357 921/180/153 920/405/360
f 923/404/359 924/403/358 920/405/360 919/376/331
f 922/370/325 923/404/359 919/376/331 918/373/328
f 920/405/360 921/180/153 917/182/155 916/406/361
f 919/376/331 920/405/360 916/406/361 915/377/332
f 916/406/361 917/182/155 914/185/158 913/407/362
f 915/377/332 916/406/361 913/407/362 912/380/335
f 913/407/362 914/185/158 911/188/161 910/387/342
f 912/380/335 913/407/362 910/387/342 909/383/338
f 910/387/342 911/188/161 908/191/164 907/388/343
f 907/388/343 908/191/164 339/197/167 338/392/347
f 906/408/363 898/7/7 896/206/176 902/205/175
f 898/7/7 906/408/363 905/123/100 897/122/99
f 905/123/100 906/408/363 902/205/175 901/397/352
f 895/409/364 887/410/365 659/411/366 671/412/367
f 887/410/365 895/409/364 894/413/368 886/414/369
f 894/413/368 895/409/364 671/412/367 670/415/370
f 886/414/369 894/413/368 893/416/371 885/417/372
f 893/416/371 894/413/368 670/415/370 669/418/373
f 885/417/372 893/416/371 878/419/374 862/420/375
f 878/419/374 893/416/371 669/418/373 573/421/376
f 891/422/377 892/423/378 886/414/369 885/417/372
f 870/424/379 891/422/377 885/417/372 862/420/375
f 889/425/380 890/426/381 662/427/382 661/428/383
f 888/429/384 889/425/380 661/428/383 660/430/385
f 50/431/386 888/429/384 887/410/365 49/432/387
f 887/410/365 888/429/384 660/430/385 659/411/366
f 49/432/387 887/410/365 886/414/369 48/433/388
f 884/434/389 876/435/390 571/436/391 579/437/392
f 876/435/390 884/434/389 883/438/393 875/439/394
f 883/438/393 884/434/389 579/437/392 578/440/395
f 875/439/394 883/438/393 882/441/396 874/442/397
f 882/441/396 883/438/393 578/440/395 577/443/398
f 874/442/397 882/441/396 881/444/399 873/445/400
f 881/444/399 882/441/396 577/443/398 576/446/401
f 873/445/400 881/444/399 880/447/402 872/448/403
f 880/447/402 881/444/399 576/446/401 575/449/404
f 872/448/403 880/447/402 879/450/405 871/451/406
f 879/450/405 880/447/402 575/449/404 574/452/407
f 871/451/406 879/450/405 428/453/408 427/454/409
f 428/453/408 879/450/405 574/452/407 416/455/410
f 862/420/375 878/419/374 877/456/411 861/457/412
f 877/456/411 878/419/374 573/421/376 572/458/413
f 861/457/412 877/456/411 876/435/390 860/459/414
f 876/435/390 877/456/411 572/458/413 571/436/391
f 860/459/414 876/435/390 875/439/394 859/460/415
f 859/460/415 875/439/394 874/442/397 858/461/416
f 858/461/416 874/442/397 873/445/400 857/462/417
f 857/462/417 873/445/400 872/448/403 856/463/418
f 856/463/418 872/448/403 871/451/406 855/464/419
f 855/464/419 871/451/406 427/454/409 425/465/420
f 869/466/421 870/424/379 862/420/375 861/457/412
f 868/467/422 869/466/421 861/457/412 860/459/414
f 867/468/423 868/467/422 860/459/414 859/460/415
f 866/469/424 867/468/423 859/460/415 858/461/416
f 865/470/425 866/469/424 858/461/416 857/462/417
f 47/471/426 865/470/425 864/472/427 46/473/428
f 864/472/427 865/470/425 857/462/417 856/463/418
f 863/474/429 864/472/427 856/463/418 855/464/419
f 426/475/430 863/474/429 855/464/419 425/465/420
f 854/476/431 846/477/432 844/478/433 853/479/434
f 846/477/432 854/476/431 733/480/435 708/481/436
f 733/480/435 854/476/431 853/479/434 730/482/437
f 853/483/434 844/484/433 569/485/438 570/486/439
f 730/482/437 853/479/434 570/487/439 530/488/440
f 852/489/441 840/490/442 837/491/443 850/492/444
f 840/490/442 852/489/441 718/493/445 693/494/446
f 718/493/445 852/489/441 850/492/444 712/495/447
f 851/496/448 838/497/449 835/498/450 849/499/451
f 838/497/449 851/496/448 850/492/444 837/491/443
f 850/492/444 851/496/448 849/499/451 848/500/452
f 712/495/447 850/492/444 848/500/452 709/501/453
f 849/499/451 835/498/450 833/502/454 847/503/455
f 848/500/452 849/499/451 847/503/455 846/477/432
f 709/501/453 848/500/452 846/477/432 708/481/436
f 847/504/455 833/505/454 832/506/456 845/507/457
f 846/477/432 847/503/455 845/508/457 844/478/433
f 845/507/457 832/506/456 831/509/458 844/484/433
f 844/484/433 831/509/458 568/510/459 569/485/438
f 843/511/460 829/512/461 825/513/462 840/514/442
f 829/512/461 843/511/460 699/515/463 677/516/464
f 699/515/463 843/511/460 840/514/442 693/517/446
f 842/518/465 827/519/466 823/520/467 839/521/468
f 827/519/466 842/518/465 841/522/469 826/523/470
f 841/522/469 842/518/465 839/521/468 838/524/449
f 826/523/470 841/522/469 840/514/442 825/513/462
f 840/490/442 841/525/469 838/497/449 837/491/443
f 839/526/468 823/527/467 821/528/471 836/529/472
f 838/497/449 839/530/468 836/531/472 835/498/450
f 836/529/472 821/528/471 820/532/473 834/533/474
f 835/498/450 836/531/472 834/534/474 833/502/454
f 834/533/474 820/532/473 819/535/475 833/505/454
f 833/505/454 819/535/475 818/536/476 832/506/456
f 832/506/456 818/536/476 817/537/477 831/509/458
f 831/509/458 817/537/477 567/538/478 568/510/459
f 830/539/479 814/540/480 810/541/481 826/523/470
f 814/540/480 830/539/479 829/512/461 813/542/482
f 829/512/461 830/539/479 826/523/470 825/513/462
f 813/542/482 829/512/461 677/516/464 665/543/483
f 828/544/484 812/545/485 809/546/486 824/547/487
f 812/545/485 828/544/484 827/519/466 811/548/488
f 827/519/466 828/544/484 824/547/487 823/520/467
f 811/548/488 827/519/466 826/523/470 810/541/481
f 824/549/487 809/550/486 807/551/489 822/552/490
f 823/527/467 824/549/487 822/552/490 821/528/471
f 822/552/490 807/551/489 806/553/491 821/528/471
f 821/528/471 806/553/491 804/554/492 820/532/473
f 820/532/473 804/554/492 803/555/493 819/535/475
f 819/535/475 803/555/493 802/556/494 818/536/476
f 818/536/476 802/556/494 801/557/495 817/537/477
f 817/537/477 801/557/495 566/558/496 567/538/478
f 816/559/497 799/560/498 796/561/499 813/542/482
f 799/560/498 816/559/497 668/562/500 658/563/501
f 668/562/500 816/559/497 813/542/482 665/543/483
f 815/564/502 798/565/503 794/566/504 811/548/488
f 798/565/503 815/564/502 814/540/480 797/567/505
f 814/540/480 815/564/502 811/548/488 810/541/481
f 797/567/505 814/540/480 813/542/482 796/561/499
f 812/545/485 795/568/506 793/569/507 809/546/486
f 795/568/506 812/545/485 811/548/488 794/566/504
f 809/550/486 793/570/507 792/571/508 808/572/509
f 809/550/486 808/572/509 806/553/491 807/551/489
f 808/572/509 792/571/508 791/573/510 806/553/491
f 806/553/491 791/573/510 790/574/511 805/575/512
f 806/553/491 805/575/512 803/555/493 804/554/492
f 805/575/512 790/574/511 789/576/513 803/555/493
f 803/555/493 789/576/513 787/577/514 802/556/494
f 802/556/494 787/577/514 786/578/515 801/557/495
f 801/557/495 786/578/515 565/579/516 566/558/496
f 800/580/517 45/581/518 43/582/519 797/567/505
f 799/560/498 800/580/517 797/567/505 796/561/499
f 798/565/503 44/583/520 42/584/521 794/566/504
f 44/583/520 798/565/503 797/567/505 43/582/519
f 795/585/506 794/586/504 792/571/508 793/570/507
f 794/586/504 42/587/521 41/588/522 792/571/508
f 792/571/508 41/588/522 40/589/523 791/573/510
f 791/573/510 40/589/523 39/590/524 790/574/511
f 790/574/511 39/590/524 38/591/525 789/576/513
f 789/576/513 38/591/525 37/592/526 788/593/527
f 789/576/513 788/593/527 786/578/515 787/577/514
f 788/593/527 37/592/526 36/594/528 786/578/515
f 786/578/515 36/594/528 35/595/529 656/596/530
f 786/578/515 656/596/530 453/597/531 565/579/516
f 785/598/532 766/599/533 760/600/534 781/33/30
f 766/601/533 785/602/532 784/603/535 765/604/536
f 784/603/535 785/602/532 781/605/30 780/38/34
f 765/604/536 784/603/535 783/28/25 764/606/537
f 783/28/25 784/603/535 780/38/34 779/29/26
f 764/606/537 783/28/25 644/31/28 625/607/538
f 782/608/539 761/609/540 756/610/541 776/41/36
f 761/609/540 782/608/539 781/33/30 760/600/534
f 781/33/30 782/608/539 776/41/36 775/34/31
f 778/611/542 758/612/543 753/613/544 774/614/545
f 758/612/543 778/611/542 777/615/546 757/616/547
f 777/615/546 778/611/542 774/614/545 773/45/40
f 757/616/547 777/615/546 776/41/36 756/610/541
f 776/41/36 777/615/546 773/45/40 772/42/37
f 774/614/545 753/613/544 546/617/548 563/277/236
f 773/45/40 774/614/545 563/277/236 562/46/41
f 771/618/549 746/619/550 738/620/551 766/599/533
f 746/621/550 771/622/549 770/623/552 745/624/553
f 770/625/552 771/618/549 766/599/533 765/626/536
f 745/624/553 770/623/552 769/627/554 744/628/555
f 769/627/554 770/623/552 765/604/536 764/606/537
f 744/628/555 769/627/554 631/629/556 609/630/557
f 631/629/556 769/627/554 764/606/537 625/607/538
f 768/631/558 740/632/559 734/633/560 762/634/561
f 740/632/559 768/631/558 767/635/562 739/636/563
f 767/635/562 768/631/558 762/634/561 761/609/540
f 739/636/563 767/635/562 766/599/533 738/620/551
f 766/599/533 767/635/562 761/609/540 760/600/534
f 763/637/564 735/638/565 731/639/566 758/612/543
f 735/638/565 763/637/564 762/634/561 734/633/560
f 762/634/561 763/637/564 758/612/543 757/616/547
f 761/609/540 762/634/561 757/616/547 756/610/541
f 759/640/567 732/641/568 729/642/569 754/643/570
f 732/641/568 759/640/567 758/612/543 731/639/566
f 758/612/543 759/640/567 754/643/570 753/613/544
f 755/644/571 730/482/437 530/488/440 548/645/572
f 730/482/437 755/644/571 754/643/570 729/642/569
f 754/643/570 755/644/571 548/645/572 547/646/573
f 753/613/544 754/643/570 547/646/573 546/617/548
f 752/647/574 721/648/575 713/649/576 746/621/550
f 721/648/575 752/647/574 751/650/577 720/651/578
f 751/650/577 752/647/574 746/621/550 745/624/553
f 720/651/578 751/650/577 750/652/579 719/653/580
f 750/652/579 751/650/577 745/624/553 744/628/555
f 719/653/580 750/652/579 617/654/581 595/655/582
f 617/654/581 750/652/579 744/628/555 609/630/557
f 749/656/583 716/657/584 710/658/585 741/659/586
f 716/657/584 749/656/583 748/660/587 715/661/588
f 748/660/587 749/656/583 741/659/586 740/632/559
f 715/661/588 748/660/587 747/662/589 714/663/590
f 747/662/589 748/660/587 740/632/559 739/636/563
f 714/664/590 747/665/589 746/621/550 713/649/576
f 746/619/550 747/662/589 739/636/563 738/620/551
f 743/666/591 712/495/447 709/501/453 737/667/592
f 712/495/447 743/666/591 742/668/593 711/669/594
f 742/668/593 743/666/591 737/667/592 736/670/595
f 711/669/594 742/668/593 741/659/586 710/658/585
f 741/659/586 742/668/593 736/670/595 735/638/565
f 740/632/559 741/659/586 735/638/565 734/633/560
f 737/667/592 709/501/453 708/481/436 733/480/435
f 736/670/595 737/667/592 733/480/435 732/641/568
f 735/638/565 736/670/595 732/641/568 731/639/566
f 732/641/568 733/480/435 730/482/437 729/642/569
f 728/671/596 702/672/597 694/673/598 721/648/575
f 702/672/597 728/671/596 727/674/599 701/675/600
f 727/674/599 728/671/596 721/648/575 720/651/578
f 701/675/600 727/674/599 726/676/601 700/677/602
f 726/676/601 727/674/599 720/651/578 719/653/580
f 700/677/602 726/676/601 603/678/603 585/679/604
f 603/678/603 726/676/601 719/653/580 595/655/582
f 725/680/605 698/681/606 692/682/607 717/683/608
f 698/681/606 725/680/605 724/684/609 697/685/610
f 724/684/609 725/680/605 717/683/608 716/657/584
f 697/685/610 724/684/609 723/686/611 696/687/612
f 723/686/611 724/684/609 716/657/584 715/661/588
f 696/688/612 723/689/611 722/690/613 695/691/614
f 722/690/613 723/689/611 715/692/588 714/664/590
f 695/691/614 722/690/613 721/648/575 694/673/598
f 721/648/575 722/690/613 714/664/590 713/649/576
f 693/494/446 718/493/445 717/683/608 692/682/607
f 717/683/608 718/493/445 712/495/447 711/669/594
f 716/657/584 717/683/608 711/669/594 710/658/585
f 707/693/615 686/694/616 678/695/617 700/677/602
f 686/694/616 707/693/615 593/696/618 581/697/619
f 593/696/618 707/693/615 700/677/602 585/679/604
f 706/698/620 684/699/621 676/700/622 698/701/606
f 684/699/621 706/698/620 705/702/623 683/703/624
f 705/702/623 706/698/620 698/701/606 697/704/610
f 683/703/624 705/702/623 704/705/625 682/706/626
f 704/705/625 705/702/623 697/704/610 696/688/612
f 682/706/626 704/705/625 703/707/627 681/708/628
f 703/707/627 704/705/625 696/688/612 695/691/614
f 681/708/628 703/707/627 702/672/597 680/709/629
f 702/672/597 703/707/627 695/691/614 694/673/598
f 680/709/629 702/672/597 701/675/600 679/710/630
f 679/710/630 701/675/600 700/677/602 678/695/617
f 677/516/464 699/515/463 698/701/606 676/700/622
f 698/681/606 699/711/463 693/494/446 692/682/607
f 691/712/631 674/713/632 666/714/633 683/703/624
f 674/713/632 691/712/631 690/715/634 673/716/635
f 690/715/634 691/712/631 683/703/624 682/706/626
f 673/716/635 690/715/634 689/717/636 672/718/637
f 689/717/636 690/715/634 682/706/626 681/708/628
f 672/718/637 689/717/636 688/719/638 671/412/367
f 688/719/638 689/717/636 681/708/628 680/709/629
f 671/412/367 688/719/638 687/720/639 670/415/370
f 687/720/639 688/719/638 680/709/629 679/710/630
f 670/415/370 687/720/639 686/694/616 669/418/373
f 686/694/616 687/720/639 679/710/630 678/695/617
f 669/418/373 686/694/616 581/697/619 573/421/376
f 685/721/640 668/562/500 665/543/483 677/516/464
f 668/562/500 685/721/640 684/699/621 667/722/641
f 684/699/621 685/721/640 677/516/464 676/700/622
f 667/722/641 684/699/621 683/703/624 666/714/633
f 675/723/642 663/724/643 657/725/644 667/722/641
f 663/724/643 675/723/642 674/713/632 662/427/382
f 674/713/632 675/723/642 667/722/641 666/714/633
f 662/427/382 674/713/632 673/716/635 661/428/383
f 661/428/383 673/716/635 672/718/637 660/430/385
f 660/430/385 672/718/637 671/412/367 659/411/366
f 658/563/501 668/562/500 667/722/641 657/725/644
f 663/724/643 664/726/645 658/563/501 657/725/644
f 656/596/530 35/595/529 34/727/646 453/597/531
f 655/728/647 634/729/648 626/730/649 647/166/139
f 634/729/648 655/728/647 654/731/650 633/732/651
f 654/731/650 655/728/647 647/166/139 646/168/141
f 633/732/651 654/731/650 653/733/652 632/734/653
f 653/733/652 654/731/650 646/168/141 645/170/143
f 632/734/653 653/733/652 424/735/654 421/736/655
f 424/735/654 653/733/652 645/170/143 423/172/145
f 652/737/656 631/629/556 625/607/538 644/31/28
f 631/629/556 652/737/656 651/738/657 630/739/658
f 651/738/657 652/737/656 644/31/28 643/174/147
f 630/739/658 651/738/657 650/740/659 629/741/660
f 650/740/659 651/738/657 643/174/147 642/175/148
f 629/741/660 650/740/659 649/161/134 628/742/661
f 649/161/134 650/740/659 642/175/148 641/162/135
f 628/742/661 649/161/134 648/164/137 627/743/662
f 627/743/662 648/164/137 647/166/139 626/730/649
f 640/744/663 618/745/664 610/746/665 632/734/653
f 618/745/664 640/744/663 422/747/666 420/748/667
f 422/747/666 640/744/663 632/734/653 421/736/655
f 639/749/668 617/654/581 609/630/557 631/629/556
f 617/654/581 639/749/668 638/750/669 616/751/670
f 638/750/669 639/749/668 631/629/556 630/739/658
f 616/751/670 638/750/669 637/752/671 615/753/672
f 637/752/671 638/750/669 630/739/658 629/741/660
f 615/753/672 637/752/671 636/754/673 614/755/674
f 636/754/673 637/752/671 629/741/660 628/742/661
f 614/755/674 636/754/673 635/756/675 613/757/676
f 635/756/675 636/754/673 628/742/661 627/743/662
f 613/757/676 635/756/675 634/729/648 612/758/677
f 634/729/648 635/756/675 627/743/662 626/730/649
f 612/758/677 634/729/648 633/732/651 611/759/678
f 611/759/678 633/732/651 632/734/653 610/746/665
f 624/760/679 602/761/680 594/762/681 616/751/670
f 602/761/680 624/760/679 623/763/682 601/764/683
f 623/763/682 624/760/679 616/751/670 615/753/672
f 601/764/683 623/763/682 622/765/684 600/766/685
f 622/765/684 623/763/682 615/753/672 614/755/674
f 600/766/685 622/765/684 621/767/686 599/768/687
f 621/767/686 622/765/684 614/755/674 613/757/676
f 599/768/687 621/767/686 620/769/688 598/770/689
f 620/769/688 621/767/686 613/757/676 612/758/677
f 598/770/689 620/769/688 619/771/690 597/772/691
f 619/771/690 620/769/688 612/758/677 611/759/678
f 597/772/691 619/771/690 618/745/664 596/773/692
f 618/745/664 619/771/690 611/759/678 610/746/665
f 596/773/692 618/745/664 420/748/667 418/774/693
f 595/655/582 617/654/581 616/751/670 594/762/681
f 608/775/694 590/776/695 582/777/696 600/766/685
f 590/776/695 608/775/694 607/778/697 589/779/698
f 607/778/697 608/775/694 600/766/685 599/768/687
f 589/779/698 607/778/697 606/780/699 588/781/700
f 606/780/699 607/778/697 599/768/687 598/770/689
f 588/781/700 606/780/699 605/782/701 587/783/702
f 605/782/701 606/780/699 598/770/689 597/772/691
f 587/783/702 605/782/701 604/784/703 586/785/704
f 604/784/703 605/782/701 597/772/691 596/773/692
f 586/785/704 604/784/703 419/786/705 417/787/706
f 419/786/705 604/784/703 596/773/692 418/774/693
f 585/679/604 603/678/603 602/761/680 584/788/707
f 602/761/680 603/678/603 595/655/582 594/762/681
f 584/788/707 602/761/680 601/764/683 583/789/708
f 583/789/708 601/764/683 600/766/685 582/777/696
f 581/697/619 593/696/618 592/790/709 580/791/710
f 592/790/709 593/696/618 585/679/604 584/788/707
f 580/791/710 592/790/709 591/792/711 579/437/392
f 591/792/711 592/790/709 584/788/707 583/789/708
f 579/437/392 591/792/711 590/776/695 578/440/395
f 590/776/695 591/792/711 583/789/708 582/777/696
f 578/440/395 590/776/695 589/779/698 577/443/398
f 577/443/398 589/779/698 588/781/700 576/446/401
f 576/446/401 588/781/700 587/783/702 575/449/404
f 575/449/404 587/783/702 586/785/704 574/452/407
f 574/452/407 586/785/704 417/787/706 416/455/410
f 573/421/376 581/697/619 580/791/710 572/458/413
f 572/458/413 580/791/710 579/437/392 571/436/391
f 570/486/439 569/485/438 513/793/712 530/794/440
f 569/485/438 568/510/459 498/795/713 513/793/712
f 568/510/459 567/538/478 484/796/714 498/795/713
f 567/538/478 566/558/496 468/797/715 484/796/714
f 566/558/496 565/579/516 453/597/531 468/797/715
f 564/798/716 547/646/573 544/799/717 561/281/240
f 547/646/573 564/798/716 563/277/236 546/617/548
f 563/277/236 564/798/716 561/281/240 560/278/237
f 561/800/240 544/801/717 543/802/718 559/803/241
f 559/803/241 543/802/718 542/804/719 558/287/244
f 558/287/244 542/804/719 541/805/720 557/288/245
f 557/288/245 541/805/720 539/806/721 556/291/247
f 556/291/247 539/806/721 538/807/722 555/293/249
f 555/293/249 538/807/722 537/808/723 554/294/250
f 554/294/250 537/808/723 536/809/724 553/295/251
f 553/295/251 536/809/724 535/810/725 552/296/252
f 552/296/252 535/810/725 534/811/726 551/297/253
f 551/297/253 534/811/726 533/812/727 550/298/254
f 550/298/254 533/812/727 531/813/728 549/299/255
f 549/299/255 531/813/728 224/814/729 227/300/256
f 548/815/572 530/794/440 529/816/730 545/817/731
f 547/646/573 548/645/572 545/818/731 544/799/717
f 545/817/731 529/816/730 528/819/732 544/801/717
f 544/801/717 528/819/732 527/820/733 543/802/718
f 543/802/718 527/820/733 526/821/734 542/804/719
f 542/804/719 526/821/734 525/822/735 541/805/720
f 541/805/720 525/822/735 524/823/736 540/824/737
f 541/805/720 540/824/737 538/807/722 539/806/721
f 540/824/737 524/823/736 522/825/738 538/807/722
f 538/807/722 522/825/738 521/826/739 537/808/723
f 537/808/723 521/826/739 519/827/740 536/809/724
f 536/809/724 519/827/740 518/828/741 535/810/725
f 535/810/725 518/828/741 516/829/742 534/811/726
f 534/811/726 516/829/742 515/830/743 532/831/744
f 533/812/727 534/811/726 532/831/744 531/813/728
f 532/831/744 515/830/743 514/832/745 531/813/728
f 531/813/728 514/832/745 221/833/746 224/814/729
f 530/794/440 513/793/712 512/834/747 529/816/730
f 529/816/730 512/834/747 511/835/748 528/819/732
f 528/819/732 511/835/748 510/836/749 527/820/733
f 527/820/733 510/836/749 509/837/750 526/821/734
f 526/821/734 509/837/750 507/838/751 525/822/735
f 525/822/735 507/838/751 506/839/752 523/840/753
f 524/823/736 525/822/735 523/840/753 522/825/738
f 523/840/753 506/839/752 505/841/754 522/825/738
f 522/825/738 505/841/754 504/842/755 520/843/756
f 521/826/739 522/825/738 520/843/756 519/827/740
f 520/843/756 504/842/755 503/844/757 519/827/740
f 519/827/740 503/844/757 502/845/758 517/846/759
f 518/828/741 519/827/740 517/846/759 516/829/742
f 517/846/759 502/845/758 501/847/760 516/829/742
f 516/829/742 501/847/760 500/848/761 515/830/743
f 515/830/743 500/848/761 499/849/762 514/832/745
f 514/832/745 499/849/762 218/850/763 221/833/746
f 513/793/712 498/795/713 497/851/764 512/834/747
f 512/834/747 497/851/764 496/852/765 511/835/748
f 511/835/748 496/852/765 495/853/766 510/836/749
f 510/836/749 495/853/766 494/854/767 508/855/768
f 509/837/750 510/836/749 508/855/768 507/838/751
f 508/855/768 494/854/767 493/856/769 507/838/751
f 507/838/751 493/856/769 492/857/770 506/839/752
f 506/839/752 492/857/770 491/858/771 505/841/754
f 505/841/754 491/858/771 490/859/772 504/842/755
f 504/842/755 490/859/772 489/860/773 503/844/757
f 503/844/757 489/860/773 488/861/774 502/845/758
f 502/845/758 488/861/774 487/862/775 501/847/760
f 501/847/760 487/862/775 486/863/776 500/848/761
f 500/848/761 486/863/776 485/864/777 499/849/762
f 499/849/762 485/864/777 215/865/778 218/850/763
f 498/795/713 484/796/714 483/866/779 497/851/764
f 497/851/764 483/866/779 482/867/780 496/852/765
f 496/852/765 482/867/780 481/868/781 495/853/766
f 495/853/766 481/868/781 479/869/782 494/854/767
f 494/854/767 479/869/782 478/870/783 493/856/769
f 493/856/769 478/870/783 476/871/784 492/857/770
f 492/857/770 476/871/784 475/872/785 491/858/771
f 491/858/771 475/872/785 474/873/786 490/859/772
f 490/859/772 474/873/786 473/874/787 489/860/773
f 489/860/773 473/874/787 472/875/788 488/861/774
f 488/861/774 472/875/788 471/876/789 487/862/775
f 487/862/775 471/876/789 470/877/790 486/863/776
f 486/863/776 470/877/790 469/878/791 485/864/777
f 485/864/777 469/878/791 211/879/792 215/865/778
f 484/796/714 468/797/715 467/880/793 483/866/779
f 483/866/779 467/880/793 466/881/794 482/867/780
f 482/867/780 466/881/794 465/882/795 481/868/781
f 481/868/781 465/882/795 464/883/796 480/884/797
f 481/868/781 480/884/797 478/870/783 479/869/782
f 480/884/797 464/883/796 463/885/798 478/870/783
f 478/870/783 463/885/798 462/886/799 477/887/800
f 478/870/783 477/887/800 475/872/785 476/871/784
f 477/887/800 462/886/799 461/888/801 475/872/785
f 475/872/785 461/888/801 459/889/802 474/873/786
f 474/873/786 459/889/802 458/890/803 473/874/787
f 473/874/787 458/890/803 457/891/804 472/875/788
f 472/875/788 457/891/804 456/892/805 471/876/789
f 471/876/789 456/892/805 455/893/806 470/877/790
f 470/877/790 455/893/806 454/894/807 469/878/791
f 469/878/791 454/894/807 207/895/808 211/879/792
f 468/797/715 453/597/531 451/896/809 467/880/793
f 467/880/793 451/896/809 450/897/810 466/881/794
f 466/881/794 450/897/810 448/898/811 465/882/795
f 465/882/795 448/898/811 447/899/812 464/883/796
f 464/883/796 447/899/812 446/900/813 463/885/798
f 463/885/798 446/900/813 445/901/814 462/886/799
f 462/886/799 445/901/814 444/902/815 461/888/801
f 461/888/801 444/902/815 443/903/816 460/904/817
f 461/888/801 460/904/817 458/890/803 459/889/802
f 460/904/817 443/903/816 442/905/818 458/890/803
f 458/890/803 442/905/818 441/906/819 457/891/804
f 457/891/804 441/906/819 440/907/820 456/892/805
f 456/892/805 440/907/820 439/908/821 455/893/806
f 455/893/806 439/908/821 438/909/822 454/894/807
f 454/894/807 438/909/822 203/910/823 207/895/808
f 453/597/531 34/727/646 33/911/824 452/912/825
f 453/597/531 452/912/825 450/897/810 451/896/809
f 452/912/825 33/911/824 32/913/826 450/897/810
f 450/897/810 32/913/826 31/914/827 449/915/828
f 450/897/810 449/915/828 447/899/812 448/898/811
f 449/915/828 31/914/827 30/916/829 447/899/812
f 447/899/812 30/916/829 29/917/830 446/900/813
f 446/900/813 29/917/830 28/918/831 445/901/814
f 445/901/814 28/918/831 27/919/832 444/902/815
f 444/902/815 27/919/832 26/920/833 443/903/816
f 443/903/816 26/920/833 25/921/834 442/905/818
f 442/905/818 25/921/834 24/922/835 441/906/819
f 441/906/819 24/922/835 23/923/836 440/907/820
f 440/907/820 23/923/836 22/924/837 439/908/821
f 439/908/821 22/924/837 21/925/838 438/909/822
f 438/909/822 21/925/838 20/926/839 203/910/823
f 72/927/840 66/320/276 65/322/278 71/928/841
f 74/929/842 67/329/284 66/320/276 72/927/840
f 75/930/843 74/929/842 72/927/840 73/931/844
f 75/930/843 68/330/285 67/329/284 74/929/842
f 76/932/845 69/334/289 68/330/285 75/930/843
f 77/933/846 70/341/296 69/334/289 76/932/845
f 79/934/847 72/927/840 71/928/841 78/935/848
f 80/936/849 73/931/844 72/927/840 79/934/847
f 81/937/850 75/930/843 73/931/844 80/936/849
f 83/938/851 76/932/845 75/930/843 81/937/850
f 84/939/852 83/938/851 81/937/850 82/940/853
f 84/939/852 77/933/846 76/932/845 83/938/851
f 86/941/854 79/934/847 78/935/848 85/942/855
f 87/943/856 80/936/849 79/934/847 86/941/854
f 88/944/857 81/937/850 80/936/849 87/943/856
f 89/945/858 82/940/853 81/937/850 88/944/857
f 90/946/859 84/939/852 82/940/853 89/945/858
f 92/947/860 86/941/854 85/942/855 91/948/861
f 93/949/862 87/943/856 86/941/854 92/947/860
f 94/950/863 88/944/857 87/943/856 93/949/862
f 95/951/864 89/945/858 88/944/857 94/950/863
f 96/952/865 90/946/859 89/945/858 95/951/864
f 98/953/866 92/947/860 91/948/861 97/954/867
f 99/955/868 93/949/862 92/947/860 98/953/866
f 100/956/869 94/950/863 93/949/862 99/955/868
f 101/957/870 95/951/864 94/950/863 100/956/869
f 102/958/871 96/952/865 95/951/864 101/957/870
f 103/959/872 6/960/873 5/82/70 58/81/69
f 104/961/874 7/962/875 6/960/873 103/959/872
f 105/963/876 8/964/877 7/962/875 104/961/874
f 106/965/878 9/966/879 8/964/877 105/963/876
f 107/967/880 10/968/881 9/966/879 106/965/878
f 108/969/882 11/970/883 10/968/881 107/967/880
f 109/971/884 12/972/885 11/970/883 108/969/882
f 110/973/886 13/974/887 12/972/885 109/971/884
f 111/975/888 14/976/889 13/974/887 110/973/886
f 112/977/890 15/978/891 14/976/889 111/975/888
f 113/979/892 16/980/893 15/978/891 112/977/890
f 114/981/894 103/959/872 58/81/69 64/314/270
f 115/982/895 104/961/874 103/959/872 114/981/894
f 116/983/896 105/963/876 104/961/874 115/982/895
f 117/984/897 106/965/878 105/963/876 116/983/896
f 118/985/898 107/967/880 106/965/878 117/984/897
f 119/986/899 108/969/882 107/967/880 118/985/898
f 120/987/900 109/971/884 108/969/882 119/986/899
f 121/988/901 110/973/886 109/971/884 120/987/900
f 122/989/902 111/975/888 110/973/886 121/988/901
f 123/990/903 112/977/890 111/975/888 122/989/902
f 124/991/904 125/992/905 123/990/903 122/989/902
f 125/992/905 113/979/892 112/977/890 123/990/903
f 126/993/906 114/981/894 64/314/270 70/341/296
f 127/994/907 115/982/895 114/981/894 126/993/906
f 128/995/908 116/983/896 115/982/895 127/994/907
f 129/996/909 117/984/897 116/983/896 128/995/908
f 130/997/910 118/985/898 117/984/897 129/996/909
f 131/998/911 119/986/899 118/985/898 130/997/910
f 132/999/912 120/987/900 119/986/899 131/998/911
f 133/1000/913 121/988/901 120/987/900 132/999/912
f 134/1001/914 122/989/902 121/988/901 133/1000/913
f 135/1002/915 124/991/904 122/989/902 134/1001/914
f 136/1003/916 125/992/905 124/991/904 135/1002/915
f 138/1004/917 126/993/906 70/341/296 77/933/846
f 139/1005/918 127/994/907 126/993/906 138/1004/917
f 140/1006/919 128/995/908 127/994/907 139/1005/918
f 141/1007/920 129/996/909 128/995/908 140/1006/919
f 142/1008/921 130/997/910 129/996/909 141/1007/920
f 143/1009/922 131/998/911 130/997/910 142/1008/921
f 144/1010/923 132/999/912 131/998/911 143/1009/922
f 145/1011/924 133/1000/913 132/999/912 144/1010/923
f 146/1012/925 134/1001/914 133/1000/913 145/1011/924
f 147/1013/926 135/1002/915 134/1001/914 146/1012/925
f 148/1014/927 136/1003/916 135/1002/915 147/1013/926
f 149/1015/928 137/1016/929 136/1003/916 148/1014/927
f 150/1017/930 138/1004/917 77/933/846 84/939/852
f 151/1018/931 139/1005/918 138/1004/917 150/1017/930
f 152/1019/932 140/1006/919 139/1005/918 151/1018/931
f 153/1020/933 141/1007/920 140/1006/919 152/1019/932
f 154/1021/934 142/1008/921 141/1007/920 153/1020/933
f 155/1022/935 143/1009/922 142/1008/921 154/1021/934
f 156/1023/936 157/1024/937 155/1022/935 154/1021/934
f 157/1024/937 144/1010/923 143/1009/922 155/1022/935
f 158/1025/938 145/1011/924 144/1010/923 157/1024/937
f 159/1026/939 146/1012/925 145/1011/924 158/1025/938
f 160/1027/940 147/1013/926 146/1012/925 159/1026/939
f 161/1028/941 148/1014/927 147/1013/926 160/1027/940
f 162/1029/942 149/1015/928 148/1014/927 161/1028/941
f 163/1030/943 150/1017/930 84/939/852 90/946/859
f 164/1031/944 151/1018/931 150/1017/930 163/1030/943
f 165/1032/945 152/1019/932 151/1018/931 164/1031/944
f 166/1033/946 153/1020/933 152/1019/932 165/1032/945
f 167/1034/947 154/1021/934 153/1020/933 166/1033/946
f 168/1035/948 156/1023/936 154/1021/934 167/1034/947
f 169/1036/949 157/1024/937 156/1023/936 168/1035/948
f 170/1037/950 158/1025/938 157/1024/937 169/1036/949
f 171/1038/951 159/1026/939 158/1025/938 170/1037/950
f 172/1039/952 160/1027/940 159/1026/939 171/1038/951
f 173/1040/953 161/1028/941 160/1027/940 172/1039/952
f 174/1041/954 162/1029/942 161/1028/941 173/1040/953
f 175/1042/955 163/1030/943 90/946/859 96/952/865
f 176/1043/956 164/1031/944 163/1030/943 175/1042/955
f 177/1044/957 165/1032/945 164/1031/944 176/1043/956
f 178/1045/958 166/1033/946 165/1032/945 177/1044/957
f 179/1046/959 167/1034/947 166/1033/946 178/1045/958
f 180/1047/960 168/1035/948 167/1034/947 179/1046/959
f 181/1048/961 169/1036/949 168/1035/948 180/1047/960
f 182/1049/962 170/1037/950 169/1036/949 181/1048/961
f 183/1050/963 171/1038/951 170/1037/950 182/1049/962
f 184/1051/964 172/1039/952 171/1038/951 183/1050/963
f 185/1052/965 173/1040/953 172/1039/952 184/1051/964
f 186/1053/966 174/1041/954 173/1040/953 185/1052/965
f 187/1054/967 175/1042/955 96/952/865 102/958/871
f 188/1055/968 176/1043/956 175/1042/955 187/1054/967
f 189/1056/969 177/1044/957 176/1043/956 188/1055/968
f 190/1057/970 178/1045/958 177/1044/957 189/1056/969
f 191/1058/971 179/1046/959 178/1045/958 190/1057/970
f 192/1059/972 180/1047/960 179/1046/959 191/1058/971
f 193/1060/973 181/1048/961 180/1047/960 192/1059/972
f 194/1061/974 182/1049/962 181/1048/961 193/1060/973
f 195/1062/975 183/1050/963 182/1049/962 194/1061/974
f 196/1063/976 184/1051/964 183/1050/963 195/1062/975
f 197/1064/977 185/1052/965 184/1051/964 196/1063/976
f 198/1065/978 186/1053/966 185/1052/965 197/1064/977
f 199/1066/979 17/1067/980 16/980/893 113/979/892
f 200/1068/981 18/1069/982 17/1067/980 199/1066/979
f 202/1070/983 19/1071/984 18/1069/982 200/1068/981
f 203/910/823 202/1070/983 200/1068/981 201/1072/985
f 203/910/823 20/926/839 19/1071/984 202/1070/983
f 204/1073/986 199/1066/979 113/979/892 125/992/905
f 205/1074/987 200/1068/981 199/1066/979 204/1073/986
f 206/1075/988 201/1072/985 200/1068/981 205/1074/987
f 207/895/808 203/910/823 201/1072/985 206/1075/988
f 208/1076/989 204/1073/986 125/992/905 136/1003/916
f 137/1016/929 209/1077/990 208/1076/989 136/1003/916
f 209/1077/990 205/1074/987 204/1073/986 208/1076/989
f 210/1078/991 206/1075/988 205/1074/987 209/1077/990
f 211/879/792 207/895/808 206/1075/988 210/1078/991
f 212/1079/992 209/1077/990 137/1016/929 149/1015/928
f 213/1080/993 210/1078/991 209/1077/990 212/1079/992
f 214/1081/994 215/865/778 213/1080/993 212/1079/992
f 215/865/778 211/879/792 210/1078/991 213/1080/993
f 216/1082/995 212/1079/992 149/1015/928 162/1029/942
f 217/1083/996 214/1081/994 212/1079/992 216/1082/995
f 218/850/763 215/865/778 214/1081/994 217/1083/996
f 219/1084/997 216/1082/995 162/1029/942 174/1041/954
f 220/1085/998 217/1083/996 216/1082/995 219/1084/997
f 221/833/746 218/850/763 217/1083/996 220/1085/998
f 222/1086/999 219/1084/997 174/1041/954 186/1053/966
f 223/1087/1000 220/1085/998 219/1084/997 222/1086/999
f 224/814/729 221/833/746 220/1085/998 223/1087/1000
f 225/1088/1001 222/1086/999 186/1053/966 198/1065/978
f 226/1089/1002 223/1087/1000 222/1086/999 225/1088/1001
f 227/300/256 224/814/729 223/1087/1000 226/1089/1002
f 229/1090/1003 98/953/866 97/954/867 228/1091/1004
f 230/1092/1005 99/955/868 98/953/866 229/1090/1003
f 231/1093/1006 100/956/869 99/955/868 230/1092/1005
f 232/1094/1007 101/957/870 100/956/869 231/1093/1006
f 233/1095/1008 234/1096/1009 232/1094/1007 231/1093/1006
f 234/1096/1009 102/958/871 101/957/870 232/1094/1007
f 236/1097/1010 229/1090/1003 228/1091/1004 235/1098/1011
f 237/1099/1012 230/1092/1005 229/1090/1003 236/1097/1010
f 238/1100/1013 231/1093/1006 230/1092/1005 237/1099/1012
f 239/1101/1014 233/1095/1008 231/1093/1006 238/1100/1013
f 240/1102/1015 234/1096/1009 233/1095/1008 239/1101/1014
f 242/1103/1016 236/1097/1010 235/1098/1011 241/1104/1017
f 243/1105/1018 237/1099/1012 236/1097/1010 242/1103/1016
f 244/1106/1019 238/1100/1013 237/1099/1012 243/1105/1018
f 245/1107/1020 239/1101/1014 238/1100/1013 244/1106/1019
f 246/1108/1021 240/1102/1015 239/1101/1014 245/1107/1020
f 248/1109/1022 242/1103/1016 241/1104/1017 247/1110/1023
f 249/1111/1024 243/1105/1018 242/1103/1016 248/1109/1022
f 250/1112/1025 244/1106/1019 243/1105/1018 249/1111/1024
f 252/1113/1026 245/1107/1020 244/1106/1019 250/1112/1025
f 253/1114/1027 252/1113/1026 250/1112/1025 251/1115/1028
f 253/1114/1027 246/1108/1021 245/1107/1020 252/1113/1026
f 255/1116/1029 248/1109/1022 247/1110/1023 254/1117/1030
f 256/1118/1031 249/1111/1024 248/1109/1022 255/1116/1029
f 257/1119/1032 258/1120/1033 256/1118/1031 255/1116/1029
f 258/1120/1033 250/1112/1025 249/1111/1024 256/1118/1031
f 259/1121/1034 251/1115/1028 250/1112/1025 258/1120/1033
f 260/1122/1035 261/1123/1036 259/1121/1034 258/1120/1033
f 261/1123/1036 253/1114/1027 251/1115/1028 259/1121/1034
f 263/1124/1037 255/1125/1029 254/1126/1030 262/1127/1038
f 264/1128/1039 257/1129/1032 255/1125/1029 263/1124/1037
f 265/1130/1040 258/1131/1033 257/1129/1032 264/1128/1039
f 266/1132/1041 267/1133/1042 265/1130/1040 264/1128/1039
f 267/1133/1042 260/1134/1035 258/1131/1033 265/1130/1040
f 268/1135/1043 261/1136/1036 260/1134/1035 267/1133/1042
f 270/1137/1044 264/1128/1039 263/1124/1037 269/1138/1045
f 271/1139/1046 266/1132/1041 264/1128/1039 270/1137/1044
f 272/1140/1047 267/1133/1042 266/1132/1041 271/1139/1046
f 273/1141/1048 187/1054/967 102/958/871 234/1096/1009
f 274/1142/1049 188/1055/968 187/1054/967 273/1141/1048
f 275/1143/1050 189/1056/969 188/1055/968 274/1142/1049
f 276/1144/1051 190/1057/970 189/1056/969 275/1143/1050
f 277/1145/1052 191/1058/971 190/1057/970 276/1144/1051
f 278/1146/1053 192/1059/972 191/1058/971 277/1145/1052
f 279/1147/1054 193/1060/973 192/1059/972 278/1146/1053
f 280/1148/1055 194/1061/974 193/1060/973 279/1147/1054
f 281/1149/1056 195/1062/975 194/1061/974 280/1148/1055
f 282/1150/1057 196/1063/976 195/1062/975 281/1149/1056
f 283/1151/1058 197/1064/977 196/1063/976 282/1150/1057
f 284/1152/1059 198/1065/978 197/1064/977 283/1151/1058
f 285/1153/1060 273/1141/1048 234/1096/1009 240/1102/1015
f 286/1154/1061 274/1142/1049 273/1141/1048 285/1153/1060
f 287/1155/1062 275/1143/1050 274/1142/1049 286/1154/1061
f 288/1156/1063 276/1144/1051 275/1143/1050 287/1155/1062
f 289/1157/1064 277/1145/1052 276/1144/1051 288/1156/1063
f 290/1158/1065 278/1146/1053 277/1145/1052 289/1157/1064
f 291/1159/1066 279/1147/1054 278/1146/1053 290/1158/1065
f 292/1160/1067 280/1148/1055 279/1147/1054 291/1159/1066
f 293/1161/1068 281/1149/1056 280/1148/1055 292/1160/1067
f 294/1162/1069 282/1150/1057 281/1149/1056 293/1161/1068
f 295/1163/1070 283/1151/1058 282/1150/1057 294/1162/1069
f 296/1164/1071 284/1152/1059 283/1151/1058 295/1163/1070
f 297/1165/1072 285/1153/1060 240/1102/1015 246/1108/1021
f 298/1166/1073 286/1154/1061 285/1153/1060 297/1165/1072
f 299/1167/1074 287/1155/1062 286/1154/1061 298/1166/1073
f 300/1168/1075 288/1156/1063 287/1155/1062 299/1167/1074
f 301/1169/1076 289/1157/1064 288/1156/1063 300/1168/1075
f 302/1170/1077 290/1158/1065 289/1157/1064 301/1169/1076
f 303/1171/1078 291/1159/1066 290/1158/1065 302/1170/1077
f 304/1172/1079 292/1160/1067 291/1159/1066 303/1171/1078
f 305/1173/1080 293/1161/1068 292/1160/1067 304/1172/1079
f 306/1174/1081 294/1162/1069 293/1161/1068 305/1173/1080
f 307/1175/1082 295/1163/1070 294/1162/1069 306/1174/1081
f 308/1176/1083 296/1164/1071 295/1163/1070 307/1175/1082
f 310/1177/1084 297/1165/1072 246/1108/1021 253/1114/1027
f 311/1178/1085 298/1166/1073 297/1165/1072 310/1177/1084
f 312/1179/1086 299/1167/1074 298/1166/1073 311/1178/1085
f 313/1180/1087 300/1168/1075 299/1167/1074 312/1179/1086
f 314/1181/1088 301/1169/1076 300/1168/1075 313/1180/1087
f 315/1182/1089 302/1170/1077 301/1169/1076 314/1181/1088
f 316/1183/1090 303/1171/1078 302/1170/1077 315/1182/1089
f 317/1184/1091 304/1172/1079 303/1171/1078 316/1183/1090
f 318/1185/1092 305/1173/1080 304/1172/1079 317/1184/1091
f 319/1186/1093 306/1174/1081 305/1173/1080 318/1185/1092
f 320/1187/1094 307/1175/1082 306/1174/1081 319/1186/1093
f 321/1188/1095 308/1176/1083 307/1175/1082 320/1187/1094
f 322/1189/1096 309/1190/1097 308/1176/1083 321/1188/1095
f 323/1191/1098 310/1177/1084 253/1114/1027 261/1123/1036
f 324/1192/1099 311/1178/1085 310/1177/1084 323/1191/1098
f 325/1193/1100 312/1179/1086 311/1178/1085 324/1192/1099
f 326/1194/1101 313/1180/1087 312/1179/1086 325/1193/1100
f 327/1195/1102 314/1181/1088 313/1180/1087 326/1194/1101
f 328/1196/1103 315/1182/1089 314/1181/1088 327/1195/1102
f 329/1197/1104 316/1183/1090 315/1182/1089 328/1196/1103
f 330/1198/1105 317/1184/1091 316/1183/1090 329/1197/1104
f 331/1199/1106 318/1185/1092 317/1184/1091 330/1198/1105
f 332/1200/1107 333/1201/1108 331/1202/1106 330/1203/1105
f 333/1204/1108 319/1186/1093 318/1185/1092 331/1199/1106
f 334/1205/1109 320/1187/1094 319/1186/1093 333/1204/1108
f 335/1206/1110 336/1207/1111 333/1201/1108 332/1200/1107
f 336/1207/1111 337/1208/1112 334/1209/1109 333/1201/1108
f 337/1210/1112 321/1188/1095 320/1187/1094 334/1205/1109
f 339/1211/167 322/1189/1096 321/1188/1095 337/1210/1112
f 340/1212/1113 341/1213/1114 268/1135/1043 267/1133/1042
f 341/1213/1114 323/1214/1098 261/1136/1036 268/1135/1043
f 342/1215/1115 324/1216/1099 323/1214/1098 341/1213/1114
f 343/1217/1116 344/1218/1117 341/1213/1114 340/1212/1113
f 344/1218/1117 345/1219/1118 342/1215/1115 341/1213/1114
f 345/1219/1118 325/1220/1100 324/1216/1099 342/1215/1115
f 346/1221/1119 326/1222/1101 325/1220/1100 345/1219/1118
f 347/1223/1120 348/1224/1121 345/1219/1118 344/1218/1117
f 348/1224/1121 349/1225/1122 346/1221/1119 345/1219/1118
f 349/1225/1122 327/1226/1102 326/1222/1101 346/1221/1119
f 350/1227/1123 351/1228/1124 349/1225/1122 348/1224/1121
f 351/1228/1124 328/1229/1103 327/1226/1102 349/1225/1122
f 352/1230/1125 329/1231/1104 328/1229/1103 351/1228/1124
f 353/1232/1126 354/1233/1127 351/1228/1124 350/1227/1123
f 354/1233/1127 355/1234/1128 352/1230/1125 351/1228/1124
f 355/1234/1128 330/1203/1105 329/1231/1104 352/1230/1125
f 356/1235/1129 357/1236/1130 354/1233/1127 353/1232/1126
f 357/1236/1130 358/1237/1131 355/1234/1128 354/1233/1127
f 358/1237/1131 332/1200/1107 330/1203/1105 355/1234/1128
f 359/1238/1132 360/1239/1133 357/1236/1130 356/1235/1129
f 360/1239/1133 361/1240/1134 358/1237/1131 357/1236/1130
f 361/1240/1134 335/1206/1110 332/1200/1107 358/1237/1131
f 362/1241/1135 336/1207/1111 335/1206/1110 361/1240/1134
f 363/1242/1136 337/1208/1112 336/1207/1111 362/1241/1135
f 364/361/316 365/395/350 360/1239/1133 359/1238/1132
f 365/395/350 366/394/349 361/1240/1134 360/1239/1133
f 366/394/349 367/393/348 362/1241/1135 361/1240/1134
f 367/393/348 368/1243/1137 363/1242/1136 362/1241/1135
f 339/197/167 368/1243/1137 367/393/348 338/392/347
f 368/1243/1137 339/197/167 337/1208/1112 363/1242/1136
f 369/1244/1138 370/1245/1139 272/1140/1047 271/1139/1046
f 370/1245/1139 340/1212/1113 267/1133/1042 272/1140/1047
f 371/1246/1140 372/1247/1141 370/1245/1139 369/1244/1138
f 372/1247/1141 343/1217/1116 340/1212/1113 370/1245/1139
f 373/1248/1142 344/1218/1117 343/1217/1116 372/1247/1141
f 374/1249/1143 375/1250/1144 372/1247/1141 371/1246/1140
f 375/1250/1144 376/1251/1145 373/1248/1142 372/1247/1141
f 376/1251/1145 347/1223/1120 344/1218/1117 373/1248/1142
f 377/1252/1146 348/1224/1121 347/1223/1120 376/1251/1145
f 378/1253/1147 379/1254/1148 375/1250/1144 374/1249/1143
f 379/1254/1148 380/1255/1149 376/1251/1145 375/1250/1144
f 380/1255/1149 381/1256/1150 377/1252/1146 376/1251/1145
f 381/1256/1150 350/1227/1123 348/1224/1121 377/1252/1146
f 382/1257/1151 383/1258/1152 380/1255/1149 379/1254/1148
f 383/1258/1152 384/1259/1153 381/1256/1150 380/1255/1149
f 384/1259/1153 353/1232/1126 350/1227/1123 381/1256/1150
f 385/1260/1154 386/1261/1155 383/1258/1152 382/1257/1151
f 386/1261/1155 387/1262/1156 384/1259/1153 383/1258/1152
f 387/1262/1156 356/1235/1129 353/1232/1126 384/1259/1153
f 388/1263/1157 389/1264/1158 386/1261/1155 385/1260/1154
f 389/1264/1158 390/1265/1159 387/1262/1156 386/1261/1155
f 390/1265/1159 359/1238/1132 356/1235/1129 387/1262/1156
f 391/317/273 392/363/318 389/1264/1158 388/1263/1157
f 392/363/318 393/362/317 390/1265/1159 389/1264/1158
f 393/362/317 364/361/316 359/1238/1132 390/1265/1159
f 395/1266/1160 371/1246/1140 369/1244/1138 394/1267/1161
f 396/1268/1162 374/1249/1143 371/1246/1140 395/1266/1160
f 397/1269/1163 378/1253/1147 374/1249/1143 396/1268/1162
f 398/1270/1164 379/1254/1148 378/1253/1147 397/1269/1163
f 399/1271/1165 400/1272/1166 398/1270/1164 397/1269/1163
f 400/1272/1166 382/1257/1151 379/1254/1148 398/1270/1164
f 401/1273/1167 402/1274/1168 400/1272/1166 399/1271/1165
f 402/1274/1168 385/1260/1154 382/1257/1151 400/1272/1166
f 52/1275/1169 403/1276/1170 401/1273/1167 51/1277/1171
f 403/1276/1170 404/1278/1172 402/1274/1168 401/1273/1167
f 404/1278/1172 388/1263/1157 385/1260/1154 402/1274/1168
f 53/1279/1173 405/319/275 403/1276/1170 52/1275/1169
f 405/319/275 406/318/274 404/1278/1172 403/1276/1170
f 406/318/274 391/317/273 388/1263/1157 404/1278/1172
f 407/1280/1174 225/1088/1001 198/1065/978 284/1152/1059
f 408/275/234 226/1089/1002 225/1088/1001 407/1280/1174
f 409/301/257 227/300/256 226/1089/1002 408/275/234
f 410/1281/1175 407/1280/1174 284/1152/1059 296/1164/1071
f 411/253/215 408/275/234 407/1280/1174 410/1281/1175
f 412/1282/1176 410/1281/1175 296/1164/1071 308/1176/1083
f 309/1190/1097 413/228/194 412/1282/1176 308/1176/1083
f 413/228/194 411/253/215 410/1281/1175 412/1282/1176
f 414/194/165 413/228/194 309/1190/1097 322/1189/1096
f 415/195/166 414/194/165 322/1189/1096 339/1211/167
f 3336/1283/1177 3354/1284/1178 3310/1285/1179 3306/1286/1180
f 3310/1285/1179 3354/1284/1178 3349/1287/1181 3309/1288/1182
f 3327/1289/1183 3348/1290/1184 3347/1291/1185 3326/1292/1186
f 3326/1292/1186 3347/1291/1185 3346/1293/1187 3325/1294/1188
f 3325/1294/1188 3346/1293/1187 3345/1295/1189 3324/1296/1190
f 3324/1296/1190 3345/1295/1189 3344/1297/1191 3323/1298/1192
f 3344/1297/1191 3345/1295/1189 3340/1299/1193 3339/1300/1194
f 3323/1298/1192 3344/1297/1191 3343/1301/1195 3322/1302/1196
f 3343/1301/1195 3344/1297/1191 3339/1300/1194 3338/1303/1197
f 3322/1302/1196 3343/1301/1195 3342/1304/1198 3321/1305/1199
f 3342/1304/1198 3343/1301/1195 3338/1303/1197 3337/1306/1200
f 3321/1305/1199 3342/1304/1198 3341/1307/1201 3320/1308/1202
f 3341/1307/1201 3342/1304/1198 3337/1306/1200 3336/1309/1177
f 3320/1308/1202 3341/1307/1201 3307/1310/1203 3299/1311/1204
f 3307/1310/1203 3341/1307/1201 3336/1309/1177 3306/1312/1180
f 3319/1313/1205 3335/1314/1206 3334/1315/1207 3318/1316/1208
f 3334/1315/1207 3335/1314/1206 3327/1289/1183 3326/1292/1186
f 3318/1316/1208 3334/1315/1207 3333/1317/1209 3317/1318/1210
f 3333/1317/1209 3334/1315/1207 3326/1292/1186 3325/1294/1188
f 3317/1318/1210 3333/1317/1209 3332/1319/1211 3316/1320/1212
f 3332/1319/1211 3333/1317/1209 3325/1294/1188 3324/1296/1190
f 3316/1320/1212 3332/1319/1211 3331/1321/1213 3315/1322/1214
f 3331/1321/1213 3332/1319/1211 3324/1296/1190 3323/1298/1192
f 3315/1322/1214 3331/1321/1213 3330/1323/1215 3314/1324/1216
f 3330/1323/1215 3331/1321/1213 3323/1298/1192 3322/1302/1196
f 3314/1324/1216 3330/1323/1215 3329/1325/1217 3313/1326/1218
f 3329/1325/1217 3330/1323/1215 3322/1302/1196 3321/1305/1199
f 3313/1326/1218 3329/1325/1217 3328/1327/1219 3312/1328/1220
f 3328/1327/1219 3329/1325/1217 3321/1305/1199 3320/1308/1202
f 3312/1328/1220 3328/1327/1219 3300/1329/1221 3292/1330/1222
f 3300/1329/1221 3328/1327/1219 3320/1308/1202 3299/1311/1204
f 2999/1331/1223 3319/1313/1205 3318/1316/1208 2998/1332/1224
f 2998/1332/1224 3318/1316/1208 3317/1318/1210 2997/1333/1225
f 2997/1333/1225 3317/1318/1210 3316/1320/1212 2996/1334/1226
f 2996/1334/1226 3316/1320/1212 3315/1322/1214 2995/1335/1227
f 2995/1335/1227 3315/1322/1214 3314/1324/1216 2994/1336/1228
f 2994/1336/1228 3314/1324/1216 3313/1326/1218 2993/1337/1229
f 2993/1337/1229 3313/1326/1218 3312/1328/1220 2992/1338/1230
f 2992/1338/1230 3312/1328/1220 3292/1330/1222 2904/1339/1231
f 3309/1288/1182 3311/1340/1232 3163/1341/1233 3150/1342/1234
f 3306/1286/1180 3310/1285/1179 3309/1288/1182 3303/1343/1235
f 3303/1343/1235 3309/1288/1182 3308/1344/1236 3302/1345/1237
f 3308/1344/1236 3309/1288/1182 3150/1342/1234 3149/1346/1238
f 3302/1347/1237 3308/1348/1236 3149/1349/1238 3136/1350/1239
f 3299/1351/1204 3307/1352/1203 3306/1286/1180 3296/1353/1240
f 3296/1353/1240 3306/1286/1180 3305/1354/1241 3295/1355/1242
f 3305/1354/1241 3306/1286/1180 3303/1343/1235 3302/1345/1237
f 3295/1356/1242 3305/1357/1241 3304/1358/1243 3294/1359/1244
f 3304/1358/1243 3305/1357/1241 3302/1347/1237 3301/1360/1245
f 3294/1359/1244 3304/1358/1243 3301/1360/1245 3293/1361/1246
f 3301/1360/1245 3302/1347/1237 3136/1350/1239 3135/1362/1247
f 3293/1361/1246 3301/1360/1245 3135/1362/1247 3124/1363/1248
f 3292/1330/1222 3300/1329/1221 3299/1311/1204 3290/1364/1249
f 3290/1364/1249 3299/1311/1204 3298/1365/1250 3289/1366/1251
f 3298/1365/1250 3299/1311/1204 3296/1367/1240 3295/1368/1242
f 3289/1369/1251 3298/1370/1250 3297/1371/1252 3288/1372/1253
f 3297/1371/1252 3298/1370/1250 3295/1356/1242 3294/1359/1244
f 3288/1372/1253 3297/1371/1252 3294/1359/1244 3287/1373/1254
f 3287/1373/1254 3294/1359/1244 3293/1361/1246 3286/1374/1255
f 3286/1374/1255 3293/1361/1246 3124/1363/1248 3115/1375/1256
f 2904/1339/1231 3292/1330/1222 3291/1376/1257 2903/1377/1258
f 3291/1376/1257 3292/1330/1222 3290/1364/1249 3289/1366/1251
f 2903/1378/1258 3291/1379/1257 3289/1369/1251 2901/1380/1259
f 2901/1380/1259 3289/1369/1251 3288/1372/1253 2900/1381/1260
f 2900/1381/1260 3288/1372/1253 3287/1373/1254 2899/1382/1261
f 2899/1382/1261 3287/1373/1254 3286/1374/1255 2898/1383/1262
f 2898/1383/1262 3286/1374/1255 3115/1375/1256 2832/1384/1263
f 3285/1385/1264 3251/1386/1265 3243/1387/1266 3278/1388/1267
f 3251/1386/1265 3285/1385/1264 3284/1389/1268 3250/1390/1269
f 3284/1389/1268 3285/1385/1264 3278/1388/1267 3277/1391/1270
f 3250/1390/1269 3284/1389/1268 3283/1392/1271 3249/1393/1272
f 3283/1392/1271 3284/1389/1268 3277/1391/1270 3276/1394/1273
f 3249/1395/1272 3283/1396/1271 3282/1397/1274 3248/1398/1275
f 3282/1399/1274 3283/1392/1271 3276/1394/1273 3275/1400/1276
f 3248/1398/1275 3282/1397/1274 3281/1401/1277 3247/1402/1278
f 3281/1401/1277 3282/1397/1274 3275/1403/1276 3274/1404/1279
f 3247/1402/1278 3281/1401/1277 3280/1405/1280 3246/1406/1281
f 3280/1405/1280 3281/1401/1277 3274/1404/1279 3273/1407/1282
f 3246/1406/1281 3280/1405/1280 3237/1408/1283 3220/1409/1284
f 3237/1408/1283 3280/1405/1280 3273/1407/1282 3232/1410/1285
f 3279/1411/1286 3244/1412/1287 3241/1413/1288 3271/1414/1289
f 3244/1412/1287 3279/1411/1286 3278/1388/1267 3243/1387/1266
f 3278/1388/1267 3279/1411/1286 3271/1414/1289 3270/1415/1290
f 3277/1391/1270 3278/1388/1267 3270/1415/1290 3269/1416/1291
f 3276/1394/1273 3277/1391/1270 3269/1416/1291 3268/1417/1292
f 3272/1418/1293 3242/1419/1294 430/348/303 3267/1420/1295
f 3242/1419/1294 3272/1418/1293 3271/1414/1289 3241/1413/1288
f 3271/1414/1289 3272/1418/1293 3267/1420/1295 3266/1421/1296
f 3270/1415/1290 3271/1414/1289 3266/1421/1296 3265/1422/1297
f 3269/1416/1291 3270/1415/1290 3265/1422/1297 3264/1423/1298
f 3267/1420/1295 430/348/303 429/349/304 3263/1424/1299
f 3266/1421/1296 3267/1420/1295 3263/1424/1299 3262/1425/1300
f 3265/1422/1297 3266/1421/1296 3262/1425/1300 3261/1426/1301
f 3262/1425/1300 3263/1424/1299 3260/1427/1302 3259/1428/1303
f 3261/1426/1301 3262/1425/1300 3259/1428/1303 3258/1429/1304
f 3259/1428/1303 3260/1427/1302 3257/1430/1305 3256/1431/1306
f 3256/1431/1306 3257/1430/1305 3255/1432/1307 3254/1433/1308
f 3240/1434/1309 3253/1435/1310 3252/1436/1311 3239/1437/1312
f 3252/1438/1311 3253/1439/1310 3245/1440/1313 3244/1412/1287
f 3239/1437/1312 3252/1436/1311 3251/1441/1265 3238/1442/1314
f 3251/1386/1265 3252/1438/1311 3244/1412/1287 3243/1387/1266
f 3244/1412/1287 3245/1440/1313 3242/1419/1294 3241/1413/1288
f 3220/1443/1284 3237/1444/1283 3236/1445/1315 3219/1446/1316
f 3236/1447/1315 3237/1408/1283 3232/1410/1285 3231/1448/1317
f 3219/1446/1316 3236/1445/1315 3235/1449/1318 3218/1450/1319
f 3235/1451/1318 3236/1447/1315 3231/1448/1317 3230/1452/1320
f 3218/1453/1319 3235/1451/1318 3234/1454/1321 3217/1455/1322
f 3234/1454/1321 3235/1451/1318 3230/1452/1320 3229/1456/1323
f 3217/1455/1322 3234/1454/1321 3233/1457/1324 3216/1458/1325
f 3233/1459/1324 3234/1460/1321 3229/1461/1323 3228/1462/1326
f 3216/1458/1325 3233/1457/1324 3228/1463/1326 3214/1464/1327
f 3214/1465/1327 3228/1466/1326 3227/1467/1328 3213/1468/1329
f 3227/1467/1328 3228/1466/1326 3226/1469/1330 3225/1470/1331
f 3213/1468/1329 3227/1467/1328 3225/1470/1331 3210/1471/1332
f 3210/1472/1332 3225/1473/1331 3224/1474/1333 3209/1475/1334
f 3209/1475/1334 3224/1474/1333 3223/1476/1335 3208/1477/1336
f 3223/1476/1335 3224/1474/1333 3222/1478/1337 3221/1479/1338
f 3208/1477/1336 3223/1476/1335 3195/1480/1339 3184/1481/1340
f 3195/1480/1339 3223/1476/1335 3221/1479/1338 3194/1482/1341
f 3207/1483/1342 3217/1455/1322 3216/1458/1325 3206/1484/1343
f 3206/1484/1343 3216/1458/1325 3215/1485/1344 3205/1486/1345
f 3215/1485/1344 3216/1458/1325 3214/1464/1327 3213/1487/1329
f 3205/1486/1345 3215/1485/1344 3213/1487/1329 3202/1488/1346
f 3202/1488/1346 3213/1487/1329 3212/1489/1347 3201/1490/1348
f 3212/1491/1347 3213/1492/1329 3210/1472/1332 3209/1475/1334
f 3201/1493/1348 3212/1491/1347 3211/1494/1349 3200/1495/1350
f 3211/1494/1349 3212/1491/1347 3209/1475/1334 3208/1477/1336
f 3200/1495/1350 3211/1494/1349 3185/1496/1351 3173/1497/1352
f 3185/1496/1351 3211/1494/1349 3208/1477/1336 3184/1481/1340
f 3199/1498/1353 3206/1499/1343 3205/1500/1345 3198/1501/1354
f 3198/1501/1354 3205/1500/1345 3204/1502/1355 3197/1503/1356
f 3204/1502/1355 3205/1500/1345 3202/1504/1346 3201/1493/1348
f 3197/1503/1356 3204/1502/1355 3203/1505/1357 3196/1506/1358
f 3203/1505/1357 3204/1502/1355 3201/1493/1348 3200/1495/1350
f 3196/1506/1358 3203/1505/1357 3174/1507/1359 3163/1341/1233
f 3174/1507/1359 3203/1505/1357 3200/1495/1350 3173/1497/1352
f 3184/1481/1340 3195/1480/1339 3194/1482/1341 3182/1508/1360
f 3182/1508/1360 3194/1482/1341 3193/1509/1361 3181/1510/1362
f 3193/1509/1361 3194/1482/1341 3192/1511/1363 3191/1512/1364
f 3181/1513/1362 3193/1514/1361 3191/1515/1364 3179/1516/1365
f 3179/1516/1365 3191/1515/1364 3190/1517/1366 3178/1518/1367
f 3190/1517/1366 3191/1515/1364 3189/1519/1368 3188/1520/1369
f 3178/1518/1367 3190/1517/1366 3188/1520/1369 3177/1521/1370
f 3177/1521/1370 3188/1520/1369 3187/1522/1371 3176/1523/1372
f 3176/1523/1372 3187/1522/1371 3186/1524/1373 3175/1525/1374
f 3175/1525/1374 3186/1524/1373 2102/1526/1375 2094/1527/1376
f 3173/1497/1352 3185/1496/1351 3184/1481/1340 3171/1528/1377
f 3171/1529/1377 3184/1530/1340 3183/1531/1378 3170/1532/1379
f 3183/1533/1378 3184/1481/1340 3182/1508/1360 3181/1510/1362
f 3170/1532/1379 3183/1531/1378 3181/1513/1362 3169/1534/1380
f 3169/1534/1380 3181/1513/1362 3180/1535/1381 3168/1536/1382
f 3180/1535/1381 3181/1513/1362 3179/1516/1365 3178/1518/1367
f 3168/1536/1382 3180/1535/1381 3178/1518/1367 3167/1537/1383
f 3167/1537/1383 3178/1518/1367 3177/1521/1370 3166/1538/1384
f 3166/1538/1384 3177/1521/1370 3176/1523/1372 3165/1539/1385
f 3165/1539/1385 3176/1523/1372 3175/1525/1374 3164/1540/1386
f 3164/1540/1386 3175/1525/1374 2094/1527/1376 2086/1541/1387
f 3163/1542/1233 3174/1543/1359 3173/1544/1352 3161/1545/1388
f 3161/1545/1388 3173/1544/1352 3172/1546/1389 3160/1547/1390
f 3172/1546/1389 3173/1544/1352 3171/1529/1377 3170/1532/1379
f 3160/1547/1390 3172/1546/1389 3170/1532/1379 3158/1548/1391
f 3158/1548/1391 3170/1532/1379 3169/1534/1380 3156/1549/1392
f 3156/1549/1392 3169/1534/1380 3168/1536/1382 3155/1550/1393
f 3155/1550/1393 3168/1536/1382 3167/1537/1383 3154/1551/1394
f 3154/1551/1394 3167/1537/1383 3166/1538/1384 3153/1552/1395
f 3153/1552/1395 3166/1538/1384 3165/1539/1385 3152/1553/1396
f 3152/1553/1396 3165/1539/1385 3164/1540/1386 3151/1554/1397
f 3151/1554/1397 3164/1540/1386 2086/1541/1387 2076/1555/1398
f 3150/1342/1234 3163/1341/1233 3162/1556/1399 3149/1346/1238
f 3162/1557/1399 3163/1542/1233 3161/1545/1388 3160/1547/1390
f 3149/1346/1238 3162/1556/1399 3160/1558/1390 3147/1559/1400
f 3147/1559/1400 3160/1558/1390 3159/1560/1401 3146/1561/1402
f 3159/1562/1401 3160/1547/1390 3158/1548/1391 3157/1563/1403
f 3146/1564/1402 3159/1562/1401 3157/1563/1403 3145/1565/1404
f 3157/1563/1403 3158/1548/1391 3156/1549/1392 3155/1550/1393
f 3145/1565/1404 3157/1563/1403 3155/1550/1393 3144/1566/1405
f 3144/1566/1405 3155/1550/1393 3154/1551/1394 3143/1567/1406
f 3143/1567/1406 3154/1551/1394 3153/1552/1395 3142/1568/1407
f 3142/1568/1407 3153/1552/1395 3152/1553/1396 3140/1569/1408
f 3140/1569/1408 3152/1553/1396 3151/1554/1397 3138/1570/1409
f 3138/1570/1409 3151/1554/1397 2076/1555/1398 2066/1571/1410
f 3136/1350/1239 3149/1349/1238 3148/1572/1411 3135/1362/1247
f 3148/1572/1411 3149/1349/1238 3147/1573/1400 3146/1564/1402
f 3135/1362/1247 3148/1572/1411 3146/1564/1402 3134/1574/1412
f 3134/1574/1412 3146/1564/1402 3145/1565/1404 3133/1575/1413
f 3133/1575/1413 3145/1565/1404 3144/1566/1405 3132/1576/1414
f 3132/1576/1414 3144/1566/1405 3143/1567/1406 3131/1577/1415
f 3131/1577/1415 3143/1567/1406 3142/1568/1407 3129/1578/1416
f 3129/1578/1416 3142/1568/1407 3141/1579/1417 3128/1580/1418
f 3141/1579/1417 3142/1568/1407 3140/1569/1408 3139/1581/1419
f 3128/1580/1418 3141/1579/1417 3139/1581/1419 3127/1582/1420
f 3139/1581/1419 3140/1569/1408 3138/1570/1409 3137/1583/1421
f 3127/1582/1420 3139/1581/1419 3137/1583/1421 3125/1584/1422
f 3126/1585/1423 3138/1570/1409 2066/1571/1410 2058/1586/1424
f 3138/1570/1409 3126/1585/1423 3125/1584/1422 3137/1583/1421
f 3124/1363/1248 3135/1362/1247 3134/1574/1412 3123/1587/1425
f 3123/1587/1425 3134/1574/1412 3133/1575/1413 3122/1588/1426
f 3122/1588/1426 3133/1575/1413 3132/1576/1414 3121/1589/1427
f 3121/1589/1427 3132/1576/1414 3131/1577/1415 3120/1590/1428
f 3120/1590/1428 3131/1577/1415 3130/1591/1429 3119/1592/1430
f 3130/1591/1429 3131/1577/1415 3129/1578/1416 3128/1580/1418
f 3119/1592/1430 3130/1591/1429 3128/1580/1418 3118/1593/1431
f 3118/1593/1431 3128/1580/1418 3127/1582/1420 3117/1594/1432
f 3117/1594/1432 3127/1582/1420 3125/1584/1422 3116/1595/1433
f 3125/1584/1422 3126/1585/1423 2058/1586/1424 2057/1596/1434
f 3116/1595/1433 3125/1584/1422 2057/1596/1434 2045/1597/1435
f 3115/1375/1256 3124/1363/1248 3123/1587/1425 3114/1598/1436
f 3114/1598/1436 3123/1587/1425 3122/1588/1426 3113/1599/1437
f 3113/1599/1437 3122/1588/1426 3121/1589/1427 3112/1600/1438
f 3112/1600/1438 3121/1589/1427 3120/1590/1428 3111/1601/1439
f 3111/1601/1439 3120/1590/1428 3119/1592/1430 3110/1602/1440
f 3110/1602/1440 3119/1592/1430 3118/1593/1431 3108/1603/1441
f 3108/1603/1441 3118/1593/1431 3117/1594/1432 3107/1604/1442
f 3107/1604/1442 3117/1594/1432 3116/1595/1433 3106/1605/1443
f 3106/1605/1443 3116/1595/1433 2045/1597/1435 2036/1606/1444
f 2832/1384/1263 3115/1375/1256 3114/1598/1436 2831/1607/1445
f 2831/1607/1445 3114/1598/1436 3113/1599/1437 2830/1608/1446
f 2830/1608/1446 3113/1599/1437 3112/1600/1438 2829/1609/1447
f 2829/1609/1447 3112/1600/1438 3111/1601/1439 2828/1610/1448
f 2828/1610/1448 3111/1601/1439 3109/1611/1449 2827/1612/1450
f 3111/1601/1439 3110/1602/1440 3108/1603/1441 3109/1611/1449
f 2827/1612/1450 3109/1611/1449 3108/1603/1441 2826/1613/1451
f 2826/1613/1451 3108/1603/1441 3107/1604/1442 2824/1614/1452
f 2824/1614/1452 3107/1604/1442 3106/1605/1443 2823/1615/1453
f 2823/1615/1453 3106/1605/1443 2036/1606/1444 1680/1616/1454
f 427/454/409 428/453/408 3105/1617/1455 3100/1618/1456
f 3105/1617/1455 428/453/408 416/455/410 3017/1619/1457
f 3100/1618/1456 3105/1617/1455 3104/1620/1458 3099/1621/1459
f 3104/1620/1458 3105/1617/1455 3017/1619/1457 3016/1622/1460
f 3099/1621/1459 3104/1620/1458 3103/1623/1461 3098/1624/1462
f 3103/1623/1461 3104/1620/1458 3016/1622/1460 3015/1625/1463
f 3098/1624/1462 3103/1623/1461 3102/1626/1464 3097/1627/1465
f 3102/1626/1464 3103/1623/1461 3015/1625/1463 3014/1628/1466
f 3097/1627/1465 3102/1626/1464 3101/1629/1467 3096/1630/1468
f 3101/1629/1467 3102/1626/1464 3014/1628/1466 3013/1631/1469
f 3096/1630/1468 3101/1629/1467 3013/1631/1469 3010/1632/1470
f 425/465/420 427/454/409 3100/1618/1456 3092/1633/1471
f 3092/1633/1471 3100/1618/1456 3099/1621/1459 3091/1634/1472
f 3091/1634/1472 3099/1621/1459 3098/1624/1462 3090/1635/1473
f 3090/1635/1473 3098/1624/1462 3097/1627/1465 3089/1636/1474
f 3089/1636/1474 3097/1627/1465 3096/1630/1468 3088/1637/1475
f 3088/1637/1475 3096/1630/1468 3095/1638/1476 3087/1639/1477
f 3095/1638/1476 3096/1630/1468 3010/1632/1470 3009/1640/1478
f 3087/1639/1477 3095/1638/1476 3094/1641/1479 3086/1642/1480
f 3094/1641/1479 3095/1638/1476 3009/1640/1478 3008/1643/1481
f 3086/1642/1480 3094/1641/1479 3085/1644/1482 3082/1645/1483
f 3085/1644/1482 3094/1641/1479 3008/1643/1481 2923/1646/1484
f 3093/1647/1485 426/475/430 425/465/420 3092/1633/1471
f 1254/1648/1486 3093/1647/1485 3092/1633/1471 1253/1649/1487
f 1253/1649/1487 3092/1633/1471 3091/1634/1472 1252/1650/1488
f 1252/1650/1488 3091/1634/1472 3090/1635/1473 1251/1651/1489
f 1251/1651/1489 3090/1635/1473 3089/1636/1474 1250/1652/1490
f 1250/1652/1490 3089/1636/1474 3088/1637/1475 1249/1653/1491
f 1249/1653/1491 3088/1637/1475 3087/1639/1477 1248/1654/1492
f 1248/1654/1492 3087/1639/1477 3086/1642/1480 1247/1655/1493
f 1247/1655/1493 3086/1642/1480 3082/1645/1483 1246/1656/1494
f 3082/1645/1483 3085/1644/1482 3084/1657/1495 3081/1658/1496
f 3084/1657/1495 3085/1644/1482 2923/1646/1484 2922/1659/1497
f 3081/1658/1496 3084/1657/1495 3083/1660/1498 3080/1661/1499
f 3083/1660/1498 3084/1657/1495 2922/1659/1497 2921/1662/1500
f 3080/1661/1499 3083/1660/1498 2921/1662/1500 2913/1663/1501
f 1246/1656/1494 3082/1645/1483 3081/1658/1496 1245/1664/1502
f 1245/1664/1502 3081/1658/1496 3080/1661/1499 1244/1665/1503
f 1244/1665/1503 3080/1661/1499 2913/1663/1501 1243/1666/1504
f 421/736/655 424/735/654 3079/1667/1505 3061/1668/1506
f 3079/1667/1505 424/735/654 423/172/145 3074/1669/1507
f 3061/1668/1506 3079/1667/1505 3078/1670/1508 3060/1671/1509
f 3078/1670/1508 3079/1667/1505 3074/1669/1507 3073/1672/1510
f 3060/1671/1509 3078/1670/1508 3077/1673/1511 3059/1674/1512
f 3077/1673/1511 3078/1670/1508 3073/1672/1510 3072/1675/1513
f 3059/1674/1512 3077/1673/1511 3076/1676/1514 3058/1677/1515
f 3076/1676/1514 3077/1673/1511 3072/1675/1513 3071/1678/1516
f 3058/1677/1515 3076/1676/1514 3075/1679/1517 3057/1680/1518
f 3075/1679/1517 3076/1676/1514 3071/1678/1516 3070/1681/1519
f 3057/1680/1518 3075/1679/1517 3070/1681/1519 3054/1682/1520
f 3054/1682/1520 3070/1681/1519 3069/1683/1521 3053/1684/1522
f 3053/1684/1522 3069/1683/1521 3068/1685/1523 3052/1686/1524
f 3052/1686/1524 3068/1685/1523 3007/1687/1525 2986/1688/1526
f 3007/1687/1525 3068/1685/1523 3067/1689/1527 2999/1331/1223
f 420/748/667 422/747/666 3066/1690/1528 3051/1691/1529
f 3066/1690/1528 422/747/666 421/736/655 3061/1668/1506
f 3051/1691/1529 3066/1690/1528 3065/1692/1530 3050/1693/1531
f 3065/1692/1530 3066/1690/1528 3061/1668/1506 3060/1671/1509
f 3050/1693/1531 3065/1692/1530 3064/1694/1532 3049/1695/1533
f 3064/1694/1532 3065/1692/1530 3060/1671/1509 3059/1674/1512
f 3049/1695/1533 3064/1694/1532 3063/1696/1534 3048/1697/1535
f 3063/1696/1534 3064/1694/1532 3059/1674/1512 3058/1677/1515
f 3048/1697/1535 3063/1696/1534 3062/1698/1536 3047/1699/1537
f 3062/1698/1536 3063/1696/1534 3058/1677/1515 3057/1680/1518
f 3047/1699/1537 3062/1698/1536 3057/1680/1518 3044/1700/1538
f 3044/1700/1538 3057/1680/1518 3056/1701/1539 3043/1702/1540
f 3056/1701/1539 3057/1680/1518 3054/1682/1520 3053/1684/1522
f 3043/1702/1540 3056/1701/1539 3055/1703/1541 3042/1704/1542
f 3055/1703/1541 3056/1701/1539 3053/1684/1522 3052/1686/1524
f 3042/1704/1542 3055/1703/1541 3052/1686/1524 3041/1705/1543
f 3041/1705/1543 3052/1686/1524 2986/1688/1526 2967/1706/1544
f 418/774/693 420/748/667 3051/1691/1529 3034/1707/1545
f 3034/1707/1545 3051/1691/1529 3050/1693/1531 3033/1708/1546
f 3033/1708/1546 3050/1693/1531 3049/1695/1533 3032/1709/1547
f 3032/1709/1547 3049/1695/1533 3048/1697/1535 3031/1710/1548
f 3031/1710/1548 3048/1697/1535 3047/1699/1537 3030/1711/1549
f 3030/1711/1549 3047/1699/1537 3046/1712/1550 3029/1713/1551
f 3046/1712/1550 3047/1699/1537 3044/1700/1538 3043/1702/1540
f 3029/1713/1551 3046/1712/1550 3045/1714/1552 3028/1715/1553
f 3045/1714/1552 3046/1712/1550 3043/1702/1540 3042/1704/1542
f 3028/1715/1553 3045/1714/1552 3042/1704/1542 3027/1716/1554
f 3027/1716/1554 3042/1704/1542 2975/1717/1555 2955/1718/1556
f 2975/1717/1555 3042/1704/1542 3041/1705/1543 2967/1706/1544
f 417/787/706 419/786/705 3040/1719/1557 3026/1720/1558
f 3040/1719/1557 419/786/705 418/774/693 3034/1707/1545
f 3026/1720/1558 3040/1719/1557 3039/1721/1559 3025/1722/1560
f 3039/1721/1559 3040/1719/1557 3034/1707/1545 3033/1708/1546
f 3025/1722/1560 3039/1721/1559 3038/1723/1561 3024/1724/1562
f 3038/1723/1561 3039/1721/1559 3033/1708/1546 3032/1709/1547
f 3024/1724/1562 3038/1723/1561 3037/1725/1563 3023/1726/1564
f 3037/1725/1563 3038/1723/1561 3032/1709/1547 3031/1710/1548
f 3023/1726/1564 3037/1725/1563 3036/1727/1565 3022/1728/1566
f 3036/1727/1565 3037/1725/1563 3031/1710/1548 3030/1711/1549
f 3022/1728/1566 3036/1727/1565 3035/1729/1567 3021/1730/1568
f 3035/1729/1567 3036/1727/1565 3030/1711/1549 3029/1713/1551
f 3021/1730/1568 3035/1729/1567 3029/1713/1551 3019/1731/1569
f 3019/1731/1569 3029/1713/1551 3028/1715/1553 3018/1732/1570
f 3018/1732/1570 3028/1715/1553 2963/1733/1571 2940/1734/1572
f 2963/1735/1571 3028/1736/1553 3027/1737/1554 2955/1738/1556
f 416/455/410 417/787/706 3026/1720/1558 3017/1619/1457
f 3017/1619/1457 3026/1720/1558 3025/1722/1560 3016/1622/1460
f 3016/1622/1460 3025/1722/1560 3024/1724/1562 3015/1625/1463
f 3015/1625/1463 3024/1724/1562 3023/1726/1564 3014/1628/1466
f 3014/1628/1466 3023/1726/1564 3022/1728/1566 3013/1631/1469
f 3013/1631/1469 3022/1728/1566 3021/1730/1568 3012/1739/1573
f 3012/1739/1573 3021/1730/1568 3020/1740/1574 3011/1741/1575
f 3020/1740/1574 3021/1730/1568 3019/1731/1569 3018/1732/1570
f 3011/1741/1575 3020/1740/1574 2948/1742/1576 2932/1743/1577
f 2948/1742/1576 3020/1740/1574 3018/1732/1570 2940/1734/1572
f 3010/1632/1470 3013/1631/1469 3012/1739/1573 3009/1640/1478
f 3009/1640/1478 3012/1739/1573 3011/1741/1575 3008/1643/1481
f 3008/1643/1481 3011/1741/1575 2932/1743/1577 2923/1646/1484
f 2986/1688/1526 3007/1687/1525 3006/1744/1578 2985/1745/1579
f 3006/1744/1578 3007/1687/1525 2999/1331/1223 2998/1332/1224
f 2985/1745/1579 3006/1744/1578 3005/1746/1580 2984/1747/1581
f 3005/1746/1580 3006/1744/1578 2998/1332/1224 2997/1333/1225
f 2984/1747/1581 3005/1746/1580 3004/1748/1582 2983/1749/1583
f 3004/1748/1582 3005/1746/1580 2997/1333/1225 2996/1334/1226
f 2983/1749/1583 3004/1748/1582 3003/1750/1584 2982/1751/1585
f 3003/1750/1584 3004/1748/1582 2996/1334/1226 2995/1335/1227
f 2982/1751/1585 3003/1750/1584 3002/1752/1586 2981/1753/1587
f 3002/1752/1586 3003/1750/1584 2995/1335/1227 2994/1336/1228
f 2981/1753/1587 3002/1752/1586 3001/1754/1588 2980/1755/1589
f 3001/1754/1588 3002/1752/1586 2994/1336/1228 2993/1337/1229
f 2980/1755/1589 3001/1754/1588 3000/1756/1590 2979/1757/1591
f 3000/1756/1590 3001/1754/1588 2993/1337/1229 2992/1338/1230
f 2979/1757/1591 3000/1756/1590 2906/1758/1592 2895/1759/1593
f 2906/1758/1592 3000/1756/1590 2992/1338/1230 2904/1339/1231
f 2991/1760/1594 2972/1761/1595 2964/1762/1596 2983/1749/1583
f 2972/1761/1595 2991/1760/1594 2990/1763/1597 2971/1764/1598
f 2990/1763/1597 2991/1760/1594 2983/1749/1583 2982/1751/1585
f 2971/1764/1598 2990/1763/1597 2989/1765/1599 2970/1766/1600
f 2989/1765/1599 2990/1763/1597 2982/1751/1585 2981/1753/1587
f 2970/1766/1600 2989/1765/1599 2988/1767/1601 2969/1768/1602
f 2988/1767/1601 2989/1765/1599 2981/1753/1587 2980/1755/1589
f 2969/1768/1602 2988/1767/1601 2987/1769/1603 2968/1770/1604
f 2987/1769/1603 2988/1767/1601 2980/1755/1589 2979/1757/1591
f 2968/1770/1604 2987/1769/1603 2897/1771/1605 2888/1772/1606
f 2897/1771/1605 2987/1769/1603 2979/1757/1591 2895/1759/1593
f 2967/1706/1544 2986/1688/1526 2985/1745/1579 2966/1773/1607
f 2966/1773/1607 2985/1745/1579 2984/1747/1581 2965/1774/1608
f 2965/1774/1608 2984/1747/1581 2983/1749/1583 2964/1762/1596
f 2978/1775/1609 2958/1776/1610 2950/1777/1611 2970/1766/1600
f 2958/1776/1610 2978/1775/1609 2977/1778/1612 2957/1779/1613
f 2977/1778/1612 2978/1775/1609 2970/1766/1600 2969/1768/1602
f 2957/1779/1613 2977/1778/1612 2976/1780/1614 2956/1781/1615
f 2976/1780/1614 2977/1778/1612 2969/1768/1602 2968/1770/1604
f 2956/1781/1615 2976/1780/1614 2968/1770/1604 2949/1782/1616
f 2955/1718/1556 2975/1717/1555 2974/1783/1617 2954/1784/1618
f 2974/1783/1617 2975/1717/1555 2967/1706/1544 2966/1773/1607
f 2954/1784/1618 2974/1783/1617 2973/1785/1619 2953/1786/1620
f 2973/1785/1619 2974/1783/1617 2966/1773/1607 2965/1774/1608
f 2953/1786/1620 2973/1785/1619 2972/1761/1595 2952/1787/1621
f 2972/1761/1595 2973/1785/1619 2965/1774/1608 2964/1762/1596
f 2952/1787/1621 2972/1761/1595 2971/1764/1598 2951/1788/1622
f 2951/1788/1622 2971/1764/1598 2970/1766/1600 2950/1777/1611
f 2949/1782/1616 2968/1770/1604 2888/1772/1606 2877/1789/1623
f 2940/1734/1572 2963/1733/1571 2962/1790/1624 2939/1791/1625
f 2962/1790/1624 2963/1733/1571 2955/1718/1556 2954/1784/1618
f 2939/1791/1625 2962/1790/1624 2961/1792/1626 2938/1793/1627
f 2961/1792/1626 2962/1790/1624 2954/1784/1618 2953/1786/1620
f 2938/1793/1627 2961/1792/1626 2960/1794/1628 2937/1795/1629
f 2960/1794/1628 2961/1792/1626 2953/1786/1620 2952/1787/1621
f 2937/1795/1629 2960/1794/1628 2959/1796/1630 2936/1797/1631
f 2959/1796/1630 2960/1794/1628 2952/1787/1621 2951/1788/1622
f 2936/1797/1631 2959/1796/1630 2958/1776/1610 2935/1798/1632
f 2958/1776/1610 2959/1796/1630 2951/1788/1622 2950/1777/1611
f 2935/1798/1632 2958/1776/1610 2957/1779/1613 2934/1799/1633
f 2934/1799/1633 2957/1779/1613 2956/1781/1615 2933/1800/1634
f 2933/1800/1634 2956/1781/1615 2879/1801/1635 2869/1802/1636
f 2879/1801/1635 2956/1781/1615 2949/1782/1616 2877/1789/1623
f 2932/1743/1577 2948/1742/1576 2947/1803/1637 2931/1804/1638
f 2947/1803/1637 2948/1742/1576 2940/1734/1572 2939/1791/1625
f 2931/1804/1638 2947/1803/1637 2946/1805/1639 2930/1806/1640
f 2946/1805/1639 2947/1803/1637 2939/1791/1625 2938/1793/1627
f 2930/1806/1640 2946/1805/1639 2945/1807/1641 2929/1808/1642
f 2945/1807/1641 2946/1805/1639 2938/1793/1627 2937/1795/1629
f 2929/1808/1642 2945/1807/1641 2944/1809/1643 2928/1810/1644
f 2944/1809/1643 2945/1807/1641 2937/1795/1629 2936/1797/1631
f 2928/1810/1644 2944/1809/1643 2943/1811/1645 2927/1812/1646
f 2943/1811/1645 2944/1809/1643 2936/1797/1631 2935/1798/1632
f 2927/1812/1646 2943/1811/1645 2942/1813/1647 2926/1814/1648
f 2942/1813/1647 2943/1811/1645 2935/1798/1632 2934/1799/1633
f 2926/1814/1648 2942/1813/1647 2941/1815/1649 2925/1816/1650
f 2941/1815/1649 2942/1813/1647 2934/1799/1633 2933/1800/1634
f 2925/1816/1650 2941/1815/1649 2933/1800/1634 2924/1817/1651
f 2924/1817/1651 2933/1800/1634 2869/1802/1636 2860/1818/1652
f 2923/1646/1484 2932/1743/1577 2931/1804/1638 2922/1659/1497
f 2922/1659/1497 2931/1804/1638 2930/1806/1640 2921/1662/1500
f 2921/1662/1500 2930/1806/1640 2929/1808/1642 2920/1819/1653
f 2920/1819/1653 2929/1808/1642 2928/1810/1644 2919/1820/1654
f 2919/1820/1654 2928/1810/1644 2927/1812/1646 2918/1821/1655
f 2918/1821/1655 2927/1812/1646 2926/1814/1648 2917/1822/1656
f 2917/1822/1656 2926/1814/1648 2925/1816/1650 2916/1823/1657
f 2916/1823/1657 2925/1816/1650 2924/1817/1651 2914/1824/1658
f 2914/1824/1658 2924/1817/1651 2860/1818/1652 2850/1825/1659
f 2913/1663/1501 2921/1662/1500 2920/1819/1653 2912/1826/1660
f 2912/1826/1660 2920/1819/1653 2919/1820/1654 2911/1827/1661
f 2911/1827/1661 2919/1820/1654 2918/1821/1655 2910/1828/1662
f 2910/1828/1662 2918/1821/1655 2917/1822/1656 2909/1829/1663
f 2909/1829/1663 2917/1822/1656 2915/1830/1664 2908/1831/1665
f 2917/1822/1656 2916/1823/1657 2914/1824/1658 2915/1830/1664
f 2908/1831/1665 2915/1830/1664 2914/1824/1658 2907/1832/1666
f 2907/1832/1666 2914/1824/1658 2850/1825/1659 2841/1833/1667
f 1243/1666/1504 2913/1663/1501 2912/1826/1660 1242/1834/1668
f 1242/1834/1668 2912/1826/1660 2911/1827/1661 1241/1835/1669
f 1241/1835/1669 2911/1827/1661 2910/1828/1662 1240/1836/1670
f 1240/1836/1670 2910/1828/1662 2909/1829/1663 1239/1837/1671
f 1239/1837/1671 2909/1829/1663 2908/1831/1665 1238/1838/1672
f 1238/1838/1672 2908/1831/1665 2907/1832/1666 1237/1839/1673
f 1237/1839/1673 2907/1832/1666 2841/1833/1667 1236/1840/1674
f 2895/1759/1593 2906/1758/1592 2905/1841/1675 2894/1842/1676
f 2905/1841/1675 2906/1758/1592 2904/1339/1231 2903/1377/1258
f 2894/1843/1676 2905/1844/1675 2903/1378/1258 2893/1845/1677
f 2893/1845/1677 2903/1378/1258 2902/1846/1678 2892/1847/1679
f 2902/1846/1678 2903/1378/1258 2901/1380/1259 2900/1381/1260
f 2892/1847/1679 2902/1846/1678 2900/1381/1260 2891/1848/1680
f 2891/1848/1680 2900/1381/1260 2899/1382/1261 2890/1849/1681
f 2890/1849/1681 2899/1382/1261 2898/1383/1262 2889/1850/1682
f 2889/1850/1682 2898/1383/1262 2832/1384/1263 2822/1851/1683
f 2888/1772/1606 2897/1771/1605 2896/1852/1684 2887/1853/1685
f 2896/1852/1684 2897/1771/1605 2895/1759/1593 2894/1842/1676
f 2887/1854/1685 2896/1855/1684 2894/1843/1676 2886/1856/1686
f 2886/1856/1686 2894/1843/1676 2893/1845/1677 2884/1857/1687
f 2884/1857/1687 2893/1845/1677 2892/1847/1679 2883/1858/1688
f 2883/1858/1688 2892/1847/1679 2891/1848/1680 2882/1859/1689
f 2882/1859/1689 2891/1848/1680 2890/1849/1681 2881/1860/1690
f 2881/1860/1690 2890/1849/1681 2889/1850/1682 2880/1861/1691
f 2880/1861/1691 2889/1850/1682 2822/1851/1683 2812/1862/1692
f 2877/1863/1623 2888/1864/1606 2887/1854/1685 2876/1865/1693
f 2876/1865/1693 2887/1854/1685 2886/1856/1686 2875/1866/1694
f 2875/1866/1694 2886/1856/1686 2885/1867/1695 2874/1868/1696
f 2885/1867/1695 2886/1856/1686 2884/1857/1687 2883/1858/1688
f 2874/1868/1696 2885/1867/1695 2883/1858/1688 2873/1869/1697
f 2873/1869/1697 2883/1858/1688 2882/1859/1689 2872/1870/1698
f 2872/1870/1698 2882/1859/1689 2881/1860/1690 2871/1871/1699
f 2871/1871/1699 2881/1860/1690 2880/1861/1691 2870/1872/1700
f 2870/1872/1700 2880/1861/1691 2812/1862/1692 2804/1873/1701
f 2869/1874/1636 2879/1875/1635 2878/1876/1702 2868/1877/1703
f 2878/1876/1702 2879/1875/1635 2877/1863/1623 2876/1865/1693
f 2868/1877/1703 2878/1876/1702 2876/1865/1693 2867/1878/1704
f 2867/1878/1704 2876/1865/1693 2875/1866/1694 2866/1879/1705
f 2866/1879/1705 2875/1866/1694 2874/1868/1696 2865/1880/1706
f 2865/1880/1706 2874/1868/1696 2873/1869/1697 2864/1881/1707
f 2864/1881/1707 2873/1869/1697 2872/1870/1698 2863/1882/1708
f 2863/1882/1708 2872/1870/1698 2871/1871/1699 2862/1883/1709
f 2862/1883/1709 2871/1871/1699 2870/1872/1700 2861/1884/1710
f 2861/1884/1710 2870/1872/1700 2804/1873/1701 2795/1885/1711
f 2860/1886/1652 2869/1874/1636 2868/1877/1703 2859/1887/1712
f 2859/1887/1712 2868/1877/1703 2867/1878/1704 2858/1888/1713
f 2858/1888/1713 2867/1878/1704 2866/1879/1705 2856/1889/1714
f 2856/1889/1714 2866/1879/1705 2865/1880/1706 2855/1890/1715
f 2855/1890/1715 2865/1880/1706 2864/1881/1707 2854/1891/1716
f 2854/1891/1716 2864/1881/1707 2863/1882/1708 2853/1892/1717
f 2853/1892/1717 2863/1882/1708 2862/1883/1709 2852/1893/1718
f 2852/1893/1718 2862/1883/1709 2861/1884/1710 2851/1894/1719
f 2851/1894/1719 2861/1884/1710 2795/1885/1711 2785/1895/1720
f 2850/1825/1659 2860/1818/1652 2859/1896/1712 2849/1897/1721
f 2849/1898/1721 2859/1887/1712 2858/1888/1713 2848/1899/1722
f 2848/1899/1722 2858/1888/1713 2857/1900/1723 2847/1901/1724
f 2857/1900/1723 2858/1888/1713 2856/1889/1714 2855/1890/1715
f 2847/1901/1724 2857/1900/1723 2855/1890/1715 2846/1902/1725
f 2846/1902/1725 2855/1890/1715 2854/1891/1716 2845/1903/1726
f 2845/1903/1726 2854/1891/1716 2853/1892/1717 2844/1904/1727
f 2844/1904/1727 2853/1892/1717 2852/1893/1718 2843/1905/1728
f 2843/1905/1728 2852/1893/1718 2851/1894/1719 2842/1906/1729
f 2842/1906/1729 2851/1894/1719 2785/1895/1720 2775/1907/1730
f 2841/1833/1667 2850/1825/1659 2849/1897/1721 2840/1908/1731
f 2840/1908/1731 2849/1897/1721 2848/1909/1722 2839/1910/1732
f 2839/1911/1732 2848/1899/1722 2847/1901/1724 2838/1912/1733
f 2838/1912/1733 2847/1901/1724 2846/1902/1725 2837/1913/1734
f 2837/1913/1734 2846/1902/1725 2845/1903/1726 2836/1914/1735
f 2836/1914/1735 2845/1903/1726 2844/1904/1727 2835/1915/1736
f 2835/1915/1736 2844/1904/1727 2843/1905/1728 2834/1916/1737
f 2834/1916/1737 2843/1905/1728 2842/1906/1729 2833/1917/1738
f 2833/1917/1738 2842/1906/1729 2775/1907/1730 2766/1918/1739
f 1236/1840/1674 2841/1833/1667 2840/1908/1731 1235/1919/1740
f 1235/1919/1740 2840/1908/1731 2839/1910/1732 1234/1920/1741
f 1234/1921/1741 2839/1911/1732 2838/1912/1733 1233/1922/1742
f 1233/1922/1742 2838/1912/1733 2837/1913/1734 1232/1923/1743
f 1232/1923/1743 2837/1913/1734 2836/1914/1735 1231/1924/1744
f 1231/1924/1744 2836/1914/1735 2835/1915/1736 1230/1925/1745
f 1230/1925/1745 2835/1915/1736 2834/1916/1737 1229/1926/1746
f 1229/1926/1746 2834/1916/1737 2833/1917/1738 1228/1927/1747
f 1228/1927/1747 2833/1917/1738 2766/1918/1739 1227/1928/1748
f 2822/1851/1683 2832/1384/1263 2831/1607/1445 2821/1929/1749
f 2821/1929/1749 2831/1607/1445 2830/1608/1446 2820/1930/1750
f 2820/1930/1750 2830/1608/1446 2829/1609/1447 2819/1931/1751
f 2819/1931/1751 2829/1609/1447 2828/1610/1448 2818/1932/1752
f 2818/1932/1752 2828/1610/1448 2827/1612/1450 2817/1933/1753
f 2817/1933/1753 2827/1612/1450 2825/1934/1754 2816/1935/1755
f 2827/1612/1450 2826/1613/1451 2824/1614/1452 2825/1934/1754
f 2816/1935/1755 2825/1934/1754 2824/1614/1452 2815/1936/1756
f 2815/1936/1756 2824/1614/1452 2823/1615/1453 2813/1937/1757
f 2813/1937/1757 2823/1615/1453 1680/1616/1454 1670/1938/1758
f 2812/1862/1692 2822/1851/1683 2821/1929/1749 2811/1939/1759
f 2811/1939/1759 2821/1929/1749 2820/1930/1750 2810/1940/1760
f 2810/1940/1760 2820/1930/1750 2819/1931/1751 2809/1941/1761
f 2809/1941/1761 2819/1931/1751 2818/1932/1752 2808/1942/1762
f 2808/1942/1762 2818/1932/1752 2817/1933/1753 2807/1943/1763
f 2807/1943/1763 2817/1933/1753 2816/1935/1755 2806/1944/1764
f 2806/1944/1764 2816/1935/1755 2814/1945/1765 2805/1946/1766
f 2816/1935/1755 2815/1936/1756 2813/1937/1757 2814/1945/1765
f 2805/1946/1766 2814/1945/1765 1671/1947/1767 1658/1948/1768
f 2814/1945/1765 2813/1937/1757 1670/1938/1758 1671/1947/1767
f 2804/1873/1701 2812/1862/1692 2811/1939/1759 2803/1949/1769
f 2803/1949/1769 2811/1939/1759 2810/1940/1760 2802/1950/1770
f 2802/1950/1770 2810/1940/1760 2809/1941/1761 2801/1951/1771
f 2801/1951/1771 2809/1941/1761 2808/1942/1762 2800/1952/1772
f 2800/1952/1772 2808/1942/1762 2807/1943/1763 2799/1953/1773
f 2799/1953/1773 2807/1943/1763 2806/1944/1764 2798/1954/1774
f 2798/1954/1774 2806/1944/1764 2805/1946/1766 2797/1955/1775
f 2797/1955/1775 2805/1946/1766 1658/1948/1768 1647/1956/1776
f 2795/1885/1711 2804/1873/1701 2803/1949/1769 2794/1957/1777
f 2794/1957/1777 2803/1949/1769 2802/1950/1770 2793/1958/1778
f 2793/1958/1778 2802/1950/1770 2801/1951/1771 2792/1959/1779
f 2792/1959/1779 2801/1951/1771 2800/1952/1772 2791/1960/1780
f 2791/1960/1780 2800/1952/1772 2799/1953/1773 2790/1961/1781
f 2790/1961/1781 2799/1953/1773 2798/1954/1774 2789/1962/1782
f 2789/1962/1782 2798/1954/1774 2797/1955/1775 2787/1963/1783
f 2787/1963/1783 2797/1955/1775 2796/1964/1784 2786/1965/1785
f 2796/1964/1784 2797/1955/1775 1647/1956/1776 1646/1966/1786
f 2786/1965/1785 2796/1964/1784 1646/1966/1786 1635/1967/1787
f 2785/1895/1720 2795/1885/1711 2794/1957/1777 2784/1968/1788
f 2784/1968/1788 2794/1957/1777 2793/1958/1778 2783/1969/1789
f 2783/1969/1789 2793/1958/1778 2792/1959/1779 2782/1970/1790
f 2782/1970/1790 2792/1959/1779 2791/1960/1780 2781/1971/1791
f 2781/1971/1791 2791/1960/1780 2790/1961/1781 2780/1972/1792
f 2780/1972/1792 2790/1961/1781 2789/1962/1782 2778/1973/1793
f 2778/1973/1793 2789/1962/1782 2788/1974/1794 2777/1975/1795
f 2788/1974/1794 2789/1962/1782 2787/1963/1783 2786/1965/1785
f 2777/1975/1795 2788/1974/1794 2786/1965/1785 2776/1976/1796
f 2776/1976/1796 2786/1965/1785 1635/1967/1787 1626/1977/1797
f 2775/1907/1730 2785/1895/1720 2784/1968/1788 2774/1978/1798
f 2774/1978/1798 2784/1968/1788 2783/1969/1789 2773/1979/1799
f 2773/1979/1799 2783/1969/1789 2782/1970/1790 2772/1980/1800
f 2772/1980/1800 2782/1970/1790 2781/1971/1791 2771/1981/1801
f 2771/1981/1801 2781/1971/1791 2780/1972/1792 2770/1982/1802
f 2770/1982/1802 2780/1972/1792 2779/1983/1803 2769/1984/1804
f 2779/1983/1803 2780/1972/1792 2778/1973/1793 2777/1975/1795
f 2769/1984/1804 2779/1983/1803 2777/1975/1795 2768/1985/1805
f 2768/1985/1805 2777/1975/1795 2776/1976/1796 2767/1986/1806
f 2767/1986/1806 2776/1976/1796 1626/1977/1797 1616/1987/1807
f 2766/1918/1739 2775/1907/1730 2774/1978/1798 2765/1988/1808
f 2765/1988/1808 2774/1978/1798 2773/1979/1799 2764/1989/1809
f 2764/1989/1809 2773/1979/1799 2772/1980/1800 2763/1990/1810
f 2763/1990/1810 2772/1980/1800 2771/1981/1801 2762/1991/1811
f 2762/1991/1811 2771/1981/1801 2770/1982/1802 2761/1992/1812
f 2761/1992/1812 2770/1982/1802 2769/1984/1804 2760/1993/1813
f 2760/1993/1813 2769/1984/1804 2768/1985/1805 2759/1994/1814
f 2759/1994/1814 2768/1985/1805 2767/1986/1806 2758/1995/1815
f 2758/1995/1815 2767/1986/1806 1616/1987/1807 1607/1996/1816
f 1227/1928/1748 2766/1918/1739 2765/1988/1808 1226/1997/1817
f 1226/1997/1817 2765/1988/1808 2764/1989/1809 1225/1998/1818
f 1225/1998/1818 2764/1989/1809 2763/1990/1810 1224/1999/1819
f 1224/1999/1819 2763/1990/1810 2762/1991/1811 1223/2000/1820
f 1223/2000/1820 2762/1991/1811 2761/1992/1812 1222/2001/1821
f 1222/2001/1821 2761/1992/1812 2760/1993/1813 1221/2002/1822
f 1221/2002/1822 2760/1993/1813 2759/1994/1814 1220/2003/1823
f 1220/2003/1823 2759/1994/1814 2758/1995/1815 1219/2004/1824
f 1219/2004/1824 2758/1995/1815 1607/1996/1816 1218/2005/1825
f 3354/1284/1178 3355/2006/1826 3350/2007/1827 3349/1287/1181
f 3337/2008/1200 3355/2006/1826 3354/1284/1178 3336/1283/1177
f 3355/2006/1826 3356/2009/1828 3351/2010/1829 3350/2007/1827
f 3338/1303/1197 3356/2011/1828 3355/2012/1826 3337/1306/1200
f 3356/2011/1828 3357/2013/1830 3352/2014/1831 3351/2015/1829
f 3339/1300/1194 3357/2013/1830 3356/2011/1828 3338/1303/1197
f 3357/2016/1830 3358/2017/1832 3353/2018/1833 3352/2019/1831
f 3340/2020/1193 3358/2017/1832 3357/2016/1830 3339/2021/1194
f 3345/1295/1189 3362/2022/1834 3358/2023/1832 3340/1299/1193
f 3362/2022/1834 3363/2024/1835 3359/2025/1836 3358/2023/1832
f 3346/1293/1187 3363/2024/1835 3362/2022/1834 3345/1295/1189
f 3363/2024/1835 3364/2026/1837 3360/2027/1838 3359/2025/1836
f 3347/1291/1185 3364/2026/1837 3363/2024/1835 3346/1293/1187
f 3364/2026/1837 3365/2028/1839 3361/2029/1840 3360/2027/1838
f 3348/1290/1184 3365/2028/1839 3364/2026/1837 3347/1291/1185
f 3311/1340/1232 3366/2030/1841 3196/1506/1358 3163/1341/1233
f 3349/1287/1181 3366/2030/1841 3311/1340/1232 3309/1288/1182
f 3366/2030/1841 3367/2031/1842 3197/1503/1356 3196/1506/1358
f 51/1277/1171 401/1273/1167 399/1271/1165 2111/2032/1843
f 3350/2007/1827 3367/2031/1842 3366/2030/1841 3349/1287/1181
f 3367/2031/1842 3368/2033/1844 3198/1501/1354 3197/1503/1356
f 2111/2032/1843 399/1271/1165 397/1269/1163 2110/2034/1845
f 3351/2015/1829 3368/2035/1844 3367/2036/1842 3350/2037/1827
f 3368/2033/1844 3369/2038/1846 3199/1498/1353 3198/1501/1354
f 2110/2034/1845 397/1269/1163 396/1268/1162 2109/2039/1847
f 3352/2014/1831 3369/2040/1846 3368/2035/1844 3351/2015/1829
f 2109/2039/1847 396/1268/1162 395/1266/1160 2107/2041/1848
f 3353/2042/1833 3370/2043/1849 3369/2040/1846 3352/2014/1831
f 2107/2041/1848 395/1266/1160 394/1267/1161 2105/2044/1850
f 394/1267/1161 369/1244/1138 2103/2045/1851 2105/2044/1850
f 3358/2046/1832 3374/2047/1852 3370/2048/1849 3353/2049/1833
f 3374/2050/1852 3375/2051/1853 3371/2052/1854 3370/2043/1849
f 3359/2025/1836 3375/2051/1853 3374/2050/1852 3358/2023/1832
f 3360/2027/1838 3376/2053/1855 3375/2051/1853 3359/2025/1836
f 3376/2053/1855 3377/2054/1856 3373/2055/1857 3372/2056/1858
f 3361/2029/1840 3377/2054/1856 3376/2053/1855 3360/2027/1838
f 3369/2040/1846 3378/2057/1859 3206/1484/1343 3199/2058/1353
f 3378/2057/1859 3379/2059/1860 3207/1483/1342 3206/1484/1343
f 3370/2043/1849 3379/2059/1860 3378/2057/1859 3369/2040/1846
f 3371/2052/1854 3380/2060/1861 3379/2059/1860 3370/2043/1849
f 3373/2055/1857 3382/2061/1862 3381/2062/1863 3372/2056/1858
f 3375/2051/1853 3383/2063/1864 3380/2060/1861 3371/2052/1854
f 3383/2063/1864 3384/2064/1865 3381/2062/1863 3380/2060/1861
f 3376/2053/1855 3384/2064/1865 3383/2063/1864 3375/2051/1853
f 3384/2064/1865 3376/2053/1855 3372/2056/1858 3381/2062/1863
f 3379/2059/1860 3385/2065/1866 3217/1455/1322 3207/1483/1342
f 3385/2066/1866 3386/2067/1867 3218/1450/1319 3217/2068/1322
f 3380/2060/1861 3386/2069/1867 3385/2065/1866 3379/2059/1860
f 3386/2067/1867 3387/2070/1868 3219/1446/1316 3218/1450/1319
f 3381/2062/1863 3387/2071/1868 3386/2069/1867 3380/2060/1861
f 3387/2070/1868 3388/2072/1869 3220/1443/1284 3219/1446/1316
f 3382/2061/1862 3388/2073/1869 3387/2071/1868 3381/2062/1863
f 3067/1689/1527 3389/2074/1870 3319/1313/1205 2999/1331/1223
f 3068/1685/1523 3396/2075/1871 3389/2074/1870 3067/1689/1527
f 3396/2075/1871 3397/2076/1872 3390/2077/1873 3389/2074/1870
f 2103/2045/1851 369/1244/1138 271/1139/1046 2003/2078/1874
f 3069/1683/1521 3397/2076/1872 3396/2075/1871 3068/1685/1523
f 3397/2076/1872 3398/2079/1875 3391/2080/1876 3390/2077/1873
f 3070/1681/1519 3398/2079/1875 3397/2076/1872 3069/1683/1521
f 3398/2079/1875 3399/2081/1877 3392/2082/1878 3391/2080/1876
f 3071/1678/1516 3399/2081/1877 3398/2079/1875 3070/1681/1519
f 3399/2081/1877 3400/2083/1879 3393/2084/1880 3392/2082/1878
f 3072/1675/1513 3400/2083/1879 3399/2081/1877 3071/1678/1516
f 3400/2083/1879 3401/2085/1881 3394/2086/1882 3393/2084/1880
f 3073/1672/1510 3401/2085/1881 3400/2083/1879 3072/1675/1513
f 3074/1669/1507 3402/2087/1883 3401/2085/1881 3073/1672/1510
f 3402/2087/1883 432/171/144 431/157/131 3395/2088/1884
f 423/172/145 432/171/144 3402/2087/1883 3074/1669/1507
f 3335/1314/1206 3405/2089/1885 3403/2090/1886 3327/1289/1183
f 3389/2074/1870 3405/2089/1885 3335/1314/1206 3319/1313/1205
f 3405/2089/1885 3406/2091/1887 3404/2092/1888 3403/2090/1886
f 3390/2077/1873 3406/2091/1887 3405/2089/1885 3389/2074/1870
f 3391/2080/1876 3407/2093/1889 3406/2091/1887 3390/2077/1873
f 3392/2082/1878 3408/2094/1890 3407/2093/1889 3391/2080/1876
f 3393/2084/1880 3409/2095/1891 3408/2094/1890 3392/2082/1878
f 3394/2086/1882 3410/2096/1892 3409/2095/1891 3393/2084/1880
f 431/157/131 433/131/108 3411/2097/1893 3395/2088/1884
f 3401/2085/1881 3412/2098/1894 3410/2096/1892 3394/2086/1882
f 3412/2098/1894 3413/2099/1895 3411/2097/1893 3410/2096/1892
f 3402/2087/1883 3413/2099/1895 3412/2098/1894 3401/2085/1881
f 3413/2099/1895 3402/2087/1883 3395/2088/1884 3411/2097/1893
f 3403/2090/1886 3414/2100/1896 3348/1290/1184 3327/1289/1183
f 3404/2092/1888 3415/2101/1897 3414/2100/1896 3403/2090/1886
f 3406/2091/1887 3421/2102/1898 3415/2101/1897 3404/2092/1888
f 3421/2102/1898 3422/2103/1899 3416/2104/1900 3415/2101/1897
f 3407/2093/1889 3422/2103/1899 3421/2102/1898 3406/2091/1887
f 3422/2103/1899 3423/2105/1901 3417/2106/1902 3416/2104/1900
f 3408/2094/1890 3423/2105/1901 3422/2103/1899 3407/2093/1889
f 3423/2105/1901 3424/2107/1903 3418/2108/1904 3417/2106/1902
f 3409/2095/1891 3424/2107/1903 3423/2105/1901 3408/2094/1890
f 3424/2107/1903 3425/2109/1905 3419/2110/1906 3418/2108/1904
f 3410/2096/1892 3425/2109/1905 3424/2107/1903 3409/2095/1891
f 3425/2109/1905 3426/2111/1907 3420/2112/1908 3419/2110/1906
f 3411/2097/1893 3426/2111/1907 3425/2109/1905 3410/2096/1892
f 3426/2111/1907 435/130/107 434/101/86 3420/2112/1908
f 433/131/108 435/130/107 3426/2111/1907 3411/2097/1893
f 3365/2028/1839 3434/2113/1909 3427/2114/1910 3361/2029/1840
f 3414/2100/1896 3434/2113/1909 3365/2028/1839 3348/1290/1184
f 3434/2113/1909 3435/2115/1911 3428/2116/1912 3427/2114/1910
f 3415/2101/1897 3435/2115/1911 3434/2113/1909 3414/2100/1896
f 3435/2115/1911 3436/2117/1913 3429/2118/1914 3428/2116/1912
f 3416/2104/1900 3436/2117/1913 3435/2115/1911 3415/2101/1897
f 3436/2117/1913 3437/2119/1915 3430/2120/1916 3429/2118/1914
f 3417/2106/1902 3437/2119/1915 3436/2117/1913 3416/2104/1900
f 3437/2119/1915 3438/2121/1917 3431/2122/1918 3430/2120/1916
f 3418/2108/1904 3438/2121/1917 3437/2119/1915 3417/2106/1902
f 3438/2121/1917 3439/2123/1919 3432/2124/1920 3431/2122/1918
f 3419/2110/1906 3439/2123/1919 3438/2121/1917 3418/2108/1904
f 3439/2123/1919 3440/2125/1921 3433/2126/1922 3432/2124/1920
f 3420/2112/1908 3440/2125/1921 3439/2123/1919 3419/2110/1906
f 3440/2125/1921 437/100/85 436/2127/87 3433/2126/1922
f 434/101/86 437/100/85 3440/2125/1921 3420/2112/1908
f 3377/2054/1856 3449/2128/1923 3441/2129/1924 3373/2055/1857
f 3427/2114/1910 3449/2128/1923 3377/2054/1856 3361/2029/1840
f 3449/2128/1923 3450/2130/1925 3442/2131/1926 3441/2129/1924
f 3428/2116/1912 3450/2130/1925 3449/2128/1923 3427/2114/1910
f 3450/2130/1925 3451/2132/1927 3443/2133/1928 3442/2131/1926
f 3429/2118/1914 3451/2132/1927 3450/2130/1925 3428/2116/1912
f 3451/2132/1927 3452/2134/1929 3444/2135/1930 3443/2133/1928
f 3430/2120/1916 3452/2134/1929 3451/2132/1927 3429/2118/1914
f 3452/2134/1929 3453/2136/1931 3445/2137/1932 3444/2135/1930
f 3431/2122/1918 3453/2136/1931 3452/2134/1929 3430/2120/1916
f 3453/2136/1931 3454/2138/1933 3446/2139/1934 3445/2137/1932
f 3432/2124/1920 3454/2138/1933 3453/2136/1931 3431/2122/1918
f 3454/2138/1933 3455/2140/1935 3447/2141/1936 3446/2139/1934
f 3433/2126/1922 3455/2140/1935 3454/2138/1933 3432/2124/1920
f 3455/2140/1935 3456/2142/1937 3448/2143/1938 3447/2141/1936
f 436/2127/87 3456/2142/1937 3455/2140/1935 3433/2126/1922
f 3441/2129/1924 3457/2144/1939 3382/2061/1862 3373/2055/1857
f 3442/2131/1926 3458/2145/1940 3457/2144/1939 3441/2129/1924
f 3443/2133/1928 3459/2146/1941 3458/2145/1940 3442/2131/1926
f 3444/2135/1930 3460/2147/1942 3459/2146/1941 3443/2133/1928
f 3445/2137/1932 3461/2148/1943 3460/2147/1942 3444/2135/1930
f 3446/2139/1934 3462/2149/1944 3461/2148/1943 3445/2137/1932
f 3462/2149/1944 3463/2150/1945 3239/1437/1312 3238/1442/1314
f 3447/2141/1936 3463/2150/1945 3462/2149/1944 3446/2139/1934
f 3463/2150/1945 3464/2151/1946 3240/1434/1309 3239/1437/1312
f 3448/2143/1938 3464/2151/1946 3463/2150/1945 3447/2141/1936
f 3388/2073/1869 3465/2152/1947 3246/1406/1281 3220/1409/1284
f 3457/2144/1939 3465/2152/1947 3388/2073/1869 3382/2061/1862
f 3465/2152/1947 3466/2153/1948 3247/1402/1278 3246/1406/1281
f 3458/2145/1940 3466/2153/1948 3465/2152/1947 3457/2144/1939
f 3466/2153/1948 3467/2154/1949 3248/1398/1275 3247/1402/1278
f 3459/2146/1941 3467/2154/1949 3466/2153/1948 3458/2145/1940
f 3467/2154/1949 3468/2155/1950 3249/1395/1272 3248/1398/1275
f 3460/2147/1942 3468/2155/1950 3467/2154/1949 3459/2146/1941
f 3468/2155/1950 3469/2156/1951 3250/2157/1269 3249/1395/1272
f 3461/2148/1943 3469/2156/1951 3468/2155/1950 3460/2147/1942
f 3469/2156/1951 3470/2158/1952 3251/1441/1265 3250/2157/1269
f 3462/2149/1944 3470/2158/1952 3469/2156/1951 3461/2148/1943
f 3470/2158/1952 3462/2149/1944 3238/1442/1314 3251/1441/1265
f 3186/1524/1373 3471/2159/1953 2491/2160/1954 2102/1526/1375
f 3187/1522/1371 3473/2161/1955 3471/2159/1953 3186/1524/1373
f 2003/2078/1874 271/1139/1046 270/1137/1044 2001/2162/1956
f 3473/2161/1955 3474/2163/1957 3472/2164/1958 3471/2159/1953
f 2001/2162/1956 270/1137/1044 269/1138/1045 1999/2165/1959
f 269/1138/1045 263/1124/1037 1982/2166/1960 1999/2165/1959
f 3188/1520/1369 3476/2167/1961 3473/2161/1955 3187/1522/1371
f 3476/2168/1961 3477/2169/1962 3474/2170/1957 3473/2171/1955
f 3189/1519/1368 3477/2172/1962 3476/2167/1961 3188/1520/1369
f 3477/2169/1962 3478/2173/1963 3475/2174/1964 3474/2170/1957
f 3191/1512/1364 3479/2175/1965 3477/2169/1962 3189/2176/1368
f 3479/2175/1965 3480/2177/1966 3478/2173/1963 3477/2169/1962
f 1982/2166/1960 263/1124/1037 262/1127/1038 1981/2178/1967
f 262/2179/1038 254/1117/1030 1968/2180/1968 1981/2181/1967
f 3192/1511/1363 3480/2177/1966 3479/2175/1965 3191/1512/1364
f 3194/1482/1341 3481/2182/1969 3480/2177/1966 3192/1511/1363
f 3471/2159/1953 3482/2183/1970 2499/2184/1971 2491/2160/1954
f 3482/2183/1970 3483/2185/1972 2500/2186/1973 2499/2184/1971
f 3472/2164/1958 3483/2185/1972 3482/2183/1970 3471/2159/1953
f 3474/2170/1957 3485/2187/1974 3483/2188/1972 3472/2189/1958
f 3485/2187/1974 3486/2190/1975 3484/2191/1976 3483/2188/1972
f 254/1117/1030 247/1110/1023 1957/2192/1977 1968/2180/1968
f 3475/2174/1964 3486/2190/1975 3485/2187/1974 3474/2170/1957
f 3478/2173/1963 3487/2193/1978 3486/2190/1975 3475/2174/1964
f 3483/2185/1972 3488/2194/1979 2511/2195/1980 2500/2186/1973
f 3488/2196/1979 3489/2197/1981 2512/2198/1982 2511/2199/1980
f 3484/2200/1976 3489/2201/1981 3488/2194/1979 3483/2185/1972
f 3486/2190/1975 3490/2202/1983 3489/2203/1981 3484/2191/1976
f 247/1110/1023 241/1104/1017 1945/2204/1984 1957/2192/1977
f 3480/2177/1966 3492/2205/1985 3491/2206/1986 3478/2173/1963
f 3481/2182/1969 3495/2207/1987 3492/2205/1985 3480/2177/1966
f 3221/1479/1338 3495/2207/1987 3481/2182/1969 3194/1482/1341
f 3495/2207/1987 3496/2208/1988 3493/2209/1989 3492/2205/1985
f 3222/1478/1337 3496/2208/1988 3495/2207/1987 3221/1479/1338
f 241/1104/1017 235/1098/1011 1934/2210/1990 1945/2204/1984
f 3496/2208/1988 3497/2211/1991 3494/2212/1992 3493/2209/1989
f 3224/1474/1333 3499/2213/1993 3496/2208/1988 3222/1478/1337
f 3499/2213/1993 3500/2214/1994 3497/2211/1991 3496/2208/1988
f 3225/1473/1331 3500/2214/1994 3499/2213/1993 3224/1474/1333
f 3500/2214/1994 3501/2215/1995 3498/2216/1996 3497/2211/1991
f 235/1098/1011 228/1091/1004 1925/2217/1997 1934/2210/1990
f 3226/2218/1330 3501/2215/1995 3500/2214/1994 3225/1473/1331
f 3228/2219/1326 3506/2220/1998 3501/2215/1995 3226/2218/1330
f 3506/2220/1998 3507/2221/1999 3502/2222/2000 3501/2215/1995
f 3229/1456/1323 3507/2223/1999 3506/2224/1998 3228/1463/1326
f 3507/2221/1999 3508/2225/2001 3503/2226/2002 3502/2222/2000
f 3230/1452/1320 3508/2227/2001 3507/2223/1999 3229/1456/1323
f 228/1091/1004 97/954/867 1597/2228/2003 1925/2217/1997
f 3508/2225/2001 3509/2229/2004 3504/2230/2005 3503/2226/2002
f 3231/1448/1317 3509/2231/2004 3508/2227/2001 3230/1452/1320
f 3509/2229/2004 3510/2232/2006 3505/2233/2007 3504/2230/2005
f 3232/1410/1285 3510/2234/2006 3509/2231/2004 3231/1448/1317
f 3487/2193/1978 3514/2235/2008 3511/2236/2009 3486/2190/1975
f 3491/2206/1986 3514/2235/2008 3487/2193/1978 3478/2173/1963
f 3514/2235/2008 3515/2237/2010 3512/2238/2011 3511/2236/2009
f 3492/2205/1985 3520/2239/2012 3514/2235/2008 3491/2206/1986
f 3520/2239/2012 3521/2240/2013 3515/2237/2010 3514/2235/2008
f 3493/2209/1989 3521/2240/2013 3520/2239/2012 3492/2205/1985
f 3521/2240/2013 3522/2241/2014 3516/2242/2015 3515/2237/2010
f 3494/2212/1992 3522/2241/2014 3521/2240/2013 3493/2209/1989
f 3525/2243/2016 3526/2244/2017 3518/2245/2018 3517/2246/2019
f 3526/2244/2017 3527/2247/2020 3519/2248/2021 3518/2245/2018
f 3497/2211/1991 3528/2249/2022 3522/2241/2014 3494/2212/1992
f 3528/2249/2022 3529/2250/2023 3523/2251/2024 3522/2241/2014
f 3498/2216/1996 3529/2250/2023 3528/2249/2022 3497/2211/1991
f 3529/2250/2023 3530/2252/2025 3524/2253/2026 3523/2251/2024
f 3530/2252/2025 3531/2254/2027 3525/2243/2016 3524/2253/2026
f 3531/2254/2027 3532/2255/2028 3526/2244/2017 3525/2243/2016
f 3532/2255/2028 3533/2256/2029 3527/2247/2020 3526/2244/2017
f 3501/2215/1995 3534/2257/2030 3529/2250/2023 3498/2216/1996
f 3534/2257/2030 3535/2258/2031 3530/2252/2025 3529/2250/2023
f 3502/2222/2000 3535/2258/2031 3534/2257/2030 3501/2215/1995
f 3535/2258/2031 3536/2259/2032 3531/2254/2027 3530/2252/2025
f 3503/2226/2002 3536/2259/2032 3535/2258/2031 3502/2222/2000
f 3536/2259/2032 3537/2260/2033 3532/2255/2028 3531/2254/2027
f 3504/2230/2005 3537/2260/2033 3536/2259/2032 3503/2226/2002
f 3537/2260/2033 3538/2261/2034 3533/2256/2029 3532/2255/2028
f 3505/2233/2007 3538/2261/2034 3537/2260/2033 3504/2230/2005
f 3489/2197/1981 3539/2262/2035 2557/2263/2036 2512/2198/1982
f 3544/2264/2037 3545/2265/2038 2559/2266/2039 2558/2267/2040
f 3490/2202/1983 3546/2268/2041 3539/2269/2035 3489/2203/1981
f 3511/2236/2009 3546/2268/2041 3490/2202/1983 3486/2190/1975
f 3546/2268/2041 3547/2270/2042 3540/2271/2043 3539/2269/2035
f 3512/2238/2011 3547/2270/2042 3546/2268/2041 3511/2236/2009
f 3547/2270/2042 3548/2272/2044 3541/2273/2045 3540/2271/2043
f 3550/2274/2046 3551/2275/2047 3543/2276/2048 3542/2277/2049
f 3551/2275/2047 3552/2278/2050 3544/2264/2037 3543/2276/2048
f 3552/2278/2050 3553/2279/2051 3545/2265/2038 3544/2264/2037
f 3515/2237/2010 3554/2280/2052 3547/2270/2042 3512/2238/2011
f 3554/2280/2052 3555/2281/2053 3548/2272/2044 3547/2270/2042
f 3516/2242/2015 3555/2281/2053 3554/2280/2052 3515/2237/2010
f 3555/2281/2053 3556/2282/2054 3549/2283/2055 3548/2272/2044
f 3556/2282/2054 3557/2284/2056 3550/2274/2046 3549/2283/2055
f 3557/2284/2056 3558/2285/2057 3551/2275/2047 3550/2274/2046
f 3558/2285/2057 3559/2286/2058 3552/2278/2050 3551/2275/2047
f 3518/2245/2018 3559/2286/2058 3558/2285/2057 3517/2246/2019
f 3559/2286/2058 3560/2287/2059 3553/2279/2051 3552/2278/2050
f 3519/2248/2021 3560/2287/2059 3559/2286/2058 3518/2245/2018
f 3560/2287/2059 3519/2248/2021 3513/2288/2060 3553/2279/2051
f 3522/2241/2014 3561/2289/2061 3555/2281/2053 3516/2242/2015
f 3561/2289/2061 3562/2290/2062 3556/2282/2054 3555/2281/2053
f 3523/2251/2024 3562/2290/2062 3561/2289/2061 3522/2241/2014
f 3562/2290/2062 3563/2291/2063 3557/2284/2056 3556/2282/2054
f 3524/2253/2026 3563/2291/2063 3562/2290/2062 3523/2251/2024
f 3563/2291/2063 3564/2292/2064 3558/2285/2057 3557/2284/2056
f 3525/2243/2016 3564/2292/2064 3563/2291/2063 3524/2253/2026
f 3564/2292/2064 3525/2243/2016 3517/2246/2019 3558/2285/2057
f 3539/2262/2035 3565/2293/2065 2569/2294/2066 2557/2263/2036
f 3565/2293/2065 3566/2295/2067 2570/2296/2068 2569/2294/2066
f 3540/2271/2043 3566/2297/2067 3565/2298/2065 3539/2269/2035
f 3566/2297/2067 3567/2299/2069 2571/2300/2070 2570/2301/2068
f 3541/2273/2045 3567/2299/2069 3566/2297/2067 3540/2271/2043
f 3567/2299/2069 3568/2302/2071 2572/2303/2072 2571/2300/2070
f 3568/2302/2071 3569/2304/2073 2573/2305/2074 2572/2303/2072
f 3569/2304/2073 3570/2306/2075 2574/2307/2076 2573/2305/2074
f 3543/2276/2048 3570/2306/2075 3569/2304/2073 3542/2277/2049
f 3570/2306/2075 3571/2308/2077 2575/2309/2078 2574/2307/2076
f 3544/2264/2037 3571/2308/2077 3570/2306/2075 3543/2276/2048
f 3571/2308/2077 3544/2264/2037 2558/2267/2040 2575/2309/2078
f 3548/2272/2044 3572/2310/2079 3567/2299/2069 3541/2273/2045
f 3572/2310/2079 3573/2311/2080 3568/2302/2071 3567/2299/2069
f 3549/2283/2055 3573/2311/2080 3572/2310/2079 3548/2272/2044
f 3573/2311/2080 3574/2312/2081 3569/2304/2073 3568/2302/2071
f 3550/2274/2046 3574/2312/2081 3573/2311/2080 3549/2283/2055
f 3574/2312/2081 3550/2274/2046 3542/2277/2049 3569/2304/2073
f 3576/2313/2082 3577/2314/2083 2669/2315/2084 2668/2316/2085
f 3577/2314/2083 3578/2317/2086 2670/2318/2087 2669/2315/2084
f 3255/1432/1307 3578/2317/2086 3577/2314/2083 3254/1433/1308
f 3578/2317/2086 3255/1432/1307 53/1279/1173 2670/2318/2087
f 3580/2319/2088 3581/2320/2089 3576/2313/2082 3575/2321/2090
f 3581/2320/2089 3582/2322/2091 3577/2314/2083 3576/2313/2082
f 3582/2322/2091 3256/1431/1306 3254/1433/1308 3577/2314/2083
f 3584/2323/2092 3585/2324/2093 3580/2319/2088 3579/2325/2094
f 3585/2324/2093 3586/2326/2095 3581/2320/2089 3580/2319/2088
f 3586/2326/2095 3587/2327/2096 3582/2322/2091 3581/2320/2089
f 3259/1428/1303 3587/2327/2096 3586/2326/2095 3258/1429/1304
f 3587/2327/2096 3259/1428/1303 3256/1431/1306 3582/2322/2091
f 3588/2328/2097 3589/2329/2098 3584/2323/2092 3583/2330/2099
f 3589/2329/2098 3590/2331/2100 3585/2324/2093 3584/2323/2092
f 3590/2331/2100 3591/2332/2101 3586/2326/2095 3585/2324/2093
f 3591/2332/2101 3261/1426/1301 3258/1429/1304 3586/2326/2095
f 3592/2333/2102 3593/2334/2103 3589/2329/2098 3588/2328/2097
f 3593/2334/2103 3594/2335/2104 3590/2331/2100 3589/2329/2098
f 3594/2335/2104 3595/2336/2105 3591/2332/2101 3590/2331/2100
f 3265/1422/1297 3595/2336/2105 3594/2335/2104 3264/1423/1298
f 3595/2336/2105 3265/1422/1297 3261/1426/1301 3591/2332/2101
f 3598/2337/2106 3599/2338/2107 3593/2334/2103 3592/2333/2102
f 3599/2338/2107 3600/2339/2108 3594/2335/2104 3593/2334/2103
f 3269/1416/1291 3600/2339/2108 3599/2338/2107 3268/1417/1292
f 3600/2339/2108 3269/1416/1291 3264/1423/1298 3594/2335/2104
f 3510/2234/2006 3601/2340/2109 3596/2341/2110 3505/2342/2007
f 3273/1407/1282 3601/2340/2109 3510/2234/2006 3232/1410/1285
f 3601/2340/2109 3602/2343/2111 3597/2344/2112 3596/2341/2110
f 3274/1404/1279 3602/2343/2111 3601/2340/2109 3273/1407/1282
f 3602/2345/2111 3603/2346/2113 3598/2337/2106 3597/2347/2112
f 3275/1403/1276 3603/2348/2113 3602/2343/2111 3274/1404/1279
f 3603/2346/2113 3604/2349/2114 3599/2338/2107 3598/2337/2106
f 3276/2350/1273 3604/2351/2114 3603/2348/2113 3275/1403/1276
f 3604/2349/2114 3276/1394/1273 3268/1417/1292 3599/2338/2107
f 3607/2352/2115 3608/2353/2116 2692/2354/2117 2691/2355/2118
f 3608/2353/2116 3609/2356/2119 2693/2357/2120 2692/2354/2117
f 3609/2356/2119 3610/2358/2121 2694/2359/2122 2693/2357/2120
f 3576/2313/2082 3610/2358/2121 3609/2356/2119 3575/2321/2090
f 3610/2358/2121 3576/2313/2082 2668/2316/2085 2694/2359/2122
f 3611/2360/2123 3612/2361/2124 3606/2362/2125 3605/2363/2126
f 3612/2361/2124 3613/2364/2127 3607/2352/2115 3606/2362/2125
f 3613/2364/2127 3614/2365/2128 3608/2353/2116 3607/2352/2115
f 3614/2365/2128 3615/2366/2129 3609/2356/2119 3608/2353/2116
f 3580/2319/2088 3615/2366/2129 3614/2365/2128 3579/2325/2094
f 3615/2366/2129 3580/2319/2088 3575/2321/2090 3609/2356/2119
f 3519/2248/2021 3616/2367/2130 3611/2360/2123 3513/2288/2060
f 3616/2367/2130 3617/2368/2131 3612/2361/2124 3611/2360/2123
f 3617/2368/2131 3618/2369/2132 3613/2364/2127 3612/2361/2124
f 3618/2369/2132 3619/2370/2133 3614/2365/2128 3613/2364/2127
f 3584/2323/2092 3619/2370/2133 3618/2369/2132 3583/2330/2099
f 3619/2370/2133 3584/2323/2092 3579/2325/2094 3614/2365/2128
f 3527/2247/2020 3620/2371/2134 3616/2367/2130 3519/2248/2021
f 3620/2371/2134 3621/2372/2135 3617/2368/2131 3616/2367/2130
f 97/954/867 91/948/861 1588/2373/2136 1597/2228/2003
f 3621/2372/2135 3622/2374/2137 3618/2369/2132 3617/2368/2131
f 3622/2374/2137 3588/2328/2097 3583/2330/2099 3618/2369/2132
f 3533/2256/2029 3623/2375/2138 3620/2371/2134 3527/2247/2020
f 3623/2375/2138 3624/2376/2139 3621/2372/2135 3620/2371/2134
f 3624/2376/2139 3625/2377/2140 3622/2374/2137 3621/2372/2135
f 91/948/861 85/942/855 1579/2378/2141 1588/2373/2136
f 3625/2377/2140 3592/2333/2102 3588/2328/2097 3622/2374/2137
f 3538/2261/2034 3626/2379/2142 3623/2375/2138 3533/2256/2029
f 3596/2380/2110 3626/2379/2142 3538/2261/2034 3505/2233/2007
f 3626/2379/2142 3627/2381/2143 3624/2376/2139 3623/2375/2138
f 3597/2347/2112 3627/2381/2143 3626/2379/2142 3596/2380/2110
f 85/942/855 78/935/848 1570/2382/2144 1579/2378/2141
f 3627/2381/2143 3628/2383/2145 3625/2377/2140 3624/2376/2139
f 3598/2337/2106 3628/2383/2145 3627/2381/2143 3597/2347/2112
f 3628/2383/2145 3598/2337/2106 3592/2333/2102 3625/2377/2140
f 3545/2265/2038 3629/2384/2146 2715/2385/2147 2559/2266/2039
f 3629/2384/2146 3630/2386/2148 2716/2387/2149 2715/2385/2147
f 3606/2362/2125 3630/2386/2148 3629/2384/2146 3605/2363/2126
f 78/935/848 71/928/841 1562/2388/2150 1570/2382/2144
f 3630/2386/2148 3631/2389/2151 2717/2390/2152 2716/2387/2149
f 3607/2352/2115 3631/2389/2151 3630/2386/2148 3606/2362/2125
f 3631/2389/2151 3607/2352/2115 2691/2355/2118 2717/2390/2152
f 3553/2279/2051 3632/2391/2153 3629/2384/2146 3545/2265/2038
f 3611/2360/2123 3632/2391/2153 3553/2279/2051 3513/2288/2060
f 3632/2391/2153 3611/2360/2123 3605/2363/2126 3629/2384/2146
f 71/928/841 65/322/278 1554/2392/2154 1562/2388/2150
f 3242/1419/1294 986/333/288 982/340/295 430/348/303
f 3245/1440/1313 989/328/283 986/333/288 3242/1419/1294
f 3253/1439/1310 991/326/282 989/328/283 3245/1440/1313
f 962/327/53 991/326/282 3253/1439/1310 3240/2393/1309
f 3255/1432/1307 993/313/269 405/319/275 53/1279/1173
f 65/322/278 59/321/277 1546/2394/2155 1554/2392/2154
f 3257/1430/1305 995/310/266 993/313/269 3255/1432/1307
f 3260/1427/1302 996/305/261 995/310/266 3257/1430/1305
f 3263/1424/1299 997/302/258 996/305/261 3260/1427/1302
f 978/303/259 997/302/258 3263/1424/1299 429/349/304
f 60/307/263 54/66/57 2757/2395/2156 59/321/277
f 59/321/277 2757/2395/2156 1537/2396/2157 1546/2394/2155
f 3456/2142/1937 1152/77/65 1147/60/52 3448/2143/1938
f 1137/99/66 1152/77/65 3456/2142/1937 436/2127/87
f 3464/2151/1946 1155/59/51 962/62/53 3240/1434/1309
f 1147/60/52 1155/59/51 3464/2151/1946 3448/2143/1938
f 54/66/57 1/65/56 1209/2397/2158 1538/2398/2159
f 54/66/57 1538/2398/2159 1537/2396/2157 2757/2395/2156
f 2756/2399/2160 2744/2400/2161 2741/2401/2162 2754/2402/2163
f 2744/2400/2161 2756/2399/2160 2755/2403/2164 2743/2404/2165
f 2755/2403/2164 2756/2399/2160 2754/2402/2163 2753/2405/2166
f 2743/2404/2165 2755/2403/2164 2637/2406/2167 2582/2407/2168
f 2637/2406/2167 2755/2403/2164 2753/2405/2166 2629/2408/2169
f 2754/2402/2163 2741/2401/2162 2739/2409/2170 2752/2410/2171
f 2753/2405/2166 2754/2402/2163 2752/2410/2171 2751/2411/2172
f 2629/2408/2169 2753/2405/2166 2751/2411/2172 2621/2412/2173
f 2752/2410/2171 2739/2409/2170 2478/2413/2174 2483/2414/2175
f 2751/2411/2172 2752/2410/2171 2483/2414/2175 2482/2415/2176
f 2621/2412/2173 2751/2411/2172 2482/2415/2176 2393/2416/2177
f 2750/2417/2178 2729/2418/2179 2725/2419/2180 2747/2420/2181
f 2729/2418/2179 2750/2417/2178 2749/2421/2182 2728/2422/2183
f 2749/2421/2182 2750/2417/2178 2747/2420/2181 2746/2423/2184
f 2728/2422/2183 2749/2421/2182 2596/2424/2185 2560/2425/2186
f 2596/2424/2185 2749/2421/2182 2746/2423/2184 2588/2426/2187
f 2748/2427/2188 2726/2428/2189 2723/2429/2190 2745/2430/2191
f 2726/2428/2189 2748/2427/2188 2747/2420/2181 2725/2419/2180
f 2747/2420/2181 2748/2427/2188 2745/2430/2191 2744/2400/2161
f 2746/2423/2184 2747/2420/2181 2744/2400/2161 2743/2404/2165
f 2588/2426/2187 2746/2423/2184 2743/2404/2165 2582/2407/2168
f 2745/2430/2191 2723/2429/2190 2721/2431/2192 2742/2432/2193
f 2744/2400/2161 2745/2430/2191 2742/2432/2193 2741/2401/2162
f 2742/2432/2193 2721/2431/2192 2720/2433/2194 2740/2434/2195
f 2741/2401/2162 2742/2432/2193 2740/2434/2195 2739/2409/2170
f 2740/2434/2195 2720/2433/2194 2719/2435/2196 2739/2409/2170
f 2739/2409/2170 2719/2435/2196 2468/2436/2197 2478/2413/2174
f 2738/2437/2198 2715/2385/2147 2710/2438/2199 2736/2439/2200
f 2715/2385/2147 2738/2437/2198 2576/2440/2201 2559/2266/2039
f 2576/2440/2201 2738/2437/2198 2736/2439/2200 2568/2441/2202
f 2737/2442/2203 2711/2443/2204 2706/2444/2205 2733/2445/2206
f 2711/2443/2204 2737/2442/2203 2736/2439/2200 2710/2438/2199
f 2736/2439/2200 2737/2442/2203 2733/2445/2206 2732/2446/2207
f 2568/2441/2202 2736/2439/2200 2732/2446/2207 2563/2447/2208
f 2735/2448/2209 2708/2449/2210 2704/2450/2211 2731/2451/2212
f 2708/2449/2210 2735/2448/2209 2734/2452/2213 2707/2453/2214
f 2734/2452/2213 2735/2448/2209 2731/2451/2212 2730/2454/2215
f 2707/2453/2214 2734/2452/2213 2733/2445/2206 2706/2444/2205
f 2733/2445/2206 2734/2452/2213 2730/2454/2215 2729/2418/2179
f 2732/2446/2207 2733/2445/2206 2729/2418/2179 2728/2422/2183
f 2563/2447/2208 2732/2446/2207 2728/2422/2183 2560/2425/2186
f 2731/2451/2212 2704/2450/2211 2702/2455/2216 2727/2456/2217
f 2730/2454/2215 2731/2451/2212 2727/2456/2217 2726/2428/2189
f 2729/2418/2179 2730/2454/2215 2726/2428/2189 2725/2419/2180
f 2727/2456/2217 2702/2455/2216 2700/2457/2218 2724/2458/2219
f 2726/2428/2189 2727/2456/2217 2724/2458/2219 2723/2429/2190
f 2724/2458/2219 2700/2457/2218 2698/2459/2220 2722/2460/2221
f 2723/2429/2190 2724/2458/2219 2722/2460/2221 2721/2431/2192
f 2722/2460/2221 2698/2459/2220 2697/2461/2222 2721/2431/2192
f 2721/2431/2192 2697/2461/2222 2695/2462/2223 2720/2433/2194
f 2720/2433/2194 2695/2462/2223 2454/2463/2224 2469/2464/2225
f 2719/2435/2196 2720/2433/2194 2469/2464/2225 2468/2436/2197
f 2718/2465/2226 2692/2354/2117 2687/2466/2227 2713/2467/2228
f 2692/2354/2117 2718/2465/2226 2717/2390/2152 2691/2355/2118
f 2717/2390/2152 2718/2465/2226 2713/2467/2228 2712/2468/2229
f 2716/2387/2149 2717/2390/2152 2712/2468/2229 2711/2443/2204
f 2715/2385/2147 2716/2387/2149 2711/2443/2204 2710/2438/2199
f 2714/2469/2230 2688/2470/2231 2684/2471/2232 2709/2472/2233
f 2688/2470/2231 2714/2469/2230 2713/2467/2228 2687/2466/2227
f 2713/2467/2228 2714/2469/2230 2709/2472/2233 2708/2449/2210
f 2712/2468/2229 2713/2467/2228 2708/2449/2210 2707/2453/2214
f 2711/2443/2204 2712/2468/2229 2707/2453/2214 2706/2444/2205
f 2709/2472/2233 2684/2471/2232 2681/2473/2234 2705/2474/2235
f 2708/2449/2210 2709/2472/2233 2705/2474/2235 2704/2450/2211
f 2705/2474/2235 2681/2473/2234 2679/2475/2236 2703/2476/2237
f 2704/2450/2211 2705/2474/2235 2703/2476/2237 2702/2455/2216
f 2703/2476/2237 2679/2475/2236 2677/2477/2238 2701/2478/2239
f 2702/2455/2216 2703/2476/2237 2701/2478/2239 2700/2457/2218
f 2701/2478/2239 2677/2477/2238 2675/2479/2240 2699/2480/2241
f 2700/2457/2218 2701/2478/2239 2699/2480/2241 2698/2459/2220
f 2699/2480/2241 2675/2479/2240 2674/2481/2242 2698/2459/2220
f 2698/2459/2220 2674/2481/2242 2671/2482/2243 2696/2483/2244
f 2697/2461/2222 2698/2459/2220 2696/2483/2244 2695/2462/2223
f 2696/2483/2244 2671/2482/2243 2440/2484/2245 2455/2485/2246
f 2695/2462/2223 2696/2483/2244 2455/2485/2246 2454/2463/2224
f 2694/2359/2122 2668/2316/2085 2665/2486/2247 2689/2487/2248
f 2693/2357/2120 2694/2359/2122 2689/2487/2248 2688/2470/2231
f 2692/2354/2117 2693/2357/2120 2688/2470/2231 2687/2466/2227
f 2690/2488/2249 2666/2489/2250 2663/2490/2251 2686/2491/2252
f 2666/2489/2250 2690/2488/2249 2689/2487/2248 2665/2486/2247
f 2689/2487/2248 2690/2488/2249 2686/2491/2252 2685/2492/2253
f 2688/2470/2231 2689/2487/2248 2685/2492/2253 2684/2471/2232
f 2686/2491/2252 2663/2490/2251 2661/2493/2254 2683/2494/2255
f 2685/2492/2253 2686/2491/2252 2683/2494/2255 2682/2495/2256
f 2684/2471/2232 2685/2492/2253 2682/2495/2256 2681/2473/2234
f 2683/2494/2255 2661/2493/2254 2660/2496/2257 2682/2495/2256
f 2682/2495/2256 2660/2496/2257 2657/2497/2258 2680/2498/2259
f 2681/2473/2234 2682/2495/2256 2680/2498/2259 2679/2475/2236
f 2680/2498/2259 2657/2497/2258 2654/2499/2260 2678/2500/2261
f 2679/2475/2236 2680/2498/2259 2678/2500/2261 2677/2477/2238
f 2678/2500/2261 2654/2499/2260 2652/2501/2262 2676/2502/2263
f 2677/2477/2238 2678/2500/2261 2676/2502/2263 2675/2479/2240
f 2676/2502/2263 2652/2501/2262 2650/2503/2264 2673/2504/2265
f 2675/2479/2240 2676/2502/2263 2673/2504/2265 2672/2505/2266
f 2674/2481/2242 2675/2479/2240 2672/2505/2266 2671/2482/2243
f 2673/2504/2265 2650/2503/2264 2649/2506/2267 2672/2505/2266
f 2672/2505/2266 2649/2506/2267 2421/2507/2268 2441/2508/2269
f 2671/2482/2243 2672/2505/2266 2441/2508/2269 2440/2484/2245
f 2670/2318/2087 53/1279/1173 52/1275/1169 2667/2509/2270
f 2669/2315/2084 2670/2318/2087 2667/2509/2270 2666/2489/2250
f 2668/2316/2085 2669/2315/2084 2666/2489/2250 2665/2486/2247
f 2667/2509/2270 52/1275/1169 51/1277/1171 2664/2510/2271
f 2666/2489/2250 2667/2509/2270 2664/2510/2271 2663/2490/2251
f 2664/2510/2271 51/1277/1171 2111/2032/1843 2662/2511/2272
f 2663/2490/2251 2664/2510/2271 2662/2511/2272 2661/2493/2254
f 2662/2511/2272 2111/2032/1843 2110/2034/1845 2659/2512/2273
f 2661/2493/2254 2662/2511/2272 2659/2512/2273 2658/2513/2274
f 2660/2496/2257 2661/2493/2254 2658/2513/2274 2657/2497/2258
f 2659/2512/2273 2110/2034/1845 2109/2039/1847 2656/2514/2275
f 2658/2513/2274 2659/2512/2273 2656/2514/2275 2655/2515/2276
f 2657/2497/2258 2658/2513/2274 2655/2515/2276 2654/2499/2260
f 2656/2514/2275 2109/2039/1847 2108/2516/2277 2655/2515/2276
f 2655/2515/2276 2108/2516/2277 2106/2517/2278 2653/2518/2279
f 2654/2499/2260 2655/2515/2276 2653/2518/2279 2652/2501/2262
f 2653/2518/2279 2106/2517/2278 2104/2519/2280 2651/2520/2281
f 2652/2501/2262 2653/2518/2279 2651/2520/2281 2650/2503/2264
f 2651/2520/2281 2104/2519/2280 2026/2521/2282 2423/2522/2283
f 2650/2503/2264 2651/2520/2281 2423/2522/2283 2422/2523/2284
f 2649/2506/2267 2650/2503/2264 2422/2523/2284 2421/2507/2268
f 2648/2524/2285 2591/2525/2286 2583/2526/2287 2640/2527/2288
f 2591/2525/2286 2648/2524/2285 2647/2528/2289 2590/2529/2290
f 2647/2528/2289 2648/2524/2285 2640/2527/2288 2639/2530/2291
f 2590/2529/2290 2647/2528/2289 2646/2531/2292 2589/2532/2293
f 2646/2531/2292 2647/2528/2289 2639/2530/2291 2638/2533/2294
f 2589/2532/2293 2646/2531/2292 2556/2534/2295 2537/2535/2296
f 2556/2534/2295 2646/2531/2292 2638/2533/2294 2554/2536/2297
f 2645/2537/2298 2588/2426/2187 2582/2407/2168 2637/2406/2167
f 2588/2426/2187 2645/2537/2298 2644/2538/2299 2587/2539/2300
f 2644/2538/2299 2645/2537/2298 2637/2406/2167 2636/2540/2301
f 2587/2539/2300 2644/2538/2299 2643/2541/2302 2586/2542/2303
f 2643/2541/2302 2644/2538/2299 2636/2540/2301 2635/2543/2304
f 2586/2542/2303 2643/2541/2302 2642/2544/2305 2585/2545/2306
f 2642/2544/2305 2643/2541/2302 2635/2543/2304 2634/2546/2307
f 2585/2545/2306 2642/2544/2305 2641/2547/2308 2584/2548/2309
f 2641/2547/2308 2642/2544/2305 2634/2546/2307 2633/2549/2310
f 2584/2548/2309 2641/2547/2308 2640/2527/2288 2583/2526/2287
f 2640/2527/2288 2641/2547/2308 2633/2549/2310 2632/2550/2311
f 2639/2530/2291 2640/2527/2288 2632/2550/2311 2631/2551/2312
f 2638/2533/2294 2639/2530/2291 2631/2551/2312 2630/2552/2313
f 2554/2536/2297 2638/2533/2294 2630/2552/2313 2551/2553/2314
f 2636/2540/2301 2637/2406/2167 2629/2408/2169 2628/2554/2315
f 2635/2543/2304 2636/2540/2301 2628/2554/2315 2627/2555/2316
f 2634/2546/2307 2635/2543/2304 2627/2555/2316 2626/2556/2317
f 2633/2549/2310 2634/2546/2307 2626/2556/2317 2625/2557/2318
f 2632/2550/2311 2633/2549/2310 2625/2557/2318 2624/2558/2319
f 2631/2551/2312 2632/2550/2311 2624/2558/2319 2623/2559/2320
f 2630/2552/2313 2631/2551/2312 2623/2559/2320 2622/2560/2321
f 2551/2553/2314 2630/2552/2313 2622/2560/2321 2548/2561/2322
f 2628/2554/2315 2629/2408/2169 2621/2412/2173 2620/2562/2323
f 2627/2555/2316 2628/2554/2315 2620/2562/2323 2619/2563/2324
f 2626/2556/2317 2627/2555/2316 2619/2563/2324 2618/2564/2325
f 2625/2557/2318 2626/2556/2317 2618/2564/2325 2617/2565/2326
f 2624/2558/2319 2625/2557/2318 2617/2565/2326 2616/2566/2327
f 2623/2559/2320 2624/2558/2319 2616/2566/2327 2615/2567/2328
f 2581/2568/2329 2623/2559/2320 2615/2567/2328 2578/2569/2330
f 2623/2559/2320 2581/2568/2329 2580/2570/2331 2622/2560/2321
f 2622/2560/2321 2580/2570/2331 2531/2571/2332 2548/2561/2322
f 2620/2562/2323 2621/2412/2173 2393/2416/2177 2392/2572/2333
f 2619/2563/2324 2620/2562/2323 2392/2572/2333 2391/2573/2334
f 2618/2564/2325 2619/2563/2324 2391/2573/2334 2390/2574/2335
f 2617/2565/2326 2618/2564/2325 2390/2574/2335 2389/2575/2336
f 2616/2566/2327 2617/2565/2326 2389/2575/2336 2388/2576/2337
f 2579/2577/2338 2616/2566/2327 2388/2576/2337 2335/2578/2339
f 2616/2566/2327 2579/2577/2338 2578/2569/2330 2615/2567/2328
f 2614/2579/2340 2572/2303/2072 2564/2580/2341 2608/2581/2342
f 2572/2303/2072 2614/2579/2340 2613/2582/2343 2571/2300/2070
f 2613/2582/2343 2614/2579/2340 2608/2581/2342 2607/2583/2344
f 2571/2300/2070 2613/2582/2343 2612/2584/2345 2570/2301/2068
f 2612/2584/2345 2613/2582/2343 2607/2583/2344 2606/2585/2346
f 2570/2296/2068 2612/2586/2345 2611/2587/2347 2569/2294/2066
f 2611/2588/2347 2612/2584/2345 2606/2585/2346 2605/2589/2348
f 2569/2294/2066 2611/2587/2347 2543/2590/2349 2525/2591/2350
f 2543/2590/2349 2611/2587/2347 2605/2592/2348 2542/2593/2351
f 2610/2594/2352 2566/2595/2353 2561/2596/2354 2602/2597/2355
f 2566/2595/2353 2610/2594/2352 2609/2598/2356 2565/2599/2357
f 2609/2598/2356 2610/2594/2352 2602/2597/2355 2601/2600/2358
f 2565/2599/2357 2609/2598/2356 2608/2581/2342 2564/2580/2341
f 2608/2581/2342 2609/2598/2356 2601/2600/2358 2600/2601/2359
f 2607/2583/2344 2608/2581/2342 2600/2601/2359 2599/2602/2360
f 2606/2585/2346 2607/2583/2344 2599/2602/2360 2598/2603/2361
f 2605/2589/2348 2606/2585/2346 2598/2603/2361 2597/2604/2362
f 2542/2605/2351 2605/2589/2348 2597/2604/2362 2540/2606/2363
f 2604/2607/2364 2563/2447/2208 2560/2425/2186 2596/2424/2185
f 2563/2447/2208 2604/2607/2364 2603/2608/2365 2562/2609/2366
f 2603/2608/2365 2604/2607/2364 2596/2424/2185 2595/2610/2367
f 2562/2609/2366 2603/2608/2365 2602/2597/2355 2561/2596/2354
f 2602/2597/2355 2603/2608/2365 2595/2610/2367 2594/2611/2368
f 2601/2600/2358 2602/2597/2355 2594/2611/2368 2593/2612/2369
f 2600/2601/2359 2601/2600/2358 2593/2612/2369 2592/2613/2370
f 2599/2602/2360 2600/2601/2359 2592/2613/2370 2591/2525/2286
f 2598/2603/2361 2599/2602/2360 2591/2525/2286 2590/2529/2290
f 2597/2604/2362 2598/2603/2361 2590/2529/2290 2589/2532/2293
f 2540/2606/2363 2597/2604/2362 2589/2532/2293 2537/2535/2296
f 2595/2610/2367 2596/2424/2185 2588/2426/2187 2587/2539/2300
f 2594/2611/2368 2595/2610/2367 2587/2539/2300 2586/2542/2303
f 2593/2612/2369 2594/2611/2368 2586/2542/2303 2585/2545/2306
f 2592/2613/2370 2593/2612/2369 2585/2545/2306 2584/2548/2309
f 2591/2525/2286 2592/2613/2370 2584/2548/2309 2583/2526/2287
f 2580/2570/2331 2581/2568/2329 2578/2569/2330 2577/2614/2371
f 2531/2571/2332 2580/2570/2331 2577/2614/2371 2528/2615/2372
f 2578/2569/2330 2579/2577/2338 2335/2578/2339 2334/2616/2373
f 2577/2614/2371 2578/2569/2330 2334/2616/2373 2333/2617/2374
f 2528/2615/2372 2577/2614/2371 2333/2617/2374 2291/2618/2375
f 2559/2266/2039 2576/2440/2201 2575/2309/2078 2558/2267/2040
f 2575/2309/2078 2576/2440/2201 2568/2441/2202 2567/2619/2376
f 2574/2307/2076 2575/2309/2078 2567/2619/2376 2566/2595/2353
f 2573/2305/2074 2574/2307/2076 2566/2595/2353 2565/2599/2357
f 2572/2303/2072 2573/2305/2074 2565/2599/2357 2564/2580/2341
f 2557/2263/2036 2569/2294/2066 2525/2591/2350 2512/2198/1982
f 2567/2619/2376 2568/2441/2202 2563/2447/2208 2562/2609/2366
f 2566/2595/2353 2567/2619/2376 2562/2609/2366 2561/2596/2354
f 2537/2535/2296 2556/2534/2295 2555/2620/2377 2536/2621/2378
f 2555/2620/2377 2556/2534/2295 2554/2536/2297 2553/2622/2379
f 2536/2621/2378 2555/2620/2377 2553/2622/2379 2534/2623/2380
f 2553/2622/2379 2554/2536/2297 2551/2553/2314 2550/2624/2381
f 2534/2625/2380 2553/2626/2379 2552/2627/2382 2533/2628/2383
f 2552/2629/2382 2553/2622/2379 2550/2624/2381 2549/2630/2384
f 2533/2628/2383 2552/2627/2382 2549/2631/2384 2532/2632/2385
f 2550/2624/2381 2551/2553/2314 2548/2561/2322 2547/2633/2386
f 2549/2630/2384 2550/2624/2381 2547/2633/2386 2546/2634/2387
f 2532/2632/2385 2549/2631/2384 2546/2635/2387 2529/2636/2388
f 2548/2561/2322 2531/2571/2332 2528/2615/2372 2545/2637/2389
f 2547/2633/2386 2548/2561/2322 2545/2637/2389 2544/2638/2390
f 2530/2639/2391 2547/2633/2386 2544/2638/2390 2527/2640/2392
f 2547/2641/2386 2530/2642/2391 2529/2636/2388 2546/2635/2387
f 2545/2637/2389 2528/2615/2372 2527/2640/2392 2544/2638/2390
f 2525/2591/2350 2543/2590/2349 2542/2593/2351 2523/2643/2393
f 2523/2643/2393 2542/2593/2351 2541/2644/2394 2522/2645/2395
f 2541/2646/2394 2542/2605/2351 2540/2606/2363 2539/2647/2396
f 2522/2648/2395 2541/2649/2394 2539/2650/2396 2520/2651/2397
f 2539/2647/2396 2540/2606/2363 2537/2535/2296 2536/2621/2378
f 2520/2651/2397 2539/2650/2396 2538/2652/2398 2519/2653/2399
f 2538/2652/2398 2539/2650/2396 2536/2654/2378 2535/2655/2400
f 2519/2653/2399 2538/2652/2398 2535/2655/2400 2518/2656/2401
f 2535/2655/2400 2536/2654/2378 2534/2625/2380 2533/2628/2383
f 2518/2656/2401 2535/2655/2400 2533/2628/2383 2517/2657/2402
f 2517/2657/2402 2533/2628/2383 2532/2632/2385 2516/2658/2403
f 2516/2658/2403 2532/2632/2385 2529/2636/2388 2515/2659/2404
f 2529/2636/2388 2530/2642/2391 2527/2660/2392 2526/2661/2405
f 2515/2659/2404 2529/2636/2388 2526/2661/2405 2513/2662/2406
f 2527/2640/2392 2528/2615/2372 2291/2618/2375 2290/2663/2407
f 2514/2664/2408 2527/2660/2392 2290/2665/2407 2279/2666/2409
f 2527/2660/2392 2514/2664/2408 2513/2662/2406 2526/2661/2405
f 2512/2198/1982 2525/2591/2350 2524/2667/2410 2511/2199/1980
f 2524/2667/2410 2525/2591/2350 2523/2643/2393 2522/2645/2395
f 2511/2195/1980 2524/2668/2410 2522/2648/2395 2509/2669/2411
f 2509/2669/2411 2522/2648/2395 2521/2670/2412 2508/2671/2413
f 2521/2670/2412 2522/2648/2395 2520/2651/2397 2519/2653/2399
f 2508/2671/2413 2521/2670/2412 2519/2653/2399 2507/2672/2414
f 2507/2672/2414 2519/2653/2399 2518/2656/2401 2506/2673/2415
f 2506/2673/2415 2518/2656/2401 2517/2657/2402 2505/2674/2416
f 2505/2674/2416 2517/2657/2402 2516/2658/2403 2504/2675/2417
f 2504/2675/2417 2516/2658/2403 2515/2659/2404 2503/2676/2418
f 2503/2676/2418 2515/2659/2404 2513/2662/2406 2501/2677/2419
f 2502/2678/2420 2514/2664/2408 2279/2666/2409 2262/2679/2421
f 2514/2664/2408 2502/2678/2420 2501/2677/2419 2513/2662/2406
f 2500/2186/1973 2511/2195/1980 2510/2680/2422 2499/2184/1971
f 2510/2680/2422 2511/2195/1980 2509/2669/2411 2508/2671/2413
f 2499/2184/1971 2510/2680/2422 2508/2671/2413 2498/2681/2423
f 2498/2681/2423 2508/2671/2413 2507/2672/2414 2497/2682/2424
f 2497/2682/2424 2507/2672/2414 2506/2673/2415 2496/2683/2425
f 2496/2683/2425 2506/2673/2415 2505/2674/2416 2495/2684/2426
f 2495/2684/2426 2505/2674/2416 2504/2675/2417 2494/2685/2427
f 2494/2685/2427 2504/2675/2417 2503/2676/2418 2493/2686/2428
f 2493/2686/2428 2503/2676/2418 2501/2677/2419 2492/2687/2429
f 2501/2677/2419 2502/2678/2420 2262/2679/2421 2261/2688/2430
f 2492/2687/2429 2501/2677/2419 2261/2688/2430 2250/2689/2431
f 2491/2160/1954 2499/2184/1971 2498/2681/2423 2490/2690/2432
f 2490/2690/2432 2498/2681/2423 2497/2682/2424 2489/2691/2433
f 2489/2691/2433 2497/2682/2424 2496/2683/2425 2488/2692/2434
f 2488/2692/2434 2496/2683/2425 2495/2684/2426 2487/2693/2435
f 2487/2693/2435 2495/2684/2426 2494/2685/2427 2486/2694/2436
f 2486/2694/2436 2494/2685/2427 2493/2686/2428 2485/2695/2437
f 2485/2695/2437 2493/2686/2428 2492/2687/2429 2484/2696/2438
f 2484/2696/2438 2492/2687/2429 2250/2689/2431 2242/2697/2439
f 2102/1526/1375 2491/2160/1954 2490/2690/2432 2101/2698/2440
f 2101/2698/2440 2490/2690/2432 2489/2691/2433 2100/2699/2441
f 2100/2699/2441 2489/2691/2433 2488/2692/2434 2099/2700/2442
f 2099/2700/2442 2488/2692/2434 2487/2693/2435 2098/2701/2443
f 2098/2701/2443 2487/2693/2435 2486/2694/2436 2097/2702/2444
f 2097/2702/2444 2486/2694/2436 2485/2695/2437 2096/2703/2445
f 2096/2703/2445 2485/2695/2437 2484/2696/2438 2095/2704/2446
f 2095/2704/2446 2484/2696/2438 2242/2697/2439 1916/2705/2447
f 2483/2414/2175 2478/2413/2174 2477/2706/2448 2482/2415/2176
f 2482/2415/2176 2477/2706/2448 2475/2707/2449 2481/2708/2450
f 2393/2416/2177 2482/2415/2176 2481/2708/2450 2386/2709/2451
f 2481/2708/2450 2475/2707/2449 2332/2710/2452 2386/2709/2451
f 2480/2711/2453 2472/2712/2454 2471/2713/2455 2479/2714/2456
f 2472/2715/2454 2480/2716/2453 2372/2717/2457 2326/2718/2458
f 2372/2717/2457 2480/2716/2453 2479/2719/2456 2364/2720/2459
f 2479/2719/2456 2471/2721/2455 2323/2722/2460 2364/2720/2459
f 2478/2413/2174 2468/2436/2197 2466/2723/2461 2476/2724/2462
f 2477/2706/2448 2478/2413/2174 2476/2724/2462 2475/2707/2449
f 2476/2724/2462 2466/2723/2461 2464/2725/2463 2474/2726/2464
f 2475/2707/2449 2476/2724/2462 2474/2726/2464 2473/2727/2465
f 2332/2710/2452 2475/2707/2449 2473/2727/2465 2329/2728/2466
f 2474/2726/2464 2464/2725/2463 2463/2729/2467 2473/2727/2465
f 2473/2727/2465 2463/2729/2467 2461/2730/2468 2472/2715/2454
f 2329/2731/2466 2473/2732/2465 2472/2733/2454 2326/2734/2458
f 2472/2712/2454 2461/2735/2468 2459/2736/2469 2471/2713/2455
f 2471/2713/2455 2459/2736/2469 2457/2737/2470 2470/2738/2471
f 2323/2722/2460 2471/2721/2455 2470/2739/2471 2321/2740/2472
f 2470/2739/2471 2457/2741/2470 2309/2742/2473 2321/2740/2472
f 2469/2464/2225 2454/2463/2224 2452/2743/2474 2467/2744/2475
f 2468/2436/2197 2469/2464/2225 2467/2744/2475 2466/2723/2461
f 2467/2744/2475 2452/2743/2474 2451/2745/2476 2465/2746/2477
f 2466/2723/2461 2467/2744/2475 2465/2746/2477 2464/2725/2463
f 2465/2746/2477 2451/2745/2476 2450/2747/2478 2464/2725/2463
f 2464/2725/2463 2450/2747/2478 2448/2748/2479 2462/2749/2480
f 2463/2729/2467 2464/2725/2463 2462/2749/2480 2461/2730/2468
f 2462/2749/2480 2448/2748/2479 2447/2750/2481 2460/2751/2482
f 2461/2730/2468 2462/2749/2480 2460/2751/2482 2459/2752/2469
f 2460/2751/2482 2447/2750/2481 2446/2753/2483 2458/2754/2484
f 2459/2752/2469 2460/2751/2482 2458/2754/2484 2457/2741/2470
f 2458/2755/2484 2446/2756/2483 2445/2757/2485 2457/2758/2470
f 2457/2758/2470 2445/2757/2485 2443/2759/2486 2456/2760/2487
f 2309/2761/2473 2457/2758/2470 2456/2760/2487 2308/2762/2488
f 2456/2760/2487 2443/2759/2486 2303/2763/2489 2308/2762/2488
f 2455/2485/2246 2440/2484/2245 2438/2764/2490 2453/2765/2491
f 2454/2463/2224 2455/2485/2246 2453/2765/2491 2452/2743/2474
f 2453/2765/2491 2438/2764/2490 2437/2766/2492 2452/2743/2474
f 2452/2743/2474 2437/2766/2492 2435/2767/2493 2451/2745/2476
f 2451/2745/2476 2435/2767/2493 2433/2768/2494 2449/2769/2495
f 2450/2747/2478 2451/2745/2476 2449/2769/2495 2448/2748/2479
f 2449/2769/2495 2433/2768/2494 2432/2770/2496 2448/2748/2479
f 2448/2748/2479 2432/2770/2496 2430/2771/2497 2447/2750/2481
f 2447/2750/2481 2430/2771/2497 2428/2772/2498 2446/2753/2483
f 2446/2753/2483 2428/2772/2498 2426/2773/2499 2444/2774/2500
f 2445/2757/2485 2446/2756/2483 2444/2775/2500 2443/2759/2486
f 2444/2775/2500 2426/2776/2499 2425/2777/2501 2443/2759/2486
f 2443/2759/2486 2425/2777/2501 2424/2778/2502 2442/2779/2503
f 2303/2763/2489 2443/2759/2486 2442/2779/2503 2302/2780/2504
f 2442/2779/2503 2424/2778/2502 2300/2781/2505 2302/2780/2504
f 2441/2508/2269 2421/2507/2268 2419/2782/2506 2439/2783/2507
f 2440/2484/2245 2441/2508/2269 2439/2783/2507 2438/2764/2490
f 2439/2783/2507 2419/2782/2506 2418/2784/2508 2438/2764/2490
f 2438/2764/2490 2418/2784/2508 2416/2785/2509 2436/2786/2510
f 2437/2766/2492 2438/2764/2490 2436/2786/2510 2435/2767/2493
f 2436/2786/2510 2416/2785/2509 2414/2787/2511 2434/2788/2512
f 2435/2767/2493 2436/2786/2510 2434/2788/2512 2433/2768/2494
f 2434/2788/2512 2414/2787/2511 2413/2789/2513 2433/2768/2494
f 2433/2768/2494 2413/2789/2513 2410/2790/2514 2431/2791/2515
f 2432/2770/2496 2433/2768/2494 2431/2791/2515 2430/2771/2497
f 2431/2791/2515 2410/2790/2514 2408/2792/2516 2429/2793/2517
f 2430/2771/2497 2431/2791/2515 2429/2793/2517 2428/2772/2498
f 2429/2793/2517 2408/2792/2516 2407/2794/2518 2427/2795/2519
f 2428/2772/2498 2429/2793/2517 2427/2795/2519 2426/2773/2499
f 2427/2795/2519 2407/2794/2518 2406/2796/2520 2426/2773/2499
f 2426/2776/2499 2406/2797/2520 2405/2798/2521 2425/2777/2501
f 2425/2777/2501 2405/2798/2521 2403/2799/2522 2424/2778/2502
f 2424/2778/2502 2403/2799/2522 2298/2800/2523 2300/2781/2505
f 2423/2522/2283 2026/2521/2282 2025/2801/2524 2422/2523/2284
f 2422/2523/2284 2025/2801/2524 2023/2802/2525 2420/2803/2526
f 2421/2507/2268 2422/2523/2284 2420/2803/2526 2419/2782/2506
f 2420/2803/2526 2023/2802/2525 2022/2804/2527 2419/2782/2506
f 2419/2782/2506 2022/2804/2527 2019/2805/2528 2417/2806/2529
f 2418/2784/2508 2419/2782/2506 2417/2806/2529 2416/2785/2509
f 2417/2806/2529 2019/2805/2528 2017/2807/2530 2415/2808/2531
f 2416/2785/2509 2417/2806/2529 2415/2808/2531 2414/2787/2511
f 2415/2808/2531 2017/2807/2530 2015/2809/2532 2412/2810/2533
f 2414/2787/2511 2415/2808/2531 2412/2810/2533 2411/2811/2534
f 2413/2789/2513 2414/2787/2511 2411/2811/2534 2410/2790/2514
f 2412/2810/2533 2015/2809/2532 2014/2812/2535 2411/2811/2534
f 2411/2811/2534 2014/2812/2535 2012/2813/2536 2409/2814/2537
f 2410/2790/2514 2411/2811/2534 2409/2814/2537 2408/2792/2516
f 2409/2814/2537 2012/2813/2536 2011/2815/2538 2408/2792/2516
f 2408/2792/2516 2011/2815/2538 2008/2816/2539 2407/2794/2518
f 2407/2794/2518 2008/2816/2539 2007/2817/2540 2406/2796/2520
f 2406/2797/2520 2007/2818/2540 2005/2819/2541 2404/2820/2542
f 2405/2798/2521 2406/2797/2520 2404/2820/2542 2403/2799/2522
f 2404/2820/2542 2005/2819/2541 2004/2821/2543 2403/2799/2522
f 2403/2799/2522 2004/2821/2543 1847/2822/2544 2234/2823/2545
f 2298/2800/2523 2403/2799/2522 2234/2823/2545 2166/2824/2546
f 2402/2825/2547 2346/2826/2548 2340/2827/2549 2398/2828/2550
f 2346/2826/2548 2402/2825/2547 2401/2829/2551 2345/2830/2552
f 2401/2829/2551 2402/2825/2547 2398/2828/2550 2397/2831/2553
f 2345/2830/2552 2401/2829/2551 2400/2832/2554 2344/2833/2555
f 2400/2832/2554 2401/2829/2551 2397/2831/2553 2396/2834/2556
f 2344/2833/2555 2400/2832/2554 2399/2835/2557 2343/2836/2558
f 2399/2835/2557 2400/2832/2554 2396/2834/2556 2395/2837/2559
f 2343/2836/2558 2399/2835/2557 2395/2837/2559 2337/2838/2560
f 2398/2828/2550 2340/2827/2549 2339/2839/2561 2397/2831/2553
f 2397/2831/2553 2339/2839/2561 2338/2840/2562 2396/2834/2556
f 2396/2834/2556 2338/2840/2562 2225/2841/2563 2233/2842/2564
f 2395/2837/2559 2396/2834/2556 2233/2842/2564 2232/2843/2565
f 2337/2838/2560 2395/2837/2559 2394/2844/2566 2336/2845/2567
f 2394/2844/2566 2395/2837/2559 2232/2843/2565 2231/2846/2568
f 2336/2845/2567 2394/2844/2566 2297/2847/2569 2293/2848/2570
f 2297/2847/2569 2394/2844/2566 2231/2846/2568 2154/2849/2571
f 2392/2572/2333 2393/2416/2177 2386/2709/2451 2385/2850/2572
f 2391/2573/2334 2392/2572/2333 2385/2850/2572 2384/2851/2573
f 2390/2574/2335 2391/2573/2334 2384/2851/2573 2383/2852/2574
f 2389/2575/2336 2390/2574/2335 2383/2852/2574 2382/2853/2575
f 2388/2576/2337 2389/2575/2336 2382/2853/2575 2381/2854/2576
f 2335/2578/2339 2388/2576/2337 2387/2855/2577 2334/2616/2373
f 2387/2855/2577 2388/2576/2337 2381/2854/2576 2380/2856/2578
f 2334/2857/2373 2387/2858/2577 2380/2859/2578 2331/2860/2579
f 2386/2709/2451 2332/2710/2452 2329/2728/2466 2379/2861/2580
f 2385/2850/2572 2386/2709/2451 2379/2861/2580 2378/2862/2581
f 2384/2851/2573 2385/2850/2572 2378/2862/2581 2377/2863/2582
f 2383/2852/2574 2384/2851/2573 2377/2863/2582 2376/2864/2583
f 2382/2853/2575 2383/2852/2574 2376/2864/2583 2375/2865/2584
f 2381/2854/2576 2382/2853/2575 2375/2865/2584 2374/2866/2585
f 2380/2856/2578 2381/2854/2576 2374/2866/2585 2373/2867/2586
f 2331/2868/2579 2380/2856/2578 2373/2867/2586 2328/2869/2587
f 2379/2861/2580 2329/2728/2466 2326/2718/2458 2372/2717/2457
f 2378/2862/2581 2379/2861/2580 2372/2717/2457 2371/2870/2588
f 2377/2863/2582 2378/2862/2581 2371/2870/2588 2370/2871/2589
f 2376/2864/2583 2377/2863/2582 2370/2871/2589 2369/2872/2590
f 2375/2865/2584 2376/2864/2583 2369/2872/2590 2368/2873/2591
f 2374/2866/2585 2375/2865/2584 2368/2873/2591 2367/2874/2592
f 2373/2867/2586 2374/2866/2585 2367/2874/2592 2366/2875/2593
f 2328/2869/2587 2373/2867/2586 2366/2875/2593 2325/2876/2594
f 2371/2870/2588 2372/2717/2457 2364/2720/2459 2363/2877/2595
f 2370/2871/2589 2371/2870/2588 2363/2877/2595 2362/2878/2596
f 2369/2872/2590 2370/2871/2589 2362/2878/2596 2361/2879/2597
f 2368/2873/2591 2369/2872/2590 2361/2879/2597 2360/2880/2598
f 2367/2874/2592 2368/2873/2591 2360/2880/2598 2359/2881/2599
f 2366/2875/2593 2367/2874/2592 2359/2881/2599 2358/2882/2600
f 2325/2876/2594 2366/2875/2593 2365/2883/2601 2324/2884/2602
f 2365/2883/2601 2366/2875/2593 2358/2882/2600 2357/2885/2603
f 2324/2884/2602 2365/2883/2601 2357/2885/2603 2322/2886/2604
f 2364/2720/2459 2323/2722/2460 2321/2740/2472 2356/2887/2605
f 2363/2877/2595 2364/2720/2459 2356/2887/2605 2355/2888/2606
f 2362/2878/2596 2363/2877/2595 2355/2888/2606 2354/2889/2607
f 2361/2879/2597 2362/2878/2596 2354/2889/2607 2353/2890/2608
f 2360/2880/2598 2361/2879/2597 2353/2890/2608 2352/2891/2609
f 2359/2881/2599 2360/2880/2598 2352/2891/2609 2351/2892/2610
f 2358/2882/2600 2359/2881/2599 2351/2892/2610 2350/2893/2611
f 2357/2885/2603 2358/2882/2600 2350/2893/2611 2349/2894/2612
f 2322/2886/2604 2357/2885/2603 2349/2894/2612 2319/2895/2613
f 2356/2887/2605 2321/2740/2472 2320/2896/2614 2355/2888/2606
f 2355/2888/2606 2320/2896/2614 2317/2897/2615 2348/2898/2616
f 2354/2889/2607 2355/2888/2606 2348/2898/2616 2347/2899/2617
f 2353/2890/2608 2354/2889/2607 2347/2899/2617 2346/2826/2548
f 2352/2891/2609 2353/2890/2608 2346/2826/2548 2345/2830/2552
f 2351/2892/2610 2352/2891/2609 2345/2830/2552 2344/2833/2555
f 2350/2893/2611 2351/2892/2610 2344/2833/2555 2343/2836/2558
f 2349/2894/2612 2350/2893/2611 2343/2836/2558 2342/2900/2618
f 2319/2895/2613 2349/2894/2612 2296/2901/2619 2285/2902/2620
f 2296/2901/2619 2349/2894/2612 2342/2900/2618 2295/2903/2621
f 2348/2898/2616 2317/2897/2615 2316/2904/2622 2347/2899/2617
f 2347/2899/2617 2316/2904/2622 2314/2905/2623 2341/2906/2624
f 2346/2826/2548 2347/2899/2617 2341/2906/2624 2340/2827/2549
f 2342/2900/2618 2343/2836/2558 2337/2838/2560 2336/2845/2567
f 2295/2903/2621 2342/2900/2618 2336/2845/2567 2293/2848/2570
f 2341/2906/2624 2314/2905/2623 2313/2907/2625 2340/2827/2549
f 2340/2827/2549 2313/2907/2625 2215/2908/2626 2227/2909/2627
f 2339/2839/2561 2340/2827/2549 2227/2909/2627 2226/2910/2628
f 2338/2840/2562 2339/2839/2561 2226/2910/2628 2225/2841/2563
f 2333/2617/2374 2334/2616/2373 2331/2868/2579 2330/2911/2629
f 2312/2912/2630 2333/2617/2374 2330/2911/2629 2311/2913/2631
f 2333/2617/2374 2312/2912/2630 2280/2914/2632 2291/2618/2375
f 2330/2911/2629 2331/2868/2579 2328/2869/2587 2327/2915/2633
f 2311/2913/2631 2330/2911/2629 2327/2915/2633 2310/2916/2634
f 2327/2915/2633 2328/2869/2587 2325/2876/2594 2324/2884/2602
f 2310/2917/2634 2327/2918/2633 2289/2919/2635 2276/2920/2636
f 2289/2919/2635 2327/2918/2633 2324/2921/2602 2288/2922/2637
f 2288/2922/2637 2324/2921/2602 2322/2923/2604 2287/2924/2638
f 2287/2924/2638 2322/2923/2604 2319/2925/2613 2285/2926/2620
f 2321/2740/2472 2309/2742/2473 2308/2927/2488 2318/2928/2639
f 2320/2896/2614 2321/2740/2472 2318/2928/2639 2317/2897/2615
f 2318/2928/2639 2308/2927/2488 2307/2929/2640 2317/2897/2615
f 2317/2897/2615 2307/2929/2640 2305/2930/2641 2315/2931/2642
f 2316/2904/2622 2317/2897/2615 2315/2931/2642 2314/2905/2623
f 2315/2931/2642 2305/2930/2641 2304/2932/2643 2314/2905/2623
f 2314/2933/2623 2304/2934/2643 2203/2935/2644 2216/2936/2645
f 2313/2937/2625 2314/2933/2623 2216/2936/2645 2215/2938/2626
f 2280/2914/2632 2312/2912/2630 2311/2913/2631 2278/2939/2646
f 2278/2939/2646 2311/2913/2631 2310/2916/2634 2276/2940/2636
f 2308/2762/2488 2303/2763/2489 2302/2780/2504 2306/2941/2647
f 2307/2942/2640 2308/2762/2488 2306/2941/2647 2305/2943/2641
f 2306/2941/2647 2302/2780/2504 2301/2944/2648 2305/2943/2641
f 2305/2943/2641 2301/2944/2648 2192/2945/2649 2204/2946/2650
f 2304/2934/2643 2305/2943/2641 2204/2946/2650 2203/2935/2644
f 2302/2780/2504 2300/2781/2505 2299/2947/2651 2301/2944/2648
f 2301/2944/2648 2299/2947/2651 2178/2948/2652 2192/2945/2649
f 2300/2781/2505 2298/2800/2523 2166/2824/2546 2179/2949/2653
f 2299/2947/2651 2300/2781/2505 2179/2949/2653 2178/2948/2652
f 2293/2848/2570 2297/2847/2569 2154/2849/2571 2149/2950/2654
f 2285/2902/2620 2296/2901/2619 2295/2903/2621 2283/2951/2655
f 2283/2952/2655 2295/2953/2621 2294/2954/2656 2282/2955/2657
f 2294/2956/2656 2295/2903/2621 2293/2848/2570 2292/2957/2658
f 2282/2955/2657 2294/2954/2656 2292/2958/2658 2281/2959/2659
f 2292/2958/2658 2293/2960/2570 2149/2961/2654 2148/2962/2660
f 2281/2959/2659 2292/2958/2658 2148/2962/2660 2143/2963/2661
f 2291/2618/2375 2280/2914/2632 2279/2964/2409 2290/2663/2407
f 2276/2920/2636 2289/2919/2635 2288/2922/2637 2274/2965/2662
f 2274/2965/2662 2288/2922/2637 2287/2924/2638 2271/2966/2663
f 2271/2966/2663 2287/2924/2638 2286/2967/2664 2270/2968/2665
f 2286/2967/2664 2287/2924/2638 2285/2926/2620 2284/2969/2666
f 2270/2968/2665 2286/2967/2664 2284/2969/2666 2268/2970/2667
f 2284/2969/2666 2285/2926/2620 2283/2952/2655 2282/2955/2657
f 2268/2970/2667 2284/2969/2666 2282/2955/2657 2266/2971/2668
f 2266/2971/2668 2282/2955/2657 2281/2959/2659 2264/2972/2669
f 2264/2972/2669 2281/2959/2659 2143/2963/2661 2139/2973/2670
f 2279/2964/2409 2280/2914/2632 2278/2939/2646 2277/2974/2671
f 2262/2679/2421 2279/2666/2409 2277/2975/2671 2260/2976/2672
f 2277/2974/2671 2278/2939/2646 2276/2940/2636 2275/2977/2673
f 2260/2976/2672 2277/2975/2671 2275/2978/2673 2258/2979/2674
f 2275/2977/2673 2276/2940/2636 2274/2980/2662 2273/2981/2675
f 2258/2979/2674 2275/2978/2673 2273/2982/2675 2256/2983/2676
f 2273/2982/2675 2274/2965/2662 2271/2966/2663 2270/2968/2665
f 2256/2983/2676 2273/2982/2675 2272/2984/2677 2255/2985/2678
f 2272/2984/2677 2273/2982/2675 2270/2968/2665 2269/2986/2679
f 2255/2985/2678 2272/2984/2677 2269/2986/2679 2254/2987/2680
f 2269/2986/2679 2270/2968/2665 2268/2970/2667 2267/2988/2681
f 2254/2987/2680 2269/2986/2679 2267/2988/2681 2253/2989/2682
f 2267/2988/2681 2268/2970/2667 2266/2971/2668 2265/2990/2683
f 2253/2989/2682 2267/2988/2681 2265/2990/2683 2252/2991/2684
f 2265/2990/2683 2266/2971/2668 2264/2972/2669 2263/2992/2685
f 2252/2991/2684 2265/2990/2683 2263/2992/2685 2251/2993/2686
f 2263/2992/2685 2264/2972/2669 2139/2973/2670 2138/2994/2687
f 2251/2993/2686 2263/2992/2685 2138/2994/2687 2130/2995/2688
f 2261/2688/2430 2262/2679/2421 2260/2976/2672 2259/2996/2689
f 2250/2689/2431 2261/2688/2430 2259/2996/2689 2249/2997/2690
f 2259/2996/2689 2260/2976/2672 2258/2979/2674 2257/2998/2691
f 2249/2997/2690 2259/2996/2689 2257/2998/2691 2248/2999/2692
f 2257/2998/2691 2258/2979/2674 2256/2983/2676 2255/2985/2678
f 2248/2999/2692 2257/2998/2691 2255/2985/2678 2247/3000/2693
f 2247/3000/2693 2255/2985/2678 2254/2987/2680 2246/3001/2694
f 2246/3001/2694 2254/2987/2680 2253/2989/2682 2245/3002/2695
f 2245/3002/2695 2253/2989/2682 2252/2991/2684 2244/3003/2696
f 2244/3003/2696 2252/2991/2684 2251/2993/2686 2243/3004/2697
f 2243/3004/2697 2251/2993/2686 2130/2995/2688 2124/3005/2698
f 2242/2697/2439 2250/2689/2431 2249/2997/2690 2241/3006/2699
f 2241/3006/2699 2249/2997/2690 2248/2999/2692 2240/3007/2700
f 2240/3007/2700 2248/2999/2692 2247/3000/2693 2239/3008/2701
f 2239/3008/2701 2247/3000/2693 2246/3001/2694 2238/3009/2702
f 2238/3009/2702 2246/3001/2694 2245/3002/2695 2237/3010/2703
f 2237/3010/2703 2245/3002/2695 2244/3003/2696 2236/3011/2704
f 2236/3011/2704 2244/3003/2696 2243/3004/2697 2235/3012/2705
f 2235/3012/2705 2243/3004/2697 2124/3005/2698 2118/3013/2706
f 1916/2705/2447 2242/2697/2439 2241/3006/2699 1915/3014/2707
f 1915/3014/2707 2241/3006/2699 2240/3007/2700 1914/3015/2708
f 1914/3015/2708 2240/3007/2700 2239/3008/2701 1913/3016/2709
f 1913/3016/2709 2239/3008/2701 2238/3009/2702 1912/3017/2710
f 1912/3017/2710 2238/3009/2702 2237/3010/2703 1911/3018/2711
f 1911/3018/2711 2237/3010/2703 2236/3011/2704 1910/3019/2712
f 1910/3019/2712 2236/3011/2704 2235/3012/2705 1909/3020/2713
f 1909/3020/2713 2235/3012/2705 2118/3013/2706 1716/3021/2714
f 2234/2823/2545 1847/2822/2544 1812/3022/2715 2166/2824/2546
f 2233/2842/2564 2225/2841/2563 2224/3023/2716 2232/2843/2565
f 2232/2843/2565 2224/3023/2716 2221/3024/2717 2230/3025/2718
f 2231/2846/2568 2232/2843/2565 2230/3025/2718 2229/3026/2719
f 2154/2849/2571 2231/2846/2568 2229/3026/2719 2152/3027/2720
f 2230/3025/2718 2221/3024/2717 2220/3028/2721 2229/3026/2719
f 2229/3026/2719 2220/3028/2721 2217/3029/2722 2228/3030/2723
f 2152/3027/2720 2229/3026/2719 2228/3030/2723 2150/3031/2724
f 2228/3030/2723 2217/3029/2722 2145/3032/2725 2150/3031/2724
f 2227/2909/2627 2215/2908/2626 2214/3033/2726 2226/2910/2628
f 2226/2910/2628 2214/3033/2726 2212/3034/2727 2223/3035/2728
f 2225/2841/2563 2226/2910/2628 2223/3035/2728 2222/3036/2729
f 2224/3023/2716 2225/2841/2563 2222/3036/2729 2221/3024/2717
f 2223/3035/2728 2212/3034/2727 2211/3037/2730 2222/3036/2729
f 2222/3036/2729 2211/3037/2730 2209/3038/2731 2219/3039/2732
f 2221/3024/2717 2222/3036/2729 2219/3039/2732 2218/3040/2733
f 2220/3028/2721 2221/3024/2717 2218/3040/2733 2217/3029/2722
f 2219/3039/2732 2209/3038/2731 2208/3041/2734 2218/3040/2733
f 2218/3042/2733 2208/3043/2734 2207/3044/2735 2217/3045/2722
f 2217/3045/2722 2207/3044/2735 2141/3046/2736 2145/3047/2725
f 2216/2936/2645 2203/2935/2644 2202/3048/2737 2215/2938/2626
f 2215/2938/2626 2202/3048/2737 2201/3049/2738 2213/3050/2739
f 2214/3033/2726 2215/2908/2626 2213/3051/2739 2212/3034/2727
f 2213/3050/2739 2201/3049/2738 2200/3052/2740 2212/3053/2727
f 2212/3053/2727 2200/3052/2740 2199/3054/2741 2210/3055/2742
f 2211/3037/2730 2212/3034/2727 2210/3056/2742 2209/3038/2731
f 2210/3056/2742 2199/3057/2741 2198/3058/2743 2209/3038/2731
f 2209/3038/2731 2198/3058/2743 2197/3059/2744 2208/3041/2734
f 2208/3043/2734 2197/3060/2744 2194/3061/2745 2206/3062/2746
f 2207/3044/2735 2208/3043/2734 2206/3062/2746 2205/3063/2747
f 2196/3064/2748 2207/3044/2735 2205/3063/2747 2193/3065/2749
f 2207/3044/2735 2196/3064/2748 2135/3066/2750 2141/3046/2736
f 2206/3062/2746 2194/3061/2745 2193/3065/2749 2205/3063/2747
f 2204/2946/2650 2192/2945/2649 2191/3067/2751 2203/2935/2644
f 2203/2935/2644 2191/3067/2751 2190/3068/2752 2202/3048/2737
f 2202/3048/2737 2190/3068/2752 2188/3069/2753 2201/3049/2738
f 2201/3049/2738 2188/3069/2753 2187/3070/2754 2200/3052/2740
f 2200/3052/2740 2187/3070/2754 2185/3071/2755 2199/3054/2741
f 2199/3054/2741 2185/3071/2755 2184/3072/2756 2198/3073/2743
f 2198/3074/2743 2184/3075/2756 2182/3076/2757 2195/3077/2758
f 2197/3060/2744 2198/3074/2743 2195/3077/2758 2194/3061/2745
f 2135/3066/2750 2196/3064/2748 2193/3065/2749 2132/3078/2759
f 2195/3077/2758 2182/3076/2757 2181/3079/2760 2194/3061/2745
f 2194/3061/2745 2181/3079/2760 2180/3080/2761 2193/3065/2749
f 2193/3065/2749 2180/3080/2761 2126/3081/2762 2132/3078/2759
f 2192/2945/2649 2178/2948/2652 2177/3082/2763 2191/3067/2751
f 2191/3067/2751 2177/3082/2763 2175/3083/2764 2189/3084/2765
f 2190/3068/2752 2191/3067/2751 2189/3084/2765 2188/3069/2753
f 2189/3084/2765 2175/3083/2764 2174/3085/2766 2188/3069/2753
f 2188/3069/2753 2174/3085/2766 2172/3086/2767 2186/3087/2768
f 2187/3070/2754 2188/3069/2753 2186/3087/2768 2185/3071/2755
f 2186/3087/2768 2172/3086/2767 2171/3088/2769 2185/3071/2755
f 2185/3089/2755 2171/3090/2769 2170/3091/2770 2184/3075/2756
f 2184/3075/2756 2170/3091/2770 2169/3092/2771 2183/3093/2772
f 2184/3075/2756 2183/3093/2772 2181/3079/2760 2182/3076/2757
f 2183/3093/2772 2169/3092/2771 2168/3094/2773 2181/3079/2760
f 2181/3079/2760 2168/3094/2773 2167/3095/2774 2180/3080/2761
f 2180/3080/2761 2167/3095/2774 2120/3096/2775 2126/3081/2762
f 2179/2949/2653 2166/2824/2546 2165/3097/2776 2178/2948/2652
f 2178/2948/2652 2165/3097/2776 2164/3098/2777 2176/3099/2778
f 2177/3082/2763 2178/2948/2652 2176/3099/2778 2175/3083/2764
f 2176/3099/2778 2164/3098/2777 2163/3100/2779 2175/3083/2764
f 2175/3083/2764 2163/3100/2779 2162/3101/2780 2173/3102/2781
f 2174/3085/2766 2175/3083/2764 2173/3102/2781 2172/3086/2767
f 2173/3102/2781 2162/3101/2780 2161/3103/2782 2172/3086/2767
f 2172/3104/2767 2161/3105/2782 2160/3106/2783 2171/3090/2769
f 2171/3090/2769 2160/3106/2783 2159/3107/2784 2170/3091/2770
f 2170/3091/2770 2159/3107/2784 2158/3108/2785 2169/3092/2771
f 2169/3092/2771 2158/3108/2785 2156/3109/2786 2168/3094/2773
f 2168/3094/2773 2156/3109/2786 2155/3110/2787 2167/3095/2774
f 2167/3095/2774 2155/3110/2787 2113/3111/2788 2120/3096/2775
f 2166/2824/2546 1812/3022/2715 1811/3112/2789 2165/3097/2776
f 2165/3097/2776 1811/3112/2789 1809/3113/2790 2164/3098/2777
f 2164/3098/2777 1809/3113/2790 1808/3114/2791 2163/3100/2779
f 2163/3100/2779 1808/3114/2791 1806/3115/2792 2162/3101/2780
f 2162/3101/2780 1806/3115/2792 1805/3116/2793 2161/3103/2782
f 2161/3105/2782 1805/3117/2793 1804/3118/2794 2160/3106/2783
f 2160/3106/2783 1804/3118/2794 1803/3119/2795 2159/3107/2784
f 2159/3107/2784 1803/3119/2795 1802/3120/2796 2158/3108/2785
f 2158/3108/2785 1802/3120/2796 1801/3121/2797 2157/3122/2798
f 2158/3108/2785 2157/3122/2798 2155/3110/2787 2156/3109/2786
f 2157/3122/2798 1801/3121/2797 1714/3123/2799 2116/3124/2800
f 2157/3122/2798 2116/3124/2800 2113/3111/2788 2155/3110/2787
f 2149/2950/2654 2154/2849/2571 2153/3125/2801 2148/3126/2660
f 2153/3125/2801 2154/2849/2571 2152/3027/2720 2151/3127/2802
f 2148/2962/2660 2153/3128/2801 2151/3129/2802 2146/3130/2803
f 2147/3131/2804 2152/3132/2720 2150/3133/2724 2145/3134/2725
f 2152/3132/2720 2147/3131/2804 2146/3130/2803 2151/3129/2802
f 2143/2963/2661 2148/2962/2660 2146/3130/2803 2142/3135/2805
f 2146/3130/2803 2147/3131/2804 2145/3134/2725 2144/3136/2806
f 2142/3135/2805 2146/3130/2803 2144/3136/2806 2140/3137/2807
f 2145/3047/2725 2141/3046/2736 2140/3138/2807 2144/3139/2806
f 2139/2973/2670 2143/2963/2661 2142/3135/2805 2137/3140/2808
f 2137/3140/2808 2142/3135/2805 2140/3137/2807 2134/3141/2809
f 2141/3046/2736 2135/3066/2750 2134/3142/2809 2140/3138/2807
f 2138/2994/2687 2139/2973/2670 2137/3140/2808 2136/3143/2810
f 2130/2995/2688 2138/2994/2687 2136/3143/2810 2129/3144/2811
f 2136/3143/2810 2137/3140/2808 2134/3141/2809 2133/3145/2812
f 2129/3144/2811 2136/3143/2810 2133/3145/2812 2127/3146/2813
f 2134/3142/2809 2135/3066/2750 2132/3078/2759 2131/3147/2814
f 2128/3148/2815 2134/3141/2809 2131/3149/2814 2125/3150/2816
f 2134/3141/2809 2128/3148/2815 2127/3146/2813 2133/3145/2812
f 2132/3078/2759 2126/3081/2762 2125/3151/2816 2131/3147/2814
f 2124/3005/2698 2130/2995/2688 2129/3144/2811 2123/3152/2817
f 2123/3152/2817 2129/3144/2811 2127/3146/2813 2121/3153/2818
f 2122/3154/2819 2128/3155/2815 2125/3151/2816 2119/3156/2820
f 2128/3148/2815 2122/3157/2819 2121/3153/2818 2127/3146/2813
f 2126/3081/2762 2120/3096/2775 2119/3156/2820 2125/3151/2816
f 2118/3013/2706 2124/3005/2698 2123/3152/2817 2117/3158/2821
f 2117/3158/2821 2123/3152/2817 2121/3153/2818 2114/3159/2822
f 2115/3160/2823 2122/3154/2819 2119/3156/2820 2112/3161/2824
f 2122/3157/2819 2115/3162/2823 2114/3159/2822 2121/3153/2818
f 2120/3096/2775 2113/3111/2788 2112/3161/2824 2119/3156/2820
f 1716/3021/2714 2118/3013/2706 2117/3158/2821 1715/3163/2825
f 1715/3163/2825 2117/3158/2821 2114/3159/2822 1712/3164/2826
f 2116/3124/2800 1714/3123/2799 1713/3165/2827 2115/3160/2823
f 2116/3124/2800 2115/3160/2823 2112/3161/2824 2113/3111/2788
f 2115/3160/2823 1713/3165/2827 1712/3166/2826 2114/3167/2822
f 2108/2516/2277 2109/2039/1847 2107/2041/1848 2106/2517/2278
f 2106/2517/2278 2107/2041/1848 2105/2044/1850 2104/2519/2280
f 2105/2044/1850 2103/2045/1851 2003/2078/1874 2027/3168/2828
f 2104/2519/2280 2105/2044/1850 2027/3168/2828 2026/2521/2282
f 2094/1527/1376 2102/1526/1375 2101/2698/2440 2093/3169/2829
f 2093/3169/2829 2101/2698/2440 2100/2699/2441 2092/3170/2830
f 2092/3170/2830 2100/2699/2441 2099/2700/2442 2091/3171/2831
f 2091/3171/2831 2099/2700/2442 2098/2701/2443 2090/3172/2832
f 2090/3172/2832 2098/2701/2443 2097/2702/2444 2089/3173/2833
f 2089/3173/2833 2097/2702/2444 2096/2703/2445 2088/3174/2834
f 2088/3174/2834 2096/2703/2445 2095/2704/2446 2087/3175/2835
f 2087/3175/2835 2095/2704/2446 1916/2705/2447 1908/3176/2836
f 2086/1541/1387 2094/1527/1376 2093/3169/2829 2085/3177/2837
f 2085/3177/2837 2093/3169/2829 2092/3170/2830 2084/3178/2838
f 2084/3178/2838 2092/3170/2830 2091/3171/2831 2083/3179/2839
f 2083/3179/2839 2091/3171/2831 2090/3172/2832 2081/3180/2840
f 2081/3180/2840 2090/3172/2832 2089/3173/2833 2079/3181/2841
f 2079/3181/2841 2089/3173/2833 2088/3174/2834 2078/3182/2842
f 2078/3182/2842 2088/3174/2834 2087/3175/2835 2077/3183/2843
f 2077/3183/2843 2087/3175/2835 1908/3176/2836 1900/3184/2844
f 2076/1555/1398 2086/1541/1387 2085/3177/2837 2075/3185/2845
f 2075/3185/2845 2085/3177/2837 2084/3178/2838 2074/3186/2846
f 2074/3186/2846 2084/3178/2838 2083/3179/2839 2073/3187/2847
f 2073/3187/2847 2083/3179/2839 2082/3188/2848 2072/3189/2849
f 2082/3188/2848 2083/3179/2839 2081/3180/2840 2080/3190/2850
f 2072/3189/2849 2082/3188/2848 2080/3190/2850 2070/3191/2851
f 2071/3192/2852 2081/3180/2840 2079/3181/2841 2069/3193/2853
f 2081/3180/2840 2071/3192/2852 2070/3191/2851 2080/3190/2850
f 2069/3193/2853 2079/3181/2841 2078/3182/2842 2068/3194/2854
f 2068/3194/2854 2078/3182/2842 2077/3183/2843 2067/3195/2855
f 2067/3195/2855 2077/3183/2843 1900/3184/2844 1892/3196/2856
f 2066/1571/1410 2076/1555/1398 2075/3185/2845 2065/3197/2857
f 2065/3197/2857 2075/3185/2845 2074/3186/2846 2064/3198/2858
f 2064/3198/2858 2074/3186/2846 2073/3187/2847 2063/3199/2859
f 2063/3199/2859 2073/3187/2847 2071/3192/2852 2062/3200/2860
f 2073/3187/2847 2072/3189/2849 2070/3191/2851 2071/3192/2852
f 2062/3200/2860 2071/3192/2852 2069/3193/2853 2061/3201/2861
f 2061/3201/2861 2069/3193/2853 2068/3194/2854 2060/3202/2862
f 2060/3202/2862 2068/3194/2854 2067/3195/2855 2059/3203/2863
f 2059/3203/2863 2067/3195/2855 1892/3196/2856 1884/3204/2864
f 2058/1586/1424 2066/1571/1410 2065/3197/2857 2056/3205/2865
f 2056/3205/2865 2065/3197/2857 2064/3198/2858 2054/3206/2866
f 2054/3206/2866 2064/3198/2858 2063/3199/2859 2052/3207/2867
f 2052/3207/2867 2063/3199/2859 2062/3200/2860 2050/3208/2868
f 2050/3208/2868 2062/3200/2860 2061/3201/2861 2048/3209/2869
f 2048/3209/2869 2061/3201/2861 2060/3202/2862 2047/3210/2870
f 2047/3210/2870 2060/3202/2862 2059/3203/2863 2046/3211/2871
f 2046/3211/2871 2059/3203/2863 1884/3204/2864 1876/3212/2872
f 2057/1596/1434 2058/1586/1424 2056/3205/2865 2055/3213/2873
f 2045/1597/1435 2057/1596/1434 2055/3213/2873 2044/3214/2874
f 2055/3213/2873 2056/3205/2865 2054/3206/2866 2053/3215/2875
f 2044/3214/2874 2055/3213/2873 2053/3215/2875 2043/3216/2876
f 2053/3215/2875 2054/3206/2866 2052/3207/2867 2051/3217/2877
f 2043/3216/2876 2053/3215/2875 2051/3217/2877 2042/3218/2878
f 2051/3217/2877 2052/3207/2867 2050/3208/2868 2049/3219/2879
f 2042/3218/2878 2051/3217/2877 2049/3219/2879 2040/3220/2880
f 2041/3221/2881 2050/3208/2868 2048/3209/2869 2039/3222/2882
f 2050/3208/2868 2041/3221/2881 2040/3220/2880 2049/3219/2879
f 2039/3222/2882 2048/3209/2869 2047/3210/2870 2038/3223/2883
f 2038/3223/2883 2047/3210/2870 2046/3211/2871 2037/3224/2884
f 2037/3224/2884 2046/3211/2871 1876/3212/2872 1868/3225/2885
f 2036/1606/1444 2045/1597/1435 2044/3214/2874 2035/3226/2886
f 2035/3226/2886 2044/3214/2874 2043/3216/2876 2034/3227/2887
f 2034/3227/2887 2043/3216/2876 2042/3218/2878 2033/3228/2888
f 2033/3228/2888 2042/3218/2878 2040/3220/2880 2031/3229/2889
f 2032/3230/2890 2041/3221/2881 2039/3222/2882 2030/3231/2891
f 2041/3221/2881 2032/3230/2890 2031/3229/2889 2040/3220/2880
f 2030/3231/2891 2039/3222/2882 2038/3223/2883 2029/3232/2892
f 2029/3232/2892 2038/3223/2883 2037/3224/2884 2028/3233/2893
f 2028/3233/2893 2037/3224/2884 1868/3225/2885 1858/3234/2894
f 1680/1616/1454 2036/1606/1444 2035/3226/2886 1679/3235/2895
f 1679/3235/2895 2035/3226/2886 2034/3227/2887 1678/3236/2896
f 1678/3236/2896 2034/3227/2887 2033/3228/2888 1677/3237/2897
f 1677/3237/2897 2033/3228/2888 2031/3229/2889 1675/3238/2898
f 1676/3239/2899 2032/3230/2890 2030/3231/2891 1674/3240/2900
f 2032/3230/2890 1676/3239/2899 1675/3238/2898 2031/3229/2889
f 1674/3240/2900 2030/3231/2891 2029/3232/2892 1673/3241/2901
f 1673/3241/2901 2029/3232/2892 2028/3233/2893 1672/3242/2902
f 1672/3242/2902 2028/3233/2893 1858/3234/2894 1485/3243/2903
f 2027/3168/2828 2003/2078/1874 2002/3244/2904 2026/2521/2282
f 2026/2521/2282 2002/3244/2904 2000/3245/2905 2024/3246/2906
f 2025/2801/2524 2026/2521/2282 2024/3246/2906 2023/2802/2525
f 2024/3246/2906 2000/3245/2905 1998/3247/2907 2021/3248/2908
f 2023/2802/2525 2024/3246/2906 2021/3248/2908 2020/3249/2909
f 2022/2804/2527 2023/2802/2525 2020/3249/2909 2019/2805/2528
f 2021/3248/2908 1998/3247/2907 1997/3250/2910 2020/3249/2909
f 2020/3249/2909 1997/3250/2910 1994/3251/2911 2018/3252/2912
f 2019/2805/2528 2020/3249/2909 2018/3252/2912 2017/2807/2530
f 2018/3252/2912 1994/3251/2911 1992/3253/2913 2016/3254/2914
f 2017/2807/2530 2018/3252/2912 2016/3254/2914 2015/2809/2532
f 2016/3254/2914 1992/3253/2913 1991/3255/2915 2015/2809/2532
f 2015/2809/2532 1991/3255/2915 1989/3256/2916 2013/3257/2917
f 2014/2812/2535 2015/2809/2532 2013/3257/2917 2012/2813/2536
f 2013/3258/2917 1989/3259/2916 1988/3260/2918 2010/3261/2919
f 2012/2813/2536 2013/3257/2917 2010/3262/2919 2009/3263/2920
f 2011/2815/2538 2012/2813/2536 2009/3263/2920 2008/2816/2539
f 2010/3261/2919 1988/3260/2918 1987/3264/2921 2009/3265/2920
f 2009/3265/2920 1987/3264/2921 1986/3266/2922 2008/3267/2539
f 2008/3267/2539 1986/3266/2922 1984/3268/2923 2006/3269/2924
f 2007/2817/2540 2008/2816/2539 2006/3270/2924 2005/3271/2541
f 2006/3269/2924 1984/3268/2923 1983/3272/2925 2005/2819/2541
f 2005/2819/2541 1983/3272/2925 1846/3273/2926 1848/3274/2927
f 2004/2821/2543 2005/2819/2541 1848/3274/2927 1847/2822/2544
f 2002/3244/2904 2003/2078/1874 2001/2162/1956 2000/3245/2905
f 2000/3245/2905 2001/2162/1956 1999/2165/1959 1998/3247/2907
f 1999/2165/1959 1982/2166/1960 1981/2178/1967 1996/3275/2928
f 1998/3247/2907 1999/2165/1959 1996/3275/2928 1995/3276/2929
f 1997/3250/2910 1998/3247/2907 1995/3276/2929 1994/3251/2911
f 1996/3275/2928 1981/2178/1967 1980/3277/2930 1995/3276/2929
f 1995/3276/2929 1980/3277/2930 1978/3278/2931 1993/3279/2932
f 1994/3251/2911 1995/3276/2929 1993/3279/2932 1992/3253/2913
f 1993/3279/2932 1978/3278/2931 1977/3280/2933 1992/3253/2913
f 1992/3253/2913 1977/3280/2933 1975/3281/2934 1990/3282/2935
f 1991/3255/2915 1992/3253/2913 1990/3282/2935 1989/3256/2916
f 1990/3283/2935 1975/3284/2934 1974/3285/2936 1989/3259/2916
f 1989/3259/2916 1974/3285/2936 1973/3286/2937 1988/3260/2918
f 1988/3260/2918 1973/3286/2937 1972/3287/2938 1987/3264/2921
f 1987/3264/2921 1972/3287/2938 1971/3288/2939 1985/3289/2940
f 1986/3266/2922 1987/3264/2921 1985/3289/2940 1984/3268/2923
f 1985/3289/2940 1971/3288/2939 1970/3290/2941 1984/3268/2923
f 1984/3268/2923 1970/3290/2941 1969/3291/2942 1983/3272/2925
f 1983/3292/2925 1969/3293/2942 1842/3294/2943 1846/3295/2926
f 1981/2181/1967 1968/2180/1968 1967/3296/2944 1979/3297/2945
f 1980/3277/2930 1981/2178/1967 1979/3298/2945 1978/3278/2931
f 1979/3297/2945 1967/3296/2944 1966/3299/2946 1978/3300/2931
f 1978/3300/2931 1966/3299/2946 1965/3301/2947 1976/3302/2948
f 1977/3303/2933 1978/3300/2931 1976/3302/2948 1975/3284/2934
f 1976/3302/2948 1965/3301/2947 1964/3304/2949 1975/3284/2934
f 1975/3284/2934 1964/3304/2949 1963/3305/2950 1974/3285/2936
f 1974/3285/2936 1963/3305/2950 1961/3306/2951 1973/3286/2937
f 1973/3286/2937 1961/3306/2951 1960/3307/2952 1972/3287/2938
f 1972/3287/2938 1960/3307/2952 1959/3308/2953 1971/3288/2939
f 1971/3288/2939 1959/3308/2953 1958/3309/2954 1970/3290/2941
f 1970/3290/2941 1958/3309/2954 1839/3310/2955 1843/3311/2956
f 1969/3291/2942 1970/3290/2941 1843/3311/2956 1842/3312/2943
f 1968/2180/1968 1957/2192/1977 1955/3313/2957 1967/3296/2944
f 1967/3296/2944 1955/3313/2957 1954/3314/2958 1966/3299/2946
f 1966/3299/2946 1954/3314/2958 1953/3315/2959 1965/3301/2947
f 1965/3301/2947 1953/3315/2959 1952/3316/2960 1964/3304/2949
f 1964/3304/2949 1952/3316/2960 1951/3317/2961 1962/3318/2962
f 1963/3305/2950 1964/3304/2949 1962/3318/2962 1961/3306/2951
f 1962/3318/2962 1951/3317/2961 1950/3319/2963 1961/3306/2951
f 1961/3306/2951 1950/3319/2963 1949/3320/2964 1960/3307/2952
f 1960/3307/2952 1949/3320/2964 1947/3321/2965 1959/3308/2953
f 1959/3308/2953 1947/3321/2965 1946/3322/2966 1958/3309/2954
f 1958/3309/2954 1946/3322/2966 1835/3323/2967 1839/3310/2955
f 1957/2192/1977 1945/2204/1984 1944/3324/2968 1956/3325/2969
f 1957/2192/1977 1956/3325/2969 1954/3314/2958 1955/3313/2957
f 1956/3325/2969 1944/3324/2968 1942/3326/2970 1954/3314/2958
f 1954/3314/2958 1942/3326/2970 1941/3327/2971 1953/3315/2959
f 1953/3315/2959 1941/3327/2971 1940/3328/2972 1952/3316/2960
f 1952/3316/2960 1940/3328/2972 1939/3329/2973 1951/3317/2961
f 1951/3317/2961 1939/3329/2973 1938/3330/2974 1950/3319/2963
f 1950/3319/2963 1938/3330/2974 1937/3331/2975 1948/3332/2976
f 1949/3320/2964 1950/3319/2963 1948/3332/2976 1947/3321/2965
f 1948/3332/2976 1937/3331/2975 1936/3333/2977 1947/3321/2965
f 1947/3321/2965 1936/3333/2977 1935/3334/2978 1946/3322/2966
f 1946/3322/2966 1935/3334/2978 1829/3335/2979 1835/3323/2967
f 1945/2204/1984 1934/2210/1990 1933/3336/2980 1943/3337/2981
f 1944/3324/2968 1945/2204/1984 1943/3337/2981 1942/3326/2970
f 1943/3337/2981 1933/3336/2980 1932/3338/2982 1942/3326/2970
f 1942/3326/2970 1932/3338/2982 1931/3339/2983 1941/3327/2971
f 1941/3327/2971 1931/3339/2983 1930/3340/2984 1940/3328/2972
f 1940/3328/2972 1930/3340/2984 1929/3341/2985 1939/3329/2973
f 1939/3329/2973 1929/3341/2985 1928/3342/2986 1938/3330/2974
f 1938/3330/2974 1928/3342/2986 1927/3343/2987 1937/3331/2975
f 1937/3331/2975 1927/3343/2987 1926/3344/2988 1936/3333/2977
f 1936/3333/2977 1926/3344/2988 1824/3345/2989 1830/3346/2990
f 1935/3334/2978 1936/3333/2977 1830/3346/2990 1829/3335/2979
f 1934/2210/1990 1925/2217/1997 1924/3347/2991 1933/3336/2980
f 1933/3336/2980 1924/3347/2991 1923/3348/2992 1932/3338/2982
f 1932/3338/2982 1923/3348/2992 1922/3349/2993 1931/3339/2983
f 1931/3339/2983 1922/3349/2993 1921/3350/2994 1930/3340/2984
f 1930/3340/2984 1921/3350/2994 1920/3351/2995 1929/3341/2985
f 1929/3341/2985 1920/3351/2995 1919/3352/2996 1928/3342/2986
f 1928/3342/2986 1919/3352/2996 1918/3353/2997 1927/3343/2987
f 1927/3343/2987 1918/3353/2997 1917/3354/2998 1926/3344/2988
f 1926/3344/2988 1917/3354/2998 1819/3355/2999 1824/3345/2989
f 1925/2217/1997 1597/2228/2003 1596/3356/3000 1924/3347/2991
f 1924/3347/2991 1596/3356/3000 1595/3357/3001 1923/3348/2992
f 1923/3348/2992 1595/3357/3001 1594/3358/3002 1922/3349/2993
f 1922/3349/2993 1594/3358/3002 1593/3359/3003 1921/3350/2994
f 1921/3350/2994 1593/3359/3003 1592/3360/3004 1920/3351/2995
f 1920/3351/2995 1592/3360/3004 1591/3361/3005 1919/3352/2996
f 1919/3352/2996 1591/3361/3005 1590/3362/3006 1918/3353/2997
f 1918/3353/2997 1590/3362/3006 1589/3363/3007 1917/3354/2998
f 1917/3354/2998 1589/3363/3007 1405/3364/3008 1819/3355/2999
f 1908/3176/2836 1916/2705/2447 1915/3014/2707 1907/3365/3009
f 1907/3365/3009 1915/3014/2707 1914/3015/2708 1906/3366/3010
f 1906/3366/3010 1914/3015/2708 1913/3016/2709 1905/3367/3011
f 1905/3367/3011 1913/3016/2709 1912/3017/2710 1904/3368/3012
f 1904/3368/3012 1912/3017/2710 1911/3018/2711 1903/3369/3013
f 1903/3369/3013 1911/3018/2711 1910/3019/2712 1902/3370/3014
f 1902/3370/3014 1910/3019/2712 1909/3020/2713 1901/3371/3015
f 1901/3371/3015 1909/3020/2713 1716/3021/2714 1711/3372/3016
f 1900/3184/2844 1908/3176/2836 1907/3365/3009 1899/3373/3017
f 1899/3373/3017 1907/3365/3009 1906/3366/3010 1898/3374/3018
f 1898/3374/3018 1906/3366/3010 1905/3367/3011 1897/3375/3019
f 1897/3375/3019 1905/3367/3011 1904/3368/3012 1896/3376/3020
f 1896/3376/3020 1904/3368/3012 1903/3369/3013 1895/3377/3021
f 1895/3377/3021 1903/3369/3013 1902/3370/3014 1894/3378/3022
f 1894/3378/3022 1902/3370/3014 1901/3371/3015 1893/3379/3023
f 1893/3379/3023 1901/3371/3015 1711/3372/3016 1706/3380/3024
f 1892/3196/2856 1900/3184/2844 1899/3373/3017 1891/3381/3025
f 1891/3381/3025 1899/3373/3017 1898/3374/3018 1890/3382/3026
f 1890/3382/3026 1898/3374/3018 1897/3375/3019 1889/3383/3027
f 1889/3383/3027 1897/3375/3019 1896/3376/3020 1888/3384/3028
f 1888/3384/3028 1896/3376/3020 1895/3377/3021 1887/3385/3029
f 1887/3385/3029 1895/3377/3021 1894/3378/3022 1886/3386/3030
f 1886/3386/3030 1894/3378/3022 1893/3379/3023 1885/3387/3031
f 1885/3387/3031 1893/3379/3023 1706/3380/3024 1701/3388/3032
f 1884/3204/2864 1892/3196/2856 1891/3381/3025 1883/3389/3033
f 1883/3389/3033 1891/3381/3025 1890/3382/3026 1882/3390/3034
f 1882/3390/3034 1890/3382/3026 1889/3383/3027 1881/3391/3035
f 1881/3391/3035 1889/3383/3027 1888/3384/3028 1880/3392/3036
f 1880/3392/3036 1888/3384/3028 1887/3385/3029 1879/3393/3037
f 1879/3393/3037 1887/3385/3029 1886/3386/3030 1878/3394/3038
f 1878/3394/3038 1886/3386/3030 1885/3387/3031 1877/3395/3039
f 1877/3395/3039 1885/3387/3031 1701/3388/3032 1693/3396/3040
f 1876/3212/2872 1884/3204/2864 1883/3389/3033 1875/3397/3041
f 1875/3397/3041 1883/3389/3033 1882/3390/3034 1874/3398/3042
f 1874/3398/3042 1882/3390/3034 1881/3391/3035 1873/3399/3043
f 1873/3399/3043 1881/3391/3035 1880/3392/3036 1872/3400/3044
f 1872/3400/3044 1880/3392/3036 1879/3393/3037 1871/3401/3045
f 1871/3401/3045 1879/3393/3037 1878/3394/3038 1870/3402/3046
f 1870/3402/3046 1878/3394/3038 1877/3395/3039 1869/3403/3047
f 1869/3403/3047 1877/3395/3039 1693/3396/3040 1687/3404/3048
f 1868/3225/2885 1876/3212/2872 1875/3397/3041 1867/3405/3049
f 1867/3405/3049 1875/3397/3041 1874/3398/3042 1866/3406/3050
f 1866/3406/3050 1874/3398/3042 1873/3399/3043 1865/3407/3051
f 1865/3407/3051 1873/3399/3043 1872/3400/3044 1864/3408/3052
f 1864/3408/3052 1872/3400/3044 1871/3401/3045 1863/3409/3053
f 1863/3409/3053 1871/3401/3045 1870/3402/3046 1862/3410/3054
f 1862/3410/3054 1870/3402/3046 1869/3403/3047 1859/3411/3055
f 1859/3412/3055 1869/3413/3047 1687/3414/3048 1682/3415/3056
f 1858/3234/2894 1868/3225/2885 1867/3405/3049 1857/3416/3057
f 1857/3416/3057 1867/3405/3049 1866/3406/3050 1856/3417/3058
f 1856/3417/3058 1866/3406/3050 1865/3407/3051 1855/3418/3059
f 1855/3418/3059 1865/3407/3051 1864/3408/3052 1854/3419/3060
f 1854/3419/3060 1864/3408/3052 1863/3409/3053 1853/3420/3061
f 1853/3420/3061 1863/3409/3053 1862/3410/3054 1852/3421/3062
f 1852/3421/3062 1862/3410/3054 1859/3411/3055 1849/3422/3063
f 1851/3423/3064 1861/3424/3065 1684/3425/3066 1681/3426/3067
f 1861/3424/3065 1851/3423/3064 1850/3427/3068 1860/3428/3069
f 1861/3424/3065 1860/3428/3069 1683/3429/3070 1684/3425/3066
f 1860/3428/3069 1850/3427/3068 1849/3430/3063 1859/3412/3055
f 1860/3428/3069 1859/3412/3055 1682/3415/3056 1683/3429/3070
f 1485/3243/2903 1858/3234/2894 1857/3416/3057 1484/3431/3071
f 1484/3431/3071 1857/3416/3057 1856/3417/3058 1483/3432/3072
f 1483/3432/3072 1856/3417/3058 1855/3418/3059 1482/3433/3073
f 1482/3433/3073 1855/3418/3059 1854/3419/3060 1481/3434/3074
f 1481/3434/3074 1854/3419/3060 1853/3420/3061 1480/3435/3075
f 1480/3435/3075 1853/3420/3061 1852/3421/3062 1479/3436/3076
f 1479/3436/3076 1852/3421/3062 1849/3422/3063 1476/3437/3077
f 1478/3438/3078 1851/3423/3064 1681/3426/3067 1255/3439/3079
f 1851/3423/3064 1478/3438/3078 1477/3440/3080 1850/3427/3068
f 1850/3427/3068 1477/3440/3080 1476/3441/3077 1849/3430/3063
f 1848/3274/2927 1846/3273/2926 1845/3442/3081 1847/2822/2544
f 1847/2822/2544 1845/3442/3081 1800/3443/3082 1812/3022/2715
f 1846/3273/2926 1842/3312/2943 1841/3444/3083 1845/3442/3081
f 1845/3442/3081 1841/3444/3083 1840/3445/3084 1844/3446/3085
f 1800/3443/3082 1845/3442/3081 1844/3446/3085 1799/3447/3086
f 1844/3446/3085 1840/3445/3084 1790/3448/3087 1799/3447/3086
f 1843/3311/2956 1839/3310/2955 1838/3449/3088 1842/3312/2943
f 1842/3312/2943 1838/3449/3088 1837/3450/3089 1841/3444/3083
f 1841/3444/3083 1837/3450/3089 1836/3451/3090 1840/3445/3084
f 1840/3445/3084 1836/3451/3090 1780/3452/3091 1790/3448/3087
f 1839/3310/2955 1835/3323/2967 1834/3453/3092 1838/3449/3088
f 1838/3449/3088 1834/3453/3092 1833/3454/3093 1837/3450/3089
f 1837/3450/3089 1833/3454/3093 1831/3455/3094 1836/3451/3090
f 1836/3451/3090 1831/3455/3094 1770/3456/3095 1780/3452/3091
f 1835/3323/2967 1829/3335/2979 1828/3457/3096 1834/3453/3092
f 1834/3458/3092 1828/3459/3096 1826/3460/3097 1832/3461/3098
f 1833/3462/3093 1834/3458/3092 1832/3461/3098 1831/3463/3094
f 1832/3461/3098 1826/3460/3097 1825/3464/3099 1831/3463/3094
f 1831/3455/3094 1825/3465/3099 1755/3466/3100 1770/3456/3095
f 1830/3346/2990 1824/3345/2989 1823/3467/3101 1829/3335/2979
f 1829/3335/2979 1823/3467/3101 1822/3468/3102 1827/3469/3103
f 1828/3457/3096 1829/3335/2979 1827/3469/3103 1826/3470/3097
f 1827/3469/3103 1822/3468/3102 1821/3471/3104 1826/3470/3097
f 1826/3470/3097 1821/3471/3104 1820/3472/3105 1825/3465/3099
f 1825/3473/3099 1820/3474/3105 1741/3475/3106 1755/3476/3100
f 1824/3345/2989 1819/3355/2999 1818/3477/3107 1823/3467/3101
f 1823/3467/3101 1818/3477/3107 1817/3478/3108 1822/3468/3102
f 1822/3468/3102 1817/3478/3108 1816/3479/3109 1821/3471/3104
f 1821/3471/3104 1816/3479/3109 1815/3480/3110 1820/3472/3105
f 1820/3472/3105 1815/3480/3110 1726/3481/3111 1741/3482/3106
f 1819/3355/2999 1405/3364/3008 1404/3483/3112 1818/3477/3107
f 1818/3477/3107 1404/3483/3112 1403/3484/3113 1817/3478/3108
f 1817/3478/3108 1403/3484/3113 1402/3485/3114 1816/3479/3109
f 1816/3486/3109 1402/3487/3114 1400/3488/3115 1814/3489/3116
f 1815/3490/3110 1816/3486/3109 1814/3489/3116 1813/3491/3117
f 1726/3481/3111 1815/3480/3110 1813/3492/3117 1721/3493/3118
f 1814/3489/3116 1400/3488/3115 1399/3494/3119 1813/3491/3117
f 1813/3492/3117 1399/3495/3119 1330/3496/3120 1721/3493/3118
f 1812/3022/2715 1800/3443/3082 1799/3447/3086 1810/3497/3121
f 1811/3112/2789 1812/3022/2715 1810/3497/3121 1809/3113/2790
f 1810/3497/3121 1799/3447/3086 1798/3498/3122 1809/3113/2790
f 1809/3113/2790 1798/3498/3122 1797/3499/3123 1807/3500/3124
f 1808/3114/2791 1809/3113/2790 1807/3500/3124 1806/3115/2792
f 1807/3500/3124 1797/3499/3123 1796/3501/3125 1806/3115/2792
f 1806/3502/2792 1796/3503/3125 1795/3504/3126 1805/3117/2793
f 1805/3117/2793 1795/3504/3126 1794/3505/3127 1804/3118/2794
f 1804/3118/2794 1794/3505/3127 1793/3506/3128 1803/3119/2795
f 1803/3119/2795 1793/3506/3128 1792/3507/3129 1802/3120/2796
f 1802/3120/2796 1792/3507/3129 1791/3508/3130 1801/3121/2797
f 1801/3121/2797 1791/3508/3130 1709/3509/3131 1714/3123/2799
f 1799/3447/3086 1790/3448/3087 1789/3510/3132 1798/3498/3122
f 1798/3498/3122 1789/3510/3132 1787/3511/3133 1797/3499/3123
f 1797/3512/3123 1787/3513/3133 1786/3514/3134 1796/3503/3125
f 1796/3503/3125 1786/3514/3134 1785/3515/3135 1795/3504/3126
f 1795/3504/3126 1785/3515/3135 1784/3516/3136 1794/3505/3127
f 1794/3505/3127 1784/3516/3136 1783/3517/3137 1793/3506/3128
f 1793/3506/3128 1783/3517/3137 1782/3518/3138 1792/3507/3129
f 1792/3507/3129 1782/3518/3138 1781/3519/3139 1791/3508/3130
f 1791/3508/3130 1781/3519/3139 1704/3520/3140 1709/3509/3131
f 1790/3448/3087 1780/3452/3091 1778/3521/3141 1788/3522/3142
f 1789/3510/3132 1790/3448/3087 1788/3522/3142 1787/3511/3133
f 1788/3522/3142 1778/3521/3141 1777/3523/3143 1787/3511/3133
f 1787/3513/3133 1777/3524/3143 1776/3525/3144 1786/3514/3134
f 1786/3514/3134 1776/3525/3144 1775/3526/3145 1785/3515/3135
f 1785/3515/3135 1775/3526/3145 1774/3527/3146 1784/3516/3136
f 1784/3516/3136 1774/3527/3146 1773/3528/3147 1783/3517/3137
f 1783/3517/3137 1773/3528/3147 1772/3529/3148 1782/3518/3138
f 1782/3518/3138 1772/3529/3148 1771/3530/3149 1781/3519/3139
f 1781/3519/3139 1771/3530/3149 1697/3531/3150 1704/3520/3140
f 1780/3452/3091 1770/3456/3095 1764/3532/3151 1778/3521/3141
f 1765/3533/3152 1779/3534/3153 1771/3530/3149 1757/3535/3154
f 1779/3534/3153 1765/3533/3152 1692/3536/3155 1700/3537/3156
f 1779/3534/3153 1700/3537/3156 1697/3531/3150 1771/3530/3149
f 1778/3521/3141 1764/3532/3151 1763/3538/3157 1777/3523/3143
f 1777/3524/3143 1763/3539/3157 1762/3540/3158 1776/3525/3144
f 1776/3525/3144 1762/3540/3158 1761/3541/3159 1775/3526/3145
f 1775/3526/3145 1761/3541/3159 1760/3542/3160 1774/3527/3146
f 1774/3527/3146 1760/3542/3160 1759/3543/3161 1773/3528/3147
f 1773/3528/3147 1759/3543/3161 1758/3544/3162 1772/3529/3148
f 1772/3529/3148 1758/3544/3162 1757/3535/3154 1771/3530/3149
f 1770/3456/3095 1755/3466/3100 1754/3545/3163 1769/3546/3164
f 1770/3456/3095 1769/3546/3164 1763/3538/3157 1764/3532/3151
f 1769/3547/3164 1754/3548/3163 1747/3549/3165 1763/3539/3157
f 1751/3550/3166 1768/3551/3167 1760/3542/3160 1744/3552/3168
f 1768/3551/3167 1751/3550/3166 1750/3553/3169 1767/3554/3170
f 1768/3551/3167 1767/3554/3170 1759/3543/3161 1760/3542/3160
f 1767/3554/3170 1750/3553/3169 1749/3555/3171 1766/3556/3172
f 1767/3554/3170 1766/3556/3172 1758/3544/3162 1759/3543/3161
f 1766/3556/3172 1749/3555/3171 1748/3557/3173 1765/3533/3152
f 1766/3556/3172 1765/3533/3152 1757/3535/3154 1758/3544/3162
f 1765/3533/3152 1748/3557/3173 1686/3558/3174 1692/3536/3155
f 1763/3539/3157 1747/3549/3165 1746/3559/3175 1762/3540/3158
f 1762/3540/3158 1746/3559/3175 1745/3560/3176 1761/3541/3159
f 1761/3541/3159 1745/3560/3176 1744/3552/3168 1760/3542/3160
f 1742/3561/3177 1756/3562/3178 1748/3557/3173 1734/3563/3179
f 1756/3562/3178 1742/3561/3177 1684/3425/3066 1689/3564/3180
f 1756/3562/3178 1689/3564/3180 1686/3558/3174 1748/3557/3173
f 1755/3476/3100 1741/3475/3106 1740/3565/3181 1754/3548/3163
f 1754/3548/3163 1740/3565/3181 1739/3566/3182 1753/3567/3183
f 1754/3548/3163 1753/3567/3183 1746/3559/3175 1747/3549/3165
f 1753/3567/3183 1739/3566/3182 1738/3568/3184 1752/3569/3185
f 1753/3567/3183 1752/3569/3185 1745/3560/3176 1746/3559/3175
f 1752/3569/3185 1738/3568/3184 1737/3570/3186 1751/3550/3166
f 1752/3569/3185 1751/3550/3166 1744/3552/3168 1745/3560/3176
f 1751/3550/3166 1737/3570/3186 1736/3571/3187 1750/3553/3169
f 1750/3553/3169 1736/3571/3187 1735/3572/3188 1749/3555/3171
f 1749/3555/3171 1735/3572/3188 1734/3563/3179 1748/3557/3173
f 1728/3573/3189 1743/3574/3190 1735/3572/3188 1722/3575/3191
f 1743/3574/3190 1728/3573/3189 1727/3576/3192 1742/3561/3177
f 1743/3574/3190 1742/3561/3177 1734/3563/3179 1735/3572/3188
f 1742/3561/3177 1727/3576/3192 1681/3426/3067 1684/3425/3066
f 1741/3482/3106 1726/3481/3111 1721/3493/3118 1733/3577/3193
f 1740/3565/3181 1741/3475/3106 1733/3578/3193 1732/3579/3194
f 1739/3566/3182 1740/3565/3181 1732/3579/3194 1731/3580/3195
f 1738/3568/3184 1739/3566/3182 1731/3580/3195 1730/3581/3196
f 1737/3570/3186 1738/3568/3184 1730/3581/3196 1729/3582/3197
f 1724/3583/3198 1737/3570/3186 1729/3582/3197 1717/3584/3199
f 1737/3570/3186 1724/3583/3198 1723/3585/3200 1736/3571/3187
f 1736/3571/3187 1723/3585/3200 1722/3575/3191 1735/3572/3188
f 1733/3578/3193 1721/3586/3118 1720/3587/3201 1732/3579/3194
f 1732/3579/3194 1720/3587/3201 1719/3588/3202 1731/3580/3195
f 1731/3580/3195 1719/3588/3202 1718/3589/3203 1730/3581/3196
f 1730/3581/3196 1718/3589/3203 1717/3584/3199 1729/3582/3197
f 1336/3590/3204 1728/3573/3189 1722/3575/3191 1331/3591/3205
f 1728/3573/3189 1336/3590/3204 1335/3592/3206 1727/3576/3192
f 1727/3576/3192 1335/3592/3206 1255/3439/3079 1681/3426/3067
f 1334/3593/3207 1725/3594/3208 1718/3589/3203 1327/3595/3209
f 1725/3594/3208 1334/3593/3207 1333/3596/3210 1724/3583/3198
f 1725/3594/3208 1724/3583/3198 1717/3584/3199 1718/3589/3203
f 1724/3583/3198 1333/3596/3210 1332/3597/3211 1723/3585/3200
f 1723/3585/3200 1332/3597/3211 1331/3591/3205 1722/3575/3191
f 1721/3586/3118 1330/3598/3120 1329/3599/3212 1720/3587/3201
f 1720/3587/3201 1329/3599/3212 1328/3600/3213 1719/3588/3202
f 1719/3588/3202 1328/3600/3213 1327/3595/3209 1718/3589/3203
f 1711/3372/3016 1716/3021/2714 1715/3163/2825 1710/3601/3214
f 1710/3601/3214 1715/3163/2825 1712/3164/2826 1707/3602/3215
f 1714/3123/2799 1709/3509/3131 1708/3603/3216 1713/3165/2827
f 1713/3165/2827 1708/3603/3216 1707/3604/3215 1712/3166/2826
f 1706/3380/3024 1711/3372/3016 1710/3601/3214 1705/3605/3217
f 1705/3605/3217 1710/3601/3214 1707/3602/3215 1702/3606/3218
f 1709/3509/3131 1704/3520/3140 1703/3607/3219 1708/3603/3216
f 1708/3603/3216 1703/3607/3219 1702/3608/3218 1707/3604/3215
f 1701/3388/3032 1706/3380/3024 1705/3605/3217 1698/3609/3220
f 1698/3609/3220 1705/3605/3217 1702/3606/3218 1695/3610/3221
f 1704/3520/3140 1697/3531/3150 1696/3611/3222 1703/3607/3219
f 1703/3607/3219 1696/3611/3222 1695/3612/3221 1702/3608/3218
f 1693/3396/3040 1701/3388/3032 1698/3609/3220 1690/3613/3223
f 1700/3537/3156 1692/3536/3155 1691/3614/3224 1699/3615/3225
f 1700/3537/3156 1699/3615/3225 1696/3611/3222 1697/3531/3150
f 1699/3615/3225 1691/3614/3224 1690/3616/3223 1698/3617/3220
f 1699/3618/3225 1698/3619/3220 1695/3620/3221 1696/3621/3222
f 1688/3622/3226 1694/3623/3227 1691/3614/3224 1685/3624/3228
f 1694/3623/3227 1688/3622/3226 1687/3414/3048 1693/3625/3040
f 1694/3623/3227 1693/3625/3040 1690/3616/3223 1691/3614/3224
f 1692/3536/3155 1686/3558/3174 1685/3624/3228 1691/3614/3224
f 1689/3564/3180 1684/3425/3066 1683/3429/3070 1688/3622/3226
f 1689/3564/3180 1688/3622/3226 1685/3624/3228 1686/3558/3174
f 1688/3622/3226 1683/3429/3070 1682/3415/3056 1687/3414/3048
f 1670/1938/1758 1680/1616/1454 1679/3235/2895 1668/3626/3229
f 1668/3626/3229 1679/3235/2895 1678/3236/2896 1666/3627/3230
f 1666/3627/3230 1678/3236/2896 1677/3237/2897 1665/3628/3231
f 1665/3628/3231 1677/3237/2897 1675/3238/2898 1663/3629/3232
f 1664/3630/3233 1676/3239/2899 1674/3240/2900 1662/3631/3234
f 1676/3239/2899 1664/3630/3233 1663/3629/3232 1675/3238/2898
f 1662/3631/3234 1674/3240/2900 1673/3241/2901 1660/3632/3235
f 1660/3632/3235 1673/3241/2901 1672/3242/2902 1659/3633/3236
f 1659/3633/3236 1672/3242/2902 1485/3243/2903 1475/3634/3237
f 1658/1948/1768 1671/1947/1767 1669/3635/3238 1657/3636/3239
f 1671/1947/1767 1670/1938/1758 1668/3626/3229 1669/3635/3238
f 1657/3636/3239 1669/3635/3238 1667/3637/3240 1655/3638/3241
f 1669/3635/3238 1668/3626/3229 1666/3627/3230 1667/3637/3240
f 1655/3638/3241 1667/3637/3240 1666/3627/3230 1654/3639/3242
f 1654/3639/3242 1666/3627/3230 1665/3628/3231 1653/3640/3243
f 1653/3640/3243 1665/3628/3231 1663/3629/3232 1652/3641/3244
f 1663/3629/3232 1664/3630/3233 1662/3631/3234 1661/3642/3245
f 1652/3641/3244 1663/3629/3232 1661/3642/3245 1650/3643/3246
f 1651/3644/3247 1662/3631/3234 1660/3632/3235 1649/3645/3248
f 1662/3631/3234 1651/3644/3247 1650/3643/3246 1661/3642/3245
f 1649/3645/3248 1660/3632/3235 1659/3633/3236 1648/3646/3249
f 1648/3646/3249 1659/3633/3236 1475/3634/3237 1465/3647/3250
f 1647/1956/1776 1658/1948/1768 1657/3636/3239 1645/3648/3251
f 1645/3648/3251 1657/3636/3239 1656/3649/3252 1644/3650/3253
f 1656/3649/3252 1657/3636/3239 1655/3638/3241 1654/3639/3242
f 1644/3650/3253 1656/3649/3252 1654/3639/3242 1643/3651/3254
f 1643/3651/3254 1654/3639/3242 1653/3640/3243 1642/3652/3255
f 1642/3652/3255 1653/3640/3243 1652/3641/3244 1641/3653/3256
f 1641/3653/3256 1652/3641/3244 1650/3643/3246 1639/3654/3257
f 1640/3655/3258 1651/3644/3247 1649/3645/3248 1638/3656/3259
f 1651/3644/3247 1640/3655/3258 1639/3654/3257 1650/3643/3246
f 1638/3656/3259 1649/3645/3248 1648/3646/3249 1636/3657/3260
f 1636/3657/3260 1648/3646/3249 1465/3647/3250 1453/3658/3261
f 1646/1966/1786 1647/1956/1776 1645/3648/3251 1644/3650/3253
f 1635/1967/1787 1646/1966/1786 1644/3650/3253 1634/3659/3262
f 1634/3659/3262 1644/3650/3253 1643/3651/3254 1633/3660/3263
f 1633/3660/3263 1643/3651/3254 1642/3652/3255 1632/3661/3264
f 1632/3661/3264 1642/3652/3255 1641/3653/3256 1631/3662/3265
f 1631/3662/3265 1641/3653/3256 1639/3654/3257 1630/3663/3266
f 1639/3654/3257 1640/3655/3258 1638/3656/3259 1637/3664/3267
f 1630/3663/3266 1639/3654/3257 1637/3664/3267 1628/3665/3268
f 1629/3666/3269 1638/3656/3259 1636/3657/3260 1627/3667/3270
f 1638/3656/3259 1629/3666/3269 1628/3665/3268 1637/3664/3267
f 1627/3667/3270 1636/3657/3260 1453/3658/3261 1443/3668/3271
f 1626/1977/1797 1635/1967/1787 1634/3659/3262 1625/3669/3272
f 1625/3669/3272 1634/3659/3262 1633/3660/3263 1624/3670/3273
f 1624/3670/3273 1633/3660/3263 1632/3661/3264 1623/3671/3274
f 1623/3671/3274 1632/3661/3264 1631/3662/3265 1622/3672/3275
f 1622/3672/3275 1631/3662/3265 1630/3663/3266 1621/3673/3276
f 1621/3673/3276 1630/3663/3266 1628/3665/3268 1619/3674/3277
f 1620/3675/3278 1629/3666/3269 1627/3667/3270 1618/3676/3279
f 1629/3666/3269 1620/3675/3278 1619/3674/3277 1628/3665/3268
f 1618/3676/3279 1627/3667/3270 1443/3668/3271 1432/3677/3280
f 1616/1987/1807 1626/1977/1797 1625/3669/3272 1615/3678/3281
f 1615/3678/3281 1625/3669/3272 1624/3670/3273 1614/3679/3282
f 1614/3679/3282 1624/3670/3273 1623/3671/3274 1613/3680/3283
f 1613/3680/3283 1623/3671/3274 1622/3672/3275 1612/3681/3284
f 1612/3681/3284 1622/3672/3275 1621/3673/3276 1611/3682/3285
f 1611/3682/3285 1621/3673/3276 1619/3674/3277 1610/3683/3286
f 1619/3674/3277 1620/3675/3278 1618/3676/3279 1617/3684/3287
f 1610/3683/3286 1619/3674/3277 1617/3684/3287 1608/3685/3288
f 1609/3686/3289 1618/3676/3279 1432/3677/3280 1423/3687/3290
f 1618/3676/3279 1609/3686/3289 1608/3685/3288 1617/3684/3287
f 1607/1996/1816 1616/1987/1807 1615/3678/3281 1606/3688/3291
f 1606/3688/3291 1615/3678/3281 1614/3679/3282 1605/3689/3292
f 1605/3689/3292 1614/3679/3282 1613/3680/3283 1604/3690/3293
f 1604/3690/3293 1613/3680/3283 1612/3681/3284 1603/3691/3294
f 1603/3691/3294 1612/3681/3284 1611/3682/3285 1602/3692/3295
f 1602/3692/3295 1611/3682/3285 1610/3683/3286 1600/3693/3296
f 1600/3693/3296 1610/3683/3286 1608/3685/3288 1598/3694/3297
f 1599/3695/3298 1609/3686/3289 1423/3687/3290 1414/3696/3299
f 1609/3686/3289 1599/3695/3298 1598/3694/3297 1608/3685/3288
f 1218/2005/1825 1607/1996/1816 1606/3688/3291 1217/3697/3300
f 1217/3697/3300 1606/3688/3291 1605/3689/3292 1216/3698/3301
f 1216/3698/3301 1605/3689/3292 1604/3690/3293 1215/3699/3302
f 1215/3699/3302 1604/3690/3293 1603/3691/3294 1214/3700/3303
f 1214/3700/3303 1603/3691/3294 1602/3692/3295 1213/3701/3304
f 1213/3701/3304 1602/3692/3295 1600/3693/3296 1211/3702/3305
f 1212/3703/3306 1601/3704/3307 1599/3695/3298 1210/3705/3308
f 1601/3704/3307 1212/3703/3306 1211/3702/3305 1600/3693/3296
f 1601/3704/3307 1600/3693/3296 1598/3694/3297 1599/3695/3298
f 1210/3705/3308 1599/3695/3298 1414/3696/3299 1191/3706/3309
f 1597/2228/2003 1588/2373/2136 1587/3707/3310 1596/3356/3000
f 1596/3356/3000 1587/3707/3310 1586/3708/3311 1595/3357/3001
f 1595/3357/3001 1586/3708/3311 1585/3709/3312 1594/3358/3002
f 1594/3358/3002 1585/3709/3312 1584/3710/3313 1593/3359/3003
f 1593/3359/3003 1584/3710/3313 1583/3711/3314 1592/3360/3004
f 1592/3360/3004 1583/3711/3314 1582/3712/3315 1591/3361/3005
f 1591/3361/3005 1582/3712/3315 1581/3713/3316 1590/3362/3006
f 1590/3362/3006 1581/3713/3316 1580/3714/3317 1589/3363/3007
f 1589/3363/3007 1580/3714/3317 1397/3715/3318 1405/3364/3008
f 1588/2373/2136 1579/2378/2141 1578/3716/3319 1587/3707/3310
f 1587/3707/3310 1578/3716/3319 1577/3717/3320 1586/3708/3311
f 1586/3708/3311 1577/3717/3320 1576/3718/3321 1585/3709/3312
f 1585/3709/3312 1576/3718/3321 1575/3719/3322 1584/3710/3313
f 1584/3710/3313 1575/3719/3322 1574/3720/3323 1583/3711/3314
f 1583/3711/3314 1574/3720/3323 1573/3721/3324 1582/3712/3315
f 1582/3712/3315 1573/3721/3324 1571/3722/3325 1581/3713/3316
f 1581/3713/3316 1571/3722/3325 1389/3723/3326 1398/3724/3327
f 1580/3714/3317 1581/3713/3316 1398/3724/3327 1397/3715/3318
f 1579/2378/2141 1570/2382/2144 1569/3725/3328 1578/3716/3319
f 1578/3716/3319 1569/3725/3328 1568/3726/3329 1577/3717/3320
f 1577/3717/3320 1568/3726/3329 1567/3727/3330 1576/3718/3321
f 1576/3718/3321 1567/3727/3330 1566/3728/3331 1575/3719/3322
f 1575/3719/3322 1566/3728/3331 1565/3729/3332 1574/3720/3323
f 1574/3720/3323 1565/3729/3332 1564/3730/3333 1572/3731/3334
f 1573/3721/3324 1574/3720/3323 1572/3731/3334 1571/3722/3325
f 1572/3731/3334 1564/3730/3333 1563/3732/3335 1571/3722/3325
f 1571/3722/3325 1563/3732/3335 1381/3733/3336 1389/3723/3326
f 1570/2382/2144 1562/2388/2150 1561/3734/3337 1569/3725/3328
f 1569/3725/3328 1561/3734/3337 1560/3735/3338 1568/3726/3329
f 1568/3726/3329 1560/3735/3338 1559/3736/3339 1567/3727/3330
f 1567/3727/3330 1559/3736/3339 1558/3737/3340 1566/3728/3331
f 1566/3728/3331 1558/3737/3340 1557/3738/3341 1565/3729/3332
f 1565/3729/3332 1557/3738/3341 1556/3739/3342 1564/3730/3333
f 1564/3730/3333 1556/3739/3342 1555/3740/3343 1563/3732/3335
f 1563/3732/3335 1555/3740/3343 1371/3741/3344 1381/3733/3336
f 1562/2388/2150 1554/2392/2154 1553/3742/3345 1561/3734/3337
f 1561/3734/3337 1553/3742/3345 1552/3743/3346 1560/3735/3338
f 1560/3735/3338 1552/3743/3346 1551/3744/3347 1559/3736/3339
f 1559/3736/3339 1551/3744/3347 1550/3745/3348 1558/3737/3340
f 1558/3737/3340 1550/3745/3348 1549/3746/3349 1557/3738/3341
f 1557/3738/3341 1549/3746/3349 1548/3747/3350 1556/3739/3342
f 1556/3739/3342 1548/3747/3350 1547/3748/3351 1555/3740/3343
f 1555/3740/3343 1547/3748/3351 1362/3749/3352 1371/3741/3344
f 1554/2392/2154 1546/2394/2155 1545/3750/3353 1553/3742/3345
f 1553/3742/3345 1545/3750/3353 1544/3751/3354 1552/3743/3346
f 1552/3743/3346 1544/3751/3354 1543/3752/3355 1551/3744/3347
f 1551/3744/3347 1543/3752/3355 1542/3753/3356 1550/3745/3348
f 1550/3745/3348 1542/3753/3356 1541/3754/3357 1549/3746/3349
f 1549/3746/3349 1541/3754/3357 1540/3755/3358 1548/3747/3350
f 1548/3747/3350 1540/3755/3358 1539/3756/3359 1547/3748/3351
f 1547/3748/3351 1539/3756/3359 1355/3757/3360 1362/3749/3352
f 1546/2394/2155 1537/2396/2157 1536/3758/3361 1545/3750/3353
f 1545/3750/3353 1536/3758/3361 1535/3759/3362 1544/3751/3354
f 1544/3751/3354 1535/3759/3362 1534/3760/3363 1543/3752/3355
f 1543/3752/3355 1534/3760/3363 1533/3761/3364 1542/3753/3356
f 1542/3753/3356 1533/3761/3364 1532/3762/3365 1541/3754/3357
f 1541/3754/3357 1532/3762/3365 1530/3763/3366 1540/3755/3358
f 1540/3755/3358 1530/3763/3366 1529/3764/3367 1539/3756/3359
f 1539/3756/3359 1529/3764/3367 1346/3765/3368 1355/3757/3360
f 1538/2398/2159 1209/2397/2158 1208/3766/3369 1537/2396/2157
f 1537/2396/2157 1208/3766/3369 1207/3767/3370 1536/3758/3361
f 1536/3758/3361 1207/3767/3370 1206/3768/3371 1535/3759/3362
f 1535/3759/3362 1206/3768/3371 1205/3769/3372 1534/3760/3363
f 1534/3760/3363 1205/3769/3372 1204/3770/3373 1533/3761/3364
f 1533/3761/3364 1204/3770/3373 1203/3771/3374 1532/3762/3365
f 1532/3762/3365 1203/3771/3374 1202/3772/3375 1531/3773/3376
f 1532/3762/3365 1531/3773/3376 1529/3764/3367 1530/3763/3366
f 1531/3773/3376 1202/3772/3375 1201/3774/3377 1529/3764/3367
f 1529/3764/3367 1201/3774/3377 1200/3775/3378 1528/3776/3379
f 1529/3764/3367 1528/3776/3379 1345/3777/3380 1346/3765/3368
f 1528/3778/3379 1200/3779/3378 1183/3780/3381 1345/3781/3380
f 1526/3782/3382 1527/3783/3383 1335/3592/3206 1321/3784/3384
f 1527/3783/3383 1526/3782/3382 1468/3785/3385 1478/3438/3078
f 1527/3783/3383 1478/3438/3078 1255/3439/3079 1335/3592/3206
f 1524/3786/3386 1526/3782/3382 1321/3784/3384 1307/3787/3387
f 1526/3782/3382 1524/3786/3386 1456/3788/3388 1468/3785/3385
f 1521/3789/3389 1525/3790/3390 1308/3791/3391 1294/3792/3392
f 1525/3790/3390 1521/3789/3389 1520/3793/3393 1524/3786/3386
f 1525/3790/3390 1524/3786/3386 1307/3787/3387 1308/3791/3391
f 1524/3786/3386 1520/3793/3393 1444/3794/3394 1456/3788/3388
f 1518/3795/3395 1523/3796/3396 1520/3793/3393 1514/3797/3397
f 1523/3796/3396 1518/3795/3395 1435/3798/3398 1447/3799/3399
f 1523/3796/3396 1447/3799/3399 1444/3794/3394 1520/3793/3393
f 1516/3800/3400 1522/3801/3401 1295/3802/3402 1284/3803/3403
f 1522/3801/3401 1516/3800/3400 1515/3804/3404 1521/3789/3389
f 1522/3801/3401 1521/3789/3389 1294/3792/3392 1295/3802/3402
f 1521/3789/3389 1515/3804/3404 1514/3797/3397 1520/3793/3393
f 1511/3805/3405 1519/3806/3406 1515/3804/3404 1506/3807/3407
f 1519/3806/3406 1511/3805/3405 1510/3808/3408 1518/3795/3395
f 1519/3806/3406 1518/3795/3395 1514/3797/3397 1515/3804/3404
f 1518/3795/3395 1510/3808/3408 1424/3809/3409 1435/3798/3398
f 1508/3810/3410 1517/3811/3411 1285/3812/3412 1274/3813/3413
f 1517/3811/3411 1508/3810/3410 1507/3814/3414 1516/3800/3400
f 1517/3811/3411 1516/3800/3400 1284/3803/3403 1285/3812/3412
f 1516/3800/3400 1507/3814/3414 1506/3807/3407 1515/3804/3404
f 1504/3815/3415 1513/3816/3416 1510/3808/3408 1500/3817/3417
f 1513/3816/3416 1504/3815/3415 1417/3818/3418 1427/3819/3419
f 1513/3816/3416 1427/3819/3419 1424/3809/3409 1510/3808/3408
f 1502/3820/3420 1512/3821/3421 1507/3814/3414 1496/3822/3422
f 1512/3821/3421 1502/3820/3420 1501/3823/3423 1511/3805/3405
f 1512/3821/3421 1511/3805/3405 1506/3807/3407 1507/3814/3414
f 1511/3805/3405 1501/3823/3423 1500/3817/3417 1510/3808/3408
f 1498/3824/3424 1509/3825/3425 1275/3826/3426 1265/3827/3427
f 1509/3825/3425 1498/3824/3424 1497/3828/3428 1508/3810/3410
f 1509/3825/3425 1508/3810/3410 1274/3813/3413 1275/3826/3426
f 1508/3810/3410 1497/3828/3428 1496/3822/3422 1507/3814/3414
f 1494/3829/3429 1505/3830/3430 1501/3823/3423 1489/3831/3431
f 1505/3830/3430 1494/3829/3429 1493/3832/3432 1504/3815/3415
f 1505/3830/3430 1504/3815/3415 1500/3817/3417 1501/3823/3423
f 1504/3815/3415 1493/3832/3432 1407/3833/3433 1417/3818/3418
f 1491/3834/3434 1503/3835/3435 1497/3828/3428 1486/3836/3436
f 1503/3835/3435 1491/3834/3434 1490/3837/3437 1502/3820/3420
f 1503/3835/3435 1502/3820/3420 1496/3822/3422 1497/3828/3428
f 1502/3820/3420 1490/3837/3437 1489/3831/3431 1501/3823/3423
f 1488/3838/3438 1499/3839/3439 1266/3840/3440 1258/3841/3441
f 1499/3839/3439 1488/3838/3438 1487/3842/3442 1498/3824/3424
f 1499/3839/3439 1498/3824/3424 1265/3827/3427 1266/3840/3440
f 1498/3824/3424 1487/3842/3442 1486/3836/3436 1497/3828/3428
f 1199/3843/3443 1495/3844/3444 1490/3837/3437 1194/3845/3445
f 1495/3844/3444 1199/3843/3443 1198/3846/3446 1494/3829/3429
f 1495/3844/3444 1494/3829/3429 1489/3831/3431 1490/3837/3437
f 1494/3829/3429 1198/3846/3446 1197/3847/3447 1493/3832/3432
f 1493/3832/3432 1197/3847/3447 1184/3848/3448 1407/3833/3433
f 1196/3849/3449 1492/3850/3450 1487/3842/3442 1192/3851/3451
f 1492/3850/3450 1196/3849/3449 1195/3852/3452 1491/3834/3434
f 1492/3850/3450 1491/3834/3434 1486/3836/3436 1487/3842/3442
f 1491/3834/3434 1195/3852/3452 1194/3845/3445 1490/3837/3437
f 1193/3853/3453 1488/3838/3438 1258/3841/3441 1177/3854/3454
f 1488/3838/3438 1193/3853/3453 1192/3851/3451 1487/3842/3442
f 1475/3634/3237 1485/3243/2903 1484/3431/3071 1474/3855/3455
f 1474/3855/3455 1484/3431/3071 1483/3432/3072 1473/3856/3456
f 1473/3856/3456 1483/3432/3072 1482/3433/3073 1472/3857/3457
f 1472/3857/3457 1482/3433/3073 1481/3434/3074 1471/3858/3458
f 1471/3858/3458 1481/3434/3074 1480/3435/3075 1470/3859/3459
f 1470/3859/3459 1480/3435/3075 1479/3436/3076 1469/3860/3460
f 1469/3861/3460 1479/3862/3076 1476/3441/3077 1466/3863/3461
f 1478/3438/3078 1468/3785/3385 1467/3864/3462 1477/3440/3080
f 1477/3440/3080 1467/3864/3462 1466/3863/3461 1476/3441/3077
f 1465/3647/3250 1475/3634/3237 1474/3855/3455 1464/3865/3463
f 1464/3865/3463 1474/3855/3455 1473/3856/3456 1463/3866/3464
f 1463/3866/3464 1473/3856/3456 1472/3857/3457 1462/3867/3465
f 1462/3867/3465 1472/3857/3457 1471/3858/3458 1461/3868/3466
f 1461/3868/3466 1471/3858/3458 1470/3859/3459 1460/3869/3467
f 1460/3869/3467 1470/3859/3459 1469/3860/3460 1457/3870/3468
f 1457/3871/3468 1469/3861/3460 1466/3863/3461 1454/3872/3469
f 1468/3785/3385 1456/3788/3388 1455/3873/3470 1467/3864/3462
f 1467/3864/3462 1455/3873/3470 1454/3872/3469 1466/3863/3461
f 1453/3658/3261 1465/3647/3250 1464/3865/3463 1452/3874/3471
f 1452/3874/3471 1464/3865/3463 1463/3866/3464 1451/3875/3472
f 1451/3875/3472 1463/3866/3464 1462/3867/3465 1450/3876/3473
f 1450/3876/3473 1462/3867/3465 1461/3868/3466 1449/3877/3474
f 1449/3877/3474 1461/3868/3466 1460/3869/3467 1448/3878/3475
f 1448/3878/3475 1460/3869/3467 1457/3870/3468 1445/3879/3476
f 1447/3799/3399 1459/3880/3477 1456/3788/3388 1444/3794/3394
f 1459/3880/3477 1447/3799/3399 1446/3881/3478 1458/3882/3479
f 1459/3880/3477 1458/3882/3479 1455/3873/3470 1456/3788/3388
f 1458/3882/3479 1446/3881/3478 1445/3883/3476 1457/3871/3468
f 1458/3882/3479 1457/3871/3468 1454/3872/3469 1455/3873/3470
f 1443/3668/3271 1453/3658/3261 1452/3874/3471 1442/3884/3480
f 1442/3884/3480 1452/3874/3471 1451/3875/3472 1441/3885/3481
f 1441/3885/3481 1451/3875/3472 1450/3876/3473 1440/3886/3482
f 1440/3886/3482 1450/3876/3473 1449/3877/3474 1439/3887/3483
f 1439/3887/3483 1449/3877/3474 1448/3878/3475 1436/3888/3484
f 1436/3889/3484 1448/3890/3475 1445/3883/3476 1433/3891/3485
f 1447/3799/3399 1435/3798/3398 1434/3892/3486 1446/3881/3478
f 1446/3881/3478 1434/3892/3486 1433/3891/3485 1445/3883/3476
f 1432/3677/3280 1443/3668/3271 1442/3884/3480 1431/3893/3487
f 1431/3893/3487 1442/3884/3480 1441/3885/3481 1430/3894/3488
f 1430/3894/3488 1441/3885/3481 1440/3886/3482 1429/3895/3489
f 1429/3895/3489 1440/3886/3482 1439/3887/3483 1428/3896/3490
f 1428/3896/3490 1439/3887/3483 1436/3888/3484 1425/3897/3491
f 1427/3819/3419 1438/3898/3492 1435/3798/3398 1424/3809/3409
f 1438/3898/3492 1427/3819/3419 1426/3899/3493 1437/3900/3494
f 1438/3898/3492 1437/3900/3494 1434/3892/3486 1435/3798/3398
f 1437/3900/3494 1426/3899/3493 1425/3901/3491 1436/3889/3484
f 1437/3900/3494 1436/3889/3484 1433/3891/3485 1434/3892/3486
f 1423/3687/3290 1432/3677/3280 1431/3893/3487 1422/3902/3495
f 1422/3902/3495 1431/3893/3487 1430/3894/3488 1421/3903/3496
f 1421/3903/3496 1430/3894/3488 1429/3895/3489 1420/3904/3497
f 1420/3904/3497 1429/3895/3489 1428/3896/3490 1418/3905/3498
f 1418/3906/3498 1428/3907/3490 1425/3901/3491 1415/3908/3499
f 1427/3819/3419 1417/3818/3418 1416/3909/3500 1426/3899/3493
f 1426/3899/3493 1416/3909/3500 1415/3908/3499 1425/3901/3491
f 1414/3696/3299 1423/3687/3290 1422/3902/3495 1413/3910/3501
f 1413/3910/3501 1422/3902/3495 1421/3903/3496 1412/3911/3502
f 1412/3911/3502 1421/3903/3496 1420/3904/3497 1411/3912/3503
f 1411/3912/3503 1420/3904/3497 1418/3905/3498 1408/3913/3504
f 1409/3914/3505 1419/3915/3506 1416/3909/3500 1406/3916/3507
f 1419/3915/3506 1409/3914/3505 1408/3917/3504 1418/3906/3498
f 1419/3915/3506 1418/3906/3498 1415/3908/3499 1416/3909/3500
f 1417/3818/3418 1407/3833/3433 1406/3916/3507 1416/3909/3500
f 1191/3706/3309 1414/3696/3299 1413/3910/3501 1190/3918/3508
f 1190/3918/3508 1413/3910/3501 1412/3911/3502 1189/3919/3509
f 1189/3919/3509 1412/3911/3502 1411/3912/3503 1188/3920/3510
f 1188/3921/3510 1411/3922/3503 1408/3917/3504 1185/3923/3511
f 1187/3924/3512 1410/3925/3513 1407/3833/3433 1184/3848/3448
f 1410/3925/3513 1187/3924/3512 1186/3926/3514 1409/3914/3505
f 1410/3925/3513 1409/3914/3505 1406/3916/3507 1407/3833/3433
f 1409/3914/3505 1186/3926/3514 1185/3923/3511 1408/3917/3504
f 1405/3364/3008 1397/3715/3318 1396/3927/3515 1404/3483/3112
f 1404/3483/3112 1396/3927/3515 1394/3928/3516 1403/3484/3113
f 1403/3484/3113 1394/3928/3516 1393/3929/3517 1401/3930/3518
f 1402/3485/3114 1403/3484/3113 1401/3930/3518 1400/3931/3115
f 1401/3930/3518 1393/3929/3517 1392/3932/3519 1400/3931/3115
f 1400/3488/3115 1392/3933/3519 1391/3934/3520 1399/3494/3119
f 1399/3494/3119 1391/3934/3520 1317/3935/3521 1330/3598/3120
f 1398/3724/3327 1389/3723/3326 1388/3936/3522 1397/3715/3318
f 1397/3715/3318 1388/3936/3522 1387/3937/3523 1395/3938/3524
f 1396/3927/3515 1397/3715/3318 1395/3938/3524 1394/3928/3516
f 1395/3938/3524 1387/3937/3523 1386/3939/3525 1394/3928/3516
f 1394/3928/3516 1386/3939/3525 1385/3940/3526 1393/3929/3517
f 1393/3929/3517 1385/3940/3526 1384/3941/3527 1392/3932/3519
f 1392/3932/3519 1384/3941/3527 1383/3942/3528 1391/3943/3520
f 1391/3943/3520 1383/3942/3528 1382/3944/3529 1390/3945/3530
f 1317/3935/3521 1391/3934/3520 1390/3946/3530 1313/3947/3531
f 1390/3946/3530 1382/3948/3529 1298/3949/3532 1313/3947/3531
f 1389/3723/3326 1381/3733/3336 1380/3950/3533 1388/3936/3522
f 1388/3936/3522 1380/3950/3533 1379/3951/3534 1387/3937/3523
f 1387/3937/3523 1379/3951/3534 1378/3952/3535 1386/3939/3525
f 1386/3939/3525 1378/3952/3535 1377/3953/3536 1385/3940/3526
f 1385/3940/3526 1377/3953/3536 1376/3954/3537 1384/3941/3527
f 1384/3941/3527 1376/3954/3537 1375/3955/3538 1383/3942/3528
f 1383/3942/3528 1375/3955/3538 1372/3956/3539 1382/3944/3529
f 1382/3948/3529 1372/3957/3539 1287/3958/3540 1298/3949/3532
f 1381/3733/3336 1371/3741/3344 1370/3959/3541 1380/3950/3533
f 1380/3950/3533 1370/3959/3541 1369/3960/3542 1379/3951/3534
f 1379/3951/3534 1369/3960/3542 1368/3961/3543 1378/3952/3535
f 1378/3952/3535 1368/3961/3543 1367/3962/3544 1377/3953/3536
f 1377/3953/3536 1367/3962/3544 1366/3963/3545 1376/3954/3537
f 1376/3954/3537 1366/3963/3545 1364/3964/3546 1373/3965/3547
f 1375/3955/3538 1376/3954/3537 1373/3965/3547 1372/3956/3539
f 1365/3966/3548 1374/3967/3549 1372/3957/3539 1363/3968/3550
f 1374/3967/3549 1365/3966/3548 1279/3969/3551 1290/3970/3552
f 1374/3967/3549 1290/3970/3552 1287/3958/3540 1372/3957/3539
f 1373/3971/3547 1364/3972/3546 1363/3968/3550 1372/3957/3539
f 1371/3741/3344 1362/3749/3352 1361/3973/3553 1370/3959/3541
f 1370/3959/3541 1361/3973/3553 1360/3974/3554 1369/3960/3542
f 1369/3960/3542 1360/3974/3554 1359/3975/3555 1368/3961/3543
f 1368/3961/3543 1359/3975/3555 1358/3976/3556 1367/3962/3544
f 1367/3962/3544 1358/3976/3556 1357/3977/3557 1366/3963/3545
f 1366/3978/3545 1357/3979/3557 1356/3980/3558 1365/3966/3548
f 1366/3978/3545 1365/3966/3548 1363/3968/3550 1364/3972/3546
f 1365/3966/3548 1356/3980/3558 1269/3981/3559 1279/3969/3551
f 1362/3749/3352 1355/3757/3360 1354/3982/3560 1361/3973/3553
f 1361/3973/3553 1354/3982/3560 1353/3983/3561 1360/3974/3554
f 1360/3974/3554 1353/3983/3561 1352/3984/3562 1359/3975/3555
f 1359/3975/3555 1352/3984/3562 1349/3985/3563 1358/3976/3556
f 1358/3986/3556 1349/3987/3563 1348/3988/3564 1357/3979/3557
f 1357/3979/3557 1348/3988/3564 1347/3989/3565 1356/3980/3558
f 1356/3980/3558 1347/3989/3565 1261/3990/3566 1269/3981/3559
f 1355/3757/3360 1346/3765/3368 1345/3777/3380 1354/3982/3560
f 1354/3982/3560 1345/3777/3380 1341/3991/3567 1353/3983/3561
f 1353/3983/3561 1341/3991/3567 1340/3992/3568 1352/3984/3562
f 1352/3993/3562 1340/3994/3568 1339/3995/3569 1351/3996/3570
f 1352/3993/3562 1351/3996/3570 1348/3988/3564 1349/3987/3563
f 1351/3996/3570 1339/3995/3569 1338/3997/3571 1350/3998/3572
f 1351/3996/3570 1350/3998/3572 1347/3989/3565 1348/3988/3564
f 1350/3998/3572 1338/3997/3571 1257/3999/3573 1264/4000/3574
f 1350/3998/3572 1264/4000/3574 1261/3990/3566 1347/3989/3565
f 1345/3781/3380 1183/3780/3381 1182/4001/3575 1344/4002/3576
f 1345/3781/3380 1344/4002/3576 1340/4003/3568 1341/4004/3567
f 1344/4005/3576 1182/4006/3575 1181/4007/3577 1343/4008/3578
f 1344/4005/3576 1343/4008/3578 1339/4009/3569 1340/4010/3568
f 1343/4008/3578 1181/4007/3577 1180/4011/3579 1342/4012/3580
f 1343/4008/3578 1342/4012/3580 1338/4013/3571 1339/4009/3569
f 1342/4014/3580 1180/4015/3579 1179/4016/3581 1260/4017/3582
f 1342/4014/3580 1260/4017/3582 1257/3999/3573 1338/3997/3571
f 1323/4018/3583 1337/4019/3584 1332/3597/3211 1318/4020/3585
f 1337/4019/3584 1323/4018/3583 1322/4021/3586 1336/3590/3204
f 1337/4019/3584 1336/3590/3204 1331/3591/3205 1332/3597/3211
f 1336/3590/3204 1322/4021/3586 1321/3784/3384 1335/3592/3206
f 1320/4022/3587 1334/3593/3207 1327/3595/3209 1314/4023/3588
f 1334/3593/3207 1320/4022/3587 1319/4024/3589 1333/3596/3210
f 1333/3596/3210 1319/4024/3589 1318/4020/3585 1332/3597/3211
f 1330/3598/3120 1317/3935/3521 1313/3947/3531 1326/4025/3590
f 1329/3599/3212 1330/3598/3120 1326/4025/3590 1325/4026/3591
f 1328/3600/3213 1329/3599/3212 1325/4026/3591 1324/4027/3592
f 1315/4028/3593 1328/3600/3213 1324/4027/3592 1311/4029/3594
f 1328/3600/3213 1315/4028/3593 1314/4023/3588 1327/3595/3209
f 1326/4025/3590 1313/3947/3531 1312/4030/3595 1325/4026/3591
f 1259/4031/3596 1178/4032/3597 1177/3854/3454 1258/3841/3441
f 1260/4017/3582 1259/4031/3596 1256/4033/3598 1257/3999/3573
f 1260/4017/3582 1179/4016/3581 1178/4032/3597 1259/4031/3596
f 1264/4000/3574 1257/3999/3573 1256/4033/3598 1263/4034/3599
f 1267/4035/3600 1266/3840/3440 1262/4036/3601 1263/4034/3599
f 1267/4035/3600 1259/4031/3596 1258/3841/3441 1266/3840/3440
f 1259/4031/3596 1267/4035/3600 1263/4034/3599 1256/4033/3598
f 1272/4037/3602 1263/4034/3599 1262/4036/3601 1271/4038/3603
f 1273/4039/3604 1272/4037/3602 1268/4040/3605 1269/3981/3559
f 1273/4039/3604 1264/4000/3574 1263/4034/3599 1272/4037/3602
f 1264/4000/3574 1273/4039/3604 1269/3981/3559 1261/3990/3566
f 1276/4041/3606 1275/3826/3426 1270/4042/3607 1271/4038/3603
f 1276/4041/3606 1266/3840/3440 1265/3827/3427 1275/3826/3426
f 1266/3840/3440 1276/4041/3606 1271/4038/3603 1262/4036/3601
f 1279/3969/3551 1269/3981/3559 1268/4040/3605 1278/4043/3608
f 1282/4044/3609 1271/4038/3603 1270/4042/3607 1281/4045/3610
f 1283/4046/3611 1282/4044/3609 1277/4047/3612 1278/4043/3608
f 1283/4046/3611 1272/4037/3602 1271/4038/3603 1282/4044/3609
f 1272/4037/3602 1283/4046/3611 1278/4043/3608 1268/4040/3605
f 1286/4048/3613 1285/3812/3412 1280/4049/3614 1281/4045/3610
f 1286/4048/3613 1275/3826/3426 1274/3813/3413 1285/3812/3412
f 1275/3826/3426 1286/4048/3613 1281/4045/3610 1270/4042/3607
f 1289/4050/3615 1278/4043/3608 1277/4047/3612 1288/4051/3616
f 1290/3970/3552 1279/3969/3551 1278/4043/3608 1289/4050/3615
f 1292/4052/3617 1281/4045/3610 1280/4049/3614 1291/4053/3618
f 1293/4054/3619 1282/4044/3609 1281/4045/3610 1292/4052/3617
f 1282/4044/3609 1293/4054/3619 1288/4051/3616 1277/4047/3612
f 1296/4055/3620 1285/3812/3412 1284/3803/3403 1295/3802/3402
f 1285/3812/3412 1296/4055/3620 1291/4053/3618 1280/4049/3614
f 1301/4056/3621 1289/4050/3615 1288/4051/3616 1300/4057/3622
f 1302/4058/3623 1301/4056/3621 1297/4059/3624 1298/3949/3532
f 1302/4058/3623 1290/3970/3552 1289/4050/3615 1301/4056/3621
f 1290/3970/3552 1302/4058/3623 1298/3949/3532 1287/3958/3540
f 1305/4060/3625 1292/4052/3617 1291/4053/3618 1304/4061/3626
f 1306/4062/3627 1305/4060/3625 1299/4063/3628 1300/4057/3622
f 1306/4062/3627 1293/4054/3619 1292/4052/3617 1305/4060/3625
f 1293/4054/3619 1306/4062/3627 1300/4057/3622 1288/4051/3616
f 1309/4064/3629 1295/3802/3402 1294/3792/3392 1308/3791/3391
f 1310/4065/3630 1309/4064/3629 1303/4066/3631 1304/4061/3626
f 1310/4065/3630 1296/4055/3620 1295/3802/3402 1309/4064/3629
f 1296/4055/3620 1310/4065/3630 1304/4061/3626 1291/4053/3618
f 1313/3947/3531 1298/3949/3532 1297/4059/3624 1312/4030/3595
f 1315/4028/3593 1300/4057/3622 1299/4063/3628 1314/4023/3588
f 1316/4067/3632 1315/4028/3593 1311/4029/3594 1312/4030/3595
f 1316/4067/3632 1301/4056/3621 1300/4057/3622 1315/4028/3593
f 1301/4056/3621 1316/4067/3632 1312/4030/3595 1297/4059/3624
f 1319/4024/3589 1304/4061/3626 1303/4066/3631 1318/4020/3585
f 1320/4022/3587 1305/4060/3625 1304/4061/3626 1319/4024/3589
f 1305/4060/3625 1320/4022/3587 1314/4023/3588 1299/4063/3628
f 1322/4021/3586 1308/3791/3391 1307/3787/3387 1321/3784/3384
f 1323/4018/3583 1309/4064/3629 1308/3791/3391 1322/4021/3586
f 1309/4064/3629 1323/4018/3583 1318/4020/3585 1303/4066/3631
f 1325/4026/3591 1312/4030/3595 1311/4029/3594 1324/4027/3592
f 5250/4068/3633 5249/4069/3634 5018/4070/3635 5027/4071/3636
f 5249/4069/3634 5250/4068/3633 5201/4072/3637 5187/4073/3638
f 5201/4072/3637 5250/4068/3633 5027/4071/3636 4990/4074/3639
f 5249/4069/3634 5248/4075/3640 5014/4076/3641 5018/4070/3635
f 5248/4075/3640 5249/4069/3634 5187/4073/3638 5175/4077/3642
f 5248/4075/3640 5247/4078/3643 5010/4079/3644 5014/4076/3641
f 5247/4078/3643 5248/4075/3640 5175/4077/3642 5164/4080/3645
f 5247/4081/3643 5246/4082/3646 5007/4083/3647 5010/4084/3644
f 5246/4085/3646 5247/4078/3643 5164/4080/3645 5153/4086/3648
f 5246/4082/3646 4846/4087/3649 4681/4088/3650 5007/4083/3647
f 4846/4089/3649 5246/4085/3646 5153/4086/3648 4834/4090/3651
f 5245/4091/3652 5233/4092/3653 5226/4093/3654 5238/4094/3655
f 5233/4092/3653 5245/4091/3652 5244/4095/3656 5232/4096/3657
f 5244/4095/3656 5245/4091/3652 5238/4094/3655 50/431/386
f 5232/4096/3657 5244/4095/3656 5243/4097/3658 5231/4098/3659
f 5243/4097/3658 5244/4095/3656 50/431/386 49/432/387
f 5231/4098/3659 5243/4097/3658 5242/4099/3660 5230/4100/3661
f 5242/4099/3660 5243/4097/3658 49/432/387 48/433/388
f 5230/4100/3661 5242/4099/3660 5241/4101/3662 5229/4102/3663
f 5229/4102/3663 5241/4101/3662 5150/4103/3664 5136/4104/3665
f 5240/4105/3666 5228/4106/3667 4999/4107/3668 5003/4108/3669
f 5228/4106/3667 5240/4105/3666 5239/4109/3670 5227/4110/3671
f 5239/4109/3670 5240/4105/3666 5003/4108/3669 5002/4111/3672
f 5227/4110/3671 5239/4109/3670 5238/4094/3655 5226/4093/3654
f 5237/4112/3673 5222/4113/3674 5216/4114/3675 5231/4098/3659
f 5222/4113/3674 5237/4112/3673 5236/4115/3676 5221/4116/3677
f 5236/4115/3676 5237/4112/3673 5231/4098/3659 5230/4100/3661
f 5221/4116/3677 5236/4115/3676 5235/4117/3678 5220/4118/3679
f 5235/4117/3678 5236/4115/3676 5230/4100/3661 5229/4102/3663
f 5220/4118/3679 5235/4117/3678 5144/4119/3680 5126/4120/3681
f 5144/4119/3680 5235/4117/3678 5229/4102/3663 5136/4104/3665
f 5234/4121/3682 5219/4122/3683 5213/4123/3684 5227/4110/3671
f 5219/4122/3683 5234/4121/3682 5233/4092/3653 5218/4124/3685
f 5233/4092/3653 5234/4121/3682 5227/4110/3671 5226/4093/3654
f 5218/4124/3685 5233/4092/3653 5232/4096/3657 5217/4125/3686
f 5217/4125/3686 5232/4096/3657 5231/4098/3659 5216/4114/3675
f 5228/4106/3667 5214/4126/3687 4994/4127/3688 4999/4107/3668
f 5214/4126/3687 5228/4106/3667 5227/4110/3671 5213/4123/3684
f 5225/4128/3689 5211/4129/3690 5206/4130/3691 5221/4116/3677
f 5211/4129/3690 5225/4128/3689 5224/4131/3692 5210/4132/3693
f 5224/4131/3692 5225/4128/3689 5221/4116/3677 5220/4118/3679
f 5210/4132/3693 5224/4131/3692 5128/4133/3694 5118/4134/3695
f 5128/4133/3694 5224/4131/3692 5220/4118/3679 5126/4120/3681
f 5223/4135/3696 5208/4136/3697 5202/4137/3698 5217/4125/3686
f 5208/4136/3697 5223/4135/3696 5222/4113/3674 5207/4138/3699
f 5222/4113/3674 5223/4135/3696 5217/4125/3686 5216/4114/3675
f 5207/4138/3699 5222/4113/3674 5221/4116/3677 5206/4130/3691
f 5219/4122/3683 5204/4139/3700 5199/4140/3701 5213/4123/3684
f 5204/4139/3700 5219/4122/3683 5218/4124/3685 5203/4141/3702
f 5203/4141/3702 5218/4124/3685 5217/4125/3686 5202/4137/3698
f 5215/4142/3703 5201/4072/3637 4990/4074/3639 4995/4143/3704
f 5201/4072/3637 5215/4142/3703 5214/4126/3687 5200/4144/3705
f 5214/4126/3687 5215/4142/3703 4995/4143/3704 4994/4127/3688
f 5200/4144/3705 5214/4126/3687 5213/4123/3684 5199/4140/3701
f 5212/4145/3706 5198/4146/3707 5193/4147/3708 5207/4138/3699
f 5198/4146/3707 5212/4145/3706 5211/4129/3690 5197/4148/3709
f 5211/4129/3690 5212/4145/3706 5207/4138/3699 5206/4130/3691
f 5197/4148/3709 5211/4129/3690 5210/4132/3693 5196/4149/3710
f 5196/4149/3710 5210/4132/3693 5118/4134/3695 5105/4150/3711
f 5209/4151/3712 5195/4152/3713 5188/4153/3714 5203/4141/3702
f 5195/4152/3713 5209/4151/3712 5208/4136/3697 5194/4154/3715
f 5208/4136/3697 5209/4151/3712 5203/4141/3702 5202/4137/3698
f 5194/4154/3715 5208/4136/3697 5207/4138/3699 5193/4147/3708
f 5205/4155/3716 5190/4156/3717 5186/4157/3718 5200/4144/3705
f 5190/4156/3717 5205/4155/3716 5204/4139/3700 5189/4158/3719
f 5204/4139/3700 5205/4155/3716 5200/4144/3705 5199/4140/3701
f 5189/4158/3719 5204/4139/3700 5203/4141/3702 5188/4153/3714
f 5187/4073/3638 5201/4072/3637 5200/4144/3705 5186/4157/3718
f 5198/4146/3707 5197/4148/3709 5192/4159/3720 5193/4147/3708
f 5197/4148/3709 5196/4149/3710 5191/4160/3721 5192/4159/3720
f 5196/4149/3710 5105/4150/3711 5099/4161/3722 5191/4160/3721
f 5195/4152/3713 5184/4162/3723 5176/4163/3724 5188/4153/3714
f 5184/4162/3723 5195/4152/3713 5194/4154/3715 5183/4164/3725
f 5183/4164/3725 5194/4154/3715 5193/4147/3708 5182/4165/3726
f 5182/4165/3726 5193/4147/3708 5192/4159/3720 5181/4166/3727
f 5181/4166/3727 5192/4159/3720 5191/4160/3721 5180/4167/3728
f 5180/4167/3728 5191/4160/3721 5099/4161/3722 5087/4168/3729
f 5190/4156/3717 5178/4169/3730 5174/4170/3731 5186/4157/3718
f 5178/4169/3730 5190/4156/3717 5189/4158/3719 5177/4171/3732
f 5177/4171/3732 5189/4158/3719 5188/4153/3714 5176/4163/3724
f 5175/4077/3642 5187/4073/3638 5186/4157/3718 5174/4170/3731
f 5185/4172/3733 5173/4173/3734 5165/4174/3735 5177/4171/3732
f 5173/4173/3734 5185/4172/3733 5184/4162/3723 5172/4175/3736
f 5184/4162/3723 5185/4172/3733 5177/4171/3732 5176/4163/3724
f 5172/4175/3736 5184/4162/3723 5183/4164/3725 5171/4176/3737
f 5171/4176/3737 5183/4164/3725 5182/4165/3726 5170/4177/3738
f 5170/4177/3738 5182/4165/3726 5181/4166/3727 5169/4178/3739
f 5169/4178/3739 5181/4166/3727 5180/4167/3728 5168/4179/3740
f 5168/4179/3740 5180/4167/3728 5087/4168/3729 5078/4180/3741
f 5179/4181/3742 5167/4182/3743 5164/4080/3645 5175/4077/3642
f 5167/4182/3743 5179/4181/3742 5178/4169/3730 5166/4183/3744
f 5178/4169/3730 5179/4181/3742 5175/4077/3642 5174/4170/3731
f 5166/4183/3744 5178/4169/3730 5177/4171/3732 5165/4174/3735
f 5173/4173/3734 5162/4184/3745 5154/4185/3746 5165/4174/3735
f 5162/4184/3745 5173/4173/3734 5172/4175/3736 5161/4186/3747
f 5161/4186/3747 5172/4175/3736 5171/4176/3737 5160/4187/3748
f 5160/4187/3748 5171/4176/3737 5170/4177/3738 5159/4188/3749
f 5159/4188/3749 5170/4177/3738 5169/4178/3739 5158/4189/3750
f 5158/4189/3750 5169/4178/3739 5168/4179/3740 5157/4190/3751
f 5157/4190/3751 5168/4179/3740 5078/4180/3741 5066/4191/3752
f 5167/4182/3743 5156/4192/3753 5153/4086/3648 5164/4080/3645
f 5156/4192/3753 5167/4182/3743 5166/4183/3744 5155/4193/3754
f 5155/4193/3754 5166/4183/3744 5165/4174/3735 5154/4185/3746
f 5163/4194/3755 4844/4195/3756 4836/4196/3757 5155/4193/3754
f 4844/4195/3756 5163/4194/3755 5162/4184/3745 4843/4197/3758
f 5162/4184/3745 5163/4194/3755 5155/4193/3754 5154/4185/3746
f 4843/4197/3758 5162/4184/3745 5161/4186/3747 4842/4198/3759
f 4842/4198/3759 5161/4186/3747 5160/4187/3748 4841/4199/3760
f 4841/4199/3760 5160/4187/3748 5159/4188/3749 4840/4200/3761
f 4840/4200/3761 5159/4188/3749 5158/4189/3750 4839/4201/3762
f 4839/4201/3762 5158/4189/3750 5157/4190/3751 4838/4202/3763
f 4838/4202/3763 5157/4190/3751 5066/4191/3752 4769/4203/3764
f 5156/4192/3753 4837/4204/3765 4834/4090/3651 5153/4086/3648
f 4837/4204/3765 5156/4192/3753 5155/4193/3754 4836/4196/3757
f 5152/4205/3766 5143/4206/3767 5135/4207/3768 5149/4208/3769
f 5143/4206/3767 5152/4205/3766 5151/4209/3770 5142/4210/3771
f 5151/4209/3770 5152/4205/3766 5149/4208/3769 5148/4211/3772
f 5142/4210/3771 5151/4209/3770 5148/4211/3772 5134/4212/3773
f 5136/4104/3665 5150/4103/3664 5149/4208/3769 5135/4207/3768
f 5134/4212/3773 5148/4211/3772 5147/4213/3774 5133/4214/3775
f 5133/4214/3775 5147/4213/3774 5146/4215/3776 5132/4216/3777
f 5132/4216/3777 5146/4215/3776 47/471/426 5131/4217/3778
f 5131/4217/3778 47/471/426 46/473/428 5130/4218/3779
f 5130/4218/3779 46/473/428 5145/4219/3780 5129/4220/3781
f 5129/4220/3781 5145/4219/3780 4040/4221/3782 4038/4222/3783
f 5126/4120/3681 5144/4119/3680 5143/4206/3767 5125/4223/3784
f 5143/4206/3767 5144/4119/3680 5136/4104/3665 5135/4207/3768
f 5125/4223/3784 5143/4206/3767 5142/4210/3771 5124/4224/3785
f 5124/4224/3785 5142/4210/3771 5141/4225/3786 5123/4226/3787
f 5141/4225/3786 5142/4210/3771 5134/4212/3773 5133/4214/3775
f 5123/4226/3787 5141/4225/3786 5140/4227/3788 5122/4228/3789
f 5140/4227/3788 5141/4225/3786 5133/4214/3775 5132/4216/3777
f 5122/4228/3789 5140/4227/3788 5139/4229/3790 5121/4230/3791
f 5139/4229/3790 5140/4227/3788 5132/4216/3777 5131/4217/3778
f 5121/4230/3791 5139/4229/3790 5138/4231/3792 5120/4232/3793
f 5138/4231/3792 5139/4229/3790 5131/4217/3778 5130/4218/3779
f 5120/4232/3793 5138/4231/3792 5137/4233/3794 5119/4234/3795
f 5137/4233/3794 5138/4231/3792 5130/4218/3779 5129/4220/3781
f 5119/4234/3795 5137/4233/3794 4039/4235/3796 4037/4236/3797
f 4039/4235/3796 5137/4233/3794 5129/4220/3781 4038/4222/3783
f 5118/4134/3695 5128/4133/3694 5127/4237/3798 5117/4238/3799
f 5127/4237/3798 5128/4133/3694 5126/4120/3681 5125/4223/3784
f 5117/4238/3799 5127/4237/3798 5125/4223/3784 5112/4239/3800
f 5112/4239/3800 5125/4223/3784 5124/4224/3785 5111/4240/3801
f 5111/4240/3801 5124/4224/3785 5123/4226/3787 5110/4241/3802
f 5110/4241/3802 5123/4226/3787 5122/4228/3789 5109/4242/3803
f 5109/4242/3803 5122/4228/3789 5121/4230/3791 5108/4243/3804
f 5108/4243/3804 5121/4230/3791 5120/4232/3793 5107/4244/3805
f 5107/4244/3805 5120/4232/3793 5119/4234/3795 5106/4245/3806
f 5106/4245/3806 5119/4234/3795 4037/4236/3797 4035/4246/3807
f 5105/4150/3711 5118/4134/3695 5113/4247/3808 5099/4161/3722
f 5118/4134/3695 5117/4238/3799 5112/4239/3800 5113/4247/3808
f 5116/4248/3809 5103/4249/3810 5095/4250/3811 5109/4242/3803
f 5103/4249/3810 5116/4248/3809 5115/4251/3812 5102/4252/3813
f 5115/4251/3812 5116/4248/3809 5109/4242/3803 5108/4243/3804
f 5102/4252/3813 5115/4251/3812 5114/4253/3814 5101/4254/3815
f 5114/4253/3814 5115/4251/3812 5108/4243/3804 5107/4244/3805
f 5101/4254/3815 5114/4253/3814 5107/4244/3805 5094/4255/3816
f 5099/4161/3722 5113/4247/3808 5112/4239/3800 5098/4256/3817
f 5098/4256/3817 5112/4239/3800 5111/4240/3801 5097/4257/3818
f 5097/4257/3818 5111/4240/3801 5110/4241/3802 5096/4258/3819
f 5096/4258/3819 5110/4241/3802 5109/4242/3803 5095/4250/3811
f 5094/4255/3816 5107/4244/3805 5106/4245/3806 5093/4259/3820
f 5093/4259/3820 5106/4245/3806 4035/4246/3807 4033/4260/3821
f 5104/4261/3822 5092/4262/3823 5084/4263/3824 5096/4258/3819
f 5092/4262/3823 5104/4261/3822 5103/4249/3810 5091/4264/3825
f 5103/4249/3810 5104/4261/3822 5096/4258/3819 5095/4250/3811
f 5091/4264/3825 5103/4249/3810 5102/4252/3813 5090/4265/3826
f 5090/4265/3826 5102/4252/3813 5101/4254/3815 5089/4266/3827
f 5089/4266/3827 5101/4254/3815 5100/4267/3828 5088/4268/3829
f 5100/4267/3828 5101/4254/3815 5094/4255/3816 5093/4259/3820
f 5088/4268/3829 5100/4267/3828 4034/4269/3830 4032/4270/3831
f 4034/4269/3830 5100/4267/3828 5093/4259/3820 4033/4260/3821
f 5087/4168/3729 5099/4161/3722 5098/4256/3817 5086/4271/3832
f 5086/4271/3832 5098/4256/3817 5097/4257/3818 5085/4272/3833
f 5085/4272/3833 5097/4257/3818 5096/4258/3819 5084/4263/3824
f 5092/4262/3823 5083/4273/3834 5075/4274/3835 5084/4263/3824
f 5083/4273/3834 5092/4262/3823 5091/4264/3825 5082/4275/3836
f 5082/4275/3836 5091/4264/3825 5090/4265/3826 5081/4276/3837
f 5081/4276/3837 5090/4265/3826 5089/4266/3827 5080/4277/3838
f 5080/4277/3838 5089/4266/3827 5088/4268/3829 5079/4278/3839
f 5079/4278/3839 5088/4268/3829 4032/4270/3831 4030/4279/3840
f 5078/4180/3741 5087/4168/3729 5086/4271/3832 5077/4280/3841
f 5077/4280/3841 5086/4271/3832 5085/4272/3833 5076/4281/3842
f 5076/4281/3842 5085/4272/3833 5084/4263/3824 5075/4274/3835
f 5083/4273/3834 5082/4275/3836 5074/4282/3843 5075/4274/3835
f 5082/4275/3836 5068/4283/3844 5062/4284/3845 5074/4282/3843
f 5068/4283/3844 5082/4275/3836 5081/4276/3837 5067/4285/3846
f 5067/4285/3846 5081/4276/3837 5073/4286/3847 5061/4287/3848
f 5081/4276/3837 5080/4277/3838 5072/4288/3849 5073/4286/3847
f 5080/4277/3838 5079/4278/3839 5071/4289/3850 5072/4288/3849
f 5079/4278/3839 4030/4279/3840 4029/4290/3851 5071/4289/3850
f 5066/4191/3752 5078/4180/3741 5077/4280/3841 5065/4291/3852
f 5065/4291/3852 5077/4280/3841 5076/4281/3842 5064/4292/3853
f 5064/4292/3853 5076/4281/3842 5075/4274/3835 5063/4293/3854
f 5063/4293/3854 5075/4274/3835 5074/4282/3843 5062/4284/3845
f 5061/4287/3848 5073/4286/3847 5072/4288/3849 5060/4294/3855
f 5060/4294/3855 5072/4288/3849 5071/4289/3850 5059/4295/3856
f 5059/4295/3856 5071/4289/3850 4029/4290/3851 4028/4296/3857
f 5070/4297/3858 4771/4298/3859 4767/4299/3860 5064/4292/3853
f 4771/4298/3859 5070/4297/3858 5069/4300/3861 4770/4301/3862
f 5069/4300/3861 5070/4297/3858 5064/4292/3853 5063/4293/3854
f 4770/4301/3862 5069/4300/3861 5063/4293/3854 4766/4302/3863
f 5068/4283/3844 5067/4285/3846 5061/4287/3848 5062/4284/3845
f 4769/4203/3764 5066/4191/3752 5065/4291/3852 4768/4303/3864
f 4768/4303/3864 5065/4291/3852 5064/4292/3853 4767/4299/3860
f 4766/4302/3863 5063/4293/3854 5062/4284/3845 4765/4304/3865
f 4765/4304/3865 5062/4284/3845 5061/4287/3848 4764/4305/3866
f 4764/4305/3866 5061/4287/3848 5060/4294/3855 4763/4306/3867
f 4763/4306/3867 5060/4294/3855 5059/4295/3856 4762/4307/3868
f 4762/4307/3868 5059/4295/3856 4028/4296/3857 4027/4308/3869
f 5058/4309/3870 5055/4310/3871 5053/4311/3872 5057/4312/3873
f 5055/4310/3871 5058/4309/3870 5004/4313/3874 5000/4314/3875
f 5004/4313/3874 5058/4309/3870 5057/4312/3873 5001/4315/3876
f 45/581/518 5054/4316/3877 5052/4317/3878 43/582/519
f 5054/4316/3877 45/581/518 5057/4312/3873 5053/4311/3872
f 44/583/520 43/582/519 5056/4318/3879 42/584/521
f 43/4319/519 5052/4320/3878 5050/4321/3880 5056/4322/3879
f 42/587/521 5051/4323/3881 5049/4324/3882 41/588/522
f 5051/4323/3881 42/587/521 5056/4322/3879 5050/4321/3880
f 41/588/522 5049/4324/3882 5047/4325/3883 40/589/523
f 40/589/523 5047/4325/3883 5046/4326/3884 39/590/524
f 39/590/524 5046/4326/3884 5044/4327/3885 38/591/525
f 38/591/525 5044/4327/3885 5043/4328/3886 37/592/526
f 37/592/526 5043/4328/3886 5042/4329/3887 36/594/528
f 36/594/528 5042/4329/3887 4997/4330/3888 35/595/529
f 5055/4310/3871 5040/4331/3889 5038/4332/3890 5053/4311/3872
f 5040/4331/3889 5055/4310/3871 5000/4314/3875 4995/4143/3704
f 5054/4316/3877 5039/4333/3891 5037/4334/3892 5052/4317/3878
f 5039/4333/3891 5054/4316/3877 5053/4311/3872 5038/4332/3890
f 5052/4320/3878 5037/4335/3892 5035/4336/3893 5050/4321/3880
f 5051/4323/3881 5050/4321/3880 5048/4337/3894 5049/4324/3882
f 5050/4321/3880 5035/4336/3893 5033/4338/3895 5048/4337/3894
f 5049/4324/3882 5048/4337/3894 5046/4326/3884 5047/4325/3883
f 5048/4337/3894 5033/4338/3895 5031/4339/3896 5046/4326/3884
f 5046/4326/3884 5031/4339/3896 5030/4340/3897 5045/4341/3898
f 5046/4326/3884 5045/4341/3898 5043/4328/3886 5044/4327/3885
f 5045/4341/3898 5030/4340/3897 5029/4342/3899 5043/4328/3886
f 5043/4328/3886 5029/4342/3899 4993/4343/3900 4998/4344/3901
f 5043/4328/3886 4998/4344/3901 4997/4330/3888 5042/4329/3887
f 5041/4345/3902 5028/4346/3903 5026/4347/3904 5039/4333/3891
f 5028/4346/3903 5041/4345/3902 5040/4331/3889 5027/4071/3636
f 5040/4331/3889 5041/4345/3902 5039/4333/3891 5038/4332/3890
f 5027/4071/3636 5040/4331/3889 4995/4143/3704 4990/4074/3639
f 5039/4333/3891 5026/4347/3904 5024/4348/3905 5037/4334/3892
f 5037/4335/3892 5024/4349/3905 5023/4350/3906 5036/4351/3907
f 5037/4335/3892 5036/4351/3907 5034/4352/3908 5035/4336/3893
f 5036/4351/3907 5023/4350/3906 5022/4353/3909 5034/4352/3908
f 5035/4336/3893 5034/4352/3908 5032/4354/3910 5033/4338/3895
f 5034/4352/3908 5022/4353/3909 5021/4355/3911 5032/4354/3910
f 5033/4356/3895 5032/4357/3910 5030/4358/3897 5031/4359/3896
f 5032/4354/3910 5021/4355/3911 5020/4360/3912 5030/4340/3897
f 5030/4340/3897 5020/4360/3912 5019/4361/3913 5029/4342/3899
f 5029/4342/3899 5019/4361/3913 4986/4362/3914 4993/4343/3900
f 5028/4346/3903 5027/4071/3636 5025/4363/3915 5026/4347/3904
f 5027/4364/3636 5018/4365/3635 5017/4366/3916 5025/4367/3915
f 5026/4368/3904 5025/4367/3915 5023/4350/3906 5024/4349/3905
f 5025/4367/3915 5017/4366/3916 5016/4369/3917 5023/4350/3906
f 5023/4350/3906 5016/4369/3917 5015/4370/3918 5022/4353/3909
f 5022/4353/3909 5015/4370/3918 4982/4371/3919 4989/4372/3920
f 5022/4353/3909 4989/4372/3920 4988/4373/3921 5021/4355/3911
f 5021/4374/3911 4988/4375/3921 4987/4376/3922 5020/4377/3912
f 5020/4377/3912 4987/4376/3922 4986/4378/3914 5019/4379/3913
f 5018/4365/3635 5014/4380/3641 5013/4381/3923 5017/4366/3916
f 5017/4366/3916 5013/4381/3923 5012/4382/3924 5016/4369/3917
f 5016/4369/3917 5012/4382/3924 5011/4383/3925 5015/4370/3918
f 5015/4370/3918 5011/4383/3925 4975/4384/3926 4982/4371/3919
f 5014/4380/3641 5010/4084/3644 5009/4385/3927 5013/4381/3923
f 5013/4381/3923 5009/4385/3927 5008/4386/3928 5012/4382/3924
f 5012/4382/3924 5008/4386/3928 4967/4387/3929 4976/4388/3930
f 5012/4382/3924 4976/4388/3930 4975/4384/3926 5011/4383/3925
f 5010/4084/3644 5007/4083/3647 5006/4389/3931 5009/4385/3927
f 5009/4385/3927 5006/4389/3931 5005/4390/3932 5008/4386/3928
f 5008/4386/3928 5005/4390/3932 4959/4391/3933 4967/4387/3929
f 5007/4083/3647 4681/4088/3650 4680/4392/3934 5006/4389/3931
f 5006/4389/3931 4680/4392/3934 4679/4393/3935 5005/4390/3932
f 5005/4390/3932 4679/4393/3935 4675/4394/3936 4959/4391/3933
f 5000/4314/3875 5004/4313/3874 5003/4108/3669 4999/4107/3668
f 35/595/529 4997/4330/3888 4949/4395/3937 34/727/646
f 4995/4143/3704 5000/4314/3875 4999/4107/3668 4994/4127/3688
f 4998/4344/3901 4993/4343/3900 4992/4396/3938 4997/4330/3888
f 4997/4330/3888 4992/4396/3938 4991/4397/3939 4996/4398/3940
f 4997/4330/3888 4996/4398/3940 4948/4399/3941 4949/4395/3937
f 4996/4398/3940 4991/4397/3939 4932/4400/3942 4948/4399/3941
f 4993/4343/3900 4986/4362/3914 4984/4401/3943 4992/4396/3938
f 4992/4396/3938 4984/4401/3943 4983/4402/3944 4991/4397/3939
f 4991/4397/3939 4983/4402/3944 4917/4403/3945 4932/4400/3942
f 4989/4372/3920 4982/4371/3919 4981/4404/3946 4988/4373/3921
f 4988/4373/3921 4981/4404/3946 4980/4405/3947 4987/4406/3922
f 4987/4406/3922 4980/4405/3947 4979/4407/3948 4986/4362/3914
f 4986/4362/3914 4979/4407/3948 4978/4408/3949 4985/4409/3950
f 4986/4362/3914 4985/4409/3950 4983/4402/3944 4984/4401/3943
f 4985/4409/3950 4978/4408/3949 4977/4410/3951 4983/4402/3944
f 4983/4402/3944 4977/4410/3951 4902/4411/3952 4917/4403/3945
f 4982/4371/3919 4975/4384/3926 4974/4412/3953 4981/4404/3946
f 4981/4404/3946 4974/4412/3953 4973/4413/3954 4980/4405/3947
f 4980/4405/3947 4973/4413/3954 4971/4414/3955 4979/4407/3948
f 4979/4407/3948 4971/4414/3955 4970/4415/3956 4978/4408/3949
f 4978/4408/3949 4970/4415/3956 4969/4416/3957 4977/4410/3951
f 4977/4410/3951 4969/4416/3957 4887/4417/3958 4902/4411/3952
f 4976/4388/3930 4967/4387/3929 4966/4418/3959 4975/4384/3926
f 4975/4384/3926 4966/4418/3959 4965/4419/3960 4974/4412/3953
f 4974/4412/3953 4965/4419/3960 4964/4420/3961 4973/4413/3954
f 4973/4413/3954 4964/4420/3961 4963/4421/3962 4972/4422/3963
f 4973/4413/3954 4972/4422/3963 4970/4415/3956 4971/4414/3955
f 4972/4422/3963 4963/4421/3962 4962/4423/3964 4970/4415/3956
f 4970/4415/3956 4962/4423/3964 4961/4424/3965 4969/4416/3957
f 4969/4416/3957 4961/4424/3965 4960/4425/3966 4968/4426/3967
f 4969/4416/3957 4968/4426/3967 4886/4427/3968 4887/4417/3958
f 4968/4426/3967 4960/4425/3966 4872/4428/3969 4886/4427/3968
f 4967/4387/3929 4959/4391/3933 4958/4429/3970 4966/4418/3959
f 4966/4418/3959 4958/4429/3970 4957/4430/3971 4965/4419/3960
f 4965/4419/3960 4957/4430/3971 4956/4431/3972 4964/4420/3961
f 4964/4420/3961 4956/4431/3972 4955/4432/3973 4963/4421/3962
f 4963/4421/3962 4955/4432/3973 4954/4433/3974 4962/4423/3964
f 4962/4423/3964 4954/4433/3974 4953/4434/3975 4961/4424/3965
f 4961/4424/3965 4953/4434/3975 4952/4435/3976 4960/4425/3966
f 4960/4425/3966 4952/4435/3976 4859/4436/3977 4872/4428/3969
f 4959/4391/3933 4675/4394/3936 4674/4437/3978 4958/4429/3970
f 4958/4429/3970 4674/4437/3978 4673/4438/3979 4957/4430/3971
f 4957/4430/3971 4673/4438/3979 4671/4439/3980 4956/4431/3972
f 4956/4431/3972 4671/4439/3980 4670/4440/3981 4955/4432/3973
f 4955/4432/3973 4670/4440/3981 4669/4441/3982 4954/4433/3974
f 4954/4433/3974 4669/4441/3982 4667/4442/3983 4953/4434/3975
f 4953/4434/3975 4667/4442/3983 4666/4443/3984 4952/4435/3976
f 4952/4435/3976 4666/4443/3984 4555/4444/3985 4859/4436/3977
f 34/727/646 4949/4395/3937 4948/4399/3941 33/911/824
f 33/911/824 4948/4399/3941 4946/4445/3986 32/913/826
f 32/913/826 4946/4445/3986 4945/4446/3987 31/914/827
f 31/914/827 4945/4446/3987 4943/4447/3988 30/916/829
f 30/916/829 4943/4447/3988 4942/4448/3989 4951/4449/3990
f 30/916/829 4951/4449/3990 28/918/831 29/917/830
f 4951/4449/3990 4942/4448/3989 4941/4450/3991 28/918/831
f 28/918/831 4941/4450/3991 4939/4451/3992 27/919/832
f 27/919/832 4939/4451/3992 4938/4452/3993 26/920/833
f 26/920/833 4938/4452/3993 4937/4453/3994 25/921/834
f 25/921/834 4937/4453/3994 4936/4454/3995 4950/4455/3996
f 25/921/834 4950/4455/3996 23/923/836 24/922/835
f 4950/4455/3996 4936/4454/3995 4935/4456/3997 23/923/836
f 23/923/836 4935/4456/3997 4934/4457/3998 22/924/837
f 22/924/837 4934/4457/3998 4933/4458/3999 21/925/838
f 21/925/838 4933/4458/3999 3983/4459/4000 20/926/839
f 4948/4399/3941 4932/4400/3942 4931/4460/4001 4947/4461/4002
f 4948/4399/3941 4947/4461/4002 4945/4446/3987 4946/4445/3986
f 4947/4461/4002 4931/4460/4001 4930/4462/4003 4945/4446/3987
f 4945/4446/3987 4930/4462/4003 4929/4463/4004 4944/4464/4005
f 4945/4446/3987 4944/4464/4005 4942/4448/3989 4943/4447/3988
f 4944/4464/4005 4929/4463/4004 4928/4465/4006 4942/4448/3989
f 4942/4448/3989 4928/4465/4006 4927/4466/4007 4941/4450/3991
f 4941/4450/3991 4927/4466/4007 4926/4467/4008 4940/4468/4009
f 4941/4450/3991 4940/4468/4009 4938/4452/3993 4939/4451/3992
f 4940/4468/4009 4926/4467/4008 4925/4469/4010 4938/4452/3993
f 4938/4452/3993 4925/4469/4010 4923/4470/4011 4937/4453/3994
f 4937/4453/3994 4923/4470/4011 4922/4471/4012 4936/4454/3995
f 4936/4454/3995 4922/4471/4012 4921/4472/4013 4935/4456/3997
f 4935/4456/3997 4921/4472/4013 4919/4473/4014 4934/4457/3998
f 4934/4457/3998 4919/4473/4014 4918/4474/4015 4933/4458/3999
f 4933/4458/3999 4918/4474/4015 3980/4475/4016 3983/4459/4000
f 4932/4400/3942 4917/4403/3945 4916/4476/4017 4931/4460/4001
f 4931/4460/4001 4916/4476/4017 4915/4477/4018 4930/4462/4003
f 4930/4462/4003 4915/4477/4018 4914/4478/4019 4929/4463/4004
f 4929/4463/4004 4914/4478/4019 4912/4479/4020 4928/4465/4006
f 4928/4465/4006 4912/4479/4020 4911/4480/4021 4927/4466/4007
f 4927/4466/4007 4911/4480/4021 4910/4481/4022 4926/4467/4008
f 4926/4467/4008 4910/4481/4022 4909/4482/4023 4925/4469/4010
f 4925/4469/4010 4909/4482/4023 4908/4483/4024 4924/4484/4025
f 4925/4469/4010 4924/4484/4025 4922/4471/4012 4923/4470/4011
f 4924/4484/4025 4908/4483/4024 4907/4485/4026 4922/4471/4012
f 4922/4471/4012 4907/4485/4026 4906/4486/4027 4921/4472/4013
f 4921/4472/4013 4906/4486/4027 4905/4487/4028 4920/4488/4029
f 4921/4472/4013 4920/4488/4029 4918/4474/4015 4919/4473/4014
f 4920/4488/4029 4905/4487/4028 4904/4489/4030 4918/4474/4015
f 4918/4474/4015 4904/4489/4030 3977/4490/4031 3980/4475/4016
f 4917/4403/3945 4902/4411/3952 4901/4491/4032 4916/4476/4017
f 4916/4476/4017 4901/4491/4032 4900/4492/4033 4915/4477/4018
f 4915/4477/4018 4900/4492/4033 4898/4493/4034 4913/4494/4035
f 4914/4478/4019 4915/4477/4018 4913/4494/4035 4912/4479/4020
f 4913/4494/4035 4898/4493/4034 4897/4495/4036 4912/4479/4020
f 4912/4479/4020 4897/4495/4036 4896/4496/4037 4911/4480/4021
f 4911/4480/4021 4896/4496/4037 4895/4497/4038 4910/4481/4022
f 4910/4481/4022 4895/4497/4038 4894/4498/4039 4909/4482/4023
f 4909/4482/4023 4894/4498/4039 4893/4499/4040 4908/4483/4024
f 4908/4483/4024 4893/4499/4040 4892/4500/4041 4907/4485/4026
f 4907/4485/4026 4892/4500/4041 4891/4501/4042 4906/4486/4027
f 4906/4486/4027 4891/4501/4042 4890/4502/4043 4905/4487/4028
f 4905/4487/4028 4890/4502/4043 4889/4503/4044 4904/4489/4030
f 4904/4489/4030 4889/4503/4044 4888/4504/4045 4903/4505/4046
f 4904/4489/4030 4903/4505/4046 3976/4506/4047 3977/4490/4031
f 4903/4505/4046 4888/4504/4045 3974/4507/4048 3976/4506/4047
f 4902/4411/3952 4887/4417/3958 4886/4427/3968 4901/4491/4032
f 4901/4491/4032 4886/4427/3968 4885/4508/4049 4900/4492/4033
f 4900/4492/4033 4885/4508/4049 4884/4509/4050 4899/4510/4051
f 4900/4492/4033 4899/4510/4051 4897/4495/4036 4898/4493/4034
f 4899/4510/4051 4884/4509/4050 4883/4511/4052 4897/4495/4036
f 4897/4495/4036 4883/4511/4052 4882/4512/4053 4896/4496/4037
f 4896/4496/4037 4882/4512/4053 4881/4513/4054 4895/4497/4038
f 4895/4497/4038 4881/4513/4054 4880/4514/4055 4894/4498/4039
f 4894/4498/4039 4880/4514/4055 4879/4515/4056 4893/4499/4040
f 4893/4499/4040 4879/4515/4056 4878/4516/4057 4892/4500/4041
f 4892/4500/4041 4878/4516/4057 4876/4517/4058 4891/4501/4042
f 4891/4501/4042 4876/4517/4058 4875/4518/4059 4890/4502/4043
f 4890/4502/4043 4875/4518/4059 4874/4519/4060 4889/4503/4044
f 4889/4503/4044 4874/4519/4060 4873/4520/4061 4888/4504/4045
f 4888/4504/4045 4873/4520/4061 3972/4521/4062 3974/4507/4048
f 4886/4427/3968 4872/4428/3969 4871/4522/4063 4885/4508/4049
f 4885/4508/4049 4871/4522/4063 4870/4523/4064 4884/4509/4050
f 4884/4509/4050 4870/4523/4064 4869/4524/4065 4883/4511/4052
f 4883/4511/4052 4869/4524/4065 4868/4525/4066 4882/4512/4053
f 4882/4512/4053 4868/4525/4066 4867/4526/4067 4881/4513/4054
f 4881/4513/4054 4867/4526/4067 4866/4527/4068 4880/4514/4055
f 4880/4514/4055 4866/4527/4068 4865/4528/4069 4879/4515/4056
f 4879/4515/4056 4865/4528/4069 4864/4529/4070 4878/4516/4057
f 4878/4516/4057 4864/4529/4070 4863/4530/4071 4877/4531/4072
f 4878/4516/4057 4877/4531/4072 4875/4518/4059 4876/4517/4058
f 4877/4531/4072 4863/4530/4071 4862/4532/4073 4875/4518/4059
f 4875/4518/4059 4862/4532/4073 4861/4533/4074 4874/4519/4060
f 4874/4519/4060 4861/4533/4074 4860/4534/4075 4873/4520/4061
f 4873/4520/4061 4860/4534/4075 3970/4535/4076 3972/4521/4062
f 4872/4428/3969 4859/4436/3977 4858/4536/4077 4871/4522/4063
f 4871/4522/4063 4858/4536/4077 4857/4537/4078 4870/4523/4064
f 4870/4523/4064 4857/4537/4078 4856/4538/4079 4869/4524/4065
f 4869/4524/4065 4856/4538/4079 4855/4539/4080 4868/4525/4066
f 4868/4525/4066 4855/4539/4080 4854/4540/4081 4867/4526/4067
f 4867/4526/4067 4854/4540/4081 4853/4541/4082 4866/4527/4068
f 4866/4527/4068 4853/4541/4082 4852/4542/4083 4865/4528/4069
f 4865/4528/4069 4852/4542/4083 4851/4543/4084 4864/4529/4070
f 4864/4529/4070 4851/4543/4084 4850/4544/4085 4863/4530/4071
f 4863/4530/4071 4850/4544/4085 4849/4545/4086 4862/4532/4073
f 4862/4532/4073 4849/4545/4086 4848/4546/4087 4861/4533/4074
f 4861/4533/4074 4848/4546/4087 4847/4547/4088 4860/4534/4075
f 4860/4534/4075 4847/4547/4088 3969/4548/4089 3970/4535/4076
f 4859/4436/3977 4555/4444/3985 4553/4549/4090 4858/4536/4077
f 4858/4536/4077 4553/4549/4090 4552/4550/4091 4857/4537/4078
f 4857/4537/4078 4552/4550/4091 4551/4551/4092 4856/4538/4079
f 4856/4538/4079 4551/4551/4092 4550/4552/4093 4855/4539/4080
f 4855/4539/4080 4550/4552/4093 4549/4553/4094 4854/4540/4081
f 4854/4540/4081 4549/4553/4094 4548/4554/4095 4853/4541/4082
f 4853/4541/4082 4548/4554/4095 4547/4555/4096 4852/4542/4083
f 4852/4542/4083 4547/4555/4096 4546/4556/4097 4851/4543/4084
f 4851/4543/4084 4546/4556/4097 4545/4557/4098 4850/4544/4085
f 4850/4544/4085 4545/4557/4098 4544/4558/4099 4849/4545/4086
f 4849/4545/4086 4544/4558/4099 4542/4559/4100 4848/4546/4087
f 4848/4546/4087 4542/4559/4100 4541/4560/4101 4847/4547/4088
f 4847/4547/4088 4541/4560/4101 3829/4561/4102 3969/4548/4089
f 4846/4087/3649 4845/4562/4103 4678/4563/4104 4681/4088/3650
f 4845/4564/4103 4846/4089/3649 4834/4090/3651 4822/4565/4105
f 4845/4564/4103 4822/4565/4105 4665/4566/4106 4678/4567/4104
f 4844/4195/3756 4843/4197/3758 4835/4568/4107 4836/4196/3757
f 4843/4197/3758 4833/4569/4108 4825/4570/4109 4835/4568/4107
f 4833/4569/4108 4843/4197/3758 4842/4198/3759 4832/4571/4110
f 4832/4571/4110 4842/4198/3759 4841/4199/3760 4831/4572/4111
f 4831/4572/4111 4841/4199/3760 4840/4200/3761 4830/4573/4112
f 4830/4573/4112 4840/4200/3761 4839/4201/3762 4829/4574/4113
f 4829/4574/4113 4839/4201/3762 4838/4202/3763 4828/4575/4114
f 4828/4575/4114 4838/4202/3763 4769/4203/3764 4759/4576/4115
f 4837/4204/3765 4827/4577/4116 4822/4565/4105 4834/4090/3651
f 4827/4577/4116 4837/4204/3765 4836/4196/3757 4826/4578/4117
f 4826/4578/4117 4836/4196/3757 4835/4568/4107 4825/4570/4109
f 4833/4569/4108 4832/4571/4110 4824/4579/4118 4825/4570/4109
f 4832/4571/4110 4831/4572/4111 4823/4580/4119 4824/4579/4118
f 4831/4572/4111 4819/4581/4120 4813/4582/4121 4823/4580/4119
f 4819/4581/4120 4831/4572/4111 4830/4573/4112 4818/4583/4122
f 4818/4583/4122 4830/4573/4112 4829/4574/4113 4817/4584/4123
f 4817/4584/4123 4829/4574/4113 4828/4575/4114 4816/4585/4124
f 4816/4585/4124 4828/4575/4114 4759/4576/4115 4747/4586/4125
f 4827/4577/4116 4826/4578/4117 4821/4587/4126 4822/4565/4105
f 4826/4578/4117 4825/4570/4109 4820/4588/4127 4821/4587/4126
f 4825/4570/4109 4815/4589/4128 4809/4590/4129 4820/4588/4127
f 4815/4589/4128 4825/4570/4109 4824/4579/4118 4814/4591/4130
f 4814/4591/4130 4824/4579/4118 4823/4580/4119 4813/4582/4121
f 4822/4565/4105 4811/4592/4131 4655/4593/4132 4665/4566/4106
f 4811/4592/4131 4822/4565/4105 4821/4587/4126 4810/4594/4133
f 4810/4594/4133 4821/4587/4126 4820/4588/4127 4809/4590/4129
f 4819/4581/4120 4818/4583/4122 4812/4595/4134 4813/4582/4121
f 4818/4583/4122 4806/4596/4135 4802/4597/4136 4812/4595/4134
f 4806/4596/4135 4818/4583/4122 4817/4584/4123 4805/4598/4137
f 4805/4598/4137 4817/4584/4123 4816/4585/4124 4804/4599/4138
f 4804/4599/4138 4816/4585/4124 4747/4586/4125 4736/4600/4139
f 4815/4589/4128 4814/4591/4130 4808/4601/4140 4809/4590/4129
f 4814/4591/4130 4813/4582/4121 4807/4602/4141 4808/4601/4140
f 4813/4582/4121 4803/4603/4142 4796/4604/4143 4807/4602/4141
f 4803/4605/4142 4813/4606/4121 4812/4607/4134 4802/4608/4136
f 4811/4592/4131 4810/4594/4133 4654/4609/4144 4655/4593/4132
f 4810/4594/4133 4799/4610/4145 4641/4611/4146 4654/4609/4144
f 4799/4610/4145 4810/4594/4133 4809/4590/4129 4798/4612/4147
f 4798/4612/4147 4809/4590/4129 4808/4601/4140 4797/4613/4148
f 4797/4613/4148 4808/4601/4140 4807/4602/4141 4796/4604/4143
f 4806/4596/4135 4805/4598/4137 4801/4614/4149 4802/4597/4136
f 4805/4598/4137 4804/4599/4138 4800/4615/4150 4801/4614/4149
f 4804/4599/4138 4794/4616/4151 4791/4617/4152 4800/4615/4150
f 4794/4616/4151 4804/4599/4138 4736/4600/4139 4728/4618/4153
f 4803/4603/4142 4802/4597/4136 4795/4619/4154 4796/4604/4143
f 4802/4597/4136 4793/4620/4155 4787/4621/4156 4795/4619/4154
f 4793/4620/4155 4802/4597/4136 4801/4614/4149 4792/4622/4157
f 4792/4622/4157 4801/4614/4149 4800/4615/4150 4791/4617/4152
f 4799/4610/4145 4798/4612/4147 4640/4623/4158 4641/4611/4146
f 4798/4612/4147 4790/4624/4159 4624/4625/4160 4640/4623/4158
f 4790/4624/4159 4798/4612/4147 4797/4613/4148 4789/4626/4161
f 4789/4626/4161 4797/4613/4148 4796/4604/4143 4788/4627/4162
f 4788/4627/4162 4796/4604/4143 4795/4619/4154 4787/4621/4156
f 4794/4616/4151 4728/4618/4153 4720/4628/4163 4791/4617/4152
f 4793/4620/4155 4786/4629/4164 4782/4630/4165 4787/4621/4156
f 4786/4629/4164 4793/4620/4155 4792/4622/4157 4785/4631/4166
f 4785/4631/4166 4792/4622/4157 4791/4617/4152 4784/4632/4167
f 4784/4632/4167 4791/4617/4152 4720/4628/4163 4711/4633/4168
f 4790/4624/4159 4789/4626/4161 4623/4634/4169 4624/4625/4160
f 4789/4626/4161 4788/4627/4162 4622/4635/4170 4623/4634/4169
f 4788/4627/4162 4783/4636/4171 4607/4637/4172 4622/4635/4170
f 4783/4636/4171 4788/4627/4162 4787/4621/4156 4782/4630/4165
f 4786/4629/4164 4785/4631/4166 4781/4638/4173 4782/4630/4165
f 4785/4631/4166 4780/4639/4174 4776/4640/4175 4781/4638/4173
f 4780/4639/4174 4785/4631/4166 4784/4632/4167 4779/4641/4176
f 4779/4641/4176 4784/4632/4167 4711/4633/4168 4702/4642/4177
f 4783/4636/4171 4778/4643/4178 4593/4644/4179 4607/4637/4172
f 4778/4643/4178 4783/4636/4171 4782/4630/4165 4777/4645/4180
f 4777/4645/4180 4782/4630/4165 4781/4638/4173 4776/4640/4175
f 4780/4639/4174 4779/4641/4176 4775/4646/4181 4776/4640/4175
f 4779/4641/4176 4702/4642/4177 4694/4647/4182 4775/4646/4181
f 4778/4643/4178 4777/4645/4180 4592/4648/4183 4593/4644/4179
f 4777/4645/4180 4774/4649/4184 4573/4650/4185 4592/4648/4183
f 4774/4649/4184 4777/4645/4180 4776/4640/4175 4773/4651/4186
f 4773/4651/4186 4776/4640/4175 4775/4646/4181 4772/4652/4187
f 4772/4652/4187 4775/4646/4181 4694/4647/4182 4685/4653/4188
f 4774/4649/4184 4773/4651/4186 4572/4654/4189 4573/4650/4185
f 4773/4651/4186 4422/4655/4190 4376/4656/4191 4572/4654/4189
f 4422/4655/4190 4773/4651/4186 4772/4652/4187 4421/4657/4192
f 4421/4657/4192 4772/4652/4187 4685/4653/4188 4414/4658/4193
f 4771/4298/3859 4770/4301/3862 4766/4302/3863 4767/4299/3860
f 4759/4576/4115 4769/4203/3764 4768/4303/3864 4758/4659/4194
f 4758/4659/4194 4768/4303/3864 4767/4299/3860 4757/4660/4195
f 4757/4660/4195 4767/4299/3860 4766/4302/3863 4756/4661/4196
f 4756/4661/4196 4766/4302/3863 4765/4304/3865 4755/4662/4197
f 4755/4662/4197 4765/4304/3865 4764/4305/3866 4754/4663/4198
f 4754/4663/4198 4764/4305/3866 4763/4306/3867 4753/4664/4199
f 4753/4664/4199 4763/4306/3867 4762/4307/3868 4752/4665/4200
f 4752/4665/4200 4762/4307/3868 4027/4308/3869 4025/4666/4201
f 4761/4667/4202 4749/4668/4203 4741/4669/4204 4753/4664/4199
f 4749/4668/4203 4761/4667/4202 4760/4670/4205 4748/4671/4206
f 4760/4670/4205 4761/4667/4202 4753/4664/4199 4752/4665/4200
f 4748/4671/4206 4760/4670/4205 4026/4672/4207 4024/4673/4208
f 4026/4672/4207 4760/4670/4205 4752/4665/4200 4025/4666/4201
f 4747/4586/4125 4759/4576/4115 4758/4659/4194 4746/4674/4209
f 4746/4674/4209 4758/4659/4194 4757/4660/4195 4745/4675/4210
f 4745/4675/4210 4757/4660/4195 4756/4661/4196 4744/4676/4211
f 4744/4676/4211 4756/4661/4196 4755/4662/4197 4743/4677/4212
f 4743/4677/4212 4755/4662/4197 4754/4663/4198 4742/4678/4213
f 4742/4678/4213 4754/4663/4198 4753/4664/4199 4741/4669/4204
f 4751/4679/4214 4740/4680/4215 4732/4681/4216 4743/4677/4212
f 4740/4680/4215 4751/4679/4214 4750/4682/4217 4739/4683/4218
f 4750/4682/4217 4751/4679/4214 4743/4677/4212 4742/4678/4213
f 4739/4683/4218 4750/4682/4217 4749/4668/4203 4738/4684/4219
f 4749/4668/4203 4750/4682/4217 4742/4678/4213 4741/4669/4204
f 4738/4684/4219 4749/4668/4203 4748/4671/4206 4737/4685/4220
f 4737/4685/4220 4748/4671/4206 4024/4673/4208 4022/4686/4221
f 4736/4600/4139 4747/4586/4125 4746/4674/4209 4735/4687/4222
f 4735/4687/4222 4746/4674/4209 4745/4675/4210 4734/4688/4223
f 4734/4688/4223 4745/4675/4210 4744/4676/4211 4733/4689/4224
f 4733/4689/4224 4744/4676/4211 4743/4677/4212 4732/4681/4216
f 4740/4680/4215 4739/4683/4218 4731/4690/4225 4732/4681/4216
f 4739/4683/4218 4738/4684/4219 4730/4691/4226 4731/4690/4225
f 4738/4684/4219 4737/4685/4220 4729/4692/4227 4730/4691/4226
f 4737/4685/4220 4022/4686/4221 4021/4693/4228 4729/4692/4227
f 4728/4618/4153 4736/4600/4139 4735/4687/4222 4727/4694/4229
f 4727/4694/4229 4735/4687/4222 4734/4688/4223 4726/4695/4230
f 4726/4695/4230 4734/4688/4223 4733/4689/4224 4725/4696/4231
f 4725/4696/4231 4733/4689/4224 4732/4681/4216 4724/4697/4232
f 4724/4697/4232 4732/4681/4216 4731/4690/4225 4723/4698/4233
f 4723/4698/4233 4731/4690/4225 4730/4691/4226 4722/4699/4234
f 4722/4699/4234 4730/4691/4226 4729/4692/4227 4721/4700/4235
f 4721/4700/4235 4729/4692/4227 4021/4693/4228 4020/4701/4236
f 4728/4618/4153 4727/4694/4229 4719/4702/4237 4720/4628/4163
f 4727/4694/4229 4726/4695/4230 4718/4703/4238 4719/4702/4237
f 4726/4695/4230 4725/4696/4231 4717/4704/4239 4718/4703/4238
f 4725/4696/4231 4716/4705/4240 4708/4706/4241 4717/4704/4239
f 4716/4705/4240 4725/4696/4231 4724/4697/4232 4715/4707/4242
f 4715/4707/4242 4724/4697/4232 4723/4698/4233 4714/4708/4243
f 4714/4708/4243 4723/4698/4233 4722/4699/4234 4713/4709/4244
f 4713/4709/4244 4722/4699/4234 4721/4700/4235 4712/4710/4245
f 4712/4710/4245 4721/4700/4235 4020/4701/4236 4019/4711/4246
f 4711/4633/4168 4720/4628/4163 4719/4702/4237 4710/4712/4247
f 4710/4712/4247 4719/4702/4237 4718/4703/4238 4709/4713/4248
f 4709/4713/4248 4718/4703/4238 4717/4704/4239 4708/4706/4241
f 4716/4705/4240 4715/4707/4242 4707/4714/4249 4708/4706/4241
f 4715/4707/4242 4714/4708/4243 4706/4715/4250 4707/4714/4249
f 4714/4708/4243 4705/4716/4251 4697/4717/4252 4706/4715/4250
f 4705/4716/4251 4714/4708/4243 4713/4709/4244 4704/4718/4253
f 4704/4718/4253 4713/4709/4244 4712/4710/4245 4703/4719/4254
f 4703/4719/4254 4712/4710/4245 4019/4711/4246 4017/4720/4255
f 4702/4642/4177 4711/4633/4168 4710/4712/4247 4701/4721/4256
f 4701/4721/4256 4710/4712/4247 4709/4713/4248 4700/4722/4257
f 4700/4722/4257 4709/4713/4248 4708/4706/4241 4699/4723/4258
f 4699/4723/4258 4708/4706/4241 4707/4714/4249 4698/4724/4259
f 4698/4724/4259 4707/4714/4249 4706/4715/4250 4697/4717/4252
f 4705/4716/4251 4704/4718/4253 4696/4725/4260 4697/4717/4252
f 4704/4718/4253 4703/4719/4254 4695/4726/4261 4696/4725/4260
f 4703/4719/4254 4017/4720/4255 4016/4727/4262 4695/4726/4261
f 4702/4642/4177 4693/4728/4263 4685/4653/4188 4694/4647/4182
f 4693/4728/4263 4702/4642/4177 4701/4721/4256 4692/4729/4264
f 4692/4729/4264 4701/4721/4256 4700/4722/4257 4691/4730/4265
f 4691/4730/4265 4700/4722/4257 4699/4723/4258 4690/4731/4266
f 4690/4731/4266 4699/4723/4258 4698/4724/4259 4689/4732/4267
f 4689/4732/4267 4698/4724/4259 4697/4717/4252 4688/4733/4268
f 4688/4733/4268 4697/4717/4252 4696/4725/4260 4687/4734/4269
f 4687/4734/4269 4696/4725/4260 4695/4726/4261 4686/4735/4270
f 4686/4735/4270 4695/4726/4261 4016/4727/4262 4015/4736/4271
f 4693/4728/4263 4692/4729/4264 4684/4737/4272 4685/4653/4188
f 4692/4729/4264 4691/4730/4265 4683/4738/4273 4684/4737/4272
f 4691/4730/4265 4690/4731/4266 4682/4739/4274 4683/4738/4273
f 4690/4731/4266 4419/4740/4275 4411/4741/4276 4682/4739/4274
f 4419/4740/4275 4690/4731/4266 4689/4732/4267 4418/4742/4277
f 4418/4742/4277 4689/4732/4267 4688/4733/4268 4417/4743/4278
f 4417/4743/4278 4688/4733/4268 4687/4734/4269 4416/4744/4279
f 4416/4744/4279 4687/4734/4269 4686/4735/4270 4415/4745/4280
f 4415/4745/4280 4686/4735/4270 4015/4736/4271 4014/4746/4281
f 4414/4658/4193 4685/4653/4188 4684/4737/4272 4413/4747/4282
f 4413/4747/4282 4684/4737/4272 4683/4738/4273 4412/4748/4283
f 4412/4748/4283 4683/4738/4273 4682/4739/4274 4411/4741/4276
f 4681/4088/3650 4678/4563/4104 4677/4749/4284 4680/4392/3934
f 4680/4392/3934 4677/4749/4284 4664/4750/4285 4676/4751/4286
f 4680/4392/3934 4676/4751/4286 4675/4394/3936 4679/4393/3935
f 4678/4563/4104 4665/4752/4106 4664/4750/4285 4677/4749/4284
f 4676/4751/4286 4664/4750/4285 4663/4753/4287 4675/4394/3936
f 4675/4394/3936 4663/4753/4287 4662/4754/4288 4674/4437/3978
f 4674/4437/3978 4662/4754/4288 4661/4755/4289 4673/4438/3979
f 4673/4438/3979 4661/4755/4289 4660/4756/4290 4672/4757/4291
f 4673/4438/3979 4672/4757/4291 4670/4440/3981 4671/4439/3980
f 4672/4757/4291 4660/4756/4290 4659/4758/4292 4670/4440/3981
f 4670/4440/3981 4659/4758/4292 4658/4759/4293 4669/4441/3982
f 4669/4441/3982 4658/4759/4293 4657/4760/4294 4668/4761/4295
f 4669/4441/3982 4668/4761/4295 4666/4443/3984 4667/4442/3983
f 4668/4761/4295 4657/4760/4294 4656/4762/4296 4666/4443/3984
f 4666/4443/3984 4656/4762/4296 4540/4763/4297 4555/4444/3985
f 4665/4752/4106 4655/4764/4132 4653/4765/4298 4664/4750/4285
f 4664/4750/4285 4653/4765/4298 4652/4766/4299 4663/4753/4287
f 4663/4753/4287 4652/4766/4299 4650/4767/4300 4662/4754/4288
f 4662/4754/4288 4650/4767/4300 4648/4768/4301 4661/4755/4289
f 4661/4755/4289 4648/4768/4301 4647/4769/4302 4660/4756/4290
f 4660/4756/4290 4647/4769/4302 4646/4770/4303 4659/4758/4292
f 4659/4758/4292 4646/4770/4303 4645/4771/4304 4658/4759/4293
f 4658/4759/4293 4645/4771/4304 4644/4772/4305 4657/4760/4294
f 4657/4760/4294 4644/4772/4305 4643/4773/4306 4656/4762/4296
f 4656/4762/4296 4643/4773/4306 4527/4774/4307 4540/4763/4297
f 4655/4764/4132 4642/4775/4308 4639/4776/4309 4653/4765/4298
f 4642/4777/4308 4655/4593/4132 4654/4609/4144 4641/4611/4146
f 4653/4765/4298 4639/4776/4309 4637/4778/4310 4652/4766/4299
f 4652/4779/4299 4637/4780/4310 4636/4781/4311 4651/4782/4312
f 4652/4766/4299 4651/4783/4312 4649/4784/4313 4650/4767/4300
f 4651/4782/4312 4636/4781/4311 4634/4785/4314 4649/4786/4313
f 4650/4767/4300 4649/4784/4313 4647/4769/4302 4648/4768/4301
f 4649/4786/4313 4634/4785/4314 4632/4787/4315 4647/4788/4302
f 4647/4769/4302 4632/4789/4315 4630/4790/4316 4646/4770/4303
f 4646/4770/4303 4630/4790/4316 4628/4791/4317 4645/4771/4304
f 4645/4771/4304 4628/4791/4317 4627/4792/4318 4644/4772/4305
f 4644/4772/4305 4627/4792/4318 4626/4793/4319 4643/4773/4306
f 4643/4773/4306 4626/4793/4319 4513/4794/4320 4527/4774/4307
f 4642/4795/4308 4641/4796/4146 4638/4797/4321 4639/4798/4309
f 4641/4799/4146 4625/4800/4322 4621/4801/4323 4638/4802/4321
f 4625/4803/4322 4641/4611/4146 4640/4623/4158 4624/4625/4160
f 4639/4798/4309 4638/4797/4321 4636/4781/4311 4637/4780/4310
f 4638/4802/4321 4621/4801/4323 4619/4804/4324 4636/4805/4311
f 4636/4805/4311 4619/4804/4324 4618/4806/4325 4635/4807/4326
f 4636/4805/4311 4635/4807/4326 4633/4808/4327 4634/4809/4314
f 4635/4807/4326 4618/4806/4325 4617/4810/4328 4633/4808/4327
f 4634/4809/4314 4633/4808/4327 4631/4811/4329 4632/4789/4315
f 4633/4808/4327 4617/4810/4328 4616/4812/4330 4631/4811/4329
f 4632/4789/4315 4631/4811/4329 4629/4813/4331 4630/4790/4316
f 4631/4811/4329 4616/4812/4330 4614/4814/4332 4629/4813/4331
f 4630/4790/4316 4615/4815/4333 4613/4816/4334 4628/4791/4317
f 4615/4815/4333 4630/4790/4316 4629/4813/4331 4614/4814/4332
f 4628/4791/4317 4613/4816/4334 4612/4817/4335 4627/4792/4318
f 4627/4792/4318 4612/4817/4335 4611/4818/4336 4626/4793/4319
f 4626/4793/4319 4611/4818/4336 4498/4819/4337 4513/4794/4320
f 4625/4800/4322 4610/4820/4338 4606/4821/4339 4621/4801/4323
f 4610/4822/4338 4625/4803/4322 4624/4625/4160 4609/4823/4340
f 4609/4823/4340 4624/4625/4160 4623/4634/4169 4608/4824/4341
f 4608/4824/4341 4623/4634/4169 4622/4635/4170 4607/4637/4172
f 4621/4801/4323 4606/4821/4339 4605/4825/4342 4620/4826/4343
f 4621/4801/4323 4620/4826/4343 4618/4806/4325 4619/4804/4324
f 4620/4826/4343 4605/4825/4342 4603/4827/4344 4618/4806/4325
f 4618/4806/4325 4603/4827/4344 4601/4828/4345 4617/4810/4328
f 4617/4810/4328 4601/4828/4345 4599/4829/4346 4616/4812/4330
f 4616/4812/4330 4599/4829/4346 4597/4830/4347 4614/4814/4332
f 4615/4815/4333 4614/4814/4332 4612/4817/4335 4613/4816/4334
f 4614/4814/4332 4597/4830/4347 4596/4831/4348 4612/4817/4335
f 4612/4817/4335 4596/4831/4348 4595/4832/4349 4611/4818/4336
f 4611/4818/4336 4595/4832/4349 4483/4833/4350 4498/4819/4337
f 4610/4822/4338 4609/4823/4340 4605/4834/4342 4606/4835/4339
f 4609/4836/4340 4608/4837/4341 4604/4838/4351 4605/4839/4342
f 4608/4837/4341 4594/4840/4352 4590/4841/4353 4604/4838/4351
f 4594/4842/4352 4608/4824/4341 4607/4637/4172 4593/4644/4179
f 4605/4825/4342 4591/4843/4354 4588/4844/4355 4603/4827/4344
f 4591/4845/4354 4605/4839/4342 4604/4838/4351 4590/4841/4353
f 4603/4827/4344 4588/4844/4355 4587/4846/4356 4602/4847/4357
f 4603/4827/4344 4602/4847/4357 4600/4848/4358 4601/4828/4345
f 4602/4847/4357 4587/4846/4356 4586/4849/4359 4600/4848/4358
f 4601/4828/4345 4600/4848/4358 4598/4850/4360 4599/4829/4346
f 4600/4848/4358 4586/4849/4359 4583/4851/4361 4598/4850/4360
f 4599/4829/4346 4584/4852/4362 4581/4853/4363 4597/4830/4347
f 4584/4854/4362 4599/4855/4346 4598/4856/4360 4583/4857/4361
f 4597/4830/4347 4581/4853/4363 4578/4858/4364 4596/4831/4348
f 4596/4831/4348 4578/4858/4364 4576/4859/4365 4595/4832/4349
f 4595/4832/4349 4576/4859/4365 4469/4860/4366 4483/4833/4350
f 4594/4842/4352 4593/4644/4179 4589/4861/4367 4590/4862/4353
f 4593/4644/4179 4574/4863/4368 4570/4864/4369 4589/4861/4367
f 4574/4863/4368 4593/4644/4179 4592/4648/4183 4573/4650/4185
f 4591/4845/4354 4590/4841/4353 4587/4865/4356 4588/4866/4355
f 4590/4867/4353 4571/4868/4370 4568/4869/4371 4587/4846/4356
f 4571/4870/4370 4590/4862/4353 4589/4861/4367 4570/4864/4369
f 4587/4846/4356 4568/4869/4371 4566/4871/4372 4586/4849/4359
f 4586/4849/4359 4566/4871/4372 4565/4872/4373 4585/4873/4374
f 4586/4849/4359 4585/4873/4374 4582/4874/4375 4583/4851/4361
f 4585/4873/4374 4565/4872/4373 4564/4875/4376 4582/4874/4375
f 4584/4854/4362 4583/4857/4361 4580/4876/4377 4581/4877/4363
f 4583/4857/4361 4582/4878/4375 4579/4879/4378 4580/4876/4377
f 4582/4874/4375 4564/4875/4376 4562/4880/4379 4579/4881/4378
f 4581/4877/4363 4580/4876/4377 4577/4882/4380 4578/4883/4364
f 4580/4876/4377 4563/4884/4381 4560/4885/4382 4577/4882/4380
f 4563/4884/4381 4580/4876/4377 4579/4879/4378 4562/4886/4379
f 4578/4858/4364 4561/4887/4383 4558/4888/4384 4576/4859/4365
f 4561/4889/4383 4578/4883/4364 4577/4882/4380 4560/4885/4382
f 4576/4859/4365 4558/4888/4384 4557/4890/4385 4575/4891/4386
f 4576/4859/4365 4575/4891/4386 4468/4892/4387 4469/4860/4366
f 4575/4891/4386 4557/4890/4385 4453/4893/4388 4468/4892/4387
f 4574/4863/4368 4573/4650/4185 4569/4894/4389 4570/4864/4369
f 4573/4650/4185 4377/4895/4390 4373/4896/4391 4569/4894/4389
f 4377/4895/4390 4573/4650/4185 4572/4654/4189 4376/4656/4191
f 4571/4868/4370 4570/4897/4369 4567/4898/4392 4568/4869/4371
f 4570/4897/4369 4374/4899/4393 4371/4900/4394 4567/4898/4392
f 4374/4901/4393 4570/4864/4369 4569/4894/4389 4373/4896/4391
f 4568/4869/4371 4372/4902/4395 4370/4903/4396 4566/4871/4372
f 4372/4902/4395 4568/4869/4371 4567/4898/4392 4371/4900/4394
f 4566/4871/4372 4370/4903/4396 4369/4904/4397 4565/4872/4373
f 4565/4872/4373 4369/4904/4397 4368/4905/4398 4564/4875/4376
f 4564/4875/4376 4368/4905/4398 4366/4906/4399 4562/4880/4379
f 4563/4884/4381 4562/4886/4379 4559/4907/4400 4560/4885/4382
f 4562/4880/4379 4366/4906/4399 4363/4908/4401 4559/4909/4400
f 4561/4889/4383 4560/4885/4382 4557/4910/4385 4558/4911/4384
f 4560/4912/4382 4364/4913/4402 4361/4914/4403 4557/4890/4385
f 4364/4915/4402 4560/4885/4382 4559/4907/4400 4363/4916/4401
f 4557/4890/4385 4361/4914/4403 4360/4917/4404 4556/4918/4405
f 4557/4890/4385 4556/4918/4405 4452/4919/4406 4453/4893/4388
f 4556/4918/4405 4360/4917/4404 4171/4920/4407 4452/4919/4406
f 4555/4444/3985 4540/4763/4297 4539/4921/4408 4554/4922/4409
f 4555/4444/3985 4554/4922/4409 4552/4550/4091 4553/4549/4090
f 4554/4922/4409 4539/4921/4408 4538/4923/4410 4552/4550/4091
f 4552/4550/4091 4538/4923/4410 4537/4924/4411 4551/4551/4092
f 4551/4551/4092 4537/4924/4411 4536/4925/4412 4550/4552/4093
f 4550/4552/4093 4536/4925/4412 4535/4926/4413 4549/4553/4094
f 4549/4553/4094 4535/4926/4413 4534/4927/4414 4548/4554/4095
f 4548/4554/4095 4534/4927/4414 4533/4928/4415 4547/4555/4096
f 4547/4555/4096 4533/4928/4415 4532/4929/4416 4546/4556/4097
f 4546/4556/4097 4532/4929/4416 4531/4930/4417 4545/4557/4098
f 4545/4557/4098 4531/4930/4417 4530/4931/4418 4544/4558/4099
f 4544/4558/4099 4530/4931/4418 4529/4932/4419 4543/4933/4420
f 4544/4558/4099 4543/4933/4420 4541/4560/4101 4542/4559/4100
f 4543/4933/4420 4529/4932/4419 4528/4934/4421 4541/4560/4101
f 4541/4560/4101 4528/4934/4421 3828/4935/4422 3829/4561/4102
f 4540/4763/4297 4527/4774/4307 4526/4936/4423 4539/4921/4408
f 4539/4921/4408 4526/4936/4423 4525/4937/4424 4538/4923/4410
f 4538/4923/4410 4525/4937/4424 4524/4938/4425 4537/4924/4411
f 4537/4924/4411 4524/4938/4425 4522/4939/4426 4536/4925/4412
f 4536/4925/4412 4522/4939/4426 4521/4940/4427 4535/4926/4413
f 4535/4926/4413 4521/4940/4427 4520/4941/4428 4534/4927/4414
f 4534/4927/4414 4520/4941/4428 4519/4942/4429 4533/4928/4415
f 4533/4928/4415 4519/4942/4429 4518/4943/4430 4532/4929/4416
f 4532/4929/4416 4518/4943/4430 4517/4944/4431 4531/4930/4417
f 4531/4930/4417 4517/4944/4431 4516/4945/4432 4530/4931/4418
f 4530/4931/4418 4516/4945/4432 4515/4946/4433 4529/4932/4419
f 4529/4932/4419 4515/4946/4433 4514/4947/4434 4528/4934/4421
f 4528/4934/4421 4514/4947/4434 3827/4948/4435 3828/4935/4422
f 4527/4774/4307 4513/4794/4320 4512/4949/4436 4526/4936/4423
f 4526/4936/4423 4512/4949/4436 4511/4950/4437 4525/4937/4424
f 4525/4937/4424 4511/4950/4437 4510/4951/4438 4524/4938/4425
f 4524/4938/4425 4510/4951/4438 4509/4952/4439 4523/4953/4440
f 4524/4938/4425 4523/4953/4440 4521/4940/4427 4522/4939/4426
f 4523/4953/4440 4509/4952/4439 4508/4954/4441 4521/4940/4427
f 4521/4940/4427 4508/4954/4441 4506/4955/4442 4520/4941/4428
f 4520/4941/4428 4506/4955/4442 4505/4956/4443 4519/4942/4429
f 4519/4942/4429 4505/4956/4443 4503/4957/4444 4518/4943/4430
f 4518/4943/4430 4503/4957/4444 4502/4958/4445 4517/4944/4431
f 4517/4944/4431 4502/4958/4445 4501/4959/4446 4516/4945/4432
f 4516/4945/4432 4501/4959/4446 4500/4960/4447 4515/4946/4433
f 4515/4946/4433 4500/4960/4447 4499/4961/4448 4514/4947/4434
f 4514/4947/4434 4499/4961/4448 4437/4962/4449 4438/4963/4450
f 4514/4947/4434 4438/4963/4450 3799/4964/4451 3827/4948/4435
f 4513/4794/4320 4498/4819/4337 4497/4965/4452 4512/4949/4436
f 4512/4949/4436 4497/4965/4452 4496/4966/4453 4511/4950/4437
f 4511/4950/4437 4496/4966/4453 4494/4967/4454 4510/4951/4438
f 4510/4951/4438 4494/4967/4454 4493/4968/4455 4509/4952/4439
f 4509/4952/4439 4493/4968/4455 4492/4969/4456 4508/4954/4441
f 4508/4954/4441 4492/4969/4456 4491/4970/4457 4507/4971/4458
f 4508/4954/4441 4507/4971/4458 4505/4956/4443 4506/4955/4442
f 4507/4971/4458 4491/4970/4457 4490/4972/4459 4505/4956/4443
f 4505/4956/4443 4490/4972/4459 4489/4973/4460 4504/4974/4461
f 4505/4956/4443 4504/4974/4461 4502/4958/4445 4503/4957/4444
f 4504/4974/4461 4489/4973/4460 4488/4975/4462 4502/4958/4445
f 4502/4958/4445 4488/4975/4462 4486/4976/4463 4501/4959/4446
f 4501/4959/4446 4486/4976/4463 4485/4977/4464 4500/4960/4447
f 4500/4960/4447 4485/4977/4464 4484/4978/4465 4499/4961/4448
f 4499/4961/4448 4484/4978/4465 4436/4979/4466 4437/4962/4449
f 4498/4819/4337 4483/4833/4350 4482/4980/4467 4497/4965/4452
f 4497/4965/4452 4482/4980/4467 4481/4981/4468 4496/4966/4453
f 4496/4966/4453 4481/4981/4468 4480/4982/4469 4495/4983/4470
f 4496/4966/4453 4495/4983/4470 4493/4968/4455 4494/4967/4454
f 4495/4983/4470 4480/4982/4469 4479/4984/4471 4493/4968/4455
f 4493/4968/4455 4479/4984/4471 4477/4985/4472 4492/4969/4456
f 4492/4969/4456 4477/4985/4472 4476/4986/4473 4491/4970/4457
f 4491/4970/4457 4476/4986/4473 4475/4987/4474 4490/4972/4459
f 4490/4972/4459 4475/4987/4474 4474/4988/4475 4489/4973/4460
f 4489/4973/4460 4474/4988/4475 4473/4989/4476 4488/4975/4462
f 4488/4975/4462 4473/4989/4476 4472/4990/4477 4487/4991/4478
f 4488/4975/4462 4487/4991/4478 4485/4977/4464 4486/4976/4463
f 4487/4991/4478 4472/4990/4477 4471/4992/4479 4485/4977/4464
f 4485/4977/4464 4471/4992/4479 4470/4993/4480 4484/4978/4465
f 4484/4978/4465 4470/4993/4480 4434/4994/4481 4436/4979/4466
f 4483/4833/4350 4469/4860/4366 4468/4892/4387 4482/4980/4467
f 4482/4980/4467 4468/4892/4387 4466/4995/4482 4481/4981/4468
f 4481/4981/4468 4466/4995/4482 4465/4996/4483 4480/4982/4469
f 4480/4982/4469 4465/4996/4483 4463/4997/4484 4479/4984/4471
f 4479/4984/4471 4463/4997/4484 4462/4998/4485 4478/4999/4486
f 4479/4984/4471 4478/4999/4486 4476/4986/4473 4477/4985/4472
f 4478/4999/4486 4462/4998/4485 4461/5000/4487 4476/4986/4473
f 4476/4986/4473 4461/5000/4487 4459/5001/4488 4475/4987/4474
f 4475/4987/4474 4459/5001/4488 4458/5002/4489 4474/4988/4475
f 4474/4988/4475 4458/5002/4489 4456/5003/4490 4473/4989/4476
f 4473/4989/4476 4456/5003/4490 4455/5004/4491 4472/4990/4477
f 4472/4990/4477 4455/5004/4491 4454/5005/4492 4471/4992/4479
f 4471/4992/4479 4454/5005/4492 4433/5006/4493 4435/5007/4494
f 4471/4992/4479 4435/5007/4494 4434/4994/4481 4470/4993/4480
f 4468/4892/4387 4453/4893/4388 4452/4919/4406 4467/5008/4495
f 4468/4892/4387 4467/5008/4495 4465/4996/4483 4466/4995/4482
f 4467/5008/4495 4452/4919/4406 4450/5009/4496 4465/4996/4483
f 4465/4996/4483 4450/5009/4496 4449/5010/4497 4464/5011/4498
f 4465/4996/4483 4464/5011/4498 4462/4998/4485 4463/4997/4484
f 4464/5011/4498 4449/5010/4497 4447/5012/4499 4462/4998/4485
f 4462/4998/4485 4447/5012/4499 4445/5013/4500 4461/5000/4487
f 4461/5000/4487 4445/5013/4500 4444/5014/4501 4460/5015/4502
f 4461/5000/4487 4460/5015/4502 4458/5002/4489 4459/5001/4488
f 4460/5015/4502 4444/5014/4501 4442/5016/4503 4458/5002/4489
f 4458/5002/4489 4442/5016/4503 4441/5017/4504 4457/5018/4505
f 4458/5002/4489 4457/5018/4505 4455/5004/4491 4456/5003/4490
f 4457/5018/4505 4441/5017/4504 4440/5019/4506 4455/5004/4491
f 4455/5004/4491 4440/5019/4506 4439/5020/4507 4454/5005/4492
f 4454/5005/4492 4439/5020/4507 4429/5021/4508 4433/5006/4493
f 4452/4919/4406 4171/4920/4407 4170/5022/4509 4451/5023/4510
f 4452/4919/4406 4451/5023/4510 4449/5010/4497 4450/5009/4496
f 4451/5023/4510 4170/5022/4509 4168/5024/4511 4449/5010/4497
f 4449/5010/4497 4168/5024/4511 4167/5025/4512 4448/5026/4513
f 4449/5010/4497 4448/5026/4513 4446/5027/4514 4447/5012/4499
f 4448/5026/4513 4167/5025/4512 4165/5028/4515 4446/5027/4514
f 4447/5012/4499 4446/5027/4514 4444/5014/4501 4445/5013/4500
f 4446/5027/4514 4165/5028/4515 4163/5029/4516 4444/5014/4501
f 4444/5014/4501 4163/5029/4516 4162/5030/4517 4443/5031/4518
f 4444/5014/4501 4443/5031/4518 4441/5017/4504 4442/5016/4503
f 4443/5031/4518 4162/5030/4517 4161/5032/4519 4441/5017/4504
f 4441/5017/4504 4161/5032/4519 4160/5033/4520 4440/5019/4506
f 4440/5019/4506 4160/5033/4520 4142/5034/4521 4430/5035/4522
f 4440/5019/4506 4430/5035/4522 4429/5021/4508 4439/5020/4507
f 4438/4963/4450 4437/4962/4449 3782/5036/4523 3799/4964/4451
f 4437/4962/4449 4436/4979/4466 3763/5037/4524 3782/5036/4523
f 4436/4979/4466 4434/4994/4481 3747/5038/4525 3763/5037/4524
f 4435/5007/4494 4433/5006/4493 4432/5039/4526 4434/4994/4481
f 4434/4994/4481 4432/5039/4526 3729/5040/4527 3747/5038/4525
f 4433/5006/4493 4429/5021/4508 4426/5041/4528 4432/5039/4526
f 4432/5039/4526 4426/5041/4528 4425/5042/4529 4431/5043/4530
f 4432/5039/4526 4431/5043/4530 3728/5044/4531 3729/5040/4527
f 4431/5043/4530 4425/5042/4529 3710/5045/4532 3728/5044/4531
f 4430/5035/4522 4142/5034/4521 4138/5046/4533 4429/5021/4508
f 4429/5021/4508 4138/5046/4533 4137/5047/4534 4428/5048/4535
f 4429/5021/4508 4428/5048/4535 4425/5042/4529 4426/5041/4528
f 4428/5049/4535 4137/5050/4534 4136/5051/4536 4427/5052/4537
f 4428/5049/4535 4427/5052/4537 4424/5053/4538 4425/5054/4529
f 4427/5052/4537 4136/5051/4536 4132/5055/4539 4424/5053/4538
f 4425/5054/4529 4424/5053/4538 3709/5056/4540 3710/5057/4532
f 4424/5058/4538 4132/5059/4539 4131/5060/4541 4423/5061/4542
f 4424/5053/4538 4423/5062/4542 3708/5063/4543 3709/5056/4540
f 4423/5061/4542 4131/5060/4541 3674/5064/4544 3708/5065/4543
f 4422/4655/4190 4421/4657/4192 4375/5066/4545 4376/4656/4191
f 4421/4657/4192 4420/5067/4546 4355/5068/4547 4375/5066/4545
f 4420/5067/4546 4421/4657/4192 4414/4658/4193 4405/5069/4548
f 4420/5067/4546 4405/5069/4548 4282/5070/4549 4355/5068/4547
f 4419/4740/4275 4418/4742/4277 4410/5071/4550 4411/4741/4276
f 4418/4742/4277 4409/5072/4551 4401/5073/4552 4410/5071/4550
f 4409/5072/4551 4418/4742/4277 4417/4743/4278 4408/5074/4553
f 4408/5074/4553 4417/4743/4278 4416/4744/4279 4407/5075/4554
f 4407/5075/4554 4416/4744/4279 4415/4745/4280 4406/5076/4555
f 4406/5076/4555 4415/4745/4280 4014/4746/4281 4013/5077/4556
f 4405/5069/4548 4414/4658/4193 4413/4747/4282 4404/5078/4557
f 4404/5078/4557 4413/4747/4282 4412/4748/4283 4403/5079/4558
f 4403/5079/4558 4412/4748/4283 4411/4741/4276 4402/5080/4559
f 4402/5080/4559 4411/4741/4276 4410/5071/4550 4401/5073/4552
f 4409/5072/4551 4408/5074/4553 4400/5081/4560 4401/5073/4552
f 4408/5074/4553 4399/5082/4561 4392/5083/4562 4400/5081/4560
f 4399/5082/4561 4408/5074/4553 4407/5075/4554 4398/5084/4563
f 4398/5084/4563 4407/5075/4554 4406/5076/4555 4397/5085/4564
f 4397/5085/4564 4406/5076/4555 4013/5077/4556 4012/5086/4565
f 4405/5069/4548 4404/5078/4557 4281/5087/4566 4282/5070/4549
f 4404/5078/4557 4396/5088/4567 4279/5089/4568 4281/5087/4566
f 4396/5088/4567 4404/5078/4557 4403/5079/4558 4395/5090/4569
f 4395/5090/4569 4403/5079/4558 4402/5080/4559 4394/5091/4570
f 4394/5091/4570 4402/5080/4559 4401/5073/4552 4393/5092/4571
f 4393/5092/4571 4401/5073/4552 4400/5081/4560 4392/5083/4562
f 4399/5082/4561 4398/5084/4563 4391/5093/4572 4392/5083/4562
f 4398/5084/4563 4397/5085/4564 4390/5094/4573 4391/5093/4572
f 4397/5085/4564 4012/5086/4565 4011/5095/4574 4390/5094/4573
f 4396/5088/4567 4395/5090/4569 4278/5096/4575 4279/5089/4568
f 4395/5090/4569 4394/5091/4570 4277/5097/4576 4278/5096/4575
f 4394/5091/4570 4389/5098/4577 4273/5099/4578 4277/5097/4576
f 4389/5098/4577 4394/5091/4570 4393/5092/4571 4388/5100/4579
f 4388/5100/4579 4393/5092/4571 4392/5083/4562 4387/5101/4580
f 4387/5101/4580 4392/5083/4562 4391/5093/4572 4386/5102/4581
f 4386/5102/4581 4391/5093/4572 4390/5094/4573 4385/5103/4582
f 4385/5103/4582 4390/5094/4573 4011/5095/4574 4010/5104/4583
f 4389/5098/4577 4388/5100/4579 4272/5105/4584 4273/5099/4578
f 4388/5100/4579 4384/5106/4585 4267/5107/4586 4272/5105/4584
f 4384/5106/4585 4388/5100/4579 4387/5101/4580 4383/5108/4587
f 4383/5108/4587 4387/5101/4580 4386/5102/4581 4382/5109/4588
f 4382/5109/4588 4386/5102/4581 4385/5103/4582 4381/5110/4589
f 4381/5110/4589 4385/5103/4582 4010/5104/4583 4009/5111/4590
f 4384/5106/4585 4383/5108/4587 4266/5112/4591 4267/5107/4586
f 4383/5108/4587 4380/5113/4592 4240/5114/4593 4266/5112/4591
f 4380/5113/4592 4383/5108/4587 4382/5109/4588 4379/5115/4594
f 4379/5115/4594 4382/5109/4588 4381/5110/4589 4378/5116/4595
f 4378/5116/4595 4381/5110/4589 4009/5111/4590 4008/5117/4596
f 4380/5113/4592 4379/5115/4594 4239/5118/4597 4240/5114/4593
f 4379/5119/4594 4378/5120/4595 4238/5121/4598 4239/5122/4597
f 4378/5116/4595 4008/5117/4596 4002/5123/4599 4238/5124/4598
f 4377/4895/4390 4357/5125/4600 4353/5126/4601 4373/4896/4391
f 4357/5125/4600 4377/4895/4390 4376/4656/4191 4356/5127/4602
f 4356/5127/4602 4376/4656/4191 4375/5066/4545 4355/5068/4547
f 4374/4899/4393 4354/5128/4603 4352/5129/4604 4371/4900/4394
f 4354/5128/4603 4374/4899/4393 4373/5130/4391 4353/5131/4601
f 4372/4902/4395 4371/4900/4394 4369/4904/4397 4370/4903/4396
f 4371/4900/4394 4352/5129/4604 4350/5132/4605 4369/4904/4397
f 4369/4904/4397 4350/5132/4605 4348/5133/4606 4368/4905/4398
f 4368/4905/4398 4348/5133/4606 4347/5134/4607 4367/5135/4608
f 4368/4905/4398 4367/5135/4608 4365/5136/4609 4366/4906/4399
f 4367/5135/4608 4347/5134/4607 4346/5137/4610 4365/5136/4609
f 4366/4906/4399 4365/5136/4609 4362/5138/4611 4363/4908/4401
f 4365/5136/4609 4346/5137/4610 4345/5139/4612 4362/5138/4611
f 4364/4915/4402 4363/4916/4401 4360/5140/4404 4361/5141/4403
f 4363/4916/4401 4362/5142/4611 4359/5143/4613 4360/5140/4404
f 4362/5138/4611 4345/5139/4612 4343/5144/4614 4359/5145/4613
f 4360/5140/4404 4359/5143/4613 4170/5146/4509 4171/5147/4407
f 4359/5145/4613 4343/5144/4614 4342/5148/4615 4358/5149/4616
f 4359/5143/4613 4358/5150/4616 4169/5151/4617 4170/5146/4509
f 4358/5149/4616 4342/5148/4615 4159/5152/4618 4169/5153/4617
f 4357/5125/4600 4341/5154/4619 4338/5155/4620 4353/5126/4601
f 4341/5154/4619 4357/5125/4600 4356/5127/4602 4340/5156/4621
f 4340/5156/4621 4356/5127/4602 4355/5068/4547 4339/5157/4622
f 4339/5157/4622 4355/5068/4547 4282/5070/4549 4280/5158/4623
f 4354/5128/4603 4353/5131/4601 4351/5159/4624 4352/5129/4604
f 4353/5131/4601 4338/5160/4620 4336/5161/4625 4351/5159/4624
f 4352/5129/4604 4351/5159/4624 4349/5162/4626 4350/5132/4605
f 4351/5159/4624 4336/5161/4625 4335/5163/4627 4349/5162/4626
f 4350/5132/4605 4349/5162/4626 4347/5134/4607 4348/5133/4606
f 4349/5162/4626 4335/5163/4627 4334/5164/4628 4347/5134/4607
f 4347/5134/4607 4334/5164/4628 4333/5165/4629 4346/5137/4610
f 4346/5137/4610 4333/5165/4629 4331/5166/4630 4345/5139/4612
f 4345/5139/4612 4331/5166/4630 4330/5167/4631 4344/5168/4632
f 4345/5139/4612 4344/5168/4632 4342/5148/4615 4343/5144/4614
f 4344/5168/4632 4330/5167/4631 4329/5169/4633 4342/5148/4615
f 4342/5148/4615 4329/5169/4633 4153/5170/4634 4159/5152/4618
f 4341/5154/4619 4340/5156/4621 4337/5171/4635 4338/5155/4620
f 4340/5156/4621 4328/5172/4636 4325/5173/4637 4337/5171/4635
f 4328/5172/4636 4340/5156/4621 4339/5157/4622 4327/5174/4638
f 4327/5174/4638 4339/5157/4622 4280/5158/4623 4276/5175/4639
f 4338/5160/4620 4326/5176/4640 4323/5177/4641 4336/5161/4625
f 4326/5178/4640 4338/5155/4620 4337/5171/4635 4325/5173/4637
f 4336/5161/4625 4323/5177/4641 4321/5179/4642 4335/5163/4627
f 4335/5163/4627 4321/5179/4642 4319/5180/4643 4334/5164/4628
f 4334/5164/4628 4319/5180/4643 4317/5181/4644 4333/5165/4629
f 4333/5165/4629 4317/5181/4644 4316/5182/4645 4332/5183/4646
f 4333/5165/4629 4332/5183/4646 4330/5167/4631 4331/5166/4630
f 4332/5183/4646 4316/5182/4645 4315/5184/4647 4330/5167/4631
f 4330/5167/4631 4315/5184/4647 4314/5185/4648 4329/5169/4633
f 4329/5169/4633 4314/5185/4648 4149/5186/4649 4153/5170/4634
f 4328/5172/4636 4327/5174/4638 4324/5187/4650 4325/5173/4637
f 4327/5174/4638 4312/5188/4651 4310/5189/4652 4324/5187/4650
f 4312/5188/4651 4327/5174/4638 4276/5175/4639 4271/5190/4653
f 4326/5176/4640 4325/5191/4637 4322/5192/4654 4323/5177/4641
f 4325/5191/4637 4311/5193/4655 4309/5194/4656 4322/5192/4654
f 4311/5195/4655 4325/5173/4637 4324/5187/4650 4310/5189/4652
f 4323/5177/4641 4322/5192/4654 4320/5196/4657 4321/5179/4642
f 4322/5192/4654 4309/5194/4656 4308/5197/4658 4320/5196/4657
f 4321/5179/4642 4320/5196/4657 4318/5198/4659 4319/5180/4643
f 4320/5196/4657 4308/5197/4658 4306/5199/4660 4318/5198/4659
f 4319/5180/4643 4307/5200/4661 4305/5201/4662 4317/5181/4644
f 4307/5200/4661 4319/5180/4643 4318/5198/4659 4306/5199/4660
f 4317/5181/4644 4305/5201/4662 4304/5202/4663 4316/5182/4645
f 4316/5182/4645 4304/5202/4663 4303/5203/4664 4315/5184/4647
f 4315/5184/4647 4303/5203/4664 4301/5204/4665 4314/5185/4648
f 4314/5185/4648 4301/5204/4665 4300/5205/4666 4313/5206/4667
f 4314/5185/4648 4313/5206/4667 4148/5207/4668 4149/5186/4649
f 4313/5206/4667 4300/5205/4666 4146/5208/4669 4148/5207/4668
f 4312/5188/4651 4271/5190/4653 4265/5209/4670 4310/5189/4652
f 4311/5193/4655 4299/5210/4671 4297/5211/4672 4309/5194/4656
f 4299/5212/4671 4311/5195/4655 4310/5189/4652 4298/5213/4673
f 4298/5213/4673 4310/5189/4652 4265/5209/4670 4237/5214/4674
f 4309/5194/4656 4297/5211/4672 4295/5215/4675 4308/5197/4658
f 4308/5197/4658 4295/5215/4675 4293/5216/4676 4306/5199/4660
f 4307/5200/4661 4306/5199/4660 4304/5202/4663 4305/5201/4662
f 4306/5199/4660 4293/5216/4676 4291/5217/4677 4304/5202/4663
f 4304/5202/4663 4291/5217/4677 4289/5218/4678 4303/5203/4664
f 4303/5203/4664 4289/5218/4678 4288/5219/4679 4302/5220/4680
f 4303/5203/4664 4302/5220/4680 4300/5205/4666 4301/5204/4665
f 4302/5221/4680 4288/5222/4679 4287/5223/4681 4300/5224/4666
f 4300/5224/4666 4287/5223/4681 4196/5225/4682 4250/5226/4683
f 4300/5224/4666 4250/5226/4683 4055/5227/4684 4146/5228/4669
f 4299/5210/4671 4298/5229/4673 4296/5230/4685 4297/5211/4672
f 4298/5229/4673 4286/5231/4686 4285/5232/4687 4296/5230/4685
f 4286/5233/4686 4298/5213/4673 4237/5214/4674 4195/5234/4688
f 4297/5211/4672 4296/5230/4685 4294/5235/4689 4295/5215/4675
f 4296/5230/4685 4285/5232/4687 4284/5236/4690 4294/5235/4689
f 4295/5215/4675 4294/5235/4689 4292/5237/4691 4293/5216/4676
f 4294/5238/4689 4284/5239/4690 4283/5240/4692 4292/5241/4691
f 4293/5242/4676 4292/5241/4691 4290/5243/4693 4291/5244/4677
f 4292/5241/4691 4283/5240/4692 4175/5245/4694 4219/5246/4695
f 4292/5241/4691 4219/5246/4695 4211/5247/4696 4290/5243/4693
f 4291/5244/4677 4290/5243/4693 4288/5222/4679 4289/5248/4678
f 4290/5243/4693 4211/5247/4696 4203/5249/4697 4288/5222/4679
f 4288/5222/4679 4203/5249/4697 4196/5225/4682 4287/5223/4681
f 4286/5250/4686 4195/5251/4688 4188/5252/4698 4285/5253/4687
f 4285/5253/4687 4188/5252/4698 4181/5254/4699 4284/5239/4690
f 4284/5239/4690 4181/5254/4699 4175/5245/4694 4283/5240/4692
f 4280/5158/4623 4282/5070/4549 4281/5087/4566 4279/5089/4568
f 4276/5175/4639 4280/5158/4623 4279/5089/4568 4275/5255/4700
f 4275/5255/4700 4279/5089/4568 4278/5096/4575 4274/5256/4701
f 4274/5256/4701 4278/5096/4575 4277/5097/4576 4273/5099/4578
f 4271/5190/4653 4276/5175/4639 4275/5255/4700 4270/5257/4702
f 4270/5257/4702 4275/5255/4700 4274/5256/4701 4269/5258/4703
f 4269/5258/4703 4274/5256/4701 4273/5099/4578 4268/5259/4704
f 4268/5259/4704 4273/5099/4578 4272/5105/4584 4267/5107/4586
f 4271/5190/4653 4270/5257/4702 4264/5260/4705 4265/5209/4670
f 4270/5257/4702 4269/5258/4703 4263/5261/4706 4264/5260/4705
f 4269/5258/4703 4268/5259/4704 4262/5262/4707 4263/5261/4706
f 4268/5259/4704 4242/5263/4708 4234/5264/4709 4262/5262/4707
f 4242/5263/4708 4268/5259/4704 4267/5107/4586 4241/5265/4710
f 4241/5265/4710 4267/5107/4586 4266/5112/4591 4240/5114/4593
f 4237/5214/4674 4265/5209/4670 4264/5260/4705 4236/5266/4711
f 4236/5266/4711 4264/5260/4705 4263/5261/4706 4235/5267/4712
f 4235/5268/4712 4263/5269/4706 4262/5270/4707 4234/5271/4709
f 4212/5272/4713 4261/5273/4714 4259/5274/4715 4204/5275/4716
f 4261/5273/4714 4212/5272/4713 3998/5276/4717 4006/5277/4718
f 4261/5273/4714 4006/5277/4718 4005/5278/4719 4259/5274/4715
f 4205/5279/4720 4260/5280/4721 4252/5281/4722 4197/5282/4723
f 4260/5280/4721 4205/5279/4720 4204/5275/4716 4259/5274/4715
f 4260/5280/4721 4259/5274/4715 4251/5283/4724 4252/5281/4722
f 4259/5274/4715 4005/5278/4719 4004/5284/4725 4251/5283/4724
f 4203/5249/4697 4258/5285/4726 4250/5226/4683 4196/5225/4682
f 4258/5285/4726 4203/5249/4697 4202/5286/4727 4257/5287/4728
f 4258/5285/4726 4257/5287/4728 4249/5288/4729 4250/5226/4683
f 4257/5287/4728 4202/5286/4727 4201/5289/4730 4256/5290/4731
f 4257/5287/4728 4256/5290/4731 4248/5291/4732 4249/5288/4729
f 4256/5290/4731 4201/5289/4730 4200/5292/4733 4255/5293/4734
f 4256/5290/4731 4255/5293/4734 4247/5294/4735 4248/5291/4732
f 4255/5293/4734 4200/5292/4733 4199/5295/4736 4254/5296/4737
f 4255/5293/4734 4254/5296/4737 4246/5297/4738 4247/5294/4735
f 4254/5296/4737 4199/5295/4736 4198/5298/4739 4253/5299/4740
f 4254/5296/4737 4253/5299/4740 4245/5300/4741 4246/5297/4738
f 4253/5299/4740 4198/5298/4739 4197/5282/4723 4252/5281/4722
f 4253/5299/4740 4252/5281/4722 4244/5301/4742 4245/5300/4741
f 4252/5281/4722 4251/5283/4724 4243/5302/4743 4244/5301/4742
f 4251/5283/4724 4004/5284/4725 4003/5303/4744 4243/5302/4743
f 4250/5226/4683 4249/5288/4729 4054/5304/4745 4055/5227/4684
f 4249/5288/4729 4248/5291/4732 4053/5305/4746 4054/5304/4745
f 4248/5291/4732 4247/5294/4735 4052/5306/4747 4053/5305/4746
f 4247/5294/4735 4246/5297/4738 4051/5307/4748 4052/5306/4747
f 4246/5297/4738 4245/5300/4741 4050/5308/4749 4051/5307/4748
f 4245/5300/4741 4244/5301/4742 4049/5309/4750 4050/5308/4749
f 4244/5301/4742 4243/5302/4743 4048/5310/4751 4049/5309/4750
f 4243/5302/4743 4003/5303/4744 3984/5311/4752 4048/5310/4751
f 4242/5263/4708 4241/5265/4710 4233/5312/4753 4234/5264/4709
f 4241/5265/4710 4240/5114/4593 4232/5313/4754 4233/5312/4753
f 4240/5314/4593 4239/5122/4597 4231/5315/4755 4232/5316/4754
f 4239/5122/4597 4238/5121/4598 4230/5317/4756 4231/5315/4755
f 4238/5121/4598 4002/5318/4599 4001/5319/4757 4230/5317/4756
f 4195/5234/4688 4237/5214/4674 4236/5266/4711 4194/5320/4758
f 4194/5320/4758 4236/5266/4711 4235/5267/4712 4193/5321/4759
f 4193/5322/4759 4235/5268/4712 4234/5271/4709 4192/5323/4760
f 4192/5323/4760 4234/5271/4709 4229/5324/4761 4185/5325/4762
f 4234/5326/4709 4233/5327/4753 4228/5328/4763 4229/5329/4761
f 4233/5327/4753 4191/5330/4764 4184/5331/4765 4228/5328/4763
f 4191/5330/4764 4233/5327/4753 4232/5316/4754 4190/5332/4766
f 4190/5332/4766 4232/5316/4754 4231/5315/4755 4189/5333/4767
f 4189/5333/4767 4231/5315/4755 4226/5334/4768 4182/5335/4769
f 4231/5315/4755 4230/5317/4756 4225/5336/4770 4226/5334/4768
f 4230/5317/4756 4001/5319/4757 4000/5337/4771 4225/5336/4770
f 4185/5338/4762 4229/5329/4761 4228/5328/4763 4184/5331/4765
f 4183/5339/4772 4227/5340/4773 4222/5341/4774 4176/5342/4775
f 4227/5340/4773 4183/5339/4772 4182/5335/4769 4226/5334/4768
f 4227/5340/4773 4226/5334/4768 4221/5343/4776 4222/5341/4774
f 4226/5334/4768 4225/5336/4770 4220/5344/4777 4221/5343/4776
f 4225/5336/4770 4000/5337/4771 3999/5345/4778 4220/5344/4777
f 4178/5346/4779 4224/5347/4780 4216/5348/4781 4172/5349/4782
f 4224/5347/4780 4178/5346/4779 4177/5350/4783 4223/5351/4784
f 4224/5347/4780 4223/5351/4784 4215/5352/4785 4216/5348/4781
f 4223/5351/4784 4177/5350/4783 4176/5342/4775 4222/5341/4774
f 4223/5351/4784 4222/5341/4774 4214/5353/4786 4215/5352/4785
f 4222/5341/4774 4221/5343/4776 4213/5354/4787 4214/5353/4786
f 4221/5343/4776 4220/5344/4777 4212/5272/4713 4213/5354/4787
f 4220/5344/4777 3999/5345/4778 3998/5276/4717 4212/5272/4713
f 4219/5246/4695 4175/5245/4694 4174/5355/4788 4218/5356/4789
f 4219/5246/4695 4218/5356/4789 4210/5357/4790 4211/5247/4696
f 4218/5356/4789 4174/5355/4788 4173/5358/4791 4217/5359/4792
f 4218/5356/4789 4217/5359/4792 4209/5360/4793 4210/5357/4790
f 4217/5359/4792 4173/5358/4791 4172/5349/4782 4216/5348/4781
f 4217/5359/4792 4216/5348/4781 4208/5361/4794 4209/5360/4793
f 4216/5348/4781 4215/5352/4785 4207/5362/4795 4208/5361/4794
f 4215/5352/4785 4214/5353/4786 4206/5363/4796 4207/5362/4795
f 4214/5353/4786 4213/5354/4787 4205/5279/4720 4206/5363/4796
f 4213/5354/4787 4212/5272/4713 4204/5275/4716 4205/5279/4720
f 4211/5247/4696 4210/5357/4790 4202/5286/4727 4203/5249/4697
f 4210/5357/4790 4209/5360/4793 4201/5289/4730 4202/5286/4727
f 4209/5360/4793 4208/5361/4794 4200/5292/4733 4201/5289/4730
f 4208/5361/4794 4207/5362/4795 4199/5295/4736 4200/5292/4733
f 4207/5362/4795 4206/5363/4796 4198/5298/4739 4199/5295/4736
f 4206/5363/4796 4205/5279/4720 4197/5282/4723 4198/5298/4739
f 4195/5251/4688 4194/5364/4758 4187/5365/4797 4188/5252/4698
f 4194/5364/4758 4193/5366/4759 4186/5367/4798 4187/5365/4797
f 4193/5366/4759 4192/5368/4760 4185/5338/4762 4186/5367/4798
f 4191/5330/4764 4190/5332/4766 4183/5339/4772 4184/5331/4765
f 4190/5332/4766 4189/5333/4767 4182/5335/4769 4183/5339/4772
f 4188/5252/4698 4187/5365/4797 4180/5369/4799 4181/5254/4699
f 4187/5365/4797 4186/5367/4798 4179/5370/4800 4180/5369/4799
f 4186/5367/4798 4185/5338/4762 4178/5346/4779 4179/5370/4800
f 4185/5338/4762 4184/5331/4765 4177/5350/4783 4178/5346/4779
f 4184/5331/4765 4183/5339/4772 4176/5342/4775 4177/5350/4783
f 4181/5254/4699 4180/5369/4799 4174/5355/4788 4175/5245/4694
f 4180/5369/4799 4179/5370/4800 4173/5358/4791 4174/5355/4788
f 4179/5370/4800 4178/5346/4779 4172/5349/4782 4173/5358/4791
f 4170/5146/4509 4169/5151/4617 4167/5371/4512 4168/5372/4511
f 4169/5153/4617 4159/5152/4618 4157/5373/4801 4167/5025/4512
f 4167/5025/4512 4157/5373/4801 4156/5374/4802 4166/5375/4803
f 4167/5025/4512 4166/5375/4803 4164/5376/4804 4165/5028/4515
f 4166/5375/4803 4156/5374/4802 4155/5377/4805 4164/5376/4804
f 4165/5028/4515 4164/5376/4804 4162/5030/4517 4163/5029/4516
f 4164/5376/4804 4155/5377/4805 4154/5378/4806 4162/5030/4517
f 4162/5030/4517 4154/5378/4806 4125/5379/4807 4144/5380/4808
f 4162/5030/4517 4144/5380/4808 4143/5381/4809 4161/5032/4519
f 4161/5032/4519 4143/5381/4809 4142/5034/4521 4160/5033/4520
f 4159/5152/4618 4153/5170/4634 4152/5382/4810 4158/5383/4811
f 4159/5152/4618 4158/5383/4811 4156/5374/4802 4157/5373/4801
f 4158/5383/4811 4152/5382/4810 4151/5384/4812 4156/5374/4802
f 4156/5374/4802 4151/5384/4812 4150/5385/4813 4155/5377/4805
f 4155/5377/4805 4150/5385/4813 4097/5386/4814 4126/5387/4815
f 4155/5377/4805 4126/5387/4815 4125/5379/4807 4154/5378/4806
f 4153/5170/4634 4149/5186/4649 4148/5207/4668 4152/5382/4810
f 4152/5382/4810 4148/5207/4668 4147/5388/4816 4151/5384/4812
f 4151/5384/4812 4147/5388/4816 4078/5389/4817 4098/5390/4818
f 4151/5384/4812 4098/5390/4818 4097/5386/4814 4150/5385/4813
f 4148/5207/4668 4146/5208/4669 4145/5391/4819 4147/5388/4816
f 4147/5388/4816 4145/5391/4819 4047/5392/4820 4078/5389/4817
f 4146/5228/4669 4055/5227/4684 4047/5393/4820 4145/5394/4819
f 4144/5380/4808 4125/5379/4807 4123/5395/4821 4143/5381/4809
f 4143/5381/4809 4123/5395/4821 4115/5396/4822 4142/5034/4521
f 4142/5397/4521 4115/5398/4822 4114/5399/4823 4141/5400/4824
f 4142/5397/4521 4141/5400/4824 4137/5050/4534 4138/5401/4533
f 4141/5400/4824 4114/5399/4823 4113/5402/4825 4140/5403/4826
f 4141/5400/4824 4140/5403/4826 4136/5051/4536 4137/5050/4534
f 4140/5403/4826 4113/5402/4825 4112/5404/4827 4139/5405/4828
f 4140/5403/4826 4139/5405/4828 4135/5406/4829 4136/5051/4536
f 4139/5405/4828 4112/5404/4827 4107/5407/4830 4135/5406/4829
f 4136/5051/4536 4135/5406/4829 4131/5408/4541 4132/5055/4539
f 4135/5406/4829 4107/5407/4830 4106/5409/4831 4134/5410/4832
f 4135/5406/4829 4134/5410/4832 4130/5411/4833 4131/5408/4541
f 4134/5410/4832 4106/5409/4831 4102/5412/4834 4130/5411/4833
f 4103/5413/4835 4133/5414/4836 4127/5415/4837 4099/5416/4838
f 4133/5414/4836 4103/5413/4835 3992/5417/4839 3997/5418/4840
f 4133/5414/4836 3997/5418/4840 3996/5419/4841 4127/5415/4837
f 4131/5408/4541 4130/5411/4833 3673/5420/4842 3674/5421/4544
f 4130/5411/4833 4102/5412/4834 4101/5422/4843 4129/5423/4844
f 4130/5411/4833 4129/5423/4844 3672/5424/4845 3673/5420/4842
f 4129/5423/4844 4101/5422/4843 4100/5425/4846 4128/5426/4847
f 4129/5423/4844 4128/5426/4847 3671/5427/4848 3672/5424/4845
f 4128/5426/4847 4100/5425/4846 4099/5416/4838 4127/5415/4837
f 4128/5426/4847 4127/5415/4837 3670/5428/4849 3671/5427/4848
f 4127/5415/4837 3996/5419/4841 3635/5429/4850 3670/5428/4849
f 4126/5387/4815 4097/5386/4814 4095/5430/4851 4125/5379/4807
f 4125/5379/4807 4095/5430/4851 4094/5431/4852 4124/5432/4853
f 4125/5433/4807 4124/5434/4853 4122/5435/4854 4123/5436/4821
f 4124/5432/4853 4094/5431/4852 4087/5437/4855 4122/5438/4854
f 4123/5436/4821 4122/5435/4854 4114/5399/4823 4115/5398/4822
f 4122/5439/4854 4087/5440/4855 4086/5441/4856 4121/5442/4857
f 4122/5435/4854 4121/5443/4857 4113/5402/4825 4114/5399/4823
f 4121/5443/4857 4086/5444/4856 4085/5445/4858 4120/5446/4859
f 4121/5447/4857 4120/5448/4859 4112/5449/4827 4113/5450/4825
f 4120/5446/4859 4085/5445/4858 4084/5451/4860 4119/5452/4861
f 4120/5446/4859 4119/5452/4861 4111/5453/4862 4112/5404/4827
f 4119/5452/4861 4084/5451/4860 4083/5454/4863 4118/5455/4864
f 4119/5452/4861 4118/5455/4864 4110/5456/4865 4111/5453/4862
f 4118/5455/4864 4083/5454/4863 4082/5457/4866 4117/5458/4867
f 4118/5455/4864 4117/5458/4867 4109/5459/4868 4110/5456/4865
f 4117/5458/4867 4082/5457/4866 4081/5460/4869 4116/5461/4870
f 4117/5458/4867 4116/5461/4870 4108/5462/4871 4109/5459/4868
f 4116/5461/4870 4081/5460/4869 3989/5463/4872 3994/5464/4873
f 4116/5461/4870 3994/5464/4873 3993/5465/4874 4108/5462/4871
f 4112/5404/4827 4111/5453/4862 4106/5409/4831 4107/5407/4830
f 4111/5453/4862 4110/5456/4865 4105/5466/4875 4106/5409/4831
f 4110/5456/4865 4109/5459/4868 4104/5467/4876 4105/5466/4875
f 4109/5459/4868 4108/5462/4871 4103/5413/4835 4104/5467/4876
f 4108/5462/4871 3993/5465/4874 3992/5417/4839 4103/5413/4835
f 4106/5409/4831 4105/5466/4875 4101/5422/4843 4102/5412/4834
f 4105/5466/4875 4104/5467/4876 4100/5425/4846 4101/5422/4843
f 4104/5467/4876 4103/5413/4835 4099/5416/4838 4100/5425/4846
f 4098/5390/4818 4078/5389/4817 4070/5468/4877 4097/5386/4814
f 4097/5469/4814 4070/5470/4877 4069/5471/4878 4096/5472/4879
f 4097/5386/4814 4096/5473/4879 4094/5431/4852 4095/5430/4851
f 4096/5473/4879 4069/5474/4878 4062/5475/4880 4094/5431/4852
f 4094/5476/4852 4062/5477/4880 4061/5478/4881 4093/5479/4882
f 4094/5480/4852 4093/5481/4882 4086/5444/4856 4087/5482/4855
f 4093/5481/4882 4061/5483/4881 4060/5484/4883 4092/5485/4884
f 4093/5481/4882 4092/5485/4884 4085/5445/4858 4086/5444/4856
f 4092/5485/4884 4060/5484/4883 4059/5486/4885 4091/5487/4886
f 4092/5485/4884 4091/5487/4886 4084/5451/4860 4085/5445/4858
f 4091/5487/4886 4059/5486/4885 4058/5488/4887 4090/5489/4888
f 4091/5487/4886 4090/5489/4888 4083/5454/4863 4084/5451/4860
f 4090/5489/4888 4058/5488/4887 4057/5490/4889 4089/5491/4890
f 4090/5489/4888 4089/5491/4890 4082/5457/4866 4083/5454/4863
f 4089/5491/4890 4057/5490/4889 4056/5492/4891 4088/5493/4892
f 4089/5491/4890 4088/5493/4892 4081/5460/4869 4082/5457/4866
f 4088/5494/4892 4056/5495/4891 3985/5496/4893 3990/5497/4894
f 4088/5493/4892 3990/5498/4894 3989/5463/4872 4081/5460/4869
f 4049/5309/4750 4080/5499/4895 4072/5500/4896 4041/5501/4897
f 4080/5499/4895 4049/5309/4750 4048/5310/4751 4079/5502/4898
f 4080/5499/4895 4079/5502/4898 4071/5503/4899 4072/5500/4896
f 4079/5502/4898 4048/5310/4751 3984/5311/4752 3988/5504/4900
f 4079/5502/4898 3988/5504/4900 3987/5505/4901 4071/5503/4899
f 4078/5506/4817 4047/5393/4820 4046/5507/4902 4077/5508/4903
f 4078/5506/4817 4077/5508/4903 4069/5509/4878 4070/5510/4877
f 4077/5508/4903 4046/5507/4902 4045/5511/4904 4076/5512/4905
f 4077/5508/4903 4076/5512/4905 4068/5513/4906 4069/5509/4878
f 4076/5512/4905 4045/5511/4904 4044/5514/4907 4075/5515/4908
f 4076/5512/4905 4075/5515/4908 4067/5516/4909 4068/5513/4906
f 4075/5515/4908 4044/5514/4907 4043/5517/4910 4074/5518/4911
f 4075/5515/4908 4074/5518/4911 4066/5519/4912 4067/5516/4909
f 4074/5518/4911 4043/5517/4910 4042/5520/4913 4073/5521/4914
f 4074/5518/4911 4073/5521/4914 4065/5522/4915 4066/5519/4912
f 4073/5521/4914 4042/5520/4913 4041/5501/4897 4072/5500/4896
f 4073/5521/4914 4072/5500/4896 4064/5523/4916 4065/5522/4915
f 4072/5500/4896 4071/5503/4899 4063/5524/4917 4064/5523/4916
f 4071/5503/4899 3987/5505/4901 3986/5525/4918 4063/5524/4917
f 4069/5509/4878 4068/5513/4906 4061/5483/4881 4062/5526/4880
f 4068/5513/4906 4067/5516/4909 4060/5484/4883 4061/5483/4881
f 4067/5516/4909 4066/5519/4912 4059/5486/4885 4060/5484/4883
f 4066/5519/4912 4065/5522/4915 4058/5488/4887 4059/5486/4885
f 4065/5522/4915 4064/5523/4916 4057/5490/4889 4058/5488/4887
f 4064/5523/4916 4063/5524/4917 4056/5492/4891 4057/5490/4889
f 4063/5524/4917 3986/5525/4918 3985/5527/4893 4056/5492/4891
f 4055/5227/4684 4054/5304/4745 4046/5507/4902 4047/5393/4820
f 4054/5304/4745 4053/5305/4746 4045/5511/4904 4046/5507/4902
f 4053/5305/4746 4052/5306/4747 4044/5514/4907 4045/5511/4904
f 4052/5306/4747 4051/5307/4748 4043/5517/4910 4044/5514/4907
f 4051/5307/4748 4050/5308/4749 4042/5520/4913 4043/5517/4910
f 4050/5308/4749 4049/5309/4750 4041/5501/4897 4042/5520/4913
f 892/423/378 5242/4099/3660 48/433/388 886/414/369
f 5242/4099/3660 892/423/378 891/422/377 5241/4101/3662
f 5241/4101/3662 891/422/377 870/424/379 5150/4103/3664
f 890/426/381 5239/4109/3670 5002/4111/3672 662/427/382
f 5239/4109/3670 890/426/381 889/425/380 5238/4094/3655
f 5238/4094/3655 889/425/380 888/429/384 50/431/386
f 5150/4103/3664 870/424/379 869/466/421 5149/4208/3769
f 5149/4208/3769 869/466/421 868/467/422 5148/4211/3772
f 5148/4211/3772 868/467/422 867/468/423 5147/4213/3774
f 5147/4213/3774 867/468/423 866/469/424 5146/4215/3776
f 5146/4215/3776 866/469/424 865/470/425 47/471/426
f 46/473/428 864/472/427 863/474/429 5145/4219/3780
f 4037/4236/3797 4039/4235/3796 4038/4222/3783 4036/5528/4919
f 5145/4219/3780 863/474/429 426/475/430 4040/4221/3782
f 45/581/518 800/580/517 799/560/498 5057/4312/3873
f 5057/4312/3873 799/560/498 658/563/501 5001/4315/3876
f 664/726/645 5004/4313/3874 5001/4315/3876 658/563/501
f 5004/4313/3874 664/726/645 663/724/643 5003/4108/3669
f 5003/4108/3669 663/724/643 662/427/382 5002/4111/3672
f 1209/2397/2158 3660/5529/4920 3659/5530/4921 1208/3766/3369
f 3665/5531/4922 3634/5532/4923 3633/5533/4924 3661/5534/4925
f 3666/5535/4926 3665/5531/4922 3661/5534/4925 3662/5536/4927
f 3667/5537/4928 3666/5535/4926 3662/5536/4927 3663/5538/4929
f 3668/5539/4930 3667/5537/4928 3663/5538/4929 3664/5540/4931
f 3670/5428/4849 3635/5429/4850 3634/5532/4923 3665/5531/4922
f 3671/5427/4848 3670/5428/4849 3665/5531/4922 3666/5535/4926
f 3672/5424/4845 3671/5427/4848 3666/5535/4926 3667/5537/4928
f 3673/5420/4842 3672/5424/4845 3667/5537/4928 3668/5539/4930
f 3674/5421/4544 3673/5420/4842 3668/5539/4930 3669/5541/4932
f 3680/5542/4933 3638/5543/4934 3637/5544/4935 3678/5545/4936
f 3680/5542/4933 3675/5546/4937 3636/5547/4938 3638/5543/4934
f 3681/5548/4939 3680/5542/4933 3678/5545/4936 3679/5549/4940
f 3681/5548/4939 3676/5550/4941 3675/5546/4937 3680/5542/4933
f 3682/5551/4942 3677/5552/4943 3676/5553/4941 3681/5554/4939
f 3683/5555/4944 3678/5545/4936 3637/5544/4935 3639/5556/4945
f 3684/5557/4946 3679/5549/4940 3678/5545/4936 3683/5555/4944
f 3685/5558/4947 3681/5554/4939 3679/5559/4940 3684/5560/4946
f 3686/5561/4948 3682/5551/4942 3681/5554/4939 3685/5558/4947
f 3690/5562/4949 3641/5563/4950 3640/5564/4951 3687/5565/4952
f 3691/5566/4953 3690/5562/4949 3687/5565/4952 3688/5567/4954
f 3692/5568/4955 3691/5566/4953 3688/5567/4954 3689/5569/4956
f 3694/5570/4957 3642/5571/4958 3641/5563/4950 3690/5562/4949
f 3695/5572/4959 3694/5570/4957 3690/5562/4949 3691/5566/4953
f 3696/5573/4960 3695/5572/4959 3691/5566/4953 3692/5568/4955
f 3697/5574/4961 3696/5573/4960 3692/5568/4955 3693/5575/4962
f 3699/5576/4963 3643/5577/4964 3642/5571/4958 3694/5570/4957
f 3699/5576/4963 3661/5534/4925 3633/5533/4924 3643/5577/4964
f 3700/5578/4965 3699/5576/4963 3694/5570/4957 3695/5572/4959
f 3700/5578/4965 3662/5536/4927 3661/5534/4925 3699/5576/4963
f 3701/5579/4966 3700/5578/4965 3695/5572/4959 3696/5573/4960
f 3701/5579/4966 3663/5538/4929 3662/5536/4927 3700/5578/4965
f 3702/5580/4967 3701/5579/4966 3696/5573/4960 3697/5574/4961
f 3702/5580/4967 3664/5540/4931 3663/5538/4929 3701/5579/4966
f 3703/5581/4968 3702/5580/4967 3697/5574/4961 3698/5582/4969
f 3705/5583/4970 3668/5539/4930 3664/5540/4931 3702/5580/4967
f 3706/5584/4971 3705/5583/4970 3702/5580/4967 3703/5581/4968
f 3706/5584/4971 3669/5541/4932 3668/5539/4930 3705/5583/4970
f 3707/5585/4972 3706/5584/4971 3703/5581/4968 3704/5586/4973
f 3708/5065/4543 3674/5064/4544 3669/5587/4932 3706/5588/4971
f 3709/5056/4540 3708/5063/4543 3706/5584/4971 3707/5585/4972
f 3713/5589/4974 3687/5565/4952 3640/5564/4951 3644/5590/4975
f 4030/4279/3840 4032/4270/3831 4031/5591/4976 4029/4290/3851
f 3714/5592/4977 3688/5567/4954 3687/5565/4952 3713/5589/4974
f 3715/5593/4978 3714/5594/4977 3711/5595/4979 3712/5596/4980
f 3715/5597/4978 3689/5569/4956 3688/5567/4954 3714/5592/4977
f 3717/5598/4981 3692/5568/4955 3689/5569/4956 3715/5597/4978
f 3718/5599/4982 3717/5600/4981 3715/5601/4978 3716/5602/4983
f 3718/5599/4982 3693/5603/4962 3692/5604/4955 3717/5600/4981
f 3720/5605/4984 3697/5606/4961 3693/5603/4962 3718/5599/4982
f 3721/5607/4985 3720/5605/4984 3718/5599/4982 3719/5608/4986
f 3721/5607/4985 3698/5609/4969 3697/5606/4961 3720/5605/4984
f 3723/5610/4987 3703/5611/4968 3698/5609/4969 3721/5607/4985
f 3724/5612/4988 3723/5610/4987 3721/5607/4985 3722/5613/4989
f 3724/5612/4988 3704/5614/4973 3703/5611/4968 3723/5610/4987
f 3725/5615/4990 3707/5616/4972 3704/5614/4973 3724/5612/4988
f 3727/5617/4991 3709/5056/4540 3707/5585/4972 3725/5618/4990
f 3728/5044/4531 3727/5619/4991 3725/5615/4990 3726/5620/4992
f 3728/5044/4531 3710/5045/4532 3709/5621/4540 3727/5619/4991
f 3732/5622/4993 3712/5596/4980 3711/5595/4979 3731/5623/4994
f 3734/5624/4995 3646/5625/4996 3645/5626/4997 3730/5627/4998
f 3734/5624/4995 3713/5628/4974 3644/5629/4975 3646/5625/4996
f 3735/5630/4999 3734/5624/4995 3730/5627/4998 3731/5623/4994
f 3735/5630/4999 3714/5594/4977 3713/5628/4974 3734/5624/4995
f 3714/5594/4977 3735/5630/4999 3731/5623/4994 3711/5595/4979
f 3736/5631/5000 3715/5593/4978 3712/5596/4980 3732/5622/4993
f 3737/5632/5001 3736/5631/5000 3732/5622/4993 3733/5633/5002
f 3737/5634/5001 3716/5602/4983 3715/5601/4978 3736/5635/5000
f 3738/5636/5003 3718/5599/4982 3716/5602/4983 3737/5634/5001
f 3739/5637/5004 3719/5608/4986 3718/5599/4982 3738/5636/5003
f 3740/5638/5005 3721/5607/4985 3719/5608/4986 3739/5637/5004
f 3741/5639/5006 3722/5613/4989 3721/5607/4985 3740/5638/5005
f 3742/5640/5007 3724/5612/4988 3722/5613/4989 3741/5639/5006
f 3744/5641/5008 3725/5615/4990 3724/5612/4988 3742/5640/5007
f 3745/5642/5009 3744/5641/5008 3742/5640/5007 3743/5643/5010
f 3745/5642/5009 3726/5620/4992 3725/5615/4990 3744/5641/5008
f 3746/5644/5011 3728/5044/4531 3726/5620/4992 3745/5642/5009
f 3747/5038/4525 3729/5040/4527 3728/5044/4531 3746/5644/5011
f 3748/5645/5012 3730/5627/4998 3645/5626/4997 3647/5646/5013
f 3749/5647/5014 3731/5623/4994 3730/5627/4998 3748/5645/5012
f 3750/5648/5015 3732/5622/4993 3731/5623/4994 3749/5647/5014
f 3751/5649/5016 3733/5650/5002 3732/5651/4993 3750/5652/5015
f 3752/5653/5017 3737/5634/5001 3733/5654/5002 3751/5655/5016
f 3754/5656/5018 3738/5636/5003 3737/5634/5001 3752/5653/5017
f 3755/5657/5019 3754/5656/5018 3752/5653/5017 3753/5658/5020
f 3755/5657/5019 3739/5637/5004 3738/5636/5003 3754/5656/5018
f 3756/5659/5021 3740/5638/5005 3739/5637/5004 3755/5657/5019
f 3757/5660/5022 3741/5639/5006 3740/5638/5005 3756/5659/5021
f 3758/5661/5023 3742/5640/5007 3741/5639/5006 3757/5660/5022
f 3759/5662/5024 3743/5643/5010 3742/5640/5007 3758/5661/5023
f 3760/5663/5025 3745/5642/5009 3743/5643/5010 3759/5662/5024
f 3762/5664/5026 3746/5644/5011 3745/5642/5009 3760/5663/5025
f 3763/5037/4524 3762/5664/5026 3760/5663/5025 3761/5665/5027
f 3763/5037/4524 3747/5038/4525 3746/5644/5011 3762/5664/5026
f 3768/5666/5028 3649/5667/5029 3648/5668/5030 3764/5669/5031
f 3768/5666/5028 3748/5645/5012 3647/5646/5013 3649/5667/5029
f 3769/5670/5032 3768/5666/5028 3764/5669/5031 3765/5671/5033
f 3769/5670/5032 3749/5647/5014 3748/5645/5012 3768/5666/5028
f 3770/5672/5034 3769/5670/5032 3765/5671/5033 3766/5673/5035
f 3770/5672/5034 3750/5648/5015 3749/5647/5014 3769/5670/5032
f 3771/5674/5036 3770/5675/5034 3766/5676/5035 3767/5677/5037
f 3771/5674/5036 3751/5655/5016 3750/5678/5015 3770/5675/5034
f 3772/5679/5038 3752/5653/5017 3751/5655/5016 3771/5674/5036
f 3773/5680/5039 3753/5658/5020 3752/5653/5017 3772/5679/5038
f 3774/5681/5040 3755/5657/5019 3753/5658/5020 3773/5680/5039
f 3776/5682/5041 3756/5659/5021 3755/5657/5019 3774/5681/5040
f 3777/5683/5042 3776/5682/5041 3774/5681/5040 3775/5684/5043
f 3777/5683/5042 3757/5660/5022 3756/5659/5021 3776/5682/5041
f 3778/5685/5044 3758/5661/5023 3757/5660/5022 3777/5683/5042
f 3779/5686/5045 3759/5662/5024 3758/5661/5023 3778/5685/5044
f 3780/5687/5046 3760/5663/5025 3759/5662/5024 3779/5686/5045
f 3781/5688/5047 3761/5665/5027 3760/5663/5025 3780/5687/5046
f 3782/5036/4523 3763/5037/4524 3761/5665/5027 3781/5688/5047
f 3783/5689/5048 3650/5690/5049 3636/5547/4938 3675/5546/4937
f 3783/5689/5048 3764/5669/5031 3648/5668/5030 3650/5690/5049
f 3784/5691/5050 3783/5689/5048 3675/5546/4937 3676/5550/4941
f 3784/5691/5050 3765/5671/5033 3764/5669/5031 3783/5689/5048
f 3785/5692/5051 3784/5693/5050 3676/5694/4941 3677/5695/4943
f 3785/5696/5051 3766/5673/5035 3765/5671/5033 3784/5691/5050
f 3786/5697/5052 3767/5677/5037 3766/5676/5035 3785/5698/5051
f 3787/5699/5053 3771/5674/5036 3767/5677/5037 3786/5697/5052
f 3789/5700/5054 3772/5679/5038 3771/5674/5036 3787/5699/5053
f 3790/5701/5055 3789/5700/5054 3787/5699/5053 3788/5702/5056
f 3790/5701/5055 3773/5680/5039 3772/5679/5038 3789/5700/5054
f 3791/5703/5057 3774/5681/5040 3773/5680/5039 3790/5701/5055
f 3792/5704/5058 3775/5684/5043 3774/5681/5040 3791/5703/5057
f 3793/5705/5059 3777/5683/5042 3775/5684/5043 3792/5704/5058
f 3795/5706/5060 3778/5685/5044 3777/5683/5042 3793/5705/5059
f 3796/5707/5061 3795/5706/5060 3793/5705/5059 3794/5708/5062
f 3796/5707/5061 3779/5686/5045 3778/5685/5044 3795/5706/5060
f 3797/5709/5063 3780/5687/5046 3779/5686/5045 3796/5707/5061
f 3798/5710/5064 3781/5688/5047 3780/5687/5046 3797/5709/5063
f 3799/4964/4451 3782/5036/4523 3781/5688/5047 3798/5710/5064
f 3800/5711/5065 3785/5698/5051 3677/5552/4943 3682/5551/4942
f 3801/5712/5066 3786/5697/5052 3785/5698/5051 3800/5711/5065
f 3802/5713/5067 3787/5699/5053 3786/5697/5052 3801/5712/5066
f 3803/5714/5068 3788/5702/5056 3787/5699/5053 3802/5713/5067
f 3804/5715/5069 3790/5701/5055 3788/5702/5056 3803/5714/5068
f 3805/5716/5070 3791/5703/5057 3790/5701/5055 3804/5715/5069
f 3806/5717/5071 3792/5704/5058 3791/5703/5057 3805/5716/5070
f 3807/5718/5072 3793/5705/5059 3792/5704/5058 3806/5717/5071
f 3808/5719/5073 3794/5708/5062 3793/5705/5059 3807/5718/5072
f 3809/5720/5074 3796/5707/5061 3794/5708/5062 3808/5719/5073
f 3810/5721/5075 3797/5709/5063 3796/5707/5061 3809/5720/5074
f 3811/5722/5076 3798/5710/5064 3797/5709/5063 3810/5721/5075
f 3812/5723/5077 3799/4964/4451 3798/5710/5064 3811/5722/5076
f 3813/5724/5078 3800/5711/5065 3682/5551/4942 3686/5561/4948
f 3814/5725/5079 3801/5712/5066 3800/5711/5065 3813/5724/5078
f 3815/5726/5080 3802/5713/5067 3801/5712/5066 3814/5725/5079
f 3816/5727/5081 3803/5714/5068 3802/5713/5067 3815/5726/5080
f 3817/5728/5082 3804/5715/5069 3803/5714/5068 3816/5727/5081
f 3818/5729/5083 3805/5716/5070 3804/5715/5069 3817/5728/5082
f 3819/5730/5084 3806/5717/5071 3805/5716/5070 3818/5729/5083
f 3820/5731/5085 3807/5718/5072 3806/5717/5071 3819/5730/5084
f 3821/5732/5086 3808/5719/5073 3807/5718/5072 3820/5731/5085
f 3822/5733/5087 3809/5720/5074 3808/5719/5073 3821/5732/5086
f 3824/5734/5088 3810/5721/5075 3809/5720/5074 3822/5733/5087
f 3825/5735/5089 3824/5734/5088 3822/5733/5087 3823/5736/5090
f 3825/5735/5089 3811/5722/5076 3810/5721/5075 3824/5734/5088
f 3826/5737/5091 3812/5723/5077 3811/5722/5076 3825/5735/5089
f 3828/4935/4422 3827/4948/4435 3799/4964/4451 3812/5723/5077
f 3829/4561/4102 3828/4935/4422 3812/5723/5077 3826/5737/5091
f 3832/5738/5092 3652/5739/5093 3651/5740/5094 3830/5741/5095
f 3832/5738/5092 3683/5555/4944 3639/5556/4945 3652/5739/5093
f 3833/5742/5096 3832/5743/5092 3830/5744/5095 3831/5745/5097
f 3833/5742/5096 3684/5560/4946 3683/5746/4944 3832/5743/5092
f 3835/5747/5098 3685/5558/4947 3684/5560/4946 3833/5742/5096
f 3836/5748/5099 3835/5747/5098 3833/5742/5096 3834/5749/5100
f 3836/5748/5099 3686/5561/4948 3685/5558/4947 3835/5747/5098
f 3838/5750/5101 3654/5751/5102 3653/5752/5103 3837/5753/5104
f 3838/5750/5101 3830/5741/5095 3651/5740/5094 3654/5751/5102
f 3839/5754/5105 3831/5745/5097 3830/5744/5095 3838/5755/5101
f 3840/5756/5106 3833/5742/5096 3831/5745/5097 3839/5754/5105
f 3841/5757/5107 3834/5749/5100 3833/5742/5096 3840/5756/5106
f 3842/5758/5108 3843/5759/5109 3841/5757/5107 3840/5756/5106
f 3843/5759/5109 3836/5748/5099 3834/5749/5100 3841/5757/5107
f 3844/5760/5110 3837/5753/5104 3653/5752/5103 3655/5761/5111
f 3845/5762/5112 3838/5755/5101 3837/5763/5104 3844/5764/5110
f 3846/5765/5113 3839/5754/5105 3838/5755/5101 3845/5762/5112
f 3847/5766/5114 3848/5767/5115 3846/5765/5113 3845/5762/5112
f 3848/5767/5115 3840/5756/5106 3839/5754/5105 3846/5765/5113
f 3849/5768/5116 3842/5758/5108 3840/5756/5106 3848/5767/5115
f 3850/5769/5117 3843/5759/5109 3842/5758/5108 3849/5768/5116
f 3851/5770/5118 3844/5764/5110 3655/5771/5111 3656/5772/5119
f 3852/5773/5120 3845/5762/5112 3844/5764/5110 3851/5770/5118
f 3854/5774/5121 3847/5766/5114 3845/5762/5112 3852/5773/5120
f 3855/5775/5122 3854/5774/5121 3852/5773/5120 3853/5776/5123
f 3855/5775/5122 3848/5767/5115 3847/5766/5114 3854/5774/5121
f 3856/5777/5124 3849/5768/5116 3848/5767/5115 3855/5775/5122
f 3857/5778/5125 3850/5769/5117 3849/5768/5116 3856/5777/5124
f 3858/5779/5126 3851/5770/5118 3656/5772/5119 3657/5780/5127
f 3859/5781/5128 3852/5773/5120 3851/5770/5118 3858/5779/5126
f 3860/5782/5129 3853/5776/5123 3852/5773/5120 3859/5781/5128
f 3861/5783/5130 3862/5784/5131 3860/5782/5129 3859/5781/5128
f 3862/5784/5131 3855/5775/5122 3853/5776/5123 3860/5782/5129
f 3863/5785/5132 3856/5777/5124 3855/5775/5122 3862/5784/5131
f 3864/5786/5133 3857/5778/5125 3856/5777/5124 3863/5785/5132
f 3865/5787/5134 3858/5779/5126 3657/5780/5127 3658/5788/5135
f 3866/5789/5136 3859/5781/5128 3858/5779/5126 3865/5787/5134
f 3867/5790/5137 3861/5783/5130 3859/5781/5128 3866/5789/5136
f 3868/5791/5138 3862/5784/5131 3861/5783/5130 3867/5790/5137
f 3869/5792/5139 3863/5785/5132 3862/5784/5131 3868/5791/5138
f 3870/5793/5140 3864/5786/5133 3863/5785/5132 3869/5792/5139
f 3871/5794/5141 3865/5787/5134 3658/5788/5135 3659/5530/4921
f 3660/5529/4920 3872/5795/5142 3871/5794/5141 3659/5530/4921
f 3872/5795/5142 3866/5789/5136 3865/5787/5134 3871/5794/5141
f 3873/5796/5143 3867/5790/5137 3866/5789/5136 3872/5795/5142
f 3874/5797/5144 3868/5791/5138 3867/5790/5137 3873/5796/5143
f 3875/5798/5145 3869/5792/5139 3868/5791/5138 3874/5797/5144
f 3876/5799/5146 3870/5793/5140 3869/5792/5139 3875/5798/5145
f 1/65/56 3872/5795/5142 3660/5529/4920 1209/2397/2158
f 2/64/55 3873/5796/5143 3872/5795/5142 1/65/56
f 3/68/59 3874/5797/5144 3873/5796/5143 2/64/55
f 4/80/68 3875/5798/5145 3874/5797/5144 3/68/59
f 5/82/70 3876/5799/5146 3875/5798/5145 4/80/68
f 3877/5800/5147 3813/5724/5078 3686/5561/4948 3836/5748/5099
f 3878/5801/5148 3814/5725/5079 3813/5724/5078 3877/5800/5147
f 3879/5802/5149 3815/5726/5080 3814/5725/5079 3878/5801/5148
f 3880/5803/5150 3816/5727/5081 3815/5726/5080 3879/5802/5149
f 3881/5804/5151 3817/5728/5082 3816/5727/5081 3880/5803/5150
f 3883/5805/5152 3818/5729/5083 3817/5728/5082 3881/5804/5151
f 3884/5806/5153 3883/5805/5152 3881/5804/5151 3882/5807/5154
f 3884/5806/5153 3819/5730/5084 3818/5729/5083 3883/5805/5152
f 3885/5808/5155 3820/5731/5085 3819/5730/5084 3884/5806/5153
f 3886/5809/5156 3821/5732/5086 3820/5731/5085 3885/5808/5155
f 3887/5810/5157 3822/5733/5087 3821/5732/5086 3886/5809/5156
f 3888/5811/5158 3823/5736/5090 3822/5733/5087 3887/5810/5157
f 3889/5812/5159 3825/5735/5089 3823/5736/5090 3888/5811/5158
f 3890/5813/5160 3826/5737/5091 3825/5735/5089 3889/5812/5159
f 3891/5814/5161 3877/5800/5147 3836/5748/5099 3843/5759/5109
f 3892/5815/5162 3878/5801/5148 3877/5800/5147 3891/5814/5161
f 3893/5816/5163 3879/5802/5149 3878/5801/5148 3892/5815/5162
f 3894/5817/5164 3880/5803/5150 3879/5802/5149 3893/5816/5163
f 3895/5818/5165 3881/5804/5151 3880/5803/5150 3894/5817/5164
f 3896/5819/5166 3882/5807/5154 3881/5804/5151 3895/5818/5165
f 3897/5820/5167 3884/5806/5153 3882/5807/5154 3896/5819/5166
f 3898/5821/5168 3885/5808/5155 3884/5806/5153 3897/5820/5167
f 3899/5822/5169 3886/5809/5156 3885/5808/5155 3898/5821/5168
f 3900/5823/5170 3887/5810/5157 3886/5809/5156 3899/5822/5169
f 3901/5824/5171 3888/5811/5158 3887/5810/5157 3900/5823/5170
f 3902/5825/5172 3889/5812/5159 3888/5811/5158 3901/5824/5171
f 3903/5826/5173 3890/5813/5160 3889/5812/5159 3902/5825/5172
f 3904/5827/5174 3891/5814/5161 3843/5759/5109 3850/5769/5117
f 3905/5828/5175 3892/5815/5162 3891/5814/5161 3904/5827/5174
f 3906/5829/5176 3893/5816/5163 3892/5815/5162 3905/5828/5175
f 3907/5830/5177 3894/5817/5164 3893/5816/5163 3906/5829/5176
f 3908/5831/5178 3895/5818/5165 3894/5817/5164 3907/5830/5177
f 3909/5832/5179 3896/5819/5166 3895/5818/5165 3908/5831/5178
f 3910/5833/5180 3897/5820/5167 3896/5819/5166 3909/5832/5179
f 3911/5834/5181 3898/5821/5168 3897/5820/5167 3910/5833/5180
f 3912/5835/5182 3899/5822/5169 3898/5821/5168 3911/5834/5181
f 3913/5836/5183 3900/5823/5170 3899/5822/5169 3912/5835/5182
f 3914/5837/5184 3901/5824/5171 3900/5823/5170 3913/5836/5183
f 3915/5838/5185 3902/5825/5172 3901/5824/5171 3914/5837/5184
f 3916/5839/5186 3903/5826/5173 3902/5825/5172 3915/5838/5185
f 3917/5840/5187 3904/5827/5174 3850/5769/5117 3857/5778/5125
f 3918/5841/5188 3905/5828/5175 3904/5827/5174 3917/5840/5187
f 3919/5842/5189 3906/5829/5176 3905/5828/5175 3918/5841/5188
f 3920/5843/5190 3907/5830/5177 3906/5829/5176 3919/5842/5189
f 3921/5844/5191 3908/5831/5178 3907/5830/5177 3920/5843/5190
f 3922/5845/5192 3909/5832/5179 3908/5831/5178 3921/5844/5191
f 3923/5846/5193 3910/5833/5180 3909/5832/5179 3922/5845/5192
f 3924/5847/5194 3911/5834/5181 3910/5833/5180 3923/5846/5193
f 3925/5848/5195 3912/5835/5182 3911/5834/5181 3924/5847/5194
f 3926/5849/5196 3913/5836/5183 3912/5835/5182 3925/5848/5195
f 3927/5850/5197 3914/5837/5184 3913/5836/5183 3926/5849/5196
f 3928/5851/5198 3915/5838/5185 3914/5837/5184 3927/5850/5197
f 3929/5852/5199 3917/5840/5187 3857/5778/5125 3864/5786/5133
f 3930/5853/5200 3918/5841/5188 3917/5840/5187 3929/5852/5199
f 3931/5854/5201 3919/5842/5189 3918/5841/5188 3930/5853/5200
f 3932/5855/5202 3920/5843/5190 3919/5842/5189 3931/5854/5201
f 3933/5856/5203 3921/5844/5191 3920/5843/5190 3932/5855/5202
f 3934/5857/5204 3922/5845/5192 3921/5844/5191 3933/5856/5203
f 3935/5858/5205 3936/5859/5206 3934/5857/5204 3933/5856/5203
f 3936/5859/5206 3923/5846/5193 3922/5845/5192 3934/5857/5204
f 3937/5860/5207 3924/5847/5194 3923/5846/5193 3936/5859/5206
f 3938/5861/5208 3925/5848/5195 3924/5847/5194 3937/5860/5207
f 3939/5862/5209 3926/5849/5196 3925/5848/5195 3938/5861/5208
f 3940/5863/5210 3927/5850/5197 3926/5849/5196 3939/5862/5209
f 3941/5864/5211 3928/5851/5198 3927/5850/5197 3940/5863/5210
f 3942/5865/5212 3929/5852/5199 3864/5786/5133 3870/5793/5140
f 3943/5866/5213 3930/5853/5200 3929/5852/5199 3942/5865/5212
f 3944/5867/5214 3931/5854/5201 3930/5853/5200 3943/5866/5213
f 3945/5868/5215 3932/5855/5202 3931/5854/5201 3944/5867/5214
f 3946/5869/5216 3933/5856/5203 3932/5855/5202 3945/5868/5215
f 3947/5870/5217 3935/5858/5205 3933/5856/5203 3946/5869/5216
f 3948/5871/5218 3936/5859/5206 3935/5858/5205 3947/5870/5217
f 3949/5872/5219 3937/5860/5207 3936/5859/5206 3948/5871/5218
f 3950/5873/5220 3938/5861/5208 3937/5860/5207 3949/5872/5219
f 3951/5874/5221 3939/5862/5209 3938/5861/5208 3950/5873/5220
f 3952/5875/5222 3940/5863/5210 3939/5862/5209 3951/5874/5221
f 3953/5876/5223 3941/5864/5211 3940/5863/5210 3952/5875/5222
f 3954/5877/5224 3942/5865/5212 3870/5793/5140 3876/5799/5146
f 3955/5878/5225 3943/5866/5213 3942/5865/5212 3954/5877/5224
f 3956/5879/5226 3944/5867/5214 3943/5866/5213 3955/5878/5225
f 3957/5880/5227 3945/5868/5215 3944/5867/5214 3956/5879/5226
f 3958/5881/5228 3946/5869/5216 3945/5868/5215 3957/5880/5227
f 3960/5882/5229 3947/5870/5217 3946/5869/5216 3958/5881/5228
f 3961/5883/5230 3960/5882/5229 3958/5881/5228 3959/5884/5231
f 3961/5883/5230 3948/5871/5218 3947/5870/5217 3960/5882/5229
f 3962/5885/5232 3949/5872/5219 3948/5871/5218 3961/5883/5230
f 3963/5886/5233 3950/5873/5220 3949/5872/5219 3962/5885/5232
f 3965/5887/5234 3951/5874/5221 3950/5873/5220 3963/5886/5233
f 3966/5888/5235 3965/5887/5234 3963/5886/5233 3964/5889/5236
f 3966/5888/5235 3952/5875/5222 3951/5874/5221 3965/5887/5234
f 3967/5890/5237 3953/5876/5223 3952/5875/5222 3966/5888/5235
f 6/960/873 3954/5877/5224 3876/5799/5146 5/82/70
f 7/962/875 3955/5878/5225 3954/5877/5224 6/960/873
f 8/964/877 3956/5879/5226 3955/5878/5225 7/962/875
f 9/966/879 3957/5880/5227 3956/5879/5226 8/964/877
f 10/968/881 3958/5881/5228 3957/5880/5227 9/966/879
f 11/970/883 3959/5884/5231 3958/5881/5228 10/968/881
f 12/972/885 3961/5883/5230 3959/5884/5231 11/970/883
f 13/974/887 3962/5885/5232 3961/5883/5230 12/972/885
f 14/976/889 3963/5886/5233 3962/5885/5232 13/974/887
f 15/978/891 3964/5889/5236 3963/5886/5233 14/976/889
f 16/980/893 3966/5888/5235 3964/5889/5236 15/978/891
f 3968/5891/5238 3967/5890/5237 3966/5888/5235 16/980/893
f 3969/4548/4089 3829/4561/4102 3826/5737/5091 3890/5813/5160
f 3970/4535/4076 3969/4548/4089 3890/5813/5160 3903/5826/5173
f 3972/4521/4062 3916/5839/5186 3915/5838/5185 3971/5892/5239
f 3972/4521/4062 3970/4535/4076 3903/5826/5173 3916/5839/5186
f 3973/5893/5240 3971/5892/5239 3915/5838/5185 3928/5851/5198
f 3974/4507/4048 3972/4521/4062 3971/5892/5239 3973/5893/5240
f 3975/5894/5241 3973/5893/5240 3928/5851/5198 3941/5864/5211
f 3976/4506/4047 3974/4507/4048 3973/5893/5240 3975/5894/5241
f 3978/5895/5242 3975/5894/5241 3941/5864/5211 3953/5876/5223
f 3979/5896/5243 3976/4506/4047 3975/5894/5241 3978/5895/5242
f 3980/4475/4016 3977/4490/4031 3976/4506/4047 3979/5896/5243
f 3981/5897/5244 3978/5895/5242 3953/5876/5223 3967/5890/5237
f 3982/5898/5245 3979/5896/5243 3978/5895/5242 3981/5897/5244
f 3983/4459/4000 3980/4475/4016 3979/5896/5243 3982/5898/5245
f 18/1069/982 3968/5891/5238 16/980/893 17/1067/980
f 18/1069/982 3981/5897/5244 3967/5890/5237 3968/5891/5238
f 19/1071/984 3982/5898/5245 3981/5897/5244 18/1069/982
f 20/926/839 3983/4459/4000 3982/5898/5245 19/1071/984
f 3986/5525/4918 3991/5899/5246 3990/5498/4894 3985/5527/4893
f 3990/5498/4894 3995/5900/5247 3994/5464/4873 3989/5463/4872
f 4003/5303/4744 4007/5901/5248 3988/5504/4900 3984/5311/4752
f 4017/4720/4255 4019/4711/4246 4018/5902/5249 4016/4727/4262
f 4022/4686/4221 4024/4673/4208 4023/5903/5250 4021/4693/4228
f 6758/5904/5251 6769/5905/5252 6699/5906/5253 6697/5907/5254
f 4024/4673/4208 4026/4672/4207 6768/5908/5255 6757/5909/5256
f 6768/5908/5255 4026/4672/4207 4025/4666/4201 6767/5910/5257
f 6757/5909/5256 6768/5908/5255 6767/5910/5257 6756/5911/5258
f 6756/5911/5258 6767/5910/5257 6766/5912/5259 6755/5913/5260
f 6755/5913/5260 6766/5912/5259 6765/5914/5261 6754/5915/5262
f 6754/5915/5262 6765/5914/5261 6764/5916/5263 6753/5917/5264
f 6753/5917/5264 6764/5916/5263 6763/5918/5265 6752/5919/5266
f 6752/5919/5266 6763/5918/5265 6762/5920/5267 6751/5921/5268
f 6751/5921/5268 6762/5920/5267 6760/5922/5269 6750/5923/5270
f 6762/5920/5267 6761/5924/5271 6759/5925/5272 6760/5922/5269
f 6750/5923/5270 6760/5922/5269 6759/5925/5272 6749/5926/5273
f 6749/5926/5273 6759/5925/5272 6758/5904/5251 6748/5927/5274
f 6748/5927/5274 6758/5904/5251 6697/5907/5254 6695/5928/5275
f 6759/5925/5272 6770/5929/5276 6769/5905/5252 6758/5904/5251
f 4024/4673/4208 6757/5909/5256 6756/5911/5258 4023/5903/5250
f 4021/4693/4228 4023/5903/5250 6756/5911/5258 6747/5930/5277
f 6747/5930/5277 6756/5911/5258 6755/5913/5260 6746/5931/5278
f 6746/5931/5278 6755/5913/5260 6754/5915/5262 6745/5932/5279
f 6745/5932/5279 6754/5915/5262 6753/5917/5264 6744/5933/5280
f 6744/5933/5280 6753/5917/5264 6752/5919/5266 6743/5934/5281
f 6743/5934/5281 6752/5919/5266 6751/5921/5268 6742/5935/5282
f 6742/5935/5282 6751/5921/5268 6750/5923/5270 6740/5936/5283
f 6740/5936/5283 6750/5923/5270 6749/5926/5273 6739/5937/5284
f 6739/5937/5284 6749/5926/5273 6748/5927/5274 6738/5938/5285
f 6738/5938/5285 6748/5927/5274 6695/5928/5275 6694/5939/5286
f 4020/4701/4236 4021/4693/4228 6747/5930/5277 6737/5940/5287
f 6737/5940/5287 6747/5930/5277 6746/5931/5278 6736/5941/5288
f 6736/5941/5288 6746/5931/5278 6745/5932/5279 6735/5942/5289
f 6735/5942/5289 6745/5932/5279 6744/5933/5280 6734/5943/5290
f 6734/5943/5290 6744/5933/5280 6743/5934/5281 6733/5944/5291
f 6733/5944/5291 6743/5934/5281 6742/5935/5282 6732/5945/5292
f 6732/5945/5292 6742/5935/5282 6741/5946/5293 6731/5947/5294
f 6741/5946/5293 6742/5935/5282 6740/5936/5283 6739/5937/5284
f 6731/5947/5294 6741/5946/5293 6739/5937/5284 6730/5948/5295
f 6730/5948/5295 6739/5937/5284 6738/5938/5285 6729/5949/5296
f 6729/5949/5296 6738/5938/5285 6694/5939/5286 6693/5950/5297
f 4019/4711/4246 4020/4701/4236 6737/5940/5287 6728/5951/5298
f 6728/5951/5298 6737/5940/5287 6736/5941/5288 6727/5952/5299
f 6727/5952/5299 6736/5941/5288 6735/5942/5289 6726/5953/5300
f 6726/5953/5300 6735/5942/5289 6734/5943/5290 6723/5954/5301
f 6723/5954/5301 6734/5943/5290 6733/5944/5291 6722/5955/5302
f 6722/5955/5302 6733/5944/5291 6732/5945/5292 6721/5956/5303
f 6721/5956/5303 6732/5945/5292 6731/5947/5294 6720/5957/5304
f 6720/5957/5304 6731/5947/5294 6730/5948/5295 6718/5958/5305
f 6718/5958/5305 6730/5948/5295 6729/5949/5296 6717/5959/5306
f 6717/5959/5306 6729/5949/5296 6693/5950/5297 6692/5960/5307
f 6761/5924/5271 6771/5961/5308 6770/5929/5276 6759/5925/5272
f 4019/4711/4246 6728/5951/5298 6725/5962/5309 4018/5902/5249
f 6728/5951/5298 6727/5952/5299 6724/5963/5310 6725/5962/5309
f 6727/5952/5299 6726/5953/5300 6723/5954/5301 6724/5963/5310
f 4016/4727/4262 4018/5902/5249 6725/5962/5309 6716/5964/5311
f 6716/5964/5311 6725/5962/5309 6724/5963/5310 6715/5965/5312
f 6715/5965/5312 6724/5963/5310 6723/5954/5301 6714/5966/5313
f 6714/5966/5313 6723/5954/5301 6722/5955/5302 6713/5967/5314
f 6713/5967/5314 6722/5955/5302 6721/5956/5303 6712/5968/5315
f 6712/5968/5315 6721/5956/5303 6719/5969/5316 6711/5970/5317
f 6721/5956/5303 6720/5957/5304 6718/5958/5305 6719/5969/5316
f 6711/5970/5317 6719/5969/5316 6718/5958/5305 6710/5971/5318
f 6710/5971/5318 6718/5958/5305 6717/5959/5306 6709/5972/5319
f 6709/5972/5319 6717/5959/5306 6692/5960/5307 6691/5973/5320
f 4015/4736/4271 4016/4727/4262 6716/5964/5311 6708/5974/5321
f 6708/5974/5321 6716/5964/5311 6715/5965/5312 6707/5975/5322
f 6707/5975/5322 6715/5965/5312 6714/5966/5313 6706/5976/5323
f 6706/5976/5323 6714/5966/5313 6713/5967/5314 6705/5977/5324
f 6705/5977/5324 6713/5967/5314 6712/5968/5315 6704/5978/5325
f 6704/5978/5325 6712/5968/5315 6711/5970/5317 6702/5979/5326
f 6702/5979/5326 6711/5970/5317 6710/5971/5318 6701/5980/5327
f 6701/5980/5327 6710/5971/5318 6709/5972/5319 6700/5981/5328
f 6700/5981/5328 6709/5972/5319 6691/5973/5320 6690/5982/5329
f 4014/4746/4281 4015/4736/4271 6708/5974/5321 6381/5983/5330
f 6381/5983/5330 6708/5974/5321 6707/5975/5322 6380/5984/5331
f 6380/5984/5331 6707/5975/5322 6706/5976/5323 6379/5985/5332
f 6379/5985/5332 6706/5976/5323 6705/5977/5324 6378/5986/5333
f 6378/5986/5333 6705/5977/5324 6703/5987/5334 6376/5988/5335
f 6705/5977/5324 6704/5978/5325 6702/5979/5326 6703/5987/5334
f 6376/5988/5335 6703/5987/5334 6702/5979/5326 6375/5989/5336
f 6375/5989/5336 6702/5979/5326 6701/5980/5327 6374/5990/5337
f 6374/5990/5337 6701/5980/5327 6700/5981/5328 6373/5991/5338
f 6373/5991/5338 6700/5981/5328 6690/5982/5329 6341/5992/5339
f 6697/5907/5254 6699/5906/5253 6698/5993/5340 6696/5994/5341
f 6696/5994/5341 6698/5993/5340 6689/5995/5342 6679/5996/5343
f 6695/5928/5275 6697/5907/5254 6680/5997/5344 6669/5998/5345
f 6697/5907/5254 6696/5994/5341 6679/5996/5343 6680/5997/5344
f 6694/5939/5286 6695/5928/5275 6669/5998/5345 6659/5999/5346
f 6693/5950/5297 6694/5939/5286 6659/5999/5346 6649/6000/5347
f 6692/5960/5307 6693/5950/5297 6649/6000/5347 6638/6001/5348
f 6691/5973/5320 6692/5960/5307 6638/6001/5348 6628/6002/5349
f 6690/5982/5329 6691/5973/5320 6628/6002/5349 6618/6003/5350
f 6341/5992/5339 6690/5982/5329 6618/6003/5350 6247/6004/5351
f 6679/5996/5343 6689/5995/5342 6688/6005/5352 6678/6006/5353
f 6678/6006/5353 6688/6005/5352 6687/6007/5354 6677/6008/5355
f 6677/6008/5355 6687/6007/5354 6686/6009/5356 6676/6010/5357
f 6676/6010/5357 6686/6009/5356 6685/6011/5358 6675/6012/5359
f 6675/6012/5359 6685/6011/5358 6684/6013/5360 6674/6014/5361
f 6674/6014/5361 6684/6013/5360 6683/6015/5362 6673/6016/5363
f 6673/6017/5363 6683/6018/5362 6682/6019/5364 6671/6020/5365
f 6671/6021/5365 6682/6022/5364 6681/6023/5366 6670/6024/5367
f 6670/6024/5367 6681/6023/5366 6607/6025/5368 6598/6026/5369
f 6669/5998/5345 6680/5997/5344 6679/5996/5343 6668/6027/5370
f 6668/6027/5370 6679/5996/5343 6678/6006/5353 6667/6028/5371
f 6667/6028/5371 6678/6006/5353 6677/6008/5355 6666/6029/5372
f 6666/6029/5372 6677/6008/5355 6676/6010/5357 6665/6030/5373
f 6665/6030/5373 6676/6010/5357 6675/6012/5359 6664/6031/5374
f 6664/6031/5374 6675/6012/5359 6674/6014/5361 6663/6032/5375
f 6663/6032/5375 6674/6014/5361 6673/6016/5363 6662/6033/5376
f 6662/6033/5376 6673/6016/5363 6672/6034/5377 6661/6035/5378
f 6672/6034/5377 6673/6016/5363 6671/6021/5365 6670/6024/5367
f 6661/6035/5378 6672/6034/5377 6670/6024/5367 6660/6036/5379
f 6660/6036/5379 6670/6024/5367 6598/6026/5369 6588/6037/5380
f 6659/5999/5346 6669/5998/5345 6668/6027/5370 6658/6038/5381
f 6658/6038/5381 6668/6027/5370 6667/6028/5371 6657/6039/5382
f 6657/6039/5382 6667/6028/5371 6666/6029/5372 6656/6040/5383
f 6656/6040/5383 6666/6029/5372 6665/6030/5373 6655/6041/5384
f 6655/6041/5384 6665/6030/5373 6664/6031/5374 6654/6042/5385
f 6654/6042/5385 6664/6031/5374 6663/6032/5375 6653/6043/5386
f 6653/6043/5386 6663/6032/5375 6662/6033/5376 6652/6044/5387
f 6652/6044/5387 6662/6033/5376 6661/6035/5378 6651/6045/5388
f 6651/6045/5388 6661/6035/5378 6589/6046/5389 6580/6047/5390
f 6589/6046/5389 6661/6035/5378 6660/6036/5379 6588/6037/5380
f 6649/6000/5347 6659/5999/5346 6658/6038/5381 6648/6048/5391
f 6648/6048/5391 6658/6038/5381 6657/6039/5382 6647/6049/5392
f 6647/6049/5392 6657/6039/5382 6656/6040/5383 6646/6050/5393
f 6646/6050/5393 6656/6040/5383 6655/6041/5384 6645/6051/5394
f 6645/6051/5394 6655/6041/5384 6654/6042/5385 6643/6052/5395
f 6643/6052/5395 6654/6042/5385 6653/6043/5386 6642/6053/5396
f 6642/6053/5396 6653/6043/5386 6652/6044/5387 6641/6054/5397
f 6641/6054/5397 6652/6044/5387 6651/6045/5388 6640/6055/5398
f 6640/6056/5398 6651/6057/5388 6650/6058/5399 6639/6059/5400
f 6651/6057/5388 6580/6060/5390 6579/6061/5401 6650/6058/5399
f 6639/6059/5400 6650/6058/5399 6579/6061/5401 6570/6062/5402
f 6638/6001/5348 6649/6000/5347 6648/6048/5391 6637/6063/5403
f 6637/6063/5403 6648/6048/5391 6647/6049/5392 6636/6064/5404
f 6636/6064/5404 6647/6049/5392 6646/6050/5393 6635/6065/5405
f 6635/6065/5405 6646/6050/5393 6644/6066/5406 6634/6067/5407
f 6646/6050/5393 6645/6051/5394 6643/6052/5395 6644/6066/5406
f 6634/6067/5407 6644/6066/5406 6643/6052/5395 6633/6068/5408
f 6633/6068/5408 6643/6052/5395 6642/6053/5396 6632/6069/5409
f 6632/6069/5409 6642/6053/5396 6641/6054/5397 6631/6070/5410
f 6631/6070/5410 6641/6054/5397 6640/6055/5398 6630/6071/5411
f 6630/6072/5411 6640/6056/5398 6571/6073/5412 6562/6074/5413
f 6571/6073/5412 6640/6056/5398 6639/6059/5400 6570/6062/5402
f 6628/6002/5349 6638/6001/5348 6637/6063/5403 6627/6075/5414
f 6627/6075/5414 6637/6063/5403 6636/6064/5404 6626/6076/5415
f 6626/6077/5415 6636/6078/5404 6635/6079/5405 6625/6080/5416
f 6625/6081/5416 6635/6065/5405 6634/6067/5407 6624/6082/5417
f 6624/6082/5417 6634/6067/5407 6633/6068/5408 6623/6083/5418
f 6623/6083/5418 6633/6068/5408 6632/6069/5409 6622/6084/5419
f 6622/6084/5419 6632/6069/5409 6631/6070/5410 6621/6085/5420
f 6621/6085/5420 6631/6070/5410 6630/6071/5411 6620/6086/5421
f 6620/6087/5421 6630/6072/5411 6629/6088/5422 6619/6089/5423
f 6630/6072/5411 6562/6074/5413 6561/6090/5424 6629/6088/5422
f 6619/6089/5423 6629/6088/5422 6561/6090/5424 6552/6091/5425
f 6618/6003/5350 6628/6002/5349 6627/6075/5414 6617/6092/5426
f 6617/6092/5426 6627/6075/5414 6626/6076/5415 6616/6093/5427
f 6616/6094/5427 6626/6077/5415 6625/6080/5416 6615/6095/5428
f 6615/6095/5428 6625/6080/5416 6624/6096/5417 6613/6097/5429
f 6613/6098/5429 6624/6082/5417 6623/6083/5418 6612/6099/5430
f 6612/6099/5430 6623/6083/5418 6622/6084/5419 6611/6100/5431
f 6611/6100/5431 6622/6084/5419 6621/6085/5420 6610/6101/5432
f 6610/6101/5432 6621/6085/5420 6620/6086/5421 6609/6102/5433
f 6609/6103/5433 6620/6087/5421 6619/6089/5423 6608/6104/5434
f 6608/6104/5434 6619/6089/5423 6552/6091/5425 6543/6105/5435
f 6247/6004/5351 6618/6003/5350 6617/6092/5426 6246/6106/5436
f 6246/6106/5436 6617/6092/5426 6616/6093/5427 6245/6107/5437
f 6245/6107/5437 6616/6093/5427 6615/6108/5428 6244/6109/5438
f 6244/6110/5438 6615/6111/5428 6614/6112/5439 6243/6113/5440
f 6614/6114/5439 6615/6108/5428 6613/6098/5429 6612/6099/5430
f 6243/6115/5440 6614/6114/5439 6612/6099/5430 6242/6116/5441
f 6242/6116/5441 6612/6099/5430 6611/6100/5431 6241/6117/5442
f 6241/6117/5442 6611/6100/5431 6610/6101/5432 6240/6118/5443
f 6240/6118/5443 6610/6101/5432 6609/6102/5433 6239/6119/5444
f 6239/6120/5444 6609/6103/5433 6608/6104/5434 6237/6121/5445
f 6237/6121/5445 6608/6104/5434 6543/6105/5435 6128/6122/5446
f 6598/6026/5369 6607/6025/5368 6606/6123/5447 6596/6124/5448
f 6596/6124/5448 6606/6123/5447 6605/6125/5449 6595/6126/5450
f 6595/6127/5450 6605/6128/5449 6604/6129/5451 6594/6130/5452
f 6594/6130/5452 6604/6129/5451 6603/6131/5453 6593/6132/5454
f 6593/6132/5454 6603/6131/5453 6602/6133/5455 6592/6134/5456
f 6592/6134/5456 6602/6133/5455 6601/6135/5457 6591/6136/5458
f 6591/6136/5458 6601/6135/5457 6600/6137/5459 6590/6138/5460
f 6590/6138/5460 6600/6137/5459 6468/6139/5461 6459/6140/5462
f 6600/6137/5459 6599/6141/5463 6467/6142/5464 6468/6139/5461
f 6588/6037/5380 6598/6026/5369 6597/6143/5465 6587/6144/5466
f 6597/6143/5465 6598/6026/5369 6596/6124/5448 6595/6126/5450
f 6587/6145/5466 6597/6146/5465 6595/6127/5450 6586/6147/5467
f 6586/6147/5467 6595/6127/5450 6594/6130/5452 6585/6148/5468
f 6585/6148/5468 6594/6130/5452 6593/6132/5454 6584/6149/5469
f 6584/6149/5469 6593/6132/5454 6592/6134/5456 6583/6150/5470
f 6583/6150/5470 6592/6134/5456 6591/6136/5458 6582/6151/5471
f 6582/6151/5471 6591/6136/5458 6590/6138/5460 6581/6152/5472
f 6581/6152/5472 6590/6138/5460 6459/6140/5462 6447/6153/5473
f 6580/6060/5390 6589/6154/5389 6588/6155/5380 6579/6061/5401
f 6579/6061/5401 6588/6155/5380 6587/6145/5466 6578/6156/5474
f 6578/6156/5474 6587/6145/5466 6586/6147/5467 6577/6157/5475
f 6577/6157/5475 6586/6147/5467 6585/6148/5468 6576/6158/5476
f 6576/6158/5476 6585/6148/5468 6584/6149/5469 6575/6159/5477
f 6575/6159/5477 6584/6149/5469 6583/6150/5470 6574/6160/5478
f 6574/6160/5478 6583/6150/5470 6582/6151/5471 6573/6161/5479
f 6573/6161/5479 6582/6151/5471 6581/6152/5472 6572/6162/5480
f 6572/6162/5480 6581/6152/5472 6447/6153/5473 6433/6163/5481
f 6570/6062/5402 6579/6061/5401 6578/6156/5474 6569/6164/5482
f 6569/6164/5482 6578/6156/5474 6577/6157/5475 6568/6165/5483
f 6568/6165/5483 6577/6157/5475 6576/6158/5476 6567/6166/5484
f 6567/6166/5484 6576/6158/5476 6575/6159/5477 6566/6167/5485
f 6566/6167/5485 6575/6159/5477 6574/6160/5478 6565/6168/5486
f 6565/6168/5486 6574/6160/5478 6573/6161/5479 6564/6169/5487
f 6564/6169/5487 6573/6161/5479 6572/6162/5480 6563/6170/5488
f 6563/6170/5488 6572/6162/5480 6433/6163/5481 6425/6171/5489
f 6562/6074/5413 6571/6073/5412 6570/6062/5402 6561/6090/5424
f 6561/6090/5424 6570/6062/5402 6569/6164/5482 6560/6172/5490
f 6560/6172/5490 6569/6164/5482 6568/6165/5483 6558/6173/5491
f 6558/6173/5491 6568/6165/5483 6567/6166/5484 6557/6174/5492
f 6557/6174/5492 6567/6166/5484 6566/6167/5485 6556/6175/5493
f 6556/6175/5493 6566/6167/5485 6565/6168/5486 6555/6176/5494
f 6555/6176/5494 6565/6168/5486 6564/6169/5487 6554/6177/5495
f 6554/6177/5495 6564/6169/5487 6563/6170/5488 6553/6178/5496
f 6553/6178/5496 6563/6170/5488 6425/6171/5489 6414/6179/5497
f 6552/6091/5425 6561/6090/5424 6559/6180/5498 6551/6181/5499
f 6561/6090/5424 6560/6172/5490 6558/6173/5491 6559/6180/5498
f 6551/6181/5499 6559/6180/5498 6558/6173/5491 6550/6182/5500
f 6550/6182/5500 6558/6173/5491 6557/6174/5492 6549/6183/5501
f 6549/6183/5501 6557/6174/5492 6556/6175/5493 6547/6184/5502
f 6547/6184/5502 6556/6175/5493 6555/6176/5494 6546/6185/5503
f 6546/6185/5503 6555/6176/5494 6554/6177/5495 6545/6186/5504
f 6545/6186/5504 6554/6177/5495 6553/6178/5496 6544/6187/5505
f 6544/6187/5505 6553/6178/5496 6414/6179/5497 6402/6188/5506
f 6543/6105/5435 6552/6091/5425 6551/6181/5499 6542/6189/5507
f 6542/6190/5507 6551/6191/5499 6550/6192/5500 6541/6193/5508
f 6541/6193/5508 6550/6192/5500 6548/6194/5509 6540/6195/5510
f 6550/6182/5500 6549/6183/5501 6547/6184/5502 6548/6196/5509
f 6540/6197/5510 6548/6196/5509 6547/6184/5502 6539/6198/5511
f 6539/6198/5511 6547/6184/5502 6546/6185/5503 6538/6199/5512
f 6538/6199/5512 6546/6185/5503 6545/6186/5504 6537/6200/5513
f 6537/6200/5513 6545/6186/5504 6544/6187/5505 6536/6201/5514
f 6536/6201/5514 6544/6187/5505 6402/6188/5506 6391/6202/5515
f 6128/6122/5446 6543/6105/5435 6542/6189/5507 6127/6203/5516
f 6127/6204/5516 6542/6190/5507 6541/6193/5508 6126/6205/5517
f 6126/6206/5517 6541/6207/5508 6540/6197/5510 6125/6208/5518
f 6125/6208/5518 6540/6197/5510 6539/6198/5511 6124/6209/5519
f 6124/6209/5519 6539/6198/5511 6538/6199/5512 6123/6210/5520
f 6123/6210/5520 6538/6199/5512 6537/6200/5513 6122/6211/5521
f 6122/6211/5521 6537/6200/5513 6536/6201/5514 6121/6212/5522
f 6121/6212/5522 6536/6201/5514 6391/6202/5515 5957/6213/5523
f 6527/6214/5524 6535/6215/5525 6533/6216/5526 6522/6217/5527
f 6535/6215/5525 6527/6214/5524 6473/6218/5528 6503/6219/5529
f 6535/6215/5525 6503/6219/5529 6495/6220/5530 6533/6216/5526
f 6523/6221/5531 6534/6222/5532 5489/6223/5533 5466/6224/5534
f 6534/6222/5532 6523/6221/5531 6522/6217/5527 6533/6216/5526
f 6534/6222/5532 6533/6216/5526 5488/6225/5535 5489/6223/5533
f 6533/6216/5526 6495/6220/5530 5335/6226/5536 5488/6225/5535
f 6085/6227/5537 6532/6228/5538 6530/6229/5539 6078/6230/5540
f 6532/6228/5538 6085/6227/5537 5998/6231/5541 6489/6232/5542
f 6532/6228/5538 6489/6232/5542 6481/6233/5543 6530/6229/5539
f 6079/6234/5544 6531/6235/5545 6528/6236/5546 6072/6237/5547
f 6531/6235/5545 6079/6234/5544 6078/6230/5540 6530/6229/5539
f 6531/6235/5545 6530/6229/5539 6527/6214/5524 6528/6236/5546
f 6530/6229/5539 6481/6233/5543 6473/6218/5528 6527/6214/5524
f 6073/6238/5548 6529/6239/5549 6524/6240/5550 6067/6241/5551
f 6529/6239/5549 6073/6238/5548 6072/6237/5547 6528/6236/5546
f 6529/6239/5549 6528/6236/5546 6523/6221/5531 6524/6240/5550
f 6528/6236/5546 6527/6214/5524 6522/6217/5527 6523/6221/5531
f 6069/6242/5552 6526/6243/5553 5469/6244/5554 5254/6245/5555
f 6526/6243/5553 6069/6242/5552 6068/6246/5556 6525/6247/5557
f 6526/6243/5553 6525/6247/5557 5468/6248/5558 5469/6244/5554
f 6525/6247/5557 6068/6246/5556 6067/6241/5551 6524/6240/5550
f 6525/6247/5557 6524/6240/5550 5467/6249/5559 5468/6248/5558
f 6524/6240/5550 6523/6221/5531 5466/6224/5534 5467/6249/5559
f 6511/6250/5560 6521/6251/5561 5357/6252/5562 5338/6253/5563
f 6521/6251/5561 6511/6250/5560 6510/6254/5564 6520/6255/5565
f 6521/6256/5561 6520/6257/5565 5356/6258/5566 5357/6259/5562
f 6520/6255/5565 6510/6254/5564 6509/6260/5567 6519/6261/5568
f 6520/6255/5565 6519/6261/5568 5355/6262/5569 5356/6263/5566
f 6519/6261/5568 6509/6260/5567 6508/6264/5570 6518/6265/5571
f 6519/6261/5568 6518/6265/5571 5354/6266/5572 5355/6262/5569
f 6518/6267/5571 6508/6268/5570 6404/6269/5573 6417/6270/5574
f 6518/6265/5571 6417/6271/5574 5287/6272/5575 5354/6266/5572
f 6498/6273/5576 6517/6274/5577 6510/6275/5564 6490/6276/5578
f 6517/6274/5577 6498/6273/5576 6497/6277/5579 6516/6278/5580
f 6517/6279/5577 6516/6280/5580 6509/6260/5567 6510/6254/5564
f 6516/6278/5580 6497/6277/5579 6496/6281/5581 6515/6282/5582
f 6516/6280/5580 6515/6283/5582 6508/6264/5570 6509/6260/5567
f 6515/6282/5582 6496/6281/5581 6393/6284/5583 6407/6285/5584
f 6515/6283/5582 6407/6286/5584 6404/6287/5573 6508/6264/5570
f 6494/6288/5585 6514/6289/5586 5341/6290/5587 5334/6291/5588
f 6514/6289/5586 6494/6288/5585 6493/6292/5589 6513/6293/5590
f 6514/6289/5586 6513/6293/5590 5340/6294/5591 5341/6290/5587
f 6513/6293/5590 6493/6292/5589 6492/6295/5592 6512/6296/5593
f 6513/6293/5590 6512/6296/5593 5339/6297/5594 5340/6294/5591
f 6512/6296/5593 6492/6295/5592 6491/6298/5595 6511/6299/5560
f 6512/6300/5593 6511/6250/5560 5338/6253/5563 5339/6301/5594
f 6511/6250/5560 6491/6302/5595 6490/6303/5578 6510/6254/5564
f 6477/6304/5596 6507/6305/5597 6499/6306/5598 6469/6307/5599
f 6507/6305/5597 6477/6304/5596 6476/6308/5600 6506/6309/5601
f 6507/6305/5597 6506/6309/5601 6498/6273/5576 6499/6306/5598
f 6506/6309/5601 6476/6308/5600 6475/6310/5602 6505/6311/5603
f 6506/6309/5601 6505/6311/5603 6497/6277/5579 6498/6273/5576
f 6505/6311/5603 6475/6310/5602 6474/6312/5604 6504/6313/5605
f 6505/6311/5603 6504/6313/5605 6496/6281/5581 6497/6277/5579
f 6504/6313/5605 6474/6312/5604 6383/6314/5606 6396/6315/5607
f 6504/6313/5605 6396/6315/5607 6393/6284/5583 6496/6281/5581
f 6503/6219/5529 6473/6218/5528 6472/6316/5608 6502/6317/5609
f 6503/6219/5529 6502/6317/5609 6494/6288/5585 6495/6220/5530
f 6502/6317/5609 6472/6316/5608 6471/6318/5610 6501/6319/5611
f 6502/6317/5609 6501/6319/5611 6493/6292/5589 6494/6288/5585
f 6501/6319/5611 6471/6318/5610 6470/6320/5612 6500/6321/5613
f 6501/6319/5611 6500/6321/5613 6492/6295/5592 6493/6292/5589
f 6500/6321/5613 6470/6320/5612 6469/6307/5599 6499/6306/5598
f 6500/6321/5613 6499/6306/5598 6491/6298/5595 6492/6295/5592
f 6499/6322/5598 6498/6323/5576 6490/6303/5578 6491/6302/5595
f 6495/6220/5530 6494/6288/5585 5334/6291/5588 5335/6226/5536
f 6489/6232/5542 5998/6231/5541 5997/6324/5614 6488/6325/5615
f 6489/6232/5542 6488/6325/5615 6480/6326/5616 6481/6233/5543
f 6488/6325/5615 5997/6324/5614 5996/6327/5617 6487/6328/5618
f 6488/6325/5615 6487/6328/5618 6479/6329/5619 6480/6326/5616
f 6487/6328/5618 5996/6327/5617 5995/6330/5620 6486/6331/5621
f 6487/6328/5618 6486/6331/5621 6478/6332/5622 6479/6329/5619
f 6486/6331/5621 5995/6330/5620 5994/6333/5623 6485/6334/5624
f 6486/6331/5621 6485/6334/5624 6477/6304/5596 6478/6332/5622
f 6485/6334/5624 5994/6333/5623 5993/6335/5625 6484/6336/5626
f 6485/6334/5624 6484/6336/5626 6476/6308/5600 6477/6304/5596
f 6484/6336/5626 5993/6335/5625 5992/6337/5627 6483/6338/5628
f 6484/6336/5626 6483/6338/5628 6475/6310/5602 6476/6308/5600
f 6483/6338/5628 5992/6337/5627 5991/6339/5629 6482/6340/5630
f 6483/6338/5628 6482/6340/5630 6474/6312/5604 6475/6310/5602
f 6482/6340/5630 5991/6339/5629 5947/6341/5631 6386/6342/5632
f 6482/6340/5630 6386/6342/5632 6383/6314/5606 6474/6312/5604
f 6481/6233/5543 6480/6326/5616 6472/6316/5608 6473/6218/5528
f 6480/6326/5616 6479/6329/5619 6471/6318/5610 6472/6316/5608
f 6479/6329/5619 6478/6332/5622 6470/6320/5612 6471/6318/5610
f 6478/6332/5622 6477/6304/5596 6469/6307/5599 6470/6320/5612
f 6459/6140/5462 6468/6139/5461 6467/6142/5464 6458/6343/5633
f 6458/6343/5633 6467/6142/5464 6466/6344/5634 6456/6345/5635
f 6456/6345/5635 6466/6344/5634 6465/6346/5636 6455/6347/5637
f 6455/6347/5637 6465/6346/5636 6464/6348/5638 6454/6349/5639
f 6454/6349/5639 6464/6348/5638 6463/6350/5640 6453/6351/5641
f 6453/6351/5641 6463/6350/5640 6462/6352/5642 6452/6353/5643
f 6452/6353/5643 6462/6352/5642 6461/6354/5644 6450/6355/5645
f 6450/6355/5645 6461/6354/5644 6460/6356/5646 6448/6357/5647
f 6448/6357/5647 6460/6356/5646 5333/6358/5648 5316/6359/5649
f 6447/6153/5473 6459/6140/5462 6457/6360/5650 6446/6361/5651
f 6459/6140/5462 6458/6343/5633 6456/6345/5635 6457/6360/5650
f 6446/6361/5651 6457/6360/5650 6456/6345/5635 6445/6362/5652
f 6445/6362/5652 6456/6345/5635 6455/6347/5637 6443/6363/5653
f 6443/6363/5653 6455/6347/5637 6454/6349/5639 6441/6364/5654
f 6441/6364/5654 6454/6349/5639 6453/6351/5641 6439/6365/5655
f 6439/6365/5655 6453/6351/5641 6452/6353/5643 6437/6366/5656
f 6437/6366/5656 6452/6353/5643 6450/6355/5645 6435/6367/5657
f 6436/6368/5658 6451/6369/5659 6449/6370/5660 6434/6371/5661
f 6451/6369/5659 6436/6368/5658 6435/6367/5657 6450/6355/5645
f 6451/6369/5659 6450/6355/5645 6448/6357/5647 6449/6370/5660
f 6434/6371/5661 6449/6370/5660 5317/6372/5662 5305/6373/5663
f 6449/6370/5660 6448/6357/5647 5316/6359/5649 5317/6372/5662
f 6433/6163/5481 6447/6153/5473 6446/6361/5651 6432/6374/5664
f 6432/6374/5664 6446/6361/5651 6444/6375/5665 6431/6376/5666
f 6446/6361/5651 6445/6362/5652 6443/6363/5653 6444/6375/5665
f 6431/6376/5666 6444/6375/5665 6442/6377/5667 6430/6378/5668
f 6444/6375/5665 6443/6363/5653 6441/6364/5654 6442/6377/5667
f 6430/6378/5668 6442/6377/5667 6440/6379/5669 6429/6380/5670
f 6442/6377/5667 6441/6364/5654 6439/6365/5655 6440/6379/5669
f 6429/6380/5670 6440/6379/5669 6438/6381/5671 6428/6382/5672
f 6440/6379/5669 6439/6365/5655 6437/6366/5656 6438/6381/5671
f 6428/6382/5672 6438/6381/5671 6436/6368/5658 6427/6383/5673
f 6438/6381/5671 6437/6366/5656 6435/6367/5657 6436/6368/5658
f 6427/6383/5673 6436/6368/5658 6434/6371/5661 6426/6384/5674
f 6426/6384/5674 6434/6371/5661 5305/6373/5663 5294/6385/5675
f 6425/6171/5489 6433/6163/5481 6432/6374/5664 6424/6386/5676
f 6424/6386/5676 6432/6374/5664 6431/6376/5666 6423/6387/5677
f 6423/6387/5677 6431/6376/5666 6430/6378/5668 6422/6388/5678
f 6422/6388/5678 6430/6378/5668 6429/6380/5670 6421/6389/5679
f 6421/6389/5679 6429/6380/5670 6428/6382/5672 6420/6390/5680
f 6420/6390/5680 6428/6382/5672 6427/6383/5673 6418/6391/5681
f 6418/6391/5681 6427/6383/5673 6426/6384/5674 6415/6392/5682
f 6415/6392/5682 6426/6384/5674 5294/6385/5675 5285/6393/5683
f 6414/6179/5497 6425/6171/5489 6424/6386/5676 6413/6394/5684
f 6413/6394/5684 6424/6386/5676 6423/6387/5677 6412/6395/5685
f 6412/6395/5685 6423/6387/5677 6422/6388/5678 6411/6396/5686
f 6411/6396/5686 6422/6388/5678 6421/6389/5679 6410/6397/5687
f 6410/6397/5687 6421/6389/5679 6420/6390/5680 6408/6398/5688
f 6408/6398/5688 6420/6390/5680 6418/6391/5681 6405/6399/5689
f 6406/6400/5690 6419/6401/5691 6416/6402/5692 6403/6403/5693
f 6419/6404/5691 6406/6405/5690 6405/6399/5689 6418/6391/5681
f 6419/6404/5691 6418/6391/5681 6415/6392/5682 6416/6406/5692
f 6417/6407/5574 6404/6408/5573 6403/6403/5693 6416/6402/5692
f 6417/6409/5574 6416/6410/5692 5286/6411/5694 5287/6412/5575
f 6416/6410/5692 6415/6413/5682 5285/6414/5683 5286/6411/5694
f 6402/6188/5506 6414/6179/5497 6413/6394/5684 6401/6415/5695
f 6401/6415/5695 6413/6394/5684 6412/6395/5685 6400/6416/5696
f 6400/6416/5696 6412/6395/5685 6411/6396/5686 6399/6417/5697
f 6399/6417/5697 6411/6396/5686 6410/6397/5687 6397/6418/5698
f 6397/6418/5698 6410/6397/5687 6408/6398/5688 6394/6419/5699
f 6395/6420/5700 6409/6421/5701 6406/6422/5690 6392/6423/5702
f 6409/6424/5701 6395/6425/5700 6394/6419/5699 6408/6398/5688
f 6409/6424/5701 6408/6398/5688 6405/6399/5689 6406/6405/5690
f 6407/6426/5584 6393/6427/5583 6392/6423/5702 6406/6422/5690
f 6407/6428/5584 6406/6429/5690 6403/6430/5693 6404/6431/5573
f 6391/6202/5515 6402/6188/5506 6401/6415/5695 6390/6432/5703
f 6390/6432/5703 6401/6415/5695 6400/6416/5696 6389/6433/5704
f 6389/6433/5704 6400/6416/5696 6399/6417/5697 6387/6434/5705
f 6387/6434/5705 6399/6417/5697 6397/6418/5698 6384/6435/5706
f 6385/6436/5707 6398/6437/5708 6395/6438/5700 6382/6439/5709
f 6398/6440/5708 6385/6441/5707 6384/6435/5706 6397/6418/5698
f 6398/6440/5708 6397/6418/5698 6394/6419/5699 6395/6425/5700
f 6396/6315/5607 6383/6314/5606 6382/6439/5709 6395/6438/5700
f 6396/6315/5607 6395/6438/5700 6392/6442/5702 6393/6284/5583
f 5957/6213/5523 6391/6202/5515 6390/6432/5703 5954/6443/5710
f 5954/6443/5710 6390/6432/5703 6389/6433/5704 5951/6444/5711
f 5951/6444/5711 6389/6433/5704 6387/6434/5705 5948/6445/5712
f 5949/6446/5713 6388/6447/5714 6385/6436/5707 5946/6448/5715
f 6388/6449/5714 5949/6450/5713 5948/6451/5712 6387/6452/5705
f 6388/6449/5714 6387/6452/5705 6384/6453/5706 6385/6454/5707
f 6386/6342/5632 5947/6341/5631 5946/6448/5715 6385/6436/5707
f 6386/6342/5632 6385/6436/5707 6382/6439/5709 6383/6314/5606
f 4013/5077/4556 4014/4746/4281 6381/5983/5330 6372/6455/5716
f 6372/6455/5716 6381/5983/5330 6380/5984/5331 6371/6456/5717
f 6371/6456/5717 6380/5984/5331 6379/5985/5332 6370/6457/5718
f 6370/6457/5718 6379/5985/5332 6377/6458/5719 6368/6459/5720
f 6379/5985/5332 6378/5986/5333 6376/5988/5335 6377/6458/5719
f 6368/6459/5720 6377/6458/5719 6376/5988/5335 6367/6460/5721
f 6367/6460/5721 6376/5988/5335 6375/5989/5336 6366/6461/5722
f 6366/6461/5722 6375/5989/5336 6374/5990/5337 6365/6462/5723
f 6365/6462/5723 6374/5990/5337 6373/5991/5338 6364/6463/5724
f 6364/6463/5724 6373/5991/5338 6341/5992/5339 6340/6464/5725
f 4012/5086/4565 4013/5077/4556 6372/6455/5716 6363/6465/5726
f 6363/6465/5726 6372/6455/5716 6371/6456/5717 6362/6466/5727
f 6362/6466/5727 6371/6456/5717 6369/6467/5728 6360/6468/5729
f 6371/6456/5717 6370/6457/5718 6368/6459/5720 6369/6467/5728
f 6360/6468/5729 6369/6467/5728 6368/6459/5720 6359/6469/5730
f 6359/6469/5730 6368/6459/5720 6367/6460/5721 6358/6470/5731
f 6358/6470/5731 6367/6460/5721 6366/6461/5722 6357/6471/5732
f 6357/6471/5732 6366/6461/5722 6365/6462/5723 6356/6472/5733
f 6356/6472/5733 6365/6462/5723 6339/6473/5734 6337/6474/5735
f 6365/6462/5723 6364/6463/5724 6338/6475/5736 6339/6473/5734
f 6364/6463/5724 6340/6464/5725 6235/6476/5737 6338/6475/5736
f 4012/5086/4565 6363/6465/5726 6361/6477/5738 4011/5095/4574
f 6363/6465/5726 6362/6466/5727 6360/6468/5729 6361/6477/5738
f 4010/5104/4583 4011/5095/4574 6361/6477/5738 6355/6478/5739
f 6355/6478/5739 6361/6477/5738 6360/6468/5729 6354/6479/5740
f 6354/6479/5740 6360/6468/5729 6359/6469/5730 6353/6480/5741
f 6353/6480/5741 6359/6469/5730 6358/6470/5731 6352/6481/5742
f 6352/6481/5742 6358/6470/5731 6357/6471/5732 6351/6482/5743
f 6351/6482/5743 6357/6471/5732 6356/6472/5733 6350/6483/5744
f 6350/6484/5744 6356/6485/5733 6337/6486/5735 6329/6487/5745
f 4009/5111/4590 4010/5104/4583 6355/6478/5739 6349/6488/5746
f 6349/6488/5746 6355/6478/5739 6354/6479/5740 6348/6489/5747
f 6348/6489/5747 6354/6479/5740 6353/6480/5741 6347/6490/5748
f 6347/6490/5748 6353/6480/5741 6352/6481/5742 6346/6491/5749
f 6346/6491/5749 6352/6481/5742 6351/6482/5743 6345/6492/5750
f 6345/6492/5750 6351/6482/5743 6330/6493/5751 6300/6494/5752
f 6351/6495/5743 6350/6484/5744 6329/6487/5745 6330/6496/5751
f 4008/5117/4596 4009/5111/4590 6349/6488/5746 6344/6497/5753
f 6344/6497/5753 6349/6488/5746 6348/6489/5747 6343/6498/5754
f 6343/6498/5754 6348/6489/5747 6347/6490/5748 6342/6499/5755
f 6342/6499/5755 6347/6490/5748 6302/6500/5756 6268/6501/5757
f 6347/6490/5748 6346/6491/5749 6301/6502/5758 6302/6500/5756
f 6346/6491/5749 6345/6492/5750 6300/6494/5752 6301/6502/5758
f 4008/5117/4596 6344/6497/5753 6270/6503/5759 4002/5123/4599
f 6344/6497/5753 6343/6498/5754 6269/6504/5760 6270/6503/5759
f 6343/6505/5754 6342/6506/5755 6268/6507/5757 6269/6508/5760
f 6340/6464/5725 6341/5992/5339 6247/6004/5351 6235/6476/5737
f 6337/6474/5735 6339/6473/5734 6338/6475/5736 6336/6509/5761
f 6336/6509/5761 6338/6475/5736 6235/6476/5737 6216/6510/5762
f 6329/6487/5745 6337/6486/5735 6336/6511/5761 6328/6512/5763
f 6328/6513/5763 6336/6509/5761 6335/6514/5764 6326/6515/5765
f 6336/6509/5761 6216/6510/5762 6212/6516/5766 6335/6514/5764
f 6326/6515/5765 6335/6514/5764 6212/6516/5766 6175/6517/5767
f 6310/6518/5768 6334/6519/5769 6331/6520/5770 6303/6521/5771
f 6334/6519/5769 6310/6518/5768 6143/6522/5772 6191/6523/5773
f 6334/6519/5769 6191/6523/5773 6183/6524/5774 6331/6520/5770
f 6305/6525/5775 6333/6526/5776 6045/6527/5777 6021/6528/5778
f 6333/6526/5776 6305/6525/5775 6304/6529/5779 6332/6530/5780
f 6333/6526/5776 6332/6530/5780 6044/6531/5781 6045/6527/5777
f 6332/6530/5780 6304/6529/5779 6303/6521/5771 6331/6520/5770
f 6332/6530/5780 6331/6520/5770 6043/6532/5782 6044/6531/5781
f 6331/6520/5770 6183/6524/5774 5964/6533/5783 6043/6532/5782
f 6300/6534/5752 6330/6496/5751 6329/6487/5745 6299/6535/5784
f 6299/6535/5784 6329/6487/5745 6327/6536/5785 6297/6537/5786
f 6329/6487/5745 6328/6512/5763 6326/6538/5765 6327/6536/5785
f 6297/6537/5786 6327/6536/5785 6326/6538/5765 6296/6539/5787
f 6296/6540/5787 6326/6515/5765 6175/6517/5767 6139/6541/5788
f 6282/6542/5789 6325/6543/5790 6320/6544/5791 6275/6545/5792
f 6325/6543/5790 6282/6542/5789 6281/6546/5793 6324/6547/5794
f 6325/6543/5790 6324/6547/5794 6319/6548/5795 6320/6544/5791
f 6324/6547/5794 6281/6546/5793 6280/6549/5796 6323/6550/5797
f 6324/6547/5794 6323/6550/5797 6318/6551/5798 6319/6548/5795
f 6323/6550/5797 6280/6549/5796 6279/6552/5799 6322/6553/5800
f 6323/6550/5797 6322/6553/5800 6317/6554/5801 6318/6551/5798
f 6322/6553/5800 6279/6552/5799 6130/6555/5802 6159/6556/5803
f 6322/6553/5800 6159/6556/5803 6151/6557/5804 6317/6554/5801
f 6276/6558/5805 6321/6559/5806 6314/6560/5807 6272/6561/5808
f 6321/6559/5806 6276/6558/5805 6275/6545/5792 6320/6544/5791
f 6321/6559/5806 6320/6544/5791 6313/6562/5809 6314/6560/5807
f 6320/6544/5791 6319/6548/5795 6312/6563/5810 6313/6562/5809
f 6319/6548/5795 6318/6551/5798 6311/6564/5811 6312/6563/5810
f 6318/6551/5798 6317/6554/5801 6310/6518/5768 6311/6564/5811
f 6317/6554/5801 6151/6557/5804 6143/6522/5772 6310/6518/5768
f 6274/6565/5812 6316/6566/5813 6309/6567/5814 6271/6568/5815
f 6316/6566/5813 6274/6565/5812 6273/6569/5816 6315/6570/5817
f 6316/6566/5813 6315/6570/5817 6308/6571/5818 6309/6567/5814
f 6315/6570/5817 6273/6569/5816 6272/6561/5808 6314/6560/5807
f 6315/6570/5817 6314/6560/5807 6307/6572/5819 6308/6571/5818
f 6314/6560/5807 6313/6562/5809 6306/6573/5820 6307/6572/5819
f 6313/6562/5809 6312/6563/5810 6305/6525/5775 6306/6573/5820
f 6312/6563/5810 6311/6564/5811 6304/6529/5779 6305/6525/5775
f 6311/6564/5811 6310/6518/5768 6303/6521/5771 6304/6529/5779
f 6762/5920/5267 6772/6574/5821 6771/5961/5308 6761/5924/5271
f 4007/5901/5248 4003/5303/4744 6271/6568/5815 6309/6567/5814
f 4007/5901/5248 6309/6567/5814 6025/6575/5822 3988/5504/4900
f 6309/6567/5814 6308/6571/5818 6024/6576/5823 6025/6575/5822
f 6308/6571/5818 6307/6572/5819 6023/6577/5824 6024/6576/5823
f 6307/6572/5819 6306/6573/5820 6022/6578/5825 6023/6577/5824
f 6306/6573/5820 6305/6525/5775 6021/6528/5778 6022/6578/5825
f 6268/6501/5757 6302/6500/5756 6301/6502/5758 6267/6579/5826
f 6267/6579/5826 6301/6502/5758 6300/6494/5752 6266/6580/5827
f 6266/6581/5827 6300/6534/5752 6298/6582/5828 6261/6583/5829
f 6300/6534/5752 6299/6535/5784 6297/6537/5786 6298/6582/5828
f 6261/6583/5829 6298/6582/5828 6297/6537/5786 6260/6584/5830
f 6260/6584/5830 6297/6537/5786 6294/6585/5831 6254/6586/5832
f 6297/6587/5786 6296/6588/5787 6293/6589/5833 6294/6590/5831
f 6296/6588/5787 6139/6591/5788 6138/6592/5834 6293/6589/5833
f 6255/6593/5835 6295/6594/5836 6288/6595/5837 6249/6596/5838
f 6295/6594/5836 6255/6593/5835 6254/6597/5832 6294/6590/5831
f 6295/6594/5836 6294/6590/5831 6287/6598/5839 6288/6595/5837
f 6294/6590/5831 6293/6589/5833 6286/6599/5840 6287/6598/5839
f 6293/6589/5833 6138/6592/5834 6134/6600/5841 6286/6599/5840
f 6253/6601/5842 6292/6602/5843 6285/6603/5844 6248/6604/5845
f 6292/6602/5843 6253/6601/5842 6252/6605/5846 6291/6606/5847
f 6292/6602/5843 6291/6606/5847 6284/6607/5848 6285/6603/5844
f 6291/6606/5847 6252/6605/5846 6251/6608/5849 6290/6609/5850
f 6291/6606/5847 6290/6609/5850 6283/6610/5851 6284/6607/5848
f 6290/6609/5850 6251/6608/5849 6250/6611/5852 6289/6612/5853
f 6290/6609/5850 6289/6612/5853 6282/6542/5789 6283/6610/5851
f 6289/6612/5853 6250/6611/5852 6249/6596/5838 6288/6595/5837
f 6289/6612/5853 6288/6595/5837 6281/6546/5793 6282/6542/5789
f 4040/4221/3782 426/475/430 3093/1647/1485 1254/1648/1486
f 6288/6595/5837 6287/6598/5839 6280/6549/5796 6281/6546/5793
f 6287/6598/5839 6286/6599/5840 6279/6552/5799 6280/6549/5796
f 6286/6599/5840 6134/6600/5841 6130/6555/5802 6279/6552/5799
f 4006/5277/4718 3998/5276/4717 6248/6604/5845 6285/6603/5844
f 4006/5277/4718 6285/6603/5844 6278/6613/5854 4005/5278/4719
f 6285/6603/5844 6284/6607/5848 6277/6614/5855 6278/6613/5854
f 6284/6607/5848 6283/6610/5851 6276/6558/5805 6277/6614/5855
f 6283/6610/5851 6282/6542/5789 6275/6545/5792 6276/6558/5805
f 4005/5278/4719 6278/6613/5854 6274/6565/5812 4004/5284/4725
f 6278/6613/5854 6277/6614/5855 6273/6569/5816 6274/6565/5812
f 6277/6614/5855 6276/6558/5805 6272/6561/5808 6273/6569/5816
f 4004/5284/4725 6274/6565/5812 6271/6568/5815 4003/5303/4744
f 4002/5318/4599 6270/6615/5759 6265/6616/5856 4001/5319/4757
f 6270/6615/5759 6269/6508/5760 6264/6617/5857 6265/6616/5856
f 6269/6508/5760 6268/6507/5757 6263/6618/5858 6264/6617/5857
f 6268/6507/5757 6267/6619/5826 6262/6620/5859 6263/6618/5858
f 6267/6619/5826 6266/6621/5827 6261/6622/5829 6262/6620/5859
f 4001/5319/4757 6265/6616/5856 6259/6623/5860 4000/5337/4771
f 6265/6616/5856 6264/6617/5857 6258/6624/5861 6259/6623/5860
f 6264/6617/5857 6263/6618/5858 6257/6625/5862 6258/6624/5861
f 6263/6618/5858 6262/6620/5859 6256/6626/5863 6257/6625/5862
f 6262/6620/5859 6261/6622/5829 6255/6593/5835 6256/6626/5863
f 6261/6622/5829 6260/6627/5830 6254/6597/5832 6255/6593/5835
f 4000/5337/4771 6259/6623/5860 6253/6601/5842 3999/5345/4778
f 6259/6623/5860 6258/6624/5861 6252/6605/5846 6253/6601/5842
f 6258/6624/5861 6257/6625/5862 6251/6608/5849 6252/6605/5846
f 6257/6625/5862 6256/6626/5863 6250/6611/5852 6251/6608/5849
f 6256/6626/5863 6255/6593/5835 6249/6596/5838 6250/6611/5852
f 3999/5345/4778 6253/6601/5842 6248/6604/5845 3998/5276/4717
f 6235/6476/5737 6247/6004/5351 6246/6106/5436 6234/6628/5864
f 6234/6628/5864 6246/6106/5436 6245/6107/5437 6233/6629/5865
f 6233/6629/5865 6245/6107/5437 6244/6109/5438 6232/6630/5866
f 6232/6630/5866 6244/6109/5438 6243/6115/5440 6231/6631/5867
f 6231/6631/5867 6243/6115/5440 6242/6116/5441 6229/6632/5868
f 6229/6632/5868 6242/6116/5441 6241/6117/5442 6228/6633/5869
f 6228/6633/5869 6241/6117/5442 6240/6118/5443 6227/6634/5870
f 6227/6634/5870 6240/6118/5443 6238/6635/5871 6225/6636/5872
f 6240/6637/5443 6239/6120/5444 6237/6121/5445 6238/6638/5871
f 6225/6639/5872 6238/6638/5871 6237/6121/5445 6224/6640/5873
f 6224/6640/5873 6237/6121/5445 6236/6641/5874 6223/6642/5875
f 6237/6121/5445 6128/6122/5446 6127/6203/5516 6236/6641/5874
f 6223/6642/5875 6236/6641/5874 6127/6203/5516 6120/6643/5876
f 6216/6510/5762 6235/6476/5737 6234/6628/5864 6215/6644/5877
f 6215/6644/5877 6234/6628/5864 6233/6629/5865 6214/6645/5878
f 6214/6645/5878 6233/6629/5865 6232/6630/5866 6213/6646/5879
f 6213/6646/5879 6232/6630/5866 6230/6647/5880 6209/6648/5881
f 6232/6630/5866 6231/6631/5867 6229/6632/5868 6230/6647/5880
f 6209/6648/5881 6230/6647/5880 6229/6632/5868 6208/6649/5882
f 6208/6650/5882 6229/6651/5868 6228/6652/5869 6207/6653/5883
f 6207/6654/5883 6228/6655/5869 6226/6656/5884 6204/6657/5885
f 6228/6633/5869 6227/6634/5870 6225/6636/5872 6226/6658/5884
f 6204/6659/5885 6226/6658/5884 6225/6636/5872 6203/6660/5886
f 6203/6661/5886 6225/6639/5872 6224/6640/5873 6202/6662/5887
f 6202/6662/5887 6224/6640/5873 6223/6642/5875 6198/6663/5888
f 6198/6664/5888 6223/6665/5875 6120/6666/5876 6109/6667/5889
f 6181/6668/5890 6222/6669/5891 5989/6670/5892 5962/6671/5893
f 6222/6669/5891 6181/6668/5890 6180/6672/5894 6221/6673/5895
f 6222/6669/5891 6221/6673/5895 5988/6674/5896 5989/6670/5892
f 6221/6673/5895 6180/6672/5894 6179/6675/5897 6220/6676/5898
f 6221/6673/5895 6220/6676/5898 5987/6677/5899 5988/6674/5896
f 6220/6676/5898 6179/6675/5897 6178/6678/5900 6219/6679/5901
f 6220/6676/5898 6219/6679/5901 5986/6680/5902 5987/6677/5899
f 6219/6679/5901 6178/6678/5900 6177/6681/5903 6218/6682/5904
f 6219/6679/5901 6218/6682/5904 5985/6683/5905 5986/6680/5902
f 6218/6682/5904 6177/6681/5903 6176/6684/5906 6217/6685/5907
f 6218/6682/5904 6217/6685/5907 5984/6686/5908 5985/6683/5905
f 6217/6685/5907 6176/6684/5906 6099/6687/5909 6112/6688/5910
f 6217/6685/5907 6112/6688/5910 5945/6689/5911 5984/6686/5908
f 6216/6510/5762 6215/6644/5877 6211/6690/5912 6212/6516/5766
f 6215/6644/5877 6214/6645/5878 6210/6691/5913 6211/6690/5912
f 6214/6645/5878 6213/6646/5879 6209/6648/5881 6210/6691/5913
f 6175/6517/5767 6212/6516/5766 6211/6690/5912 6174/6692/5914
f 6174/6692/5914 6211/6690/5912 6210/6691/5913 6173/6693/5915
f 6173/6693/5915 6210/6691/5913 6209/6648/5881 6172/6694/5916
f 6172/6695/5916 6209/6696/5881 6206/6697/5917 6168/6698/5918
f 6209/6699/5881 6208/6700/5882 6205/6701/5919 6206/6702/5917
f 6208/6700/5882 6207/6654/5883 6204/6657/5885 6205/6701/5919
f 6168/6703/5918 6206/6702/5917 6205/6701/5919 6167/6704/5920
f 6167/6704/5920 6205/6701/5919 6201/6705/5921 6163/6706/5922
f 6205/6701/5919 6204/6657/5885 6200/6707/5923 6201/6705/5921
f 6204/6659/5885 6203/6660/5886 6199/6708/5924 6200/6709/5923
f 6203/6710/5886 6202/6711/5887 6198/6712/5888 6199/6713/5924
f 6163/6714/5922 6201/6715/5921 6200/6709/5923 6162/6716/5925
f 6162/6716/5925 6200/6709/5923 6199/6708/5924 6161/6717/5926
f 6161/6717/5926 6199/6708/5924 6198/6664/5888 6160/6718/5927
f 6160/6718/5927 6198/6664/5888 6109/6667/5889 6097/6719/5928
f 6149/6720/5929 6197/6721/5930 6189/6722/5931 6141/6723/5932
f 6197/6721/5930 6149/6720/5929 6148/6724/5933 6196/6725/5934
f 6197/6721/5930 6196/6725/5934 6188/6726/5935 6189/6722/5931
f 6196/6725/5934 6148/6724/5933 6147/6727/5936 6195/6728/5937
f 6196/6725/5934 6195/6728/5937 6187/6729/5938 6188/6726/5935
f 6195/6728/5937 6147/6727/5936 6146/6730/5939 6194/6731/5940
f 6195/6728/5937 6194/6731/5940 6186/6732/5941 6187/6729/5938
f 6194/6731/5940 6146/6730/5939 6145/6733/5942 6193/6734/5943
f 6194/6731/5940 6193/6734/5943 6185/6735/5944 6186/6732/5941
f 6193/6734/5943 6145/6733/5942 6144/6736/5945 6192/6737/5946
f 6193/6734/5943 6192/6737/5946 6184/6738/5947 6185/6735/5944
f 6192/6737/5946 6144/6736/5945 6140/6739/5948 6184/6738/5947
f 6191/6523/5773 6143/6522/5772 6142/6740/5949 6190/6741/5950
f 6191/6523/5773 6190/6741/5950 6182/6742/5951 6183/6524/5774
f 6190/6741/5950 6142/6740/5949 6141/6723/5932 6189/6722/5931
f 6190/6741/5950 6189/6722/5931 6181/6668/5890 6182/6742/5951
f 6189/6722/5931 6188/6726/5935 6180/6672/5894 6181/6668/5890
f 6188/6726/5935 6187/6729/5938 6179/6675/5897 6180/6672/5894
f 6187/6729/5938 6186/6732/5941 6178/6678/5900 6179/6675/5897
f 6186/6732/5941 6185/6735/5944 6177/6681/5903 6178/6678/5900
f 6185/6735/5944 6184/6738/5947 6176/6684/5906 6177/6681/5903
f 6184/6738/5947 6140/6739/5948 6092/6743/5952 6102/6744/5953
f 6184/6738/5947 6102/6744/5953 6099/6687/5909 6176/6684/5906
f 6183/6524/5774 6182/6742/5951 5963/6745/5954 5964/6533/5783
f 6182/6742/5951 6181/6668/5890 5962/6671/5893 5963/6745/5954
f 6139/6541/5788 6175/6517/5767 6171/6746/5955 6138/6747/5834
f 6175/6517/5767 6174/6692/5914 6170/6748/5956 6171/6746/5955
f 6174/6692/5914 6173/6693/5915 6169/6749/5957 6170/6748/5956
f 6173/6750/5915 6172/6751/5916 6168/6703/5918 6169/6752/5957
f 6138/6747/5834 6171/6746/5955 6170/6748/5956 6137/6753/5958
f 6137/6754/5958 6170/6755/5956 6169/6752/5957 6136/6756/5959
f 6136/6756/5959 6169/6752/5957 6168/6703/5918 6135/6757/5960
f 6135/6757/5960 6168/6703/5918 6164/6758/5961 6131/6759/5962
f 6168/6703/5918 6167/6704/5920 6163/6706/5922 6164/6758/5961
f 6133/6760/5963 6166/6761/5964 6158/6762/5965 6129/6763/5966
f 6166/6761/5964 6133/6760/5963 6132/6764/5967 6165/6765/5968
f 6166/6761/5964 6165/6765/5968 6157/6766/5969 6158/6762/5965
f 6165/6765/5968 6132/6764/5967 6131/6759/5962 6164/6758/5961
f 6165/6765/5968 6164/6758/5961 6156/6767/5970 6157/6766/5969
f 6164/6758/5961 6163/6706/5922 6155/6768/5971 6156/6767/5970
f 6163/6706/5922 6162/6769/5925 6154/6770/5972 6155/6768/5971
f 6162/6769/5925 6161/6771/5926 6153/6772/5973 6154/6770/5972
f 6161/6771/5926 6160/6773/5927 6152/6774/5974 6153/6772/5973
f 6160/6773/5927 6097/6775/5928 6096/6776/5975 6152/6774/5974
f 6159/6556/5803 6130/6555/5802 6129/6763/5966 6158/6762/5965
f 6159/6556/5803 6158/6762/5965 6150/6777/5976 6151/6557/5804
f 6158/6762/5965 6157/6766/5969 6149/6720/5929 6150/6777/5976
f 6157/6766/5969 6156/6767/5970 6148/6724/5933 6149/6720/5929
f 6156/6767/5970 6155/6768/5971 6147/6727/5936 6148/6724/5933
f 6155/6768/5971 6154/6770/5972 6146/6730/5939 6147/6727/5936
f 6154/6770/5972 6153/6772/5973 6145/6733/5942 6146/6730/5939
f 6153/6772/5973 6152/6774/5974 6144/6736/5945 6145/6733/5942
f 6152/6774/5974 6096/6776/5975 6094/6778/5977 6144/6736/5945
f 6151/6557/5804 6150/6777/5976 6142/6740/5949 6143/6522/5772
f 6150/6777/5976 6149/6720/5929 6141/6723/5932 6142/6740/5949
f 6144/6736/5945 6094/6778/5977 6092/6743/5952 6140/6739/5948
f 6138/6592/5834 6137/6754/5958 6133/6760/5963 6134/6600/5841
f 6137/6754/5958 6136/6756/5959 6132/6764/5967 6133/6760/5963
f 6136/6756/5959 6135/6757/5960 6131/6759/5962 6132/6764/5967
f 6134/6600/5841 6133/6760/5963 6129/6763/5966 6130/6555/5802
f 6120/6666/5876 6127/6204/5516 6126/6205/5517 6119/6779/5978
f 6119/6780/5978 6126/6206/5517 6125/6208/5518 6118/6781/5979
f 6118/6781/5979 6125/6208/5518 6124/6209/5519 6117/6782/5980
f 6117/6782/5980 6124/6209/5519 6123/6210/5520 6115/6783/5981
f 6115/6783/5981 6123/6210/5520 6122/6211/5521 6113/6784/5982
f 6113/6784/5982 6122/6211/5521 6121/6212/5522 6110/6785/5983
f 6110/6785/5983 6121/6212/5522 5957/6213/5523 5943/6786/5984
f 6109/6667/5889 6120/6666/5876 6119/6779/5978 6108/6787/5985
f 6108/6788/5985 6119/6780/5978 6118/6781/5979 6106/6789/5986
f 6106/6789/5986 6118/6781/5979 6116/6790/5987 6104/6791/5988
f 6118/6781/5979 6117/6782/5980 6115/6783/5981 6116/6790/5987
f 6104/6791/5988 6116/6790/5987 6115/6783/5981 6103/6792/5989
f 6103/6792/5989 6115/6783/5981 6113/6784/5982 6100/6793/5990
f 6101/6794/5991 6114/6795/5992 6111/6796/5993 6098/6797/5994
f 6114/6795/5992 6101/6794/5991 6100/6798/5990 6113/6799/5982
f 6114/6795/5992 6113/6799/5982 6110/6800/5983 6111/6796/5993
f 6112/6688/5910 6099/6687/5909 6098/6797/5994 6111/6796/5993
f 6112/6688/5910 6111/6796/5993 5944/6801/5995 5945/6689/5911
f 6111/6796/5993 6110/6800/5983 5943/6802/5984 5944/6801/5995
f 6097/6719/5928 6109/6667/5889 6107/6803/5996 6096/6804/5975
f 6109/6805/5889 6108/6788/5985 6106/6789/5986 6107/6806/5996
f 6096/6807/5975 6107/6806/5996 6106/6789/5986 6095/6808/5997
f 6095/6808/5997 6106/6789/5986 6104/6791/5988 6093/6809/5998
f 6094/6778/5977 6105/6810/5999 6102/6744/5953 6092/6743/5952
f 6105/6810/5999 6094/6778/5977 6093/6811/5998 6104/6812/5988
f 6105/6810/5999 6104/6812/5988 6101/6794/5991 6102/6744/5953
f 6104/6812/5988 6103/6813/5989 6100/6798/5990 6101/6794/5991
f 6102/6744/5953 6101/6794/5991 6098/6797/5994 6099/6687/5909
f 6096/6776/5975 6095/6814/5997 6093/6811/5998 6094/6778/5977
f 6058/6815/6000 6091/6816/6001 6086/6817/6002 6051/6818/6003
f 6091/6816/6001 6058/6815/6000 6057/6819/6004 6090/6820/6005
f 6091/6816/6001 6090/6820/6005 6085/6227/5537 6086/6817/6002
f 6090/6821/6005 6057/6822/6004 5968/6823/6006 6006/6824/6007
f 6090/6820/6005 6006/6825/6007 5998/6231/5541 6085/6227/5537
f 6054/6826/6008 6089/6827/6009 6082/6828/6010 6048/6829/6011
f 6089/6827/6009 6054/6826/6008 6053/6830/6012 6088/6831/6013
f 6089/6827/6009 6088/6831/6013 6081/6832/6014 6082/6828/6010
f 6088/6831/6013 6053/6830/6012 6052/6833/6015 6087/6834/6016
f 6088/6831/6013 6087/6834/6016 6080/6835/6017 6081/6832/6014
f 6087/6834/6016 6052/6833/6015 6051/6818/6003 6086/6817/6002
f 6087/6834/6016 6086/6817/6002 6079/6234/5544 6080/6835/6017
f 6086/6817/6002 6085/6227/5537 6078/6230/5540 6079/6234/5544
f 6050/6836/6018 6084/6837/6019 6077/6838/6020 6047/6839/6021
f 6084/6837/6019 6050/6836/6018 6049/6840/6022 6083/6841/6023
f 6084/6837/6019 6083/6841/6023 6076/6842/6024 6077/6838/6020
f 6083/6841/6023 6049/6840/6022 6048/6829/6011 6082/6828/6010
f 6083/6841/6023 6082/6828/6010 6075/6843/6025 6076/6842/6024
f 6082/6828/6010 6081/6832/6014 6074/6844/6026 6075/6843/6025
f 6081/6832/6014 6080/6835/6017 6073/6238/5548 6074/6844/6026
f 6080/6835/6017 6079/6234/5544 6072/6237/5547 6073/6238/5548
f 3997/5418/4840 3992/5417/4839 6047/6839/6021 6077/6838/6020
f 3997/5418/4840 6077/6838/6020 6071/6845/6027 3996/5419/4841
f 6077/6838/6020 6076/6842/6024 6070/6846/6028 6071/6845/6027
f 6076/6842/6024 6075/6843/6025 6069/6242/5552 6070/6846/6028
f 6075/6843/6025 6074/6844/6026 6068/6246/5556 6069/6242/5552
f 6074/6844/6026 6073/6238/5548 6067/6241/5551 6068/6246/5556
f 3996/5419/4841 6071/6845/6027 5256/6847/6029 3635/5429/4850
f 6071/6845/6027 6070/6846/6028 5255/6848/6030 5256/6847/6029
f 6070/6846/6028 6069/6242/5552 5254/6245/5555 5255/6848/6030
f 6033/6849/6031 6066/6850/6032 6059/6851/6033 6026/6852/6034
f 6066/6850/6032 6033/6849/6031 6032/6853/6035 6065/6854/6036
f 6066/6850/6032 6065/6854/6036 6058/6815/6000 6059/6851/6033
f 6065/6854/6036 6032/6853/6035 6031/6855/6037 6064/6856/6038
f 6065/6854/6036 6064/6856/6038 6057/6819/6004 6058/6815/6000
f 6064/6856/6038 6031/6855/6037 5959/6857/6039 5975/6858/6040
f 6064/6856/6038 5975/6858/6040 5968/6859/6006 6057/6819/6004
f 6763/5918/5265 6773/6860/6041 6772/6574/5821 6762/5920/5267
f 3995/6861/5247 3990/6862/4894 6030/6863/6042 6063/6864/6043
f 3995/5900/5247 6063/6865/6043 6056/6866/6044 3994/5464/4873
f 6063/6864/6043 6030/6863/6042 6029/6867/6045 6062/6868/6046
f 6063/6865/6043 6062/6869/6046 6055/6870/6047 6056/6866/6044
f 6062/6868/6046 6029/6867/6045 6028/6871/6048 6061/6872/6049
f 6062/6869/6046 6061/6873/6049 6054/6826/6008 6055/6870/6047
f 6061/6872/6049 6028/6871/6048 6027/6874/6050 6060/6875/6051
f 6061/6873/6049 6060/6876/6051 6053/6830/6012 6054/6826/6008
f 6060/6875/6051 6027/6874/6050 6026/6877/6034 6059/6878/6033
f 6060/6876/6051 6059/6851/6033 6052/6833/6015 6053/6830/6012
f 6059/6851/6033 6058/6815/6000 6051/6818/6003 6052/6833/6015
f 3994/5464/4873 6056/6866/6044 6050/6836/6018 3993/5465/4874
f 6056/6866/6044 6055/6870/6047 6049/6840/6022 6050/6836/6018
f 6055/6870/6047 6054/6826/6008 6048/6829/6011 6049/6840/6022
f 3993/5465/4874 6050/6836/6018 6047/6839/6021 3992/5417/4839
f 6022/6578/5825 6046/6879/6052 6041/6880/6053 6017/6881/6054
f 6046/6879/6052 6022/6578/5825 6021/6528/5778 6045/6527/5777
f 6046/6879/6052 6045/6527/5777 6040/6882/6055 6041/6880/6053
f 6045/6527/5777 6044/6531/5781 6039/6883/6056 6040/6882/6055
f 6044/6531/5781 6043/6532/5782 6038/6884/6057 6039/6883/6056
f 6043/6532/5782 5964/6533/5783 5961/6885/6058 6038/6884/6057
f 6018/6886/6059 6042/6887/6060 6035/6888/6061 6014/6889/6062
f 6042/6887/6060 6018/6886/6059 6017/6881/6054 6041/6880/6053
f 6042/6887/6060 6041/6880/6053 6034/6890/6063 6035/6888/6061
f 6041/6880/6053 6040/6882/6055 6033/6849/6031 6034/6890/6063
f 6040/6882/6055 6039/6883/6056 6032/6853/6035 6033/6849/6031
f 6039/6883/6056 6038/6884/6057 6031/6855/6037 6032/6853/6035
f 6038/6884/6057 5961/6885/6058 5959/6857/6039 6031/6855/6037
f 6764/5916/5263 6774/6891/6064 6773/6860/6041 6763/5918/5265
f 3991/5899/5246 3986/5525/4918 6016/6892/6065 6037/6893/6066
f 3991/5899/5246 6037/6893/6066 6030/6894/6042 3990/5498/4894
f 6037/6893/6066 6016/6892/6065 6015/6895/6067 6036/6896/6068
f 6037/6893/6066 6036/6896/6068 6029/6897/6045 6030/6894/6042
f 6036/6896/6068 6015/6895/6067 6014/6889/6062 6035/6888/6061
f 6036/6896/6068 6035/6888/6061 6028/6898/6048 6029/6897/6045
f 6035/6888/6061 6034/6890/6063 6027/6899/6050 6028/6898/6048
f 6034/6890/6063 6033/6849/6031 6026/6852/6034 6027/6899/6050
f 3988/5504/4900 6025/6575/5822 6020/6900/6069 3987/5505/4901
f 6025/6575/5822 6024/6576/5823 6019/6901/6070 6020/6900/6069
f 6024/6576/5823 6023/6577/5824 6018/6886/6059 6019/6901/6070
f 6023/6577/5824 6022/6578/5825 6017/6881/6054 6018/6886/6059
f 3987/5505/4901 6020/6900/6069 6016/6892/6065 3986/5525/4918
f 6020/6900/6069 6019/6901/6070 6015/6895/6067 6016/6892/6065
f 6019/6901/6070 6018/6886/6059 6014/6889/6062 6015/6895/6067
f 5977/6902/6071 6013/6903/6072 6008/6904/6073 5969/6905/6074
f 6013/6903/6072 5977/6902/6071 5976/6906/6075 6012/6907/6076
f 6013/6903/6072 6012/6907/6076 6007/6908/6077 6008/6904/6073
f 6012/6907/6076 5976/6906/6075 5942/6909/6078 5956/6910/6079
f 6012/6907/6076 5956/6910/6079 5953/6911/6080 6007/6908/6077
f 5972/6912/6081 6011/6913/6082 6003/6914/6083 5965/6915/6084
f 6011/6913/6082 5972/6912/6081 5971/6916/6085 6010/6917/6086
f 6011/6913/6082 6010/6917/6086 6002/6918/6087 6003/6914/6083
f 6010/6917/6086 5971/6916/6085 5970/6919/6088 6009/6920/6089
f 6010/6917/6086 6009/6920/6089 6001/6921/6090 6002/6918/6087
f 6009/6920/6089 5970/6919/6088 5969/6905/6074 6008/6904/6073
f 6009/6920/6089 6008/6904/6073 6000/6922/6091 6001/6921/6090
f 6008/6904/6073 6007/6908/6077 5999/6923/6092 6000/6922/6091
f 6007/6908/6077 5953/6911/6080 5950/6924/6093 5999/6923/6092
f 6006/6824/6007 5968/6823/6006 5967/6925/6094 6005/6926/6095
f 6006/6825/6007 6005/6927/6095 5997/6324/5614 5998/6231/5541
f 6005/6927/6095 5967/6928/6094 5966/6929/6096 6004/6930/6097
f 6005/6927/6095 6004/6930/6097 5996/6327/5617 5997/6324/5614
f 6004/6930/6097 5966/6929/6096 5965/6915/6084 6003/6914/6083
f 6004/6930/6097 6003/6914/6083 5995/6330/5620 5996/6327/5617
f 6003/6914/6083 6002/6918/6087 5994/6333/5623 5995/6330/5620
f 6002/6918/6087 6001/6921/6090 5993/6335/5625 5994/6333/5623
f 6001/6921/6090 6000/6922/6091 5992/6337/5627 5993/6335/5625
f 6000/6922/6091 5999/6923/6092 5991/6339/5629 5992/6337/5627
f 5999/6923/6092 5950/6924/6093 5947/6341/5631 5991/6339/5629
f 5963/6745/5954 5990/6931/6098 5982/6932/6099 5960/6933/6100
f 5990/6931/6098 5963/6745/5954 5962/6671/5893 5989/6670/5892
f 5990/6931/6098 5989/6670/5892 5981/6934/6101 5982/6932/6099
f 5989/6670/5892 5988/6674/5896 5980/6935/6102 5981/6934/6101
f 5988/6674/5896 5987/6677/5899 5979/6936/6103 5980/6935/6102
f 5987/6677/5899 5986/6680/5902 5978/6937/6104 5979/6936/6103
f 5986/6680/5902 5985/6683/5905 5977/6902/6071 5978/6937/6104
f 5985/6683/5905 5984/6686/5908 5976/6906/6075 5977/6902/6071
f 5984/6686/5908 5945/6689/5911 5942/6909/6078 5976/6906/6075
f 5961/6885/6058 5983/6938/6105 5975/6858/6040 5959/6857/6039
f 5983/6938/6105 5961/6885/6058 5960/6933/6100 5982/6932/6099
f 5983/6938/6105 5982/6932/6099 5974/6939/6106 5975/6858/6040
f 5982/6932/6099 5981/6934/6101 5973/6940/6107 5974/6939/6106
f 5981/6934/6101 5980/6935/6102 5972/6912/6081 5973/6940/6107
f 5980/6935/6102 5979/6936/6103 5971/6916/6085 5972/6912/6081
f 5979/6936/6103 5978/6937/6104 5970/6919/6088 5971/6916/6085
f 5978/6937/6104 5977/6902/6071 5969/6905/6074 5970/6919/6088
f 5975/6858/6040 5974/6939/6106 5967/6928/6094 5968/6859/6006
f 5974/6939/6106 5973/6940/6107 5966/6929/6096 5967/6928/6094
f 5973/6940/6107 5972/6912/6081 5965/6915/6084 5966/6929/6096
f 5964/6533/5783 5963/6745/5954 5960/6933/6100 5961/6885/6058
f 5944/6801/5995 5958/6941/6108 5955/6942/6109 5941/6943/6110
f 5958/6941/6108 5944/6801/5995 5943/6802/5984 5957/6944/5523
f 5958/6941/6108 5957/6944/5523 5954/6945/5710 5955/6942/6109
f 5956/6910/6079 5942/6909/6078 5941/6943/6110 5955/6942/6109
f 5956/6910/6079 5955/6942/6109 5952/6946/6111 5953/6911/6080
f 5955/6942/6109 5954/6945/5710 5951/6947/5711 5952/6946/6111
f 5953/6911/6080 5952/6946/6111 5949/6446/5713 5950/6924/6093
f 5952/6946/6111 5951/6947/5711 5948/6948/5712 5949/6446/5713
f 5950/6924/6093 5949/6446/5713 5946/6448/5715 5947/6341/5631
f 5945/6689/5911 5944/6801/5995 5941/6943/6110 5942/6909/6078
f 6765/5914/5261 6775/6949/6112 6774/6891/6064 6764/5916/5263
f 6766/5912/5259 6776/6950/6113 6775/6949/6112 6765/5914/5261
f 6767/5910/5257 6777/6951/6114 6776/6950/6113 6766/5912/5259
f 4025/4666/4201 4027/4308/3869 6777/6951/6114 6767/5910/5257
f 6460/6356/5646 6778/6952/6115 5866/6953/6116 5333/6358/5648
f 6461/6354/5644 6779/6954/6117 6778/6952/6115 6460/6356/5646
f 6462/6352/5642 6780/6955/6118 6779/6954/6117 6461/6354/5644
f 6463/6350/5640 6782/6956/6119 6780/6955/6118 6462/6352/5642
f 6782/6956/6119 6783/6957/6120 6781/6958/6121 6780/6955/6118
f 6464/6348/5638 6784/6959/6122 6782/6956/6119 6463/6350/5640
f 6784/6959/6122 6785/6960/6123 6783/6957/6120 6782/6956/6119
f 6465/6346/5636 6786/6961/6124 6784/6959/6122 6464/6348/5638
f 6786/6961/6124 6787/6962/6125 6785/6960/6123 6784/6959/6122
f 6466/6344/5634 6788/6963/6126 6786/6961/6124 6465/6346/5636
f 6788/6963/6126 6789/6964/6127 6787/6962/6125 6786/6961/6124
f 6467/6142/5464 6790/6965/6128 6788/6963/6126 6466/6344/5634
f 6778/6952/6115 6791/6966/6129 5880/6967/6130 5866/6953/6116
f 6779/6954/6117 6792/6968/6131 6791/6966/6129 6778/6952/6115
f 6780/6955/6118 6793/6969/6132 6792/6968/6131 6779/6954/6117
f 6781/6958/6121 6794/6970/6133 6793/6969/6132 6780/6955/6118
f 6796/6971/6134 6795/6972/6135 6793/6969/6132 6794/6970/6133
f 6783/6957/6120 6796/6971/6134 6794/6970/6133 6781/6958/6121
f 6785/6960/6123 6797/6973/6136 6796/6971/6134 6783/6957/6120
f 6787/6962/6125 6798/6974/6137 6797/6973/6136 6785/6960/6123
f 6800/6975/6138 6789/6964/6127 6788/6963/6126 6799/6976/6139
f 6789/6964/6127 6800/6975/6138 6798/6974/6137 6787/6962/6125
f 6790/6965/6128 6801/6977/6140 6799/6976/6139 6788/6963/6126
f 6801/6977/6140 6802/6978/6141 6800/6975/6138 6799/6976/6139
f 6791/6966/6129 6803/6979/6142 5892/6980/6143 5880/6967/6130
f 6792/6968/6131 6804/6981/6144 6803/6979/6142 6791/6966/6129
f 6793/6969/6132 6805/6982/6145 6804/6981/6144 6792/6968/6131
f 6795/6972/6135 6806/6983/6146 6805/6982/6145 6793/6969/6132
f 6796/6971/6134 6807/6984/6147 6806/6983/6146 6795/6972/6135
f 6809/6985/6148 6808/6986/6149 6806/6983/6146 6807/6984/6147
f 6797/6973/6136 6809/6985/6148 6807/6984/6147 6796/6971/6134
f 6798/6974/6137 6810/6987/6150 6809/6985/6148 6797/6973/6136
f 6800/6975/6138 6811/6988/6151 6810/6987/6150 6798/6974/6137
f 6802/6978/6141 6812/6989/6152 6811/6988/6151 6800/6975/6138
f 6803/6979/6142 6813/6990/6153 5901/6991/6154 5892/6980/6143
f 6804/6981/6144 6814/6992/6155 6813/6990/6153 6803/6979/6142
f 6805/6982/6145 6815/6993/6156 6814/6992/6155 6804/6981/6144
f 6806/6983/6146 6816/6994/6157 6815/6993/6156 6805/6982/6145
f 6808/6986/6149 6817/6995/6158 6816/6994/6157 6806/6983/6146
f 6809/6985/6148 6818/6996/6159 6817/6995/6158 6808/6986/6149
f 6820/6997/6160 6819/6998/6161 6817/6995/6158 6818/6996/6159
f 6810/6987/6150 6820/6997/6160 6818/6996/6159 6809/6985/6148
f 6811/6988/6151 6821/6999/6162 6820/6997/6160 6810/6987/6150
f 6812/6989/6152 6822/7000/6163 6821/6999/6162 6811/6988/6151
f 6813/6990/6153 6823/7001/6164 5912/7002/6165 5901/6991/6154
f 6814/6992/6155 6824/7003/6166 6823/7001/6164 6813/6990/6153
f 6815/6993/6156 6825/7004/6167 6824/7003/6166 6814/6992/6155
f 6816/6994/6157 6826/7005/6168 6825/7004/6167 6815/6993/6156
f 6817/6995/6158 6827/7006/6169 6826/7005/6168 6816/6994/6157
f 6819/6998/6161 6828/7007/6170 6827/7006/6169 6817/6995/6158
f 6820/6997/6160 6829/7008/6171 6828/7007/6170 6819/6998/6161
f 6831/7009/6172 6830/7010/6173 6828/7007/6170 6829/7008/6171
f 6821/6999/6162 6831/7009/6172 6829/7008/6171 6820/6997/6160
f 6822/7000/6163 6832/7011/6174 6831/7009/6172 6821/6999/6162
f 6823/7001/6164 6833/7012/6175 5923/7013/6176 5912/7002/6165
f 6824/7003/6166 6834/7014/6177 6833/7012/6175 6823/7001/6164
f 6825/7004/6167 6835/7015/6178 6834/7014/6177 6824/7003/6166
f 6826/7005/6168 6836/7016/6179 6835/7015/6178 6825/7004/6167
f 6827/7006/6169 6837/7017/6180 6836/7016/6179 6826/7005/6168
f 6828/7007/6170 6838/7018/6181 6837/7017/6180 6827/7006/6169
f 6830/7010/6173 6840/7019/6182 6838/7018/6181 6828/7007/6170
f 6840/7019/6182 6841/7020/6183 6839/7021/6184 6838/7018/6181
f 6831/7009/6172 6841/7020/6183 6840/7019/6182 6830/7010/6173
f 6832/7011/6174 6842/7022/6185 6841/7020/6183 6831/7009/6172
f 6833/7012/6175 6843/7023/6186 5932/7024/6187 5923/7013/6176
f 6834/7014/6177 6844/7025/6188 6843/7023/6186 6833/7012/6175
f 6835/7015/6178 6845/7026/6189 6844/7025/6188 6834/7014/6177
f 6836/7016/6179 6846/7027/6190 6845/7026/6189 6835/7015/6178
f 6837/7017/6180 6848/7028/6191 6846/7027/6190 6836/7016/6179
f 6848/7028/6191 6849/7029/6192 6847/7030/6193 6846/7027/6190
f 6838/7018/6181 6850/7031/6194 6848/7028/6191 6837/7017/6180
f 6850/7031/6194 6851/7032/6195 6849/7029/6192 6848/7028/6191
f 6839/7021/6184 6851/7032/6195 6850/7031/6194 6838/7018/6181
f 6841/7020/6183 6852/7033/6196 6851/7032/6195 6839/7021/6184
f 6842/7022/6185 6853/7034/6197 6852/7033/6196 6841/7020/6183
f 6843/7023/6186 1219/2004/1824 1218/2005/1825 5932/7024/6187
f 6844/7025/6188 1220/2003/1823 1219/2004/1824 6843/7023/6186
f 6845/7026/6189 1221/2002/1822 1220/2003/1823 6844/7025/6188
f 6846/7027/6190 6854/7035/6198 1221/2002/1822 6845/7026/6189
f 6854/7035/6198 1223/2000/1820 1222/2001/1821 1221/2002/1822
f 6847/7030/6193 1223/2000/1820 6854/7035/6198 6846/7027/6190
f 6849/7029/6192 1224/1999/1819 1223/2000/1820 6847/7030/6193
f 6851/7032/6195 1225/1998/1818 1224/1999/1819 6849/7029/6192
f 6852/7033/6196 1226/1997/1817 1225/1998/1818 6851/7032/6195
f 6853/7034/6197 1227/1928/1748 1226/1997/1817 6852/7033/6196
f 6599/6141/5463 6855/7036/6199 6790/6965/6128 6467/6142/5464
f 6600/6137/5459 6856/7037/6200 6855/7036/6199 6599/6141/5463
f 6858/7038/6201 6857/7039/6202 6855/7036/6199 6856/7037/6200
f 6601/6135/5457 6858/7038/6201 6856/7037/6200 6600/6137/5459
f 6602/6133/5455 6859/7040/6203 6858/7038/6201 6601/6135/5457
f 6603/6131/5453 6860/7041/6204 6859/7040/6203 6602/6133/5455
f 6604/6129/5451 6861/7042/6205 6860/7041/6204 6603/6131/5453
f 6605/6128/5449 6862/7043/6206 6861/7042/6205 6604/6129/5451
f 6606/6123/5447 6863/7044/6207 6862/7045/6206 6605/6125/5449
f 6607/6025/5368 6864/7046/6208 6863/7044/6207 6606/6123/5447
f 6855/7036/6199 6865/7047/6209 6801/6977/6140 6790/6965/6128
f 6865/7047/6209 6866/7048/6210 6802/6978/6141 6801/6977/6140
f 6857/7039/6202 6867/7049/6211 6865/7047/6209 6855/7036/6199
f 6858/7038/6201 6868/7050/6212 6867/7049/6211 6857/7039/6202
f 6870/7051/6213 6869/7052/6214 6867/7049/6211 6868/7050/6212
f 6859/7040/6203 6870/7051/6213 6868/7050/6212 6858/7038/6201
f 6860/7041/6204 6871/7053/6215 6870/7051/6213 6859/7040/6203
f 6861/7042/6205 6872/7054/6216 6871/7053/6215 6860/7041/6204
f 6862/7043/6206 6873/7055/6217 6872/7054/6216 6861/7042/6205
f 6863/7044/6207 6874/7056/6218 6873/7057/6217 6862/7045/6206
f 6864/7058/6208 6875/7059/6219 6874/7060/6218 6863/7061/6207
f 6877/7062/6220 6866/7048/6210 6865/7047/6209 6876/7063/6221
f 6866/7048/6210 6877/7062/6220 6812/6989/6152 6802/6978/6141
f 6867/7049/6211 6878/7064/6222 6876/7063/6221 6865/7047/6209
f 6878/7064/6222 6879/7065/6223 6877/7062/6220 6876/7063/6221
f 6869/7052/6214 6880/7066/6224 6878/7064/6222 6867/7049/6211
f 6880/7066/6224 6881/7067/6225 6879/7065/6223 6878/7064/6222
f 6870/7051/6213 6881/7067/6225 6880/7066/6224 6869/7052/6214
f 6871/7053/6215 6882/7068/6226 6881/7067/6225 6870/7051/6213
f 6872/7054/6216 6883/7069/6227 6882/7068/6226 6871/7053/6215
f 6873/7055/6217 6884/7070/6228 6883/7069/6227 6872/7054/6216
f 6874/7060/6218 6885/7071/6229 6884/7070/6228 6873/7055/6217
f 6887/7072/6230 6886/7073/6231 6884/7070/6228 6885/7071/6229
f 6875/7059/6219 6887/7072/6230 6885/7071/6229 6874/7060/6218
f 6877/7062/6220 6888/7074/6232 6822/7000/6163 6812/6989/6152
f 6879/7065/6223 6889/7075/6233 6888/7074/6232 6877/7062/6220
f 6881/7067/6225 6890/7076/6234 6889/7075/6233 6879/7065/6223
f 6882/7068/6226 6891/7077/6235 6890/7076/6234 6881/7067/6225
f 6883/7069/6227 6892/7078/6236 6891/7077/6235 6882/7068/6226
f 6884/7070/6228 6893/7079/6237 6892/7078/6236 6883/7069/6227
f 6895/7080/6238 6894/7081/6239 6892/7082/6236 6893/7083/6237
f 6886/7084/6231 6895/7080/6238 6893/7083/6237 6884/7085/6228
f 6887/7072/6230 6896/7086/6240 6895/7087/6238 6886/7073/6231
f 6888/7074/6232 6897/7088/6241 6832/7011/6174 6822/7000/6163
f 6889/7075/6233 6898/7089/6242 6897/7088/6241 6888/7074/6232
f 6890/7076/6234 6899/7090/6243 6898/7089/6242 6889/7075/6233
f 6891/7077/6235 6900/7091/6244 6899/7090/6243 6890/7076/6234
f 6892/7078/6236 6901/7092/6245 6900/7091/6244 6891/7077/6235
f 6894/7093/6239 6902/7094/6246 6901/7092/6245 6892/7078/6236
f 6895/7080/6238 6903/7095/6247 6902/7096/6246 6894/7081/6239
f 6896/7097/6240 6904/7098/6248 6903/7095/6247 6895/7080/6238
f 6897/7088/6241 6905/7099/6249 6842/7022/6185 6832/7011/6174
f 6898/7089/6242 6906/7100/6250 6905/7099/6249 6897/7088/6241
f 6899/7090/6243 6907/7101/6251 6906/7100/6250 6898/7089/6242
f 6900/7091/6244 6908/7102/6252 6907/7101/6251 6899/7090/6243
f 6901/7092/6245 6909/7103/6253 6908/7102/6252 6900/7091/6244
f 6902/7094/6246 6910/7104/6254 6909/7103/6253 6901/7092/6245
f 6903/7095/6247 6911/7105/6255 6910/7106/6254 6902/7096/6246
f 6904/7098/6248 6912/7107/6256 6911/7105/6255 6903/7095/6247
f 6905/7099/6249 6914/7108/6257 6853/7034/6197 6842/7022/6185
f 6906/7100/6250 6915/7109/6258 6914/7108/6257 6905/7099/6249
f 6907/7101/6251 6916/7110/6259 6915/7109/6258 6906/7100/6250
f 6908/7102/6252 6917/7111/6260 6916/7110/6259 6907/7101/6251
f 6909/7103/6253 6918/7112/6261 6917/7111/6260 6908/7102/6252
f 6910/7104/6254 6919/7113/6262 6918/7112/6261 6909/7103/6253
f 6911/7105/6255 6920/7114/6263 6919/7115/6262 6910/7106/6254
f 6912/7107/6256 6921/7116/6264 6920/7114/6263 6911/7105/6255
f 6923/7117/6265 6922/7118/6266 6920/7114/6263 6921/7116/6264
f 6913/7119/6267 6923/7117/6265 6921/7116/6264 6912/7107/6256
f 6914/7108/6257 1228/1927/1747 1227/1928/1748 6853/7034/6197
f 6915/7109/6258 1229/1926/1746 1228/1927/1747 6914/7108/6257
f 6916/7110/6259 1230/1925/1745 1229/1926/1746 6915/7109/6258
f 6917/7111/6260 1231/1924/1744 1230/1925/1745 6916/7110/6259
f 6918/7112/6261 1232/1923/1743 1231/1924/1744 6917/7111/6260
f 6919/7113/6262 1233/1922/1742 1232/1923/1743 6918/7112/6261
f 6920/7120/6263 1234/1921/1741 1233/1922/1742 6919/7113/6262
f 6922/7118/6266 1235/1919/1740 1234/1920/1741 6920/7114/6263
f 6923/7117/6265 1236/1840/1674 1235/1919/1740 6922/7118/6266
f 6681/6023/5366 6924/7121/6268 6864/7046/6208 6607/6025/5368
f 6682/6022/5364 6925/7122/6269 6924/7121/6268 6681/6023/5366
f 6927/7123/6270 6926/7124/6271 6924/7121/6268 6925/7122/6269
f 6683/6015/5362 6927/7123/6270 6925/7122/6269 6682/6022/5364
f 6684/6013/5360 6928/7125/6272 6927/7123/6270 6683/6015/5362
f 6685/6011/5358 6929/7126/6273 6928/7125/6272 6684/6013/5360
f 6686/6009/5356 6930/7127/6274 6929/7126/6273 6685/6011/5358
f 6687/6007/5354 6931/7128/6275 6930/7127/6274 6686/6009/5356
f 6688/6005/5352 6932/7129/6276 6931/7128/6275 6687/6007/5354
f 6689/5995/5342 6933/7130/6277 6932/7129/6276 6688/6005/5352
f 6924/7131/6268 6934/7132/6278 6875/7059/6219 6864/7058/6208
f 6926/7124/6271 6935/7133/6279 6934/7134/6278 6924/7121/6268
f 6927/7123/6270 6936/7135/6280 6935/7133/6279 6926/7124/6271
f 6928/7125/6272 6937/7136/6281 6936/7135/6280 6927/7123/6270
f 6929/7126/6273 6938/7137/6282 6937/7136/6281 6928/7125/6272
f 6930/7127/6274 6939/7138/6283 6938/7137/6282 6929/7126/6273
f 6931/7128/6275 6940/7139/6284 6939/7138/6283 6930/7127/6274
f 6932/7129/6276 6941/7140/6285 6940/7139/6284 6931/7128/6275
f 6934/7132/6278 6942/7141/6286 6887/7072/6230 6875/7059/6219
f 6935/7133/6279 6943/7142/6287 6942/7143/6286 6934/7134/6278
f 6936/7135/6280 6944/7144/6288 6943/7142/6287 6935/7133/6279
f 6937/7136/6281 6945/7145/6289 6944/7144/6288 6936/7135/6280
f 6938/7137/6282 6946/7146/6290 6945/7145/6289 6937/7136/6281
f 6939/7138/6283 6947/7147/6291 6946/7146/6290 6938/7137/6282
f 6940/7139/6284 6948/7148/6292 6947/7147/6291 6939/7138/6283
f 6941/7140/6285 6949/7149/6293 6948/7148/6292 6940/7139/6284
f 6942/7141/6286 6950/7150/6294 6896/7086/6240 6887/7072/6230
f 6943/7142/6287 6951/7151/6295 6950/7152/6294 6942/7143/6286
f 6944/7144/6288 6952/7153/6296 6951/7151/6295 6943/7142/6287
f 6945/7145/6289 6953/7154/6297 6952/7153/6296 6944/7144/6288
f 6946/7146/6290 6954/7155/6298 6953/7154/6297 6945/7145/6289
f 6956/7156/6299 6955/7157/6300 6953/7154/6297 6954/7155/6298
f 6947/7147/6291 6956/7156/6299 6954/7155/6298 6946/7146/6290
f 6948/7148/6292 6957/7158/6301 6956/7156/6299 6947/7147/6291
f 6949/7149/6293 6958/7159/6302 6957/7158/6301 6948/7148/6292
f 6950/7152/6294 6959/7160/6303 6904/7098/6248 6896/7097/6240
f 6951/7151/6295 6960/7161/6304 6959/7160/6303 6950/7152/6294
f 6952/7153/6296 6961/7162/6305 6960/7161/6304 6951/7151/6295
f 6953/7154/6297 6962/7163/6306 6961/7162/6305 6952/7153/6296
f 6955/7157/6300 6963/7164/6307 6962/7163/6306 6953/7154/6297
f 6956/7156/6299 6964/7165/6308 6963/7164/6307 6955/7157/6300
f 6957/7158/6301 6965/7166/6309 6964/7165/6308 6956/7156/6299
f 6958/7159/6302 6966/7167/6310 6965/7166/6309 6957/7158/6301
f 6959/7160/6303 6967/7168/6311 6912/7107/6256 6904/7098/6248
f 6968/7169/6312 6913/7119/6267 6912/7107/6256 6967/7168/6311
f 6960/7161/6304 6968/7169/6312 6967/7168/6311 6959/7160/6303
f 6961/7162/6305 6969/7170/6313 6968/7169/6312 6960/7161/6304
f 6962/7163/6306 6970/7171/6314 6969/7170/6313 6961/7162/6305
f 6963/7164/6307 6971/7172/6315 6970/7171/6314 6962/7163/6306
f 6964/7165/6308 6972/7173/6316 6971/7172/6315 6963/7164/6307
f 6965/7166/6309 6973/7174/6317 6972/7173/6316 6964/7165/6308
f 6966/7167/6310 6974/7175/6318 6973/7174/6317 6965/7166/6309
f 6968/7169/6312 6975/7176/6319 6923/7117/6265 6913/7119/6267
f 6969/7170/6313 6976/7177/6320 6975/7176/6319 6968/7169/6312
f 6970/7171/6314 6977/7178/6321 6976/7177/6320 6969/7170/6313
f 6971/7172/6315 6978/7179/6322 6977/7178/6321 6970/7171/6314
f 6972/7173/6316 6979/7180/6323 6978/7179/6322 6971/7172/6315
f 6973/7174/6317 6980/7181/6324 6979/7180/6323 6972/7173/6316
f 6974/7175/6318 6981/7182/6325 6980/7181/6324 6973/7174/6317
f 6975/7176/6319 1237/1839/1673 1236/1840/1674 6923/7117/6265
f 6976/7177/6320 1238/1838/1672 1237/1839/1673 6975/7176/6319
f 6977/7178/6321 6982/7183/6326 1238/1838/1672 6976/7177/6320
f 1240/1836/1670 1239/1837/1671 1238/1838/1672 6982/7183/6326
f 6978/7179/6322 1240/1836/1670 6982/7183/6326 6977/7178/6321
f 6979/7180/6323 1241/1835/1669 1240/1836/1670 6978/7179/6322
f 6980/7181/6324 1242/1834/1668 1241/1835/1669 6979/7180/6323
f 6981/7182/6325 1243/1666/1504 1242/1834/1668 6980/7181/6324
f 6984/7184/6327 6983/7185/6328 6932/7129/6276 6933/7130/6277
f 6698/5993/5340 6984/7184/6327 6933/7130/6277 6689/5995/5342
f 6699/5906/5253 6985/7186/6329 6984/7184/6327 6698/5993/5340
f 6983/7185/6328 6986/7187/6330 6941/7140/6285 6932/7129/6276
f 6984/7184/6327 6987/7188/6331 6986/7187/6330 6983/7185/6328
f 6985/7186/6329 6988/7189/6332 6987/7188/6331 6984/7184/6327
f 6986/7187/6330 6989/7190/6333 6949/7149/6293 6941/7140/6285
f 6987/7188/6331 6990/7191/6334 6989/7190/6333 6986/7187/6330
f 6988/7189/6332 6991/7192/6335 6990/7191/6334 6987/7188/6331
f 6989/7190/6333 6992/7193/6336 6958/7159/6302 6949/7149/6293
f 6990/7191/6334 6993/7194/6337 6992/7193/6336 6989/7190/6333
f 6991/7192/6335 6994/7195/6338 6993/7194/6337 6990/7191/6334
f 6992/7193/6336 6995/7196/6339 6966/7167/6310 6958/7159/6302
f 6993/7194/6337 6996/7197/6340 6995/7196/6339 6992/7193/6336
f 6994/7195/6338 6997/7198/6341 6996/7197/6340 6993/7194/6337
f 6995/7196/6339 6999/7199/6342 6974/7175/6318 6966/7167/6310
f 6996/7197/6340 7000/7200/6343 6999/7199/6342 6995/7196/6339
f 6997/7198/6341 7001/7201/6344 7000/7200/6343 6996/7197/6340
f 6998/7202/6345 7002/7203/6346 7001/7201/6344 6997/7198/6341
f 6999/7199/6342 7003/7204/6347 6981/7182/6325 6974/7175/6318
f 7000/7200/6343 7004/7205/6348 7003/7204/6347 6999/7199/6342
f 7001/7201/6344 7005/7206/6349 7004/7205/6348 7000/7200/6343
f 7002/7203/6346 7006/7207/6350 7005/7206/6349 7001/7201/6344
f 7003/7208/6347 1244/7209/1503 1243/7210/1504 6981/7211/6325
f 7004/7205/6348 1245/1664/1502 1244/1665/1503 7003/7204/6347
f 7005/7206/6349 1246/1656/1494 1245/1664/1502 7004/7205/6348
f 6769/5905/5252 7007/7212/6351 6985/7186/6329 6699/5906/5253
f 6770/5929/5276 7008/7213/6352 7007/7212/6351 6769/5905/5252
f 6771/5961/5308 7009/7214/6353 7008/7213/6352 6770/5929/5276
f 6772/6574/5821 7010/7215/6354 7009/7214/6353 6771/5961/5308
f 6773/6860/6041 7011/7216/6355 7010/7215/6354 6772/6574/5821
f 6774/6891/6064 7012/7217/6356 7011/7216/6355 6773/6860/6041
f 6775/6949/6112 7013/7218/6357 7012/7217/6356 6774/6891/6064
f 6776/6950/6113 7014/7219/6358 7013/7218/6357 6775/6949/6112
f 6777/6951/6114 7015/7220/6359 7014/7219/6358 6776/6950/6113
f 4027/4308/3869 4028/4296/3857 7015/7220/6359 6777/6951/6114
f 7007/7212/6351 7016/7221/6360 6988/7189/6332 6985/7186/6329
f 7008/7213/6352 7017/7222/6361 7016/7221/6360 7007/7212/6351
f 7019/7223/6362 7018/7224/6363 7016/7221/6360 7017/7222/6361
f 7009/7214/6353 7019/7223/6362 7017/7222/6361 7008/7213/6352
f 7010/7215/6354 7020/7225/6364 7019/7223/6362 7009/7214/6353
f 7011/7216/6355 7021/7226/6365 7020/7225/6364 7010/7215/6354
f 7012/7217/6356 7022/7227/6366 7021/7226/6365 7011/7216/6355
f 7024/7228/6367 7023/7229/6368 7021/7226/6365 7022/7227/6366
f 7013/7218/6357 7024/7228/6367 7022/7227/6366 7012/7217/6356
f 7014/7219/6358 7025/7230/6369 7024/7228/6367 7013/7218/6357
f 7015/7220/6359 7026/7231/6370 7025/7230/6369 7014/7219/6358
f 4028/4296/3857 4029/4290/3851 7026/7231/6370 7015/7220/6359
f 7016/7221/6360 7027/7232/6371 6991/7192/6335 6988/7189/6332
f 7018/7224/6363 7028/7233/6372 7027/7232/6371 7016/7221/6360
f 7019/7223/6362 7029/7234/6373 7028/7233/6372 7018/7224/6363
f 7020/7225/6364 7030/7235/6374 7029/7234/6373 7019/7223/6362
f 7021/7226/6365 7031/7236/6375 7030/7235/6374 7020/7225/6364
f 7023/7229/6368 7032/7237/6376 7031/7236/6375 7021/7226/6365
f 7024/7228/6367 7033/7238/6377 7032/7237/6376 7023/7229/6368
f 7025/7230/6369 7034/7239/6378 7033/7238/6377 7024/7228/6367
f 7026/7231/6370 7035/7240/6379 7034/7239/6378 7025/7230/6369
f 4029/4290/3851 4031/5591/4976 7035/7240/6379 7026/7231/6370
f 4032/4270/3831 7036/7241/6380 7035/7240/6379 4031/5591/4976
f 7027/7232/6371 7037/7242/6381 6994/7195/6338 6991/7192/6335
f 7028/7233/6372 7038/7243/6382 7037/7242/6381 7027/7232/6371
f 7029/7234/6373 7039/7244/6383 7038/7243/6382 7028/7233/6372
f 7030/7235/6374 7040/7245/6384 7039/7244/6383 7029/7234/6373
f 7031/7236/6375 7041/7246/6385 7040/7245/6384 7030/7235/6374
f 7032/7237/6376 7042/7247/6386 7041/7246/6385 7031/7236/6375
f 7033/7238/6377 7043/7248/6387 7042/7247/6386 7032/7237/6376
f 7034/7239/6378 7044/7249/6388 7043/7248/6387 7033/7238/6377
f 7035/7240/6379 7045/7250/6389 7044/7249/6388 7034/7239/6378
f 7036/7241/6380 7046/7251/6390 7045/7250/6389 7035/7240/6379
f 7046/7251/6390 4034/4269/3830 4033/4260/3821 7045/7250/6389
f 4032/4270/3831 4034/4269/3830 7046/7251/6390 7036/7241/6380
f 7037/7242/6381 7047/7252/6391 6997/7198/6341 6994/7195/6338
f 7048/7253/6392 6998/7202/6345 6997/7198/6341 7047/7252/6391
f 7038/7243/6382 7048/7253/6392 7047/7252/6391 7037/7242/6381
f 7039/7244/6383 7049/7254/6393 7048/7253/6392 7038/7243/6382
f 7040/7245/6384 7050/7255/6394 7049/7254/6393 7039/7244/6383
f 7041/7246/6385 7051/7256/6395 7050/7255/6394 7040/7245/6384
f 7042/7247/6386 7053/7257/6396 7051/7256/6395 7041/7246/6385
f 7053/7257/6396 7054/7258/6397 7052/7259/6398 7051/7256/6395
f 7043/7248/6387 7054/7258/6397 7053/7257/6396 7042/7247/6386
f 7044/7249/6388 7055/7260/6399 7054/7258/6397 7043/7248/6387
f 7045/7250/6389 7056/7261/6400 7055/7260/6399 7044/7249/6388
f 4033/4260/3821 4035/4246/3807 7056/7261/6400 7045/7250/6389
f 7048/7253/6392 7057/7262/6401 7002/7203/6346 6998/7202/6345
f 7049/7254/6393 7058/7263/6402 7057/7262/6401 7048/7253/6392
f 7050/7255/6394 7059/7264/6403 7058/7263/6402 7049/7254/6393
f 7051/7256/6395 7060/7265/6404 7059/7264/6403 7050/7255/6394
f 7052/7259/6398 7061/7266/6405 7060/7265/6404 7051/7256/6395
f 7054/7258/6397 7064/7267/6406 7061/7266/6405 7052/7259/6398
f 7064/7267/6406 7065/7268/6407 7062/7269/6408 7061/7266/6405
f 7055/7260/6399 7065/7268/6407 7064/7267/6406 7054/7258/6397
f 7065/7268/6407 7066/7270/6409 7063/7271/6410 7062/7269/6408
f 7056/7261/6400 7066/7270/6409 7065/7268/6407 7055/7260/6399
f 7066/7270/6409 4037/4236/3797 4036/5528/4919 7063/7271/6410
f 4035/4246/3807 4037/4236/3797 7066/7270/6409 7056/7261/6400
f 7006/7207/6350 7071/7272/6411 7067/7273/6412 7005/7206/6349
f 7057/7262/6401 7071/7272/6411 7006/7207/6350 7002/7203/6346
f 7071/7272/6411 7072/7274/6413 7068/7275/6414 7067/7273/6412
f 7058/7263/6402 7072/7274/6413 7071/7272/6411 7057/7262/6401
f 7072/7274/6413 7073/7276/6415 7069/7277/6416 7068/7275/6414
f 5440/7278/6417 5940/7279/6418 5637/7280/6419 5257/7281/6420
f 5940/7279/6418 5440/7278/6417 5439/7282/6421 5939/7283/6422
f 5940/7279/6418 5939/7283/6422 5636/7284/6423 5637/7280/6419
f 5939/7283/6422 5439/7282/6421 5438/7285/6424 5938/7286/6425
f 5939/7283/6422 5938/7286/6425 5635/7287/6426 5636/7284/6423
f 5938/7288/6425 5438/7289/6424 5437/7290/6427 5937/7291/6428
f 5938/7286/6425 5937/7292/6428 5634/7293/6429 5635/7287/6426
f 5937/7291/6428 5437/7290/6427 5436/7294/6430 5936/7295/6431
f 5937/7291/6428 5936/7295/6431 5633/7296/6432 5634/7297/6429
f 5936/7295/6431 5436/7294/6430 5435/7298/6433 5935/7299/6434
f 5936/7295/6431 5935/7299/6434 5632/7300/6435 5633/7296/6432
f 5935/7301/6434 5435/7302/6433 5318/7303/6436 5851/7304/6437
f 5935/7299/6434 5851/7305/6437 5568/7306/6438 5632/7300/6435
f 5932/7024/6187 1218/2005/1825 1217/3697/3300 5931/7307/6439
f 5931/7307/6439 1217/3697/3300 1216/3698/3301 5930/7308/6440
f 5930/7308/6440 1216/3698/3301 1215/3699/3302 5929/7309/6441
f 5929/7309/6441 1215/3699/3302 1214/3700/3303 5927/7310/6442
f 5928/7311/6443 5934/7312/6444 5933/7313/6445 5926/7314/6446
f 5934/7312/6444 5928/7311/6443 5927/7310/6442 1214/3700/3303
f 5934/7312/6444 1214/3700/3303 1213/3701/3304 5933/7313/6445
f 5926/7314/6446 5933/7313/6445 1212/3703/3306 5925/7315/6447
f 5933/7313/6445 1213/3701/3304 1211/3702/3305 1212/3703/3306
f 5925/7315/6447 1212/3703/3306 1210/3705/3308 5924/7316/6448
f 5924/7316/6448 1210/3705/3308 1191/3706/3309 5621/7317/6449
f 5923/7013/6176 5932/7024/6187 5931/7307/6439 5922/7318/6450
f 5922/7318/6450 5931/7307/6439 5930/7308/6440 5921/7319/6451
f 5921/7319/6451 5930/7308/6440 5929/7309/6441 5920/7320/6452
f 5920/7320/6452 5929/7309/6441 5927/7310/6442 5918/7321/6453
f 5919/7322/6454 5928/7311/6443 5926/7314/6446 5917/7323/6455
f 5928/7311/6443 5919/7322/6454 5918/7321/6453 5927/7310/6442
f 5917/7323/6455 5926/7314/6446 5925/7315/6447 5915/7324/6456
f 5915/7324/6456 5925/7315/6447 5924/7316/6448 5914/7325/6457
f 5914/7325/6457 5924/7316/6448 5621/7317/6449 5611/7326/6458
f 5912/7002/6165 5923/7013/6176 5922/7318/6450 5911/7327/6459
f 5911/7327/6459 5922/7318/6450 5921/7319/6451 5910/7328/6460
f 5910/7328/6460 5921/7319/6451 5920/7320/6452 5909/7329/6461
f 5909/7329/6461 5920/7320/6452 5918/7321/6453 5908/7330/6462
f 5918/7321/6453 5919/7322/6454 5917/7323/6455 5916/7331/6463
f 5908/7330/6462 5918/7321/6453 5916/7331/6463 5906/7332/6464
f 5907/7333/6465 5917/7323/6455 5915/7324/6456 5905/7334/6466
f 5917/7323/6455 5907/7333/6465 5906/7332/6464 5916/7331/6463
f 5905/7334/6466 5915/7324/6456 5914/7325/6457 5903/7335/6467
f 5903/7335/6467 5914/7325/6457 5913/7336/6468 5902/7337/6469
f 5913/7336/6468 5914/7325/6457 5611/7326/6458 5610/7338/6470
f 5902/7337/6469 5913/7336/6468 5610/7338/6470 5601/7339/6471
f 5901/6991/6154 5912/7002/6165 5911/7327/6459 5900/7340/6472
f 5900/7340/6472 5911/7327/6459 5910/7328/6460 5899/7341/6473
f 5899/7341/6473 5910/7328/6460 5909/7329/6461 5898/7342/6474
f 5898/7342/6474 5909/7329/6461 5908/7330/6462 5897/7343/6475
f 5897/7343/6475 5908/7330/6462 5906/7332/6464 5896/7344/6476
f 5906/7332/6464 5907/7333/6465 5905/7334/6466 5904/7345/6477
f 5896/7344/6476 5906/7332/6464 5904/7345/6477 5895/7346/6478
f 5904/7345/6477 5905/7334/6466 5903/7335/6467 5902/7337/6469
f 5895/7346/6478 5904/7345/6477 5902/7337/6469 5894/7347/6479
f 5894/7347/6479 5902/7337/6469 5601/7339/6471 5592/7348/6480
f 5892/6980/6143 5901/6991/6154 5900/7340/6472 5890/7349/6481
f 5890/7349/6481 5900/7340/6472 5899/7341/6473 5888/7350/6482
f 5888/7350/6482 5899/7341/6473 5898/7342/6474 5886/7351/6483
f 5886/7351/6483 5898/7342/6474 5897/7343/6475 5885/7352/6484
f 5885/7352/6484 5897/7343/6475 5896/7344/6476 5884/7353/6485
f 5884/7353/6485 5896/7344/6476 5895/7346/6478 5883/7354/6486
f 5883/7354/6486 5895/7346/6478 5894/7347/6479 5882/7355/6487
f 5882/7355/6487 5894/7347/6479 5592/7348/6480 5578/7356/6488
f 5881/7357/6489 5893/7358/6490 5891/7359/6491 5879/7360/6492
f 5893/7358/6490 5881/7357/6489 5880/6967/6130 5892/6980/6143
f 5893/7358/6490 5892/6980/6143 5890/7349/6481 5891/7359/6491
f 5879/7360/6492 5891/7359/6491 5889/7361/6493 5877/7362/6494
f 5891/7359/6491 5890/7349/6481 5888/7350/6482 5889/7361/6493
f 5877/7362/6494 5889/7361/6493 5887/7363/6495 5876/7364/6496
f 5889/7361/6493 5888/7350/6482 5886/7351/6483 5887/7363/6495
f 5876/7364/6496 5887/7363/6495 5886/7351/6483 5875/7365/6497
f 5875/7365/6497 5886/7351/6483 5885/7352/6484 5874/7366/6498
f 5874/7366/6498 5885/7352/6484 5884/7353/6485 5872/7367/6499
f 5872/7367/6499 5884/7353/6485 5883/7354/6486 5870/7368/6500
f 5870/7368/6500 5883/7354/6486 5882/7355/6487 5867/7369/6501
f 5867/7369/6501 5882/7355/6487 5578/7356/6488 5569/7370/6502
f 5880/6967/6130 5881/7357/6489 5879/7360/6492 5878/7371/6503
f 5866/6953/6116 5880/6967/6130 5878/7371/6503 5864/7372/6504
f 5865/7373/6505 5879/7360/6492 5877/7362/6494 5863/7374/6506
f 5879/7360/6492 5865/7373/6505 5864/7372/6504 5878/7371/6503
f 5863/7374/6506 5877/7362/6494 5876/7364/6496 5861/7375/6507
f 5861/7375/6507 5876/7364/6496 5875/7365/6497 5860/7376/6508
f 5860/7376/6508 5875/7365/6497 5874/7366/6498 5858/7377/6509
f 5858/7377/6509 5874/7366/6498 5872/7367/6499 5855/7378/6510
f 5856/7379/6511 5873/7380/6512 5871/7381/6513 5852/7382/6514
f 5873/7380/6512 5856/7379/6511 5855/7378/6510 5872/7367/6499
f 5873/7380/6512 5872/7367/6499 5870/7368/6500 5871/7381/6513
f 5852/7383/6514 5871/7384/6513 5868/7385/6515 5849/7386/6516
f 5871/7381/6513 5870/7368/6500 5867/7369/6501 5868/7387/6515
f 5850/7388/6517 5869/7389/6518 5571/7390/6519 5567/7391/6520
f 5869/7392/6518 5850/7393/6517 5849/7386/6516 5868/7385/6515
f 5869/7392/6518 5868/7385/6515 5570/7394/6521 5571/7395/6519
f 5868/7385/6515 5867/7396/6501 5569/7397/6502 5570/7394/6521
f 5333/6358/5648 5866/6953/6116 5864/7372/6504 5332/7398/6522
f 5864/7372/6504 5865/7373/6505 5863/7374/6506 5862/7399/6523
f 5332/7398/6522 5864/7372/6504 5862/7399/6523 5330/7400/6524
f 5862/7399/6523 5863/7374/6506 5861/7375/6507 5860/7376/6508
f 5330/7400/6524 5862/7399/6523 5860/7376/6508 5328/7401/6525
f 5328/7401/6525 5860/7376/6508 5858/7377/6509 5324/7402/6526
f 5325/7403/6527 5859/7404/6528 5856/7405/6511 5321/7406/6529
f 5859/7407/6528 5325/7408/6527 5324/7402/6526 5858/7377/6509
f 5859/7407/6528 5858/7377/6509 5855/7378/6510 5856/7379/6511
f 5322/7409/6530 5857/7410/6531 5853/7411/6532 5319/7412/6533
f 5857/7410/6531 5322/7409/6530 5321/7413/6529 5856/7414/6511
f 5857/7410/6531 5856/7414/6511 5852/7383/6514 5853/7411/6532
f 5320/7415/6534 5854/7416/6535 5851/7304/6437 5318/7303/6436
f 5854/7416/6535 5320/7415/6534 5319/7412/6533 5853/7411/6532
f 5854/7416/6535 5853/7411/6532 5850/7393/6517 5851/7304/6437
f 5853/7411/6532 5852/7383/6514 5849/7386/6516 5850/7393/6517
f 5851/7305/6437 5850/7388/6517 5567/7391/6520 5568/7306/6438
f 7059/7264/6403 7073/7276/6415 7072/7274/6413 7058/7263/6402
f 1208/3766/3369 3659/5530/4921 5844/7417/6536 1207/3767/3370
f 1207/3767/3370 5844/7417/6536 5843/7418/6537 1206/3768/3371
f 1206/3768/3371 5843/7418/6537 5842/7419/6538 1205/3769/3372
f 1205/3769/3372 5842/7419/6538 5841/7420/6539 1204/3770/3373
f 1204/3770/3373 5841/7420/6539 5836/7421/6540 1203/3771/3374
f 1203/3771/3374 5836/7421/6540 5835/7422/6541 1202/3772/3375
f 1202/7423/3375 5835/7424/6541 5834/7425/6542 5848/7426/6543
f 1202/3772/3375 5848/7427/6543 1200/3775/3378 1201/3774/3377
f 5848/7428/6543 5834/7429/6542 5830/7430/6544 1200/7431/3378
f 1200/7431/3378 5830/7430/6544 5829/7432/6545 5847/7433/6546
f 1200/7434/3378 5847/7435/6546 1182/4006/3575 1183/7436/3381
f 5847/7435/6546 5829/7437/6545 5828/7438/6547 5846/7439/6548
f 5847/7435/6546 5846/7439/6548 1181/4007/3577 1182/4006/3575
f 5846/7439/6548 5828/7438/6547 5827/7440/6549 5845/7441/6550
f 5846/7439/6548 5845/7441/6550 1180/4011/3579 1181/4007/3577
f 5845/7441/6550 5827/7440/6549 5727/7442/6551 5743/7443/6552
f 5845/7441/6550 5743/7443/6552 1179/7444/3581 1180/4011/3579
f 3659/5530/4921 3658/5788/5135 5826/7445/6553 5844/7417/6536
f 5844/7417/6536 5826/7445/6553 5825/7446/6554 5843/7418/6537
f 5843/7418/6537 5825/7446/6554 5819/7447/6555 5842/7419/6538
f 5842/7419/6538 5819/7447/6555 5818/7448/6556 5841/7420/6539
f 5841/7449/6539 5818/7450/6556 5817/7451/6557 5840/7452/6558
f 5841/7420/6539 5840/7453/6558 5835/7422/6541 5836/7421/6540
f 5840/7452/6558 5817/7451/6557 5816/7454/6559 5839/7455/6560
f 5840/7452/6558 5839/7455/6560 5834/7425/6542 5835/7424/6541
f 5839/7455/6560 5816/7454/6559 5815/7456/6561 5838/7457/6562
f 5839/7455/6560 5838/7457/6562 5833/7458/6563 5834/7425/6542
f 5838/7457/6562 5815/7456/6561 5814/7459/6564 5837/7460/6565
f 5838/7457/6562 5837/7460/6565 5832/7461/6566 5833/7458/6563
f 7073/7276/6415 7074/7462/6567 7070/7463/6568 7069/7277/6416
f 5837/7460/6565 5814/7459/6564 5812/7464/6569 5832/7461/6566
f 7060/7265/6404 7074/7462/6567 7073/7276/6415 7059/7264/6403
f 7061/7266/6405 7075/7465/6570 7074/7462/6567 7060/7265/6404
f 5834/7425/6542 5833/7458/6563 5829/7437/6545 5830/7466/6544
f 5833/7458/6563 5832/7461/6566 5828/7438/6547 5829/7437/6545
f 5832/7461/6566 5812/7464/6569 5811/7467/6571 5831/7468/6572
f 5832/7461/6566 5831/7468/6572 5827/7440/6549 5828/7438/6547
f 5831/7469/6572 5811/7470/6571 5713/7471/6573 5732/7472/6574
f 5831/7468/6572 5732/7473/6574 5727/7442/6551 5827/7440/6549
f 3658/5788/5135 3657/5780/5127 5805/7474/6575 5826/7445/6553
f 5826/7445/6553 5805/7474/6575 5804/7475/6576 5825/7446/6554
f 5825/7476/6554 5804/7477/6576 5803/7478/6577 5824/7479/6578
f 5825/7480/6554 5824/7481/6578 5818/7450/6556 5819/7482/6555
f 5824/7479/6578 5803/7478/6577 5802/7483/6579 5823/7484/6580
f 5824/7481/6578 5823/7485/6580 5817/7451/6557 5818/7450/6556
f 5823/7484/6580 5802/7483/6579 5801/7486/6581 5822/7487/6582
f 5823/7485/6580 5822/7488/6582 5816/7454/6559 5817/7451/6557
f 5822/7488/6582 5801/7489/6581 5800/7490/6583 5821/7491/6584
f 5822/7488/6582 5821/7491/6584 5815/7456/6561 5816/7454/6559
f 5821/7491/6584 5800/7490/6583 5799/7492/6585 5820/7493/6586
f 5821/7491/6584 5820/7493/6586 5814/7459/6564 5815/7456/6561
f 5820/7493/6586 5799/7492/6585 5797/7494/6587 5814/7459/6564
f 5814/7459/6564 5797/7494/6587 5796/7495/6588 5813/7496/6589
f 5814/7459/6564 5813/7496/6589 5811/7467/6571 5812/7464/6569
f 5813/7496/6589 5796/7495/6588 5700/7497/6590 5719/7498/6591
f 5813/7496/6589 5719/7498/6591 5713/7499/6573 5811/7467/6571
f 3657/7500/5127 3656/7501/5119 5795/7502/6592 5810/7503/6593
f 3657/7500/5127 5810/7503/6593 5804/7477/6576 5805/7504/6575
f 5810/7503/6593 5795/7502/6592 5794/7505/6594 5809/7506/6595
f 5810/7503/6593 5809/7506/6595 5803/7478/6577 5804/7477/6576
f 5809/7506/6595 5794/7505/6594 5793/7507/6596 5808/7508/6597
f 5809/7506/6595 5808/7508/6597 5802/7483/6579 5803/7478/6577
f 5808/7508/6597 5793/7507/6596 5792/7509/6598 5807/7510/6599
f 5808/7508/6597 5807/7510/6599 5801/7486/6581 5802/7483/6579
f 5807/7510/6599 5792/7509/6598 5791/7511/6600 5806/7512/6601
f 5807/7510/6599 5806/7512/6601 5800/7513/6583 5801/7486/6581
f 5806/7512/6601 5791/7511/6600 5788/7514/6602 5800/7513/6583
f 5800/7515/6583 5788/7516/6602 5787/7517/6603 5799/7518/6585
f 5799/7519/6585 5787/7520/6603 5786/7521/6604 5798/7522/6605
f 5799/7492/6585 5798/7523/6605 5796/7495/6588 5797/7494/6587
f 5798/7522/6605 5786/7521/6604 5691/7524/6606 5708/7525/6607
f 5798/7522/6605 5708/7525/6607 5700/7526/6590 5796/7527/6588
f 3656/7501/5119 3655/5761/5111 5778/7528/6608 5795/7502/6592
f 5795/7502/6592 5778/7528/6608 5777/7529/6609 5794/7505/6594
f 5794/7505/6594 5777/7529/6609 5776/7530/6610 5793/7507/6596
f 5793/7507/6596 5776/7530/6610 5775/7531/6611 5792/7509/6598
f 5792/7509/6598 5775/7531/6611 5774/7532/6612 5791/7511/6600
f 5791/7533/6600 5774/7534/6612 5773/7535/6613 5790/7536/6614
f 5791/7537/6600 5790/7538/6614 5787/7517/6603 5788/7516/6602
f 5790/7536/6614 5773/7535/6613 5772/7539/6615 5789/7540/6616
f 5790/7536/6614 5789/7540/6616 5786/7541/6604 5787/7542/6603
f 5789/7540/6616 5772/7539/6615 5771/7543/6617 5786/7541/6604
f 5786/7541/6604 5771/7543/6617 5666/7544/6618 5691/7545/6606
f 3654/5751/5102 5785/7546/6619 3655/5761/5111 3653/5752/5103
f 5785/7546/6619 3654/5751/5102 5770/7547/6620 5784/7548/6621
f 5785/7546/6619 5784/7548/6621 5778/7528/6608 3655/5761/5111
f 5784/7548/6621 5770/7547/6620 5769/7549/6622 5783/7550/6623
f 5784/7548/6621 5783/7550/6623 5777/7529/6609 5778/7528/6608
f 5783/7550/6623 5769/7549/6622 5768/7551/6624 5782/7552/6625
f 5783/7550/6623 5782/7552/6625 5776/7530/6610 5777/7529/6609
f 5782/7552/6625 5768/7551/6624 5767/7553/6626 5781/7554/6627
f 5782/7552/6625 5781/7554/6627 5775/7531/6611 5776/7530/6610
f 5781/7554/6627 5767/7553/6626 5766/7555/6628 5780/7556/6629
f 5781/7554/6627 5780/7556/6629 5774/7532/6612 5775/7531/6611
f 5780/7556/6629 5766/7555/6628 5765/7557/6630 5779/7558/6631
f 5780/7559/6629 5779/7560/6631 5773/7535/6613 5774/7534/6612
f 5779/7561/6631 5765/7562/6630 5763/7563/6632 5773/7564/6613
f 5773/7565/6613 5763/7566/6632 5762/7567/6633 5772/7568/6615
f 5772/7568/6615 5762/7567/6633 5643/7569/6634 5674/7570/6635
f 5772/7568/6615 5674/7570/6635 5666/7571/6618 5771/7572/6617
f 3654/5751/5102 3651/5740/5094 5753/7573/6636 5770/7547/6620
f 5770/7547/6620 5753/7573/6636 5752/7574/6637 5769/7549/6622
f 5769/7549/6622 5752/7574/6637 5751/7575/6638 5768/7551/6624
f 5768/7551/6624 5751/7575/6638 5750/7576/6639 5767/7553/6626
f 5767/7553/6626 5750/7576/6639 5749/7577/6640 5766/7555/6628
f 5766/7555/6628 5749/7577/6640 5748/7578/6641 5765/7557/6630
f 5765/7557/6630 5748/7578/6641 5747/7579/6642 5764/7580/6643
f 5765/7581/6630 5764/7582/6643 5762/7583/6633 5763/7584/6632
f 5764/7582/6643 5747/7585/6642 5626/7586/6644 5650/7587/6645
f 5764/7582/6643 5650/7587/6645 5643/7588/6634 5762/7583/6633
f 5281/7589/6646 5761/7590/6647 5754/7591/6648 5274/7592/6649
f 5761/7590/6647 5281/7589/6646 5259/7593/6650 5639/7594/6651
f 5761/7590/6647 5639/7594/6651 5631/7595/6652 5754/7591/6648
f 3652/5739/5093 3639/5556/4945 5280/7596/6653 5760/7597/6654
f 3652/5739/5093 5760/7597/6654 5753/7573/6636 3651/5740/5094
f 5760/7597/6654 5280/7596/6653 5279/7598/6655 5759/7599/6656
f 5760/7597/6654 5759/7599/6656 5752/7574/6637 5753/7573/6636
f 5759/7599/6656 5279/7598/6655 5278/7600/6657 5758/7601/6658
f 5759/7599/6656 5758/7601/6658 5751/7575/6638 5752/7574/6637
f 5758/7601/6658 5278/7600/6657 5277/7602/6659 5757/7603/6660
f 5758/7601/6658 5757/7603/6660 5750/7576/6639 5751/7575/6638
f 5757/7603/6660 5277/7602/6659 5276/7604/6661 5756/7605/6662
f 5757/7603/6660 5756/7605/6662 5749/7577/6640 5750/7576/6639
f 5756/7605/6662 5276/7604/6661 5275/7606/6663 5755/7607/6664
f 5756/7605/6662 5755/7607/6664 5748/7578/6641 5749/7577/6640
f 5755/7607/6664 5275/7606/6663 5274/7608/6649 5754/7609/6648
f 5755/7607/6664 5754/7609/6648 5747/7579/6642 5748/7578/6641
f 5754/7591/6648 5631/7595/6652 5626/7586/6644 5747/7585/6642
f 5739/7610/6665 5746/7611/6666 1197/3847/3447 5733/7612/6667
f 5746/7611/6666 5739/7610/6665 5614/7613/6668 1187/3924/3512
f 5746/7611/6666 1187/3924/3512 1184/3848/3448 1197/3847/3447
f 5736/7614/6669 5745/7615/6670 1195/3852/3452 5728/7616/6671
f 5745/7615/6670 5736/7614/6669 5735/7617/6672 1199/3843/3443
f 5745/7615/6670 1199/3843/3443 1194/3845/3445 1195/3852/3452
f 1199/3843/3443 5735/7617/6672 5734/7618/6673 1198/3846/3446
f 1198/3846/3446 5734/7618/6673 5733/7612/6667 1197/3847/3447
f 5730/7619/6674 5744/7620/6675 1193/3853/3453 5725/7621/6676
f 5744/7620/6675 5730/7619/6674 5729/7622/6677 1196/3849/3449
f 5744/7620/6675 1196/3849/3449 1192/3851/3451 1193/3853/3453
f 1196/3849/3449 5729/7622/6677 5728/7616/6671 1195/3852/3452
f 5743/7623/6552 5727/7624/6551 5726/7625/6678 5742/7626/6679
f 5743/7623/6552 5742/7626/6679 1178/4032/3597 1179/4016/3581
f 5742/7626/6679 5726/7625/6678 5725/7621/6676 1193/3853/3453
f 5742/7626/6679 1193/3853/3453 1177/3854/3454 1178/4032/3597
f 5722/7627/6680 5741/7628/6681 5735/7617/6672 5714/7629/6682
f 5741/7628/6681 5722/7627/6680 5721/7630/6683 5740/7631/6684
f 5741/7628/6681 5740/7631/6684 5734/7618/6673 5735/7617/6672
f 5740/7631/6684 5721/7630/6683 5720/7632/6685 5739/7610/6665
f 5740/7631/6684 5739/7610/6665 5733/7612/6667 5734/7618/6673
f 5739/7610/6665 5720/7632/6685 5603/7633/6686 5614/7613/6668
f 5717/7634/6687 5738/7635/6688 5730/7619/6674 5711/7636/6689
f 5738/7635/6688 5717/7634/6687 5716/7637/6690 5737/7638/6691
f 5738/7635/6688 5737/7638/6691 5729/7622/6677 5730/7619/6674
f 5737/7638/6691 5716/7637/6690 5715/7639/6692 5736/7614/6669
f 5737/7638/6691 5736/7614/6669 5728/7616/6671 5729/7622/6677
f 5736/7614/6669 5715/7639/6692 5714/7629/6682 5735/7617/6672
f 5732/7472/6574 5713/7471/6573 5712/7640/6693 5731/7641/6694
f 5732/7472/6574 5731/7641/6694 5726/7625/6678 5727/7624/6551
f 5731/7641/6694 5712/7640/6693 5711/7636/6689 5730/7619/6674
f 5731/7641/6694 5730/7619/6674 5725/7621/6676 5726/7625/6678
f 5705/7642/6695 5724/7643/6696 5716/7637/6690 5697/7644/6697
f 5724/7643/6696 5705/7642/6695 5704/7645/6698 5723/7646/6699
f 5724/7643/6696 5723/7646/6699 5715/7639/6692 5716/7637/6690
f 5723/7646/6699 5704/7645/6698 5703/7647/6700 5722/7627/6680
f 5723/7646/6699 5722/7627/6680 5714/7629/6682 5715/7639/6692
f 5722/7627/6680 5703/7647/6700 5702/7648/6701 5721/7630/6683
f 7062/7269/6408 7076/7649/6702 7075/7465/6570 7061/7266/6405
f 5721/7630/6683 5702/7648/6701 5701/7650/6703 5720/7632/6685
f 7063/7271/6410 7077/7651/6704 7076/7649/6702 7062/7269/6408
f 5720/7632/6685 5701/7650/6703 5593/7652/6705 5603/7633/6686
f 5719/7653/6591 5700/7526/6590 5699/7654/6706 5718/7655/6707
f 5719/7653/6591 5718/7655/6707 5712/7640/6693 5713/7471/6573
f 5718/7655/6707 5699/7654/6706 5698/7656/6708 5717/7634/6687
f 5718/7655/6707 5717/7634/6687 5711/7636/6689 5712/7640/6693
f 5717/7634/6687 5698/7656/6708 5697/7644/6697 5716/7637/6690
f 5693/7657/6709 5710/7658/6710 5702/7648/6701 5685/7659/6711
f 5710/7658/6710 5693/7657/6709 5692/7660/6712 5709/7661/6713
f 5710/7658/6710 5709/7661/6713 5701/7650/6703 5702/7648/6701
f 5709/7661/6713 5692/7660/6712 5583/7662/6714 5596/7663/6715
f 5709/7661/6713 5596/7663/6715 5593/7652/6705 5701/7650/6703
f 5708/7525/6607 5691/7524/6606 5684/7664/6716 5700/7526/6590
f 5690/7665/6717 5707/7666/6718 5699/7654/6706 5683/7667/6719
f 5707/7666/6718 5690/7665/6717 5689/7668/6720 5706/7669/6721
f 5707/7666/6718 5706/7669/6721 5698/7656/6708 5699/7654/6706
f 5706/7669/6721 5689/7668/6720 5688/7670/6722 5705/7642/6695
f 5706/7669/6721 5705/7642/6695 5697/7644/6697 5698/7656/6708
f 5705/7642/6695 5688/7670/6722 5687/7671/6723 5704/7645/6698
f 5704/7645/6698 5687/7671/6723 5686/7672/6724 5703/7647/6700
f 5703/7647/6700 5686/7672/6724 5685/7659/6711 5702/7648/6701
f 5700/7526/6590 5684/7664/6716 5683/7667/6719 5699/7654/6706
f 5675/7673/6725 5696/7674/6726 5692/7675/6712 5667/7676/6727
f 5696/7674/6726 5675/7673/6725 5573/7677/6728 5587/7678/6729
f 5696/7674/6726 5587/7678/6729 5583/7679/6714 5692/7675/6712
f 5670/7680/6730 5695/7681/6731 5687/7671/6723 5662/7682/6732
f 5695/7681/6731 5670/7680/6730 5669/7683/6733 5694/7684/6734
f 5695/7681/6731 5694/7684/6734 5686/7672/6724 5687/7671/6723
f 5694/7684/6734 5669/7683/6733 5668/7685/6735 5693/7657/6709
f 5694/7684/6734 5693/7657/6709 5685/7659/6711 5686/7672/6724
f 5693/7657/6709 5668/7685/6735 5667/7686/6727 5692/7660/6712
f 5691/7524/6606 5666/7571/6618 5665/7687/6736 5690/7665/6717
f 5691/7524/6606 5690/7665/6717 5683/7667/6719 5684/7664/6716
f 5690/7665/6717 5665/7687/6736 5664/7688/6737 5689/7668/6720
f 5689/7668/6720 5664/7688/6737 5663/7689/6738 5688/7670/6722
f 5688/7670/6722 5663/7689/6738 5662/7682/6732 5687/7671/6723
f 5658/7690/6739 5682/7691/6740 5680/7692/6741 5651/7693/6742
f 5682/7691/6740 5658/7690/6739 5572/7694/6743 5581/7695/6744
f 5682/7691/6740 5581/7695/6744 5577/7696/6745 5680/7692/6741
f 5652/7697/6746 5681/7698/6747 5676/7699/6748 5644/7700/6749
f 5681/7698/6747 5652/7697/6746 5651/7701/6742 5680/7702/6741
f 5681/7698/6747 5680/7702/6741 5675/7673/6725 5676/7699/6748
f 5680/7702/6741 5577/7703/6745 5573/7677/6728 5675/7673/6725
f 5647/7704/6750 5679/7705/6751 5671/7706/6752 5640/7707/6753
f 5679/7705/6751 5647/7704/6750 5646/7708/6754 5678/7709/6755
f 5679/7705/6751 5678/7709/6755 5670/7710/6730 5671/7706/6752
f 5678/7709/6755 5646/7708/6754 5645/7711/6756 5677/7712/6757
f 5678/7709/6755 5677/7712/6757 5669/7713/6733 5670/7710/6730
f 5677/7712/6757 5645/7711/6756 5644/7700/6749 5676/7699/6748
f 5677/7712/6757 5676/7699/6748 5668/7714/6735 5669/7713/6733
f 5676/7699/6748 5675/7673/6725 5667/7676/6727 5668/7714/6735
f 5674/7715/6635 5643/7588/6634 5642/7716/6758 5673/7717/6759
f 5674/7570/6635 5673/7718/6759 5665/7687/6736 5666/7571/6618
f 5673/7717/6759 5642/7716/6758 5641/7719/6760 5672/7720/6761
f 5673/7718/6759 5672/7721/6761 5664/7688/6737 5665/7687/6736
f 5672/7720/6761 5641/7719/6760 5640/7707/6753 5671/7706/6752
f 5672/7721/6761 5671/7722/6752 5663/7689/6738 5664/7688/6737
f 5671/7722/6752 5670/7680/6730 5662/7682/6732 5663/7689/6738
f 5635/7287/6426 5661/7723/6762 5654/7724/6763 5627/7725/6764
f 5661/7723/6762 5635/7287/6426 5634/7293/6429 5660/7726/6765
f 5661/7723/6762 5660/7726/6765 5653/7727/6766 5654/7724/6763
f 5660/7728/6765 5634/7297/6429 5633/7296/6432 5659/7729/6767
f 5660/7726/6765 5659/7730/6767 5652/7697/6746 5653/7727/6766
f 5659/7729/6767 5633/7296/6432 5632/7300/6435 5658/7690/6739
f 5659/7729/6767 5658/7690/6739 5651/7693/6742 5652/7731/6746
f 5658/7690/6739 5632/7300/6435 5568/7306/6438 5572/7694/6743
f 5630/7732/6768 5657/7733/6769 5649/7734/6770 5625/7735/6771
f 5657/7733/6769 5630/7732/6768 5629/7736/6772 5656/7737/6773
f 5657/7733/6769 5656/7737/6773 5648/7738/6774 5649/7734/6770
f 5656/7737/6773 5629/7736/6772 5628/7739/6775 5655/7740/6776
f 5656/7737/6773 5655/7740/6776 5647/7704/6750 5648/7738/6774
f 5655/7740/6776 5628/7739/6775 5627/7725/6764 5654/7724/6763
f 4036/5528/4919 4038/4222/3783 7077/7651/6704 7063/7271/6410
f 5655/7740/6776 5654/7724/6763 5646/7708/6754 5647/7704/6750
f 7067/7273/6412 1247/1655/1493 1246/1656/1494 7005/7206/6349
f 5654/7724/6763 5653/7727/6766 5645/7711/6756 5646/7708/6754
f 5653/7727/6766 5652/7697/6746 5644/7700/6749 5645/7711/6756
f 5650/7587/6645 5626/7586/6644 5625/7735/6771 5649/7734/6770
f 7068/7275/6414 1248/1654/1492 1247/1655/1493 7067/7273/6412
f 5650/7587/6645 5649/7734/6770 5642/7716/6758 5643/7588/6634
f 7069/7277/6416 1249/1653/1491 1248/1654/1492 7068/7275/6414
f 5649/7734/6770 5648/7738/6774 5641/7719/6760 5642/7716/6758
f 7070/7463/6568 1250/1652/1490 1249/1653/1491 7069/7277/6416
f 5648/7738/6774 5647/7704/6750 5640/7707/6753 5641/7719/6760
f 7074/7462/6567 7078/7741/6777 1250/1652/1490 7070/7463/6568
f 5639/7594/6651 5259/7593/6650 5258/7742/6778 5638/7743/6779
f 7078/7741/6777 7079/7744/6780 1251/1651/1489 1250/1652/1490
f 5639/7594/6651 5638/7743/6779 5630/7732/6768 5631/7595/6652
f 5638/7743/6779 5258/7742/6778 5257/7281/6420 5637/7280/6419
f 5638/7743/6779 5637/7280/6419 5629/7736/6772 5630/7732/6768
f 5637/7280/6419 5636/7284/6423 5628/7739/6775 5629/7736/6772
f 5636/7284/6423 5635/7287/6426 5627/7725/6764 5628/7739/6775
f 5631/7595/6652 5630/7732/6768 5625/7735/6771 5626/7586/6644
f 5621/7317/6449 1191/3706/3309 5624/7745/6781 5620/7746/6782
f 5624/7745/6781 1191/3706/3309 1190/3918/3508 5623/7747/6783
f 5620/7746/6782 5624/7745/6781 5623/7747/6783 5619/7748/6784
f 5623/7747/6783 1190/3918/3508 1189/3919/3509 5622/7749/6785
f 5619/7748/6784 5623/7747/6783 5622/7749/6785 5617/7750/6786
f 5618/7751/6787 1189/3919/3509 1188/3920/3510 5615/7752/6788
f 1189/3919/3509 5618/7751/6787 5617/7750/6786 5622/7749/6785
f 5615/7753/6788 1188/3921/3510 1185/3923/3511 5612/7754/6789
f 1187/3924/3512 5614/7613/6668 5613/7755/6790 1186/3926/3514
f 1186/3926/3514 5613/7755/6790 5612/7754/6789 1185/3923/3511
f 5611/7326/6458 5621/7317/6449 5620/7746/6782 5610/7338/6470
f 5610/7338/6470 5620/7746/6782 5619/7748/6784 5609/7756/6791
f 5609/7756/6791 5619/7748/6784 5617/7750/6786 5607/7757/6792
f 5608/7758/6793 5618/7751/6787 5615/7752/6788 5604/7759/6794
f 5618/7751/6787 5608/7758/6793 5607/7757/6792 5617/7750/6786
f 5605/7760/6795 5616/7761/6796 5613/7755/6790 5602/7762/6797
f 5616/7761/6796 5605/7760/6795 5604/7763/6794 5615/7753/6788
f 5616/7761/6796 5615/7753/6788 5612/7754/6789 5613/7755/6790
f 5614/7613/6668 5603/7633/6686 5602/7762/6797 5613/7755/6790
f 5601/7339/6471 5610/7338/6470 5609/7756/6791 5600/7764/6798
f 5600/7764/6798 5609/7756/6791 5607/7757/6792 5597/7765/6799
f 7075/7465/6570 7079/7744/6780 7078/7741/6777 7074/7462/6567
f 5598/7766/6800 5608/7767/6793 5604/7763/6794 5594/7768/6801
f 7079/7744/6780 7080/7769/6802 1252/1650/1488 1251/1651/1489
f 7076/7649/6702 7080/7769/6802 7079/7744/6780 7075/7465/6570
f 5608/7767/6793 5598/7766/6800 5597/7770/6799 5607/7771/6792
f 7080/7769/6802 1254/1648/1486 1253/1649/1487 1252/1650/1488
f 5596/7663/6715 5606/7772/6803 5603/7633/6686 5593/7652/6705
f 7077/7651/6704 1254/1648/1486 7080/7769/6802 7076/7649/6702
f 4038/4222/3783 4040/4221/3782 1254/1648/1486 7077/7651/6704
f 5606/7772/6803 5596/7663/6715 5595/7773/6804 5605/7760/6795
f 5606/7772/6803 5605/7760/6795 5602/7762/6797 5603/7633/6686
f 5605/7760/6795 5595/7773/6804 5594/7768/6801 5604/7763/6794
f 5592/7348/6480 5601/7339/6471 5600/7764/6798 5588/7774/6805
f 5588/7774/6805 5600/7764/6798 5597/7765/6799 5584/7775/6806
f 5586/7776/6807 5599/7777/6808 5595/7773/6804 5582/7778/6809
f 5599/7777/6808 5586/7776/6807 5585/7779/6810 5598/7766/6800
f 5599/7777/6808 5598/7766/6800 5594/7768/6801 5595/7773/6804
f 5598/7766/6800 5585/7779/6810 5584/7780/6806 5597/7770/6799
f 5596/7663/6715 5583/7662/6714 5582/7778/6809 5595/7773/6804
f 5578/7356/6488 5592/7348/6480 5588/7774/6805 5574/7781/6811
f 5577/7703/6745 5591/7782/6812 5587/7678/6729 5573/7677/6728
f 5591/7782/6812 5577/7703/6745 5576/7783/6813 5590/7784/6814
f 5591/7782/6812 5590/7784/6814 5586/7785/6807 5587/7678/6729
f 5590/7784/6814 5576/7783/6813 5575/7786/6815 5589/7787/6816
f 5590/7784/6814 5589/7787/6816 5585/7788/6810 5586/7785/6807
f 5589/7789/6816 5575/7790/6815 5574/7791/6811 5588/7792/6805
f 5589/7787/6816 5588/7793/6805 5584/7794/6806 5585/7788/6810
f 5587/7678/6729 5586/7785/6807 5582/7795/6809 5583/7679/6714
f 5581/7695/6744 5572/7694/6743 5571/7390/6519 5580/7796/6817
f 5581/7695/6744 5580/7796/6817 5576/7797/6813 5577/7696/6745
f 5580/7796/6817 5571/7390/6519 5570/7798/6521 5579/7799/6818
f 5580/7796/6817 5579/7799/6818 5575/7790/6815 5576/7797/6813
f 5579/7799/6818 5570/7798/6521 5569/7800/6502 5578/7801/6488
f 5579/7799/6818 5578/7801/6488 5574/7791/6811 5575/7790/6815
f 5572/7694/6743 5568/7306/6438 5567/7391/6520 5571/7390/6519
f 5559/7802/6819 5566/7803/6820 5281/7589/6646 5267/7804/6821
f 5566/7803/6820 5559/7802/6819 5415/7805/6822 5442/7806/6823
f 5566/7803/6820 5442/7806/6823 5259/7593/6650 5281/7589/6646
f 5554/7807/6824 5565/7808/6825 5560/7809/6826 5547/7810/6827
f 5565/7808/6825 5554/7807/6824 5553/7811/6828 5564/7812/6829
f 5565/7808/6825 5564/7812/6829 5559/7813/6819 5560/7809/6826
f 5564/7812/6829 5553/7811/6828 5389/7814/6830 5422/7815/6831
f 5564/7812/6829 5422/7815/6831 5415/7816/6822 5559/7813/6819
f 5550/7817/6832 5563/7818/6833 5271/7819/6834 5260/7820/6835
f 5563/7818/6833 5550/7817/6832 5549/7821/6836 5562/7822/6837
f 5563/7818/6833 5562/7822/6837 5270/7823/6838 5271/7819/6834
f 5562/7822/6837 5549/7821/6836 5548/7824/6839 5561/7825/6840
f 5562/7822/6837 5561/7825/6840 5269/7826/6841 5270/7823/6838
f 5561/7825/6840 5548/7824/6839 5547/7810/6827 5560/7809/6826
f 5561/7825/6840 5560/7809/6826 5268/7827/6842 5269/7826/6841
f 5560/7809/6826 5559/7813/6819 5267/7828/6821 5268/7827/6842
f 5542/7829/6843 5558/7830/6844 5553/7831/6828 5535/7832/6845
f 5558/7830/6844 5542/7829/6843 5362/7833/6846 5393/7834/6847
f 5558/7830/6844 5393/7834/6847 5389/7835/6830 5553/7831/6828
f 5539/7836/6848 5557/7837/6849 5550/7817/6832 5532/7838/6850
f 5557/7837/6849 5539/7836/6848 5538/7839/6851 5556/7840/6852
f 5557/7837/6849 5556/7840/6852 5549/7821/6836 5550/7817/6832
f 5556/7840/6852 5538/7839/6851 5537/7841/6853 5555/7842/6854
f 5556/7840/6852 5555/7842/6854 5548/7824/6839 5549/7821/6836
f 5555/7842/6854 5537/7841/6853 5536/7843/6855 5554/7807/6824
f 5555/7842/6854 5554/7807/6824 5547/7810/6827 5548/7824/6839
f 5554/7807/6824 5536/7843/6855 5535/7844/6845 5553/7811/6828
f 3650/5690/5049 3648/5668/5030 5534/7845/6856 5552/7846/6857
f 3650/5690/5049 5552/7846/6857 5262/7847/6858 3636/5547/4938
f 5552/7846/6857 5534/7845/6856 5533/7848/6859 5551/7849/6860
f 5552/7846/6857 5551/7849/6860 5261/7850/6861 5262/7847/6858
f 5551/7849/6860 5533/7848/6859 5532/7838/6850 5550/7817/6832
f 5551/7849/6860 5550/7817/6832 5260/7820/6835 5261/7850/6861
f 5526/7851/6862 5546/7852/6863 5543/7853/6864 5519/7854/6865
f 5546/7855/6863 5526/7856/6862 5525/7857/6866 5545/7858/6867
f 5546/7852/6863 5545/7859/6867 5542/7829/6843 5543/7853/6864
f 5545/7859/6867 5525/7860/6866 5343/7861/6868 5365/7862/6869
f 5545/7859/6867 5365/7862/6869 5362/7833/6846 5542/7829/6843
f 5520/7863/6870 5544/7864/6871 5537/7841/6853 5514/7865/6872
f 5544/7864/6871 5520/7863/6870 5519/7866/6865 5543/7867/6864
f 5544/7864/6871 5543/7867/6864 5536/7843/6855 5537/7841/6853
f 5543/7853/6864 5542/7829/6843 5535/7832/6845 5536/7868/6855
f 3649/5667/5029 3647/5646/5013 5518/7869/6873 5541/7870/6874
f 3649/5667/5029 5541/7870/6874 5534/7845/6856 3648/5668/5030
f 5541/7870/6874 5518/7869/6873 5517/7871/6875 5540/7872/6876
f 5541/7870/6874 5540/7872/6876 5533/7848/6859 5534/7845/6856
f 5540/7872/6876 5517/7871/6875 5516/7873/6877 5539/7836/6848
f 5540/7872/6876 5539/7836/6848 5532/7838/6850 5533/7848/6859
f 5539/7836/6848 5516/7873/6877 5515/7874/6878 5538/7839/6851
f 5538/7839/6851 5515/7874/6878 5514/7865/6872 5537/7841/6853
f 5509/7875/6879 5531/7876/6880 5530/7877/6881 5506/7878/6882
f 5531/7879/6880 5509/7880/6879 5337/7881/6883 5353/7882/6884
f 5531/7876/6880 5353/7883/6884 5347/7884/6885 5530/7877/6881
f 5506/7878/6882 5530/7877/6881 5528/7885/6886 5502/7886/6887
f 5530/7877/6881 5347/7884/6885 5344/7887/6888 5528/7885/6886
f 5503/7888/6889 5529/7889/6890 5526/7856/6862 5498/7890/6891
f 5529/7891/6890 5503/7892/6889 5502/7886/6887 5528/7885/6886
f 5529/7889/6890 5528/7893/6886 5525/7857/6866 5526/7856/6862
f 5528/7885/6886 5344/7887/6888 5343/7861/6868 5525/7860/6866
f 5499/7894/6892 5527/7895/6893 5520/7863/6870 5493/7896/6894
f 5527/7895/6893 5499/7894/6892 5498/7890/6891 5526/7856/6862
f 5527/7895/6893 5526/7856/6862 5519/7866/6865 5520/7863/6870
f 5497/7897/6895 5524/7898/6896 5518/7869/6873 5492/7899/6897
f 5524/7898/6896 5497/7897/6895 5496/7900/6898 5523/7901/6899
f 5524/7898/6896 5523/7901/6899 5517/7871/6875 5518/7869/6873
f 5523/7901/6899 5496/7900/6898 5495/7902/6900 5522/7903/6901
f 5523/7901/6899 5522/7903/6901 5516/7873/6877 5517/7871/6875
f 5522/7903/6901 5495/7902/6900 5494/7904/6902 5521/7905/6903
f 5522/7903/6901 5521/7905/6903 5515/7874/6878 5516/7873/6877
f 5521/7905/6903 5494/7904/6902 5493/7896/6894 5520/7863/6870
f 5521/7905/6903 5520/7863/6870 5514/7865/6872 5515/7874/6878
f 3647/5646/5013 3645/5626/4997 5492/7899/6897 5518/7869/6873
f 5489/6223/5533 5513/7906/6904 5510/7907/6905 5484/7908/6906
f 5513/7906/6904 5489/6223/5533 5488/6225/5535 5512/7909/6907
f 5513/7906/6904 5512/7909/6907 5509/7875/6879 5510/7907/6905
f 5512/7909/6907 5488/6225/5535 5335/6226/5536 5342/7910/6908
f 5512/7909/6907 5342/7910/6908 5337/7911/6883 5509/7875/6879
f 5485/7912/6909 5511/7913/6910 5508/7914/6911 5481/7915/6912
f 5511/7913/6910 5485/7912/6909 5484/7908/6906 5510/7907/6905
f 5511/7913/6910 5510/7907/6905 5507/7916/6913 5508/7914/6911
f 5510/7907/6905 5509/7875/6879 5506/7878/6882 5507/7916/6913
f 5481/7915/6912 5508/7914/6911 5504/7917/6914 5477/7918/6915
f 5508/7914/6911 5507/7916/6913 5503/7892/6889 5504/7917/6914
f 5507/7916/6913 5506/7878/6882 5502/7886/6887 5503/7892/6889
f 5478/7919/6916 5505/7920/6917 5500/7921/6918 5474/7922/6919
f 5505/7920/6917 5478/7919/6916 5477/7918/6915 5504/7917/6914
f 5505/7920/6917 5504/7917/6914 5499/7923/6892 5500/7921/6918
f 5504/7917/6914 5503/7892/6889 5498/7924/6891 5499/7923/6892
f 5475/7925/6920 5501/7926/6921 5495/7902/6900 5471/7927/6922
f 5501/7928/6921 5475/7929/6920 5474/7922/6919 5500/7921/6918
f 5501/7926/6921 5500/7930/6918 5494/7904/6902 5495/7902/6900
f 5500/7921/6918 5499/7923/6892 5493/7931/6894 5494/7932/6902
f 3646/5625/4996 3644/5629/4975 5473/7933/6923 5497/7897/6895
f 3646/5625/4996 5497/7897/6895 5492/7899/6897 3645/5626/4997
f 5497/7897/6895 5473/7933/6923 5472/7934/6924 5496/7900/6898
f 5496/7900/6898 5472/7934/6924 5471/7927/6922 5495/7902/6900
f 5468/6248/5558 5491/7935/6925 5486/7936/6926 5462/7937/6927
f 5491/7935/6925 5468/6248/5558 5467/6249/5559 5490/7938/6928
f 5491/7935/6925 5490/7938/6928 5485/7912/6909 5486/7936/6926
f 5490/7938/6928 5467/6249/5559 5466/6224/5534 5489/6223/5533
f 5490/7938/6928 5489/6223/5533 5484/7908/6906 5485/7912/6909
f 5463/7939/6929 5487/7940/6930 5483/7941/6931 5459/7942/6932
f 5487/7940/6930 5463/7939/6929 5462/7937/6927 5486/7936/6926
f 5487/7940/6930 5486/7936/6926 5482/7943/6933 5483/7941/6931
f 5486/7936/6926 5485/7912/6909 5481/7915/6912 5482/7943/6933
f 5459/7942/6932 5483/7941/6931 5479/7944/6934 5456/7945/6935
f 5483/7941/6931 5482/7943/6933 5478/7919/6916 5479/7944/6934
f 5482/7943/6933 5481/7915/6912 5477/7918/6915 5478/7919/6916
f 5457/7946/6936 5480/7947/6937 5476/7948/6938 5454/7949/6939
f 5480/7947/6937 5457/7946/6936 5456/7945/6935 5479/7944/6934
f 5480/7947/6937 5479/7944/6934 5475/7929/6920 5476/7948/6938
f 5479/7944/6934 5478/7919/6916 5474/7922/6919 5475/7929/6920
f 5454/7949/6939 5476/7948/6938 5472/7950/6924 5452/7951/6940
f 5476/7948/6938 5475/7929/6920 5471/7952/6922 5472/7950/6924
f 3644/5629/4975 3640/7953/4951 5453/7954/6941 5473/7933/6923
f 5473/7933/6923 5453/7954/6941 5452/7955/6940 5472/7934/6924
f 5255/6848/6030 5470/7956/6942 5464/7957/6943 5252/7958/6944
f 5470/7956/6942 5255/6848/6030 5254/6245/5555 5469/6244/5554
f 5470/7956/6942 5469/6244/5554 5463/7939/6929 5464/7957/6943
f 5469/6244/5554 5468/6248/5558 5462/7937/6927 5463/7939/6929
f 5253/7959/6945 5465/7960/6946 5461/7961/6947 5251/7962/6948
f 5465/7960/6946 5253/7959/6945 5252/7958/6944 5464/7957/6943
f 5465/7960/6946 5464/7957/6943 5460/7963/6949 5461/7961/6947
f 5464/7957/6943 5463/7939/6929 5459/7942/6932 5460/7963/6949
f 3643/5577/4964 3633/5533/4924 5251/7962/6948 5461/7961/6947
f 3643/5577/4964 5461/7961/6947 5458/7964/6950 3642/5571/4958
f 5461/7961/6947 5460/7963/6949 5457/7946/6936 5458/7964/6950
f 5460/7963/6949 5459/7942/6932 5456/7945/6935 5457/7946/6936
f 3642/5571/4958 5458/7964/6950 5455/7965/6951 3641/5563/4950
f 5458/7964/6950 5457/7946/6936 5454/7949/6939 5455/7965/6951
f 3641/5563/4950 5455/7965/6951 5453/7966/6941 3640/5564/4951
f 5455/7965/6951 5454/7949/6939 5452/7951/6940 5453/7966/6941
f 5428/7967/6952 5451/7968/6953 5449/7969/6954 5423/7970/6955
f 5451/7968/6953 5428/7967/6952 5308/7971/6956 5327/7972/6957
f 5451/7968/6953 5327/7972/6957 5323/7973/6958 5449/7969/6954
f 5424/7974/6959 5450/7975/6960 5444/7976/6961 5416/7977/6962
f 5450/7975/6960 5424/7974/6959 5423/7970/6955 5449/7969/6954
f 5450/7975/6960 5449/7969/6954 5443/7978/6963 5444/7976/6961
f 5449/7969/6954 5323/7973/6958 5320/7415/6534 5443/7978/6963
f 5420/7979/6964 5448/7980/6965 5440/7981/6417 5413/7982/6966
f 5448/7980/6965 5420/7979/6964 5419/7983/6967 5447/7984/6968
f 5448/7980/6965 5447/7984/6968 5439/7985/6421 5440/7981/6417
f 5447/7984/6968 5419/7983/6967 5418/7986/6969 5446/7987/6970
f 5447/7984/6968 5446/7987/6970 5438/7289/6424 5439/7985/6421
f 5446/7988/6970 5418/7989/6969 5417/7990/6971 5445/7991/6972
f 5446/7987/6970 5445/7992/6972 5437/7290/6427 5438/7289/6424
f 5445/7991/6972 5417/7990/6971 5416/7977/6962 5444/7976/6961
f 5445/7991/6972 5444/7976/6961 5436/7993/6430 5437/7994/6427
f 5444/7976/6961 5443/7978/6963 5435/7302/6433 5436/7993/6430
f 5443/7978/6963 5320/7415/6534 5318/7303/6436 5435/7302/6433
f 5442/7806/6823 5415/7805/6822 5414/7995/6973 5441/7996/6974
f 5442/7806/6823 5441/7996/6974 5258/7742/6778 5259/7593/6650
f 5441/7996/6974 5414/7995/6973 5413/7997/6966 5440/7278/6417
f 5441/7996/6974 5440/7278/6417 5257/7281/6420 5258/7742/6778
f 5401/7998/6975 5434/7999/6976 5429/8000/6977 5394/8001/6978
f 5434/7999/6976 5401/7998/6975 5400/8002/6979 5433/8003/6980
f 5434/7999/6976 5433/8003/6980 5428/7967/6952 5429/8000/6977
f 5433/8003/6980 5400/8002/6979 5299/8004/6981 5311/8005/6982
f 5433/8003/6980 5311/8005/6982 5308/7971/6956 5428/7967/6952
f 5397/8006/6983 5432/8007/6984 5427/8008/6985 5390/8009/6986
f 5432/8007/6984 5397/8006/6983 5396/8010/6987 5431/8011/6988
f 5432/8007/6984 5431/8011/6988 5426/8012/6989 5427/8008/6985
f 5431/8011/6988 5396/8010/6987 5395/8013/6990 5430/8014/6991
f 5431/8011/6988 5430/8014/6991 5425/8015/6992 5426/8012/6989
f 5430/8014/6991 5395/8013/6990 5394/8001/6978 5429/8000/6977
f 5430/8014/6991 5429/8000/6977 5424/7974/6959 5425/8015/6992
f 5429/8000/6977 5428/7967/6952 5423/7970/6955 5424/7974/6959
f 5390/8009/6986 5427/8008/6985 5419/8016/6967 5386/8017/6993
f 5427/8008/6985 5426/8012/6989 5418/7989/6969 5419/8016/6967
f 5426/8012/6989 5425/8015/6992 5417/7990/6971 5418/7989/6969
f 5425/8015/6992 5424/7974/6959 5416/7977/6962 5417/7990/6971
f 5422/7815/6831 5389/7814/6830 5388/8018/6994 5421/8019/6995
f 5422/7815/6831 5421/8019/6995 5414/8020/6973 5415/7816/6822
f 5421/8019/6995 5388/8018/6994 5387/8021/6996 5420/7979/6964
f 5421/8019/6995 5420/7979/6964 5413/7982/6966 5414/8020/6973
f 5420/7979/6964 5387/8021/6996 5386/8022/6993 5419/7983/6967
f 5378/8023/6997 5412/8024/6998 5407/8025/6999 5370/8026/7000
f 5412/8024/6998 5378/8023/6997 5377/8027/7001 5411/8028/7002
f 5412/8024/6998 5411/8028/7002 5406/8029/7003 5407/8025/6999
f 5411/8028/7002 5377/8027/7001 5293/8030/7004 5304/8031/7005
f 5411/8028/7002 5304/8031/7005 5302/8032/7006 5406/8029/7003
f 5373/8033/7007 5410/8034/7008 5404/8035/7009 5366/8036/7010
f 5410/8034/7008 5373/8033/7007 5372/8037/7011 5409/8038/7012
f 5410/8034/7008 5409/8038/7012 5403/8039/7013 5404/8035/7009
f 5409/8038/7012 5372/8037/7011 5371/8040/7014 5408/8041/7015
f 5409/8038/7012 5408/8041/7015 5402/8042/7016 5403/8039/7013
f 5408/8041/7015 5371/8040/7014 5370/8026/7000 5407/8025/6999
f 5408/8041/7015 5407/8025/6999 5401/7998/6975 5402/8042/7016
f 5407/8025/6999 5406/8029/7003 5400/8002/6979 5401/7998/6975
f 5406/8029/7003 5302/8032/7006 5299/8004/6981 5400/8002/6979
f 5367/8043/7017 5405/8044/7018 5398/8045/7019 5363/8046/7020
f 5405/8044/7018 5367/8043/7017 5366/8036/7010 5404/8035/7009
f 5405/8044/7018 5404/8035/7009 5397/8006/6983 5398/8045/7019
f 5404/8035/7009 5403/8039/7013 5396/8010/6987 5397/8006/6983
f 5403/8039/7013 5402/8042/7016 5395/8013/6990 5396/8010/6987
f 5402/8042/7016 5401/7998/6975 5394/8001/6978 5395/8013/6990
f 5364/8047/7021 5399/8048/7022 5392/8049/7023 5361/8050/7024
f 5399/8048/7022 5364/8047/7021 5363/8046/7020 5398/8045/7019
f 5399/8048/7022 5398/8045/7019 5391/8051/7025 5392/8049/7023
f 5398/8045/7019 5397/8006/6983 5390/8009/6986 5391/8051/7025
f 5393/7834/6847 5362/7833/6846 5361/8050/7024 5392/8049/7023
f 5393/7834/6847 5392/8049/7023 5388/8052/6994 5389/7835/6830
f 5392/8049/7023 5391/8051/7025 5387/8053/6996 5388/8052/6994
f 5391/8051/7025 5390/8009/6986 5386/8017/6993 5387/8053/6996
f 5356/6258/5566 5385/8054/7026 5379/8055/7027 5348/8056/7028
f 5385/8054/7026 5356/6258/5566 5355/8057/5569 5384/8058/7029
f 5385/8054/7026 5384/8058/7029 5378/8023/6997 5379/8055/7027
f 5384/8059/7029 5355/6262/5569 5354/6266/5572 5383/8060/7030
f 5384/8058/7029 5383/8061/7030 5377/8027/7001 5378/8023/6997
f 5383/8060/7030 5354/6266/5572 5287/6272/5575 5296/8062/7031
f 5383/8061/7030 5296/8063/7031 5293/8030/7004 5377/8027/7001
f 5351/8064/7032 5382/8065/7033 5374/8066/7034 5345/8067/7035
f 5382/8065/7033 5351/8064/7032 5350/8068/7036 5381/8069/7037
f 5382/8065/7033 5381/8069/7037 5373/8033/7007 5374/8066/7034
f 5381/8069/7037 5350/8068/7036 5349/8070/7038 5380/8071/7039
f 5381/8069/7037 5380/8071/7039 5372/8037/7011 5373/8033/7007
f 5380/8071/7039 5349/8070/7038 5348/8056/7028 5379/8055/7027
f 5380/8071/7039 5379/8055/7027 5371/8040/7014 5372/8037/7011
f 5379/8055/7027 5378/8023/6997 5370/8026/7000 5371/8040/7014
f 5347/7884/6885 5376/8072/7040 5369/8073/7041 5344/7887/6888
f 5376/8072/7040 5347/7884/6885 5346/8074/7042 5375/8075/7043
f 5376/8072/7040 5375/8075/7043 5368/8076/7044 5369/8073/7041
f 5375/8075/7043 5346/8074/7042 5345/8067/7035 5374/8066/7034
f 5375/8075/7043 5374/8066/7034 5367/8043/7017 5368/8076/7044
f 5374/8066/7034 5373/8033/7007 5366/8036/7010 5367/8043/7017
f 5344/7887/6888 5369/8073/7041 5365/7862/6869 5343/7861/6868
f 5369/8073/7041 5368/8076/7044 5364/8047/7021 5365/7862/6869
f 5368/8076/7044 5367/8043/7017 5363/8046/7020 5364/8047/7021
f 5365/7862/6869 5364/8047/7021 5361/8050/7024 5362/7833/6846
f 5341/6290/5587 5360/8077/7045 5352/8078/7046 5336/8079/7047
f 5360/8077/7045 5341/6290/5587 5340/6294/5591 5359/8080/7048
f 5360/8081/7045 5359/8082/7048 5351/8083/7032 5352/8084/7046
f 5359/8085/7048 5340/8086/5591 5339/6301/5594 5358/8087/7049
f 5359/8080/7048 5358/8088/7049 5350/8068/7036 5351/8064/7032
f 5358/8087/7049 5339/6301/5594 5338/6253/5563 5357/6252/5562
f 5358/8088/7049 5357/6259/5562 5349/8070/7038 5350/8068/7036
f 5357/6259/5562 5356/6258/5566 5348/8056/7028 5349/8070/7038
f 5353/7883/6884 5337/7911/6883 5336/8079/7047 5352/8078/7046
f 5353/7883/6884 5352/8078/7046 5346/8074/7042 5347/7884/6885
f 5352/8078/7046 5351/8064/7032 5345/8067/7035 5346/8074/7042
f 5342/7910/6908 5335/6226/5536 5334/6291/5588 5341/6290/5587
f 5342/7910/6908 5341/6290/5587 5336/8079/7047 5337/7911/6883
f 5316/6359/5649 5333/6358/5648 5332/7398/6522 5314/8089/7050
f 5314/8089/7050 5332/7398/6522 5330/7400/6524 5312/8090/7051
f 5313/8091/7052 5331/8092/7053 5329/8093/7054 5309/8094/7055
f 5331/8092/7053 5313/8091/7052 5312/8090/7051 5330/7400/6524
f 5331/8092/7053 5330/7400/6524 5328/7401/6525 5329/8093/7054
f 5309/8095/7055 5329/8096/7054 5325/8097/6527 5306/8098/7056
f 5329/8093/7054 5328/7401/6525 5324/7402/6526 5325/7408/6527
f 5327/8099/6957 5308/8100/6956 5307/8101/7057 5326/8102/7058
f 5327/7972/6957 5326/8103/7058 5322/7409/6530 5323/7973/6958
f 5326/8102/7058 5307/8101/7057 5306/8098/7056 5325/8097/6527
f 5326/8103/7058 5325/8104/6527 5321/7413/6529 5322/7409/6530
f 5323/7973/6958 5322/7409/6530 5319/7412/6533 5320/7415/6534
f 5305/6373/5663 5317/6372/5662 5315/8105/7059 5303/8106/7060
f 5317/6372/5662 5316/6359/5649 5314/8089/7050 5315/8105/7059
f 5303/8106/7060 5315/8105/7059 5313/8091/7052 5300/8107/7061
f 5315/8105/7059 5314/8089/7050 5312/8090/7051 5313/8091/7052
f 5300/8107/7061 5313/8091/7052 5309/8094/7055 5297/8108/7062
f 5311/8005/6982 5299/8004/6981 5298/8109/7063 5310/8110/7064
f 5311/8005/6982 5310/8110/7064 5307/8111/7057 5308/7971/6956
f 5310/8112/7064 5298/8113/7063 5297/8114/7062 5309/8115/7055
f 5310/8110/7064 5309/8116/7055 5306/8117/7056 5307/8111/7057
f 5294/6385/5675 5305/6373/5663 5303/8106/7060 5291/8118/7065
f 5304/8031/7005 5293/8030/7004 5290/8119/7066 5302/8032/7006
f 5291/8118/7065 5303/8106/7060 5300/8107/7061 5288/8120/7067
f 5302/8032/7006 5290/8119/7066 5289/8121/7068 5301/8122/7069
f 5302/8032/7006 5301/8122/7069 5298/8109/7063 5299/8004/6981
f 5301/8123/7069 5289/8124/7068 5288/8125/7067 5300/8126/7061
f 5301/8122/7069 5300/8127/7061 5297/8128/7062 5298/8109/7063
f 5296/8063/7031 5287/6412/5575 5286/6411/5694 5295/8129/7070
f 5296/8063/7031 5295/8129/7070 5292/8130/7071 5293/8030/7004
f 5295/8129/7070 5286/6411/5694 5285/6414/5683 5294/8131/5675
f 5295/8129/7070 5294/8131/5675 5291/8132/7065 5292/8130/7071
f 5293/8030/7004 5292/8130/7071 5289/8121/7068 5290/8119/7066
f 5292/8130/7071 5291/8132/7065 5288/8133/7067 5289/8121/7068
f 5270/7823/6838 5284/8134/7072 5277/7602/6659 5263/8135/7073
f 5284/8134/7072 5270/7823/6838 5269/7826/6841 5283/8136/7074
f 5284/8134/7072 5283/8136/7074 5276/7604/6661 5277/7602/6659
f 5283/8137/7074 5269/8138/6841 5268/8139/6842 5282/8140/7075
f 5283/8136/7074 5282/8141/7075 5275/7606/6663 5276/7604/6661
f 5282/8140/7075 5268/8139/6842 5267/7804/6821 5281/7589/6646
f 5282/8141/7075 5281/8142/6646 5274/7608/6649 5275/7606/6663
f 3639/5556/4945 3637/5544/4935 5266/8143/7076 5280/7596/6653
f 5280/7596/6653 5266/8143/7076 5265/8144/7077 5279/7598/6655
f 5279/7598/6655 5265/8144/7077 5264/8145/7078 5278/7600/6657
f 5278/7600/6657 5264/8145/7078 5263/8135/7073 5277/7602/6659
f 3638/5543/4934 3636/5547/4938 5262/7847/6858 5273/8146/7079
f 3638/5543/4934 5273/8146/7079 5266/8143/7076 3637/5544/4935
f 5273/8146/7079 5262/7847/6858 5261/7850/6861 5272/8147/7080
f 5273/8146/7079 5272/8147/7080 5265/8144/7077 5266/8143/7076
f 5272/8147/7080 5261/7850/6861 5260/7820/6835 5271/7819/6834
f 5272/8147/7080 5271/7819/6834 5264/8145/7078 5265/8144/7077
f 5271/7819/6834 5270/7823/6838 5263/8135/7073 5264/8145/7078
f 3635/5429/4850 5256/6847/6029 5253/7959/6945 3634/5532/4923
f 5256/6847/6029 5255/6848/6030 5252/7958/6944 5253/7959/6945
f 3634/5532/4923 5253/7959/6945 5251/7962/6948 3633/5533/4924
